"p_val","avg_log2FC","pct.1","pct.2","p_val_adj","gene","contrast","celltype"
2.18098044377324e-168,-0.937383530334755,0.775,0.966,6.49256068306855e-164,"MT-CO3","PD_vs_Ctrl","Astrocyte"
8.72017449690066e-137,1.06917981540226,0.856,0.631,2.59590874598236e-132,"SLC7A11","PD_vs_Ctrl","Astrocyte"
1.25325815136397e-127,-0.579040111627778,0.937,0.991,3.73082419079539e-123,"MT-RNR2","PD_vs_Ctrl","Astrocyte"
5.11073928646116e-127,-0.801285666469648,0.779,0.956,1.52141597818662e-122,"MT-CO2","PD_vs_Ctrl","Astrocyte"
4.86377839536839e-118,1.48056394494155,0.728,0.36,1.44789819051722e-113,"COL5A3","PD_vs_Ctrl","Astrocyte"
4.35155185547014e-115,-0.748427992544757,0.791,0.962,1.29541347185491e-110,"MT-RNR1","PD_vs_Ctrl","Astrocyte"
4.70219940332908e-106,-0.800442238251889,0.726,0.924,1.39979774037703e-101,"MT-ATP6","PD_vs_Ctrl","Astrocyte"
1.38264889391259e-104,-1.49193515607385,0.348,0.687,4.11600749228838e-100,"ANGPTL4","PD_vs_Ctrl","Astrocyte"
9.93206637595055e-103,-3.70605016755886,0.048,0.36,2.95667683945672e-98,"IFI6","PD_vs_Ctrl","Astrocyte"
1.09856349368624e-102,-2.08251346909675,0.186,0.536,3.27031366435457e-98,"TXNIP","PD_vs_Ctrl","Astrocyte"
4.00787535363333e-98,-0.708176198163956,0.784,0.928,1.19310441402311e-93,"CST3","PD_vs_Ctrl","Astrocyte"
2.86875826539421e-97,-0.813081692050881,0.695,0.911,8.54000648025201e-93,"MT-CYB","PD_vs_Ctrl","Astrocyte"
1.36478369633606e-91,-4.27573378994899,0.026,0.297,4.06282458562283e-87,"ISG15","PD_vs_Ctrl","Astrocyte"
8.02327791528943e-91,-1.02712433946731,0.559,0.763,2.38844960260251e-86,"F3","PD_vs_Ctrl","Astrocyte"
6.08441627520748e-90,-5.86485813006824,0.009,0.257,1.81126988096651e-85,"MTND1P23","PD_vs_Ctrl","Astrocyte"
5.72856713383475e-82,-1.67723536214495,0.339,0.61,1.70533715007127e-77,"B2M","PD_vs_Ctrl","Astrocyte"
1.21761588334063e-77,-1.37548319616676,0.32,0.617,3.62472072311672e-73,"CEBPD","PD_vs_Ctrl","Astrocyte"
2.89377883618376e-77,-3.06049785698253,0.058,0.321,8.61449021743543e-73,"IFI44L","PD_vs_Ctrl","Astrocyte"
7.39669941249997e-77,-1.24327200755548,0.408,0.665,2.20192344810712e-72,"H3F3B","PD_vs_Ctrl","Astrocyte"
2.57838358476805e-76,1.45354085328767,0.568,0.232,7.675590093496e-72,"UTY","PD_vs_Ctrl","Astrocyte"
6.67045907023739e-75,-1.03342848503159,0.511,0.752,1.98572896061897e-70,"VIM","PD_vs_Ctrl","Astrocyte"
1.97869945873437e-74,-4.85538643357871,0.01,0.225,5.89039041870635e-70,"CHI3L2","PD_vs_Ctrl","Astrocyte"
6.24443024077578e-74,-0.869981012522038,0.57,0.797,1.85890443837654e-69,"CD81","PD_vs_Ctrl","Astrocyte"
1.74123310107149e-73,1.64358461210879,0.557,0.299,5.18347681857973e-69,"HSPH1","PD_vs_Ctrl","Astrocyte"
2.6358347124237e-72,-2.16976610874677,0.127,0.409,7.84661635541412e-68,"HLA-E","PD_vs_Ctrl","Astrocyte"
6.02205867729173e-72,-3.35691216655194,0.047,0.289,1.79270664764298e-67,"IFIT1","PD_vs_Ctrl","Astrocyte"
8.90093507575847e-72,-1.42708776834558,0.194,0.526,2.64971936270254e-67,"XIST","PD_vs_Ctrl","Astrocyte"
7.25185289963091e-71,-0.651549414693908,0.723,0.904,2.15880408969113e-66,"MT-ND4","PD_vs_Ctrl","Astrocyte"
1.99703200161294e-69,-0.52826795946449,0.825,0.944,5.94496456560158e-65,"APOE","PD_vs_Ctrl","Astrocyte"
1.53425500174232e-68,-0.818198275037599,0.578,0.828,4.56732371468672e-64,"MT-ND2","PD_vs_Ctrl","Astrocyte"
3.04584404794018e-68,-0.917887220327528,0.555,0.75,9.06717314631312e-64,"TUBB2B","PD_vs_Ctrl","Astrocyte"
3.47034215044921e-68,-0.873469372446708,0.564,0.784,1.03308615476723e-63,"GAPDH","PD_vs_Ctrl","Astrocyte"
4.6947490075468e-68,1.60352924222861,0.523,0.266,1.39757983205661e-63,"HSPA1B","PD_vs_Ctrl","Astrocyte"
3.89783997370428e-67,2.05098828325018,0.436,0.156,1.16034798177203e-62,"SH3BGR","PD_vs_Ctrl","Astrocyte"
3.61873806707934e-66,-1.79091736406709,0.213,0.479,1.07726213518885e-61,"HLA-A","PD_vs_Ctrl","Astrocyte"
3.86859156590727e-66,0.810392890624085,0.771,0.53,1.15164102325493e-61,"CNTN1","PD_vs_Ctrl","Astrocyte"
6.04847611008324e-66,-0.508910043963976,0.796,0.87,1.80057085321068e-61,"GLUL","PD_vs_Ctrl","Astrocyte"
9.25598233196049e-65,-0.802821514637223,0.584,0.777,2.75541338040132e-60,"ITM2C","PD_vs_Ctrl","Astrocyte"
2.16769841625112e-64,0.750262885537776,0.769,0.583,6.45302141533795e-60,"HIBCH","PD_vs_Ctrl","Astrocyte"
2.3393179934023e-64,-1.96818685211627,0.121,0.389,6.96391573455929e-60,"RASD1","PD_vs_Ctrl","Astrocyte"
1.89166636117962e-63,-2.64037608047758,0.088,0.328,5.63130159059561e-59,"IFIT3","PD_vs_Ctrl","Astrocyte"
3.17038356270212e-62,-1.24428825743948,0.401,0.624,9.43791482780793e-58,"SOD2","PD_vs_Ctrl","Astrocyte"
6.04229129088105e-60,-1.10937183007603,0.377,0.638,1.79872969438238e-55,"MT-ND5","PD_vs_Ctrl","Astrocyte"
1.76064757006035e-59,1.13477227425562,0.614,0.436,5.24127175131266e-55,"HSPB1","PD_vs_Ctrl","Astrocyte"
1.25300525841164e-58,-0.949345240168483,0.462,0.691,3.73007135376562e-54,"AGT","PD_vs_Ctrl","Astrocyte"
2.95672061989325e-58,-0.749396654594241,0.623,0.808,8.80186161336022e-54,"MT-CO1","PD_vs_Ctrl","Astrocyte"
7.87768534299035e-58,-0.553021096418191,0.738,0.818,2.3451081497548e-53,"ATP1B2","PD_vs_Ctrl","Astrocyte"
1.18887975143429e-57,0.913631909879353,0.685,0.456,3.53917613204474e-53,"FAM182B","PD_vs_Ctrl","Astrocyte"
1.73924883856108e-57,-1.48395373322074,0.194,0.463,5.17756986751248e-53,"JUNB","PD_vs_Ctrl","Astrocyte"
4.08248821398359e-57,0.739043600023298,0.772,0.563,1.21531591642077e-52,"EYA2","PD_vs_Ctrl","Astrocyte"
8.74332951863084e-57,-2.06913719625232,0.097,0.333,2.60280176440121e-52,"C10orf10","PD_vs_Ctrl","Astrocyte"
3.46065207531474e-56,-0.758533212197036,0.58,0.743,1.03020151630045e-51,"TSC22D4","PD_vs_Ctrl","Astrocyte"
2.9915134093283e-55,-2.01553887520271,0.11,0.347,8.90543626822941e-51,"STAT1","PD_vs_Ctrl","Astrocyte"
4.55412404551178e-55,0.573486564344769,0.836,0.677,1.3557171871084e-50,"PIK3C2A","PD_vs_Ctrl","Astrocyte"
8.50593578532758e-55,-2.87307475713127,0.051,0.254,2.53213202393417e-50,"MX1","PD_vs_Ctrl","Astrocyte"
1.23078601460736e-54,-1.09645254773018,0.378,0.611,3.66392688688465e-50,"IFITM3","PD_vs_Ctrl","Astrocyte"
3.10663898380386e-54,-0.912829938786171,0.467,0.674,9.24815359088572e-50,"PMP22","PD_vs_Ctrl","Astrocyte"
1.7908094811339e-53,1.00587871562368,0.631,0.454,5.33106074438751e-49,"PTGES3","PD_vs_Ctrl","Astrocyte"
3.05191519008608e-53,-2.67473939407467,0.04,0.234,9.08524632936725e-49,"SOCS3","PD_vs_Ctrl","Astrocyte"
1.04201935718214e-52,-3.1566049132709,0.033,0.217,3.10198742439552e-48,"CD74","PD_vs_Ctrl","Astrocyte"
1.41795748544085e-52,-1.77649929783631,0.169,0.405,4.22111763840885e-48,"PCSK1N","PD_vs_Ctrl","Astrocyte"
7.09336154547794e-51,-1.70869358275708,0.156,0.392,2.11162279847333e-46,"SELENOM","PD_vs_Ctrl","Astrocyte"
7.6967113295433e-51,-1.05647414021103,0.388,0.607,2.29123399569175e-46,"ENHO","PD_vs_Ctrl","Astrocyte"
4.88793217350177e-50,-2.26539387535101,0.101,0.312,1.45508852872974e-45,"RARRES3","PD_vs_Ctrl","Astrocyte"
1.1948596481135e-49,-0.792637130361013,0.492,0.708,3.55697768646908e-45,"RHOB","PD_vs_Ctrl","Astrocyte"
1.23314501566514e-49,1.10932618824852,0.596,0.476,3.67094939713357e-45,"HSPA1A","PD_vs_Ctrl","Astrocyte"
1.23835859662979e-49,0.70217490793462,0.75,0.552,3.68646970630721e-45,"TOM1L2","PD_vs_Ctrl","Astrocyte"
8.38470123299736e-49,-1.38599736405762,0.209,0.452,2.49604171005098e-44,"TMBIM1","PD_vs_Ctrl","Astrocyte"
1.2198425417695e-48,1.47211003551491,0.447,0.216,3.63134926259362e-44,"CHORDC1","PD_vs_Ctrl","Astrocyte"
1.2500966207677e-48,1.54096606131268,0.398,0.154,3.72141263036336e-44,"NLGN4Y","PD_vs_Ctrl","Astrocyte"
4.63464807089277e-48,0.576267004347583,0.848,0.636,1.37968838422407e-43,"RYR3","PD_vs_Ctrl","Astrocyte"
9.17452817923174e-48,0.95663843381337,0.662,0.576,2.7311652936755e-43,"CRYAB","PD_vs_Ctrl","Astrocyte"
2.31457785026765e-45,1.11584951238436,0.508,0.258,6.89026680246176e-41,"OLMALINC","PD_vs_Ctrl","Astrocyte"
2.72353678834103e-45,-1.63303976695654,0.144,0.364,8.10769666521241e-41,"ATP6V0E2","PD_vs_Ctrl","Astrocyte"
4.01150289527709e-45,1.19228257962312,0.474,0.215,1.19418429689504e-40,"TTTY14","PD_vs_Ctrl","Astrocyte"
8.4262488093566e-45,-1.49810864628016,0.222,0.436,2.50841000805737e-40,"RPL3P4","PD_vs_Ctrl","Astrocyte"
1.7544690551714e-44,0.609273168009047,0.759,0.605,5.22287893033976e-40,"MBNL2","PD_vs_Ctrl","Astrocyte"
1.81101921242755e-44,-0.919868677571111,0.44,0.626,5.39122309347559e-40,"TMBIM6","PD_vs_Ctrl","Astrocyte"
3.06945274527893e-44,0.826723134305678,0.649,0.428,9.13745387742086e-40,"NPAS2","PD_vs_Ctrl","Astrocyte"
1.06780311721464e-43,0.50572952274177,0.814,0.751,3.17874309963627e-39,"HMGB1","PD_vs_Ctrl","Astrocyte"
2.28848985127425e-43,1.32101705921539,0.471,0.266,6.81260543825832e-39,"DNAJB1","PD_vs_Ctrl","Astrocyte"
4.94567599535826e-43,-1.58094973702497,0.162,0.375,1.4722782870582e-38,"ZFP36","PD_vs_Ctrl","Astrocyte"
5.42649401404991e-43,-1.24884616257181,0.264,0.48,1.61541300304252e-38,"TUBB2A","PD_vs_Ctrl","Astrocyte"
1.55227649742412e-42,-1.33330212628271,0.246,0.451,4.62097190518185e-38,"PLSCR1","PD_vs_Ctrl","Astrocyte"
4.61044686899757e-42,-1.67192043103943,0.111,0.316,1.37248392843189e-37,"SERPING1","PD_vs_Ctrl","Astrocyte"
5.56845335754034e-42,-0.920587915735732,0.409,0.61,1.65767288000619e-37,"ID4","PD_vs_Ctrl","Astrocyte"
1.19185185382073e-41,0.607352318595485,0.77,0.606,3.54802378363894e-37,"CAMK2G","PD_vs_Ctrl","Astrocyte"
1.26424881124622e-41,1.38077398051404,0.418,0.199,3.76354228619886e-37,"JDP2","PD_vs_Ctrl","Astrocyte"
1.47045411021315e-41,0.502823689687951,0.829,0.678,4.37739484069354e-37,"LPIN1","PD_vs_Ctrl","Astrocyte"
1.53761292551436e-41,2.67136949664164,0.21,0.037,4.57731991796369e-37,"HSPE1-MOB4","PD_vs_Ctrl","Astrocyte"
1.84663736895726e-41,0.795813386426005,0.649,0.462,5.49725478364888e-37,"MIB1","PD_vs_Ctrl","Astrocyte"
5.04824495202163e-41,0.555765418027889,0.785,0.63,1.50281203976732e-36,"PTPN13","PD_vs_Ctrl","Astrocyte"
5.60245199350767e-41,-1.97589025692234,0.088,0.275,1.6677939339473e-36,"TRIM22","PD_vs_Ctrl","Astrocyte"
1.25912415963032e-40,1.21595812240137,0.455,0.238,3.7482867108035e-36,"AHSA2","PD_vs_Ctrl","Astrocyte"
1.83259929466725e-40,0.523202967627619,0.816,0.65,5.45546484029495e-36,"PNISR","PD_vs_Ctrl","Astrocyte"
1.8469807279708e-40,-1.00079854367437,0.354,0.566,5.49827692909628e-36,"PTTG1IP","PD_vs_Ctrl","Astrocyte"
3.07362911082683e-40,-1.88487532032688,0.078,0.262,9.1498865000204e-36,"HLA-C","PD_vs_Ctrl","Astrocyte"
3.15868266085989e-40,1.27734894133313,0.428,0.205,9.40308241311382e-36,"OSBPL3","PD_vs_Ctrl","Astrocyte"
6.15243079914111e-40,0.663444127248425,0.716,0.539,1.83151712459632e-35,"LIMCH1","PD_vs_Ctrl","Astrocyte"
9.1407799439135e-40,-1.53472538163442,0.177,0.381,2.72111878150361e-35,"CXCL14","PD_vs_Ctrl","Astrocyte"
1.02039575950835e-39,1.21511354913894,0.472,0.269,3.03761613648042e-35,"HSPA4L","PD_vs_Ctrl","Astrocyte"
2.03892917888337e-39,-1.51738894427497,0.161,0.365,6.06968827261791e-35,"GADD45B","PD_vs_Ctrl","Astrocyte"
2.30949675516945e-39,-1.49398718115197,0.156,0.361,6.87514089046394e-35,"PIK3IP1","PD_vs_Ctrl","Astrocyte"
3.92417175648383e-39,0.6468802606945,0.727,0.537,1.16818669018767e-34,"FRMD5","PD_vs_Ctrl","Astrocyte"
5.3176440944342e-39,-1.50776015345295,0.137,0.342,1.58300947047212e-34,"GSTM3","PD_vs_Ctrl","Astrocyte"
9.21191389773206e-39,0.635741630555916,0.718,0.537,2.74229464821586e-34,"PLEKHA7","PD_vs_Ctrl","Astrocyte"
1.14176286999636e-38,-1.59403512735694,0.113,0.31,3.39891388769216e-34,"SRPX2","PD_vs_Ctrl","Astrocyte"
1.42786556518576e-38,-0.649172071778326,0.591,0.719,4.25061300100149e-34,"ITM2B","PD_vs_Ctrl","Astrocyte"
1.43357882706912e-38,-1.17754210436143,0.283,0.486,4.26762081030206e-34,"RPL15","PD_vs_Ctrl","Astrocyte"
1.79678083985908e-38,1.30740510779263,0.381,0.166,5.3488368821765e-34,"STIP1","PD_vs_Ctrl","Astrocyte"
3.33253172045718e-38,-1.97891605086891,0.072,0.246,9.92061367862897e-34,"THSD4","PD_vs_Ctrl","Astrocyte"
3.74972216718374e-38,-1.25282081675899,0.221,0.433,1.11625479194893e-33,"PPDPF","PD_vs_Ctrl","Astrocyte"
4.71091186370871e-38,-1.49722657445161,0.147,0.347,1.40239135270745e-33,"TUBB4B","PD_vs_Ctrl","Astrocyte"
6.51356483612158e-38,-1.27960307199944,0.209,0.417,1.93902311606503e-33,"LAPTM4A","PD_vs_Ctrl","Astrocyte"
9.04986218944905e-38,0.532046043521148,0.8,0.63,2.69405347517709e-33,"ZHX2","PD_vs_Ctrl","Astrocyte"
1.02699867002293e-37,-0.707555691363765,0.56,0.691,3.05727234079126e-33,"ACTG1","PD_vs_Ctrl","Astrocyte"
2.96700740730194e-37,-1.6119087338075,0.15,0.343,8.83248435079714e-33,"PCP4","PD_vs_Ctrl","Astrocyte"
3.78173747104485e-37,-1.09074479860292,0.278,0.488,1.12578542775534e-32,"ZFP36L2","PD_vs_Ctrl","Astrocyte"
4.27236292555218e-37,0.771273840188148,0.625,0.431,1.27183971930763e-32,"RFX2","PD_vs_Ctrl","Astrocyte"
4.3088140510545e-37,1.81934110283249,0.288,0.101,1.28269085485841e-32,"SERPINH1","PD_vs_Ctrl","Astrocyte"
8.81055701832409e-37,1.76539358032547,0.285,0.098,2.6228147187849e-32,"ARL17A","PD_vs_Ctrl","Astrocyte"
8.84417989671594e-37,0.583198590384223,0.745,0.57,2.63282391345337e-32,"ATG7","PD_vs_Ctrl","Astrocyte"
2.21414180158536e-36,0.569791257371973,0.736,0.576,6.59127872913946e-32,"SRGAP1","PD_vs_Ctrl","Astrocyte"
5.31200967145296e-36,-0.690413836363759,0.551,0.69,1.58133215909483e-31,"METRN","PD_vs_Ctrl","Astrocyte"
2.3250247025226e-35,1.46726590069574,0.332,0.136,6.92136603693953e-31,"ANOS2P","PD_vs_Ctrl","Astrocyte"
4.45093126508301e-35,-2.15835942026816,0.054,0.208,1.32499772830256e-30,"ID1","PD_vs_Ctrl","Astrocyte"
5.72452027055242e-35,-0.56759342243447,0.602,0.779,1.70413243934075e-30,"MT-ND1","PD_vs_Ctrl","Astrocyte"
6.06741669303492e-35,0.531653349313482,0.748,0.627,1.80620927534957e-30,"OSBPL1A","PD_vs_Ctrl","Astrocyte"
5.71780794463504e-34,-1.52293621933442,0.15,0.331,1.70213424703841e-29,"LAP3","PD_vs_Ctrl","Astrocyte"
1.36626174808219e-33,-1.91825665765004,0.082,0.244,4.06722459786587e-29,"NCL","PD_vs_Ctrl","Astrocyte"
5.8736861361612e-33,-1.68224255303661,0.112,0.284,1.74853762587383e-28,"PARP14","PD_vs_Ctrl","Astrocyte"
7.69357006676374e-33,1.03245778291869,0.457,0.27,2.2902988731749e-28,"SUGT1","PD_vs_Ctrl","Astrocyte"
1.71408252427312e-32,-0.84016151284628,0.394,0.576,5.10265226650865e-28,"PPP1R1B","PD_vs_Ctrl","Astrocyte"
2.76621563488226e-32,0.578132236632053,0.717,0.533,8.234747323481e-28,"INTU","PD_vs_Ctrl","Astrocyte"
6.01423610509625e-32,-1.36770371476548,0.141,0.324,1.7903779461261e-27,"C1RL","PD_vs_Ctrl","Astrocyte"
1.19323255724856e-31,-1.08041991838293,0.279,0.463,3.55213399967324e-27,"CHCHD2","PD_vs_Ctrl","Astrocyte"
1.23555905260377e-31,-0.768587136759848,0.431,0.612,3.67813574369615e-27,"ALDOA","PD_vs_Ctrl","Astrocyte"
1.33755798601157e-31,-0.689337068818291,0.526,0.676,3.98177636855783e-27,"PEBP1","PD_vs_Ctrl","Astrocyte"
1.77329881607816e-31,-0.797449761582059,0.395,0.581,5.27893324558308e-27,"GPR37L1","PD_vs_Ctrl","Astrocyte"
2.7764113267855e-31,-0.725297507156893,0.464,0.619,8.26509887870775e-27,"STOM","PD_vs_Ctrl","Astrocyte"
4.2080235537872e-31,-1.04793552116536,0.254,0.444,1.25268653172691e-26,"TSPAN7","PD_vs_Ctrl","Astrocyte"
5.38767076837208e-31,-2.16243481881338,0.062,0.204,1.60385571103668e-26,"HPCA","PD_vs_Ctrl","Astrocyte"
8.11789930080483e-31,0.683064128230657,0.627,0.471,2.41661744285659e-26,"DNM3","PD_vs_Ctrl","Astrocyte"
1.00647849052462e-30,0.566106141363337,0.707,0.533,2.99618581844275e-26,"KIAA0930","PD_vs_Ctrl","Astrocyte"
1.14752659673462e-30,-1.33790290470664,0.184,0.361,3.41607192581928e-26,"RPS2","PD_vs_Ctrl","Astrocyte"
2.31216697809166e-30,-1.34373900843966,0.147,0.324,6.88308987708108e-26,"GADD45A","PD_vs_Ctrl","Astrocyte"
3.15129727153774e-30,0.533124193352295,0.723,0.556,9.38109684764069e-26,"GABBR1","PD_vs_Ctrl","Astrocyte"
3.39578023085174e-30,-0.664939347837271,0.484,0.651,1.01088981692225e-25,"SARAF","PD_vs_Ctrl","Astrocyte"
4.41713004266799e-30,1.02701410408585,0.416,0.222,1.31493544240183e-25,"SPATA6L","PD_vs_Ctrl","Astrocyte"
5.29072183039182e-30,0.835213362092263,0.542,0.384,1.57499498168934e-25,"ABHD3","PD_vs_Ctrl","Astrocyte"
5.69089369065851e-30,-1.65990200910722,0.122,0.285,1.69412214277213e-25,"NAMPT","PD_vs_Ctrl","Astrocyte"
7.40921869143711e-30,-1.96278634871201,0.066,0.209,2.20565031225391e-25,"NRGN","PD_vs_Ctrl","Astrocyte"
8.05864970738266e-30,-1.07150106562714,0.266,0.448,2.39897943139074e-25,"JUND","PD_vs_Ctrl","Astrocyte"
8.20651338264598e-30,1.13697939048489,0.429,0.247,2.44299696887988e-25,"DDIT4","PD_vs_Ctrl","Astrocyte"
9.44606161778488e-30,-0.691101401387254,0.494,0.634,2.81199808299838e-25,"MAOB","PD_vs_Ctrl","Astrocyte"
9.58248134029812e-30,-1.70136899898043,0.097,0.252,2.85260887019335e-25,"BST2","PD_vs_Ctrl","Astrocyte"
4.74655862484074e-29,-1.78565331479703,0.095,0.246,1.41300303702884e-24,"CCDC85B","PD_vs_Ctrl","Astrocyte"
7.9761130258973e-29,-0.502238064077189,0.639,0.746,2.37440908667937e-24,"TSC22D1","PD_vs_Ctrl","Astrocyte"
1.16999877463087e-28,1.77975918047768,0.225,0.073,3.48296935219864e-24,"VAV3","PD_vs_Ctrl","Astrocyte"
1.73239693840826e-28,-1.27444290942333,0.194,0.366,5.15717244594754e-24,"FN1","PD_vs_Ctrl","Astrocyte"
1.86742855282344e-28,-0.677669514794269,0.494,0.634,5.5591480589001e-24,"EIF1","PD_vs_Ctrl","Astrocyte"
1.91495312909411e-28,-0.975238971907607,0.286,0.459,5.70062397000024e-24,"AC008957.2","PD_vs_Ctrl","Astrocyte"
2.03701654175471e-28,0.660793871450232,0.626,0.435,6.0639945431496e-24,"TPCN1","PD_vs_Ctrl","Astrocyte"
5.04069894498079e-28,-1.37464155070692,0.141,0.304,1.50056566893133e-23,"C3","PD_vs_Ctrl","Astrocyte"
5.76290117175063e-28,0.539137970290288,0.732,0.542,1.71555804981844e-23,"ACOT11","PD_vs_Ctrl","Astrocyte"
5.9143283875871e-28,0.727880796675709,0.562,0.387,1.7606364177008e-23,"CERS6","PD_vs_Ctrl","Astrocyte"
8.26376636205314e-28,0.888112385215057,0.474,0.287,2.4600406083196e-23,"SEL1L3","PD_vs_Ctrl","Astrocyte"
2.2018563208109e-27,1.36925109414468,0.321,0.158,6.55470608142196e-23,"KNOP1","PD_vs_Ctrl","Astrocyte"
2.22174591649871e-27,0.822647917569825,0.5,0.328,6.61391541882501e-23,"CLK1","PD_vs_Ctrl","Astrocyte"
2.55891086041322e-27,-1.26371776668,0.15,0.317,7.6176217403641e-23,"SHISA5","PD_vs_Ctrl","Astrocyte"
3.12927753323185e-27,0.549577667058482,0.668,0.537,9.31554628867788e-23,"SOS1","PD_vs_Ctrl","Astrocyte"
3.71857750596128e-27,-1.80789642666535,0.065,0.2,1.10698333774961e-22,"BEX1","PD_vs_Ctrl","Astrocyte"
5.66011309325873e-27,0.687651055441379,0.578,0.422,1.68495906673219e-22,"PAPOLA","PD_vs_Ctrl","Astrocyte"
7.30441633377656e-27,-1.63031780953029,0.081,0.223,2.17445169840194e-22,"HERC6","PD_vs_Ctrl","Astrocyte"
1.3248961667556e-26,-0.739450868907605,0.421,0.565,3.94408339881473e-22,"BSG","PD_vs_Ctrl","Astrocyte"
1.87036442983216e-26,-0.695474858763194,0.445,0.584,5.56788787116736e-22,"PRNP","PD_vs_Ctrl","Astrocyte"
2.49925153666242e-26,-0.675922646783504,0.448,0.599,7.44002189949034e-22,"PNPLA8","PD_vs_Ctrl","Astrocyte"
3.77215085697478e-26,-0.989152272264449,0.246,0.417,1.12293158861282e-21,"SCG3","PD_vs_Ctrl","Astrocyte"
4.44985703986694e-26,0.637652337868158,0.603,0.434,1.32467794219799e-21,"SH3PXD2B","PD_vs_Ctrl","Astrocyte"
7.51113480976422e-26,-0.570979772345067,0.602,0.692,2.23598972151871e-21,"ACTB","PD_vs_Ctrl","Astrocyte"
1.01224019590155e-25,-1.25561705909297,0.145,0.306,3.01333783917931e-21,"C2orf82","PD_vs_Ctrl","Astrocyte"
1.90984507565666e-25,0.693496498627293,0.583,0.443,5.68541780572232e-21,"P4HA1","PD_vs_Ctrl","Astrocyte"
2.62103269425175e-25,-1.09852374277301,0.198,0.364,7.80255222751802e-21,"YBX3","PD_vs_Ctrl","Astrocyte"
3.11067342901932e-25,1.42168884384422,0.255,0.106,9.26016373084762e-21,"CAP2","PD_vs_Ctrl","Astrocyte"
3.44496670108086e-25,-1.08888951277543,0.245,0.404,1.02553213724476e-20,"DDX24","PD_vs_Ctrl","Astrocyte"
3.5047797200732e-25,0.912932891052037,0.48,0.347,1.04333787486859e-20,"HSPD1","PD_vs_Ctrl","Astrocyte"
4.72659529810638e-25,1.59772000482947,0.222,0.08,1.40706015429329e-20,"SEMA3D","PD_vs_Ctrl","Astrocyte"
4.83236316712517e-25,-0.869041045578317,0.265,0.44,1.43854619122149e-20,"CD38","PD_vs_Ctrl","Astrocyte"
6.20406923754594e-25,-1.06115068366486,0.244,0.401,1.84688937132505e-20,"SLC39A14","PD_vs_Ctrl","Astrocyte"
6.45613948717017e-25,-1.39248503850475,0.117,0.266,1.92192816393569e-20,"TMEM9B","PD_vs_Ctrl","Astrocyte"
6.71735511451882e-25,-0.931140098639556,0.298,0.462,1.99968944404111e-20,"GABARAPL2","PD_vs_Ctrl","Astrocyte"
7.60462395364402e-25,1.55234001481139,0.245,0.1,2.26382050476029e-20,"CA12","PD_vs_Ctrl","Astrocyte"
7.75237114431686e-25,-1.106850250565,0.229,0.387,2.30780336595169e-20,"RPL13","PD_vs_Ctrl","Astrocyte"
8.61746583730149e-25,1.06752895431739,0.407,0.254,2.56533340510628e-20,"RPL38","PD_vs_Ctrl","Astrocyte"
9.83703588877282e-25,-1.59651298324,0.081,0.215,2.92838721372878e-20,"KDELR1","PD_vs_Ctrl","Astrocyte"
1.52872009622453e-24,-1.52100258145072,0.154,0.3,4.55084685445079e-20,"WARS","PD_vs_Ctrl","Astrocyte"
1.63978897790705e-24,-0.887068661560257,0.284,0.452,4.8814878083315e-20,"P2RY14","PD_vs_Ctrl","Astrocyte"
1.95910804125719e-24,-1.39685689712077,0.114,0.26,5.83206872801853e-20,"RPSA","PD_vs_Ctrl","Astrocyte"
2.23723093434254e-24,-0.940021593083495,0.266,0.434,6.66001276844432e-20,"TMSB4X","PD_vs_Ctrl","Astrocyte"
2.46057118387774e-24,-1.64957269053223,0.071,0.2,7.32487435728566e-20,"BTG2","PD_vs_Ctrl","Astrocyte"
2.71400100084939e-24,1.03197576652666,0.354,0.184,8.07930957942856e-20,"USP9Y","PD_vs_Ctrl","Astrocyte"
3.30088563737812e-24,-0.956448844115762,0.263,0.43,9.82640645391094e-20,"RPL18","PD_vs_Ctrl","Astrocyte"
3.97504101313594e-24,-0.525794517603586,0.56,0.657,1.18332995920044e-19,"SF1","PD_vs_Ctrl","Astrocyte"
5.49797526496541e-24,-0.981734723404143,0.273,0.427,1.63669225662755e-19,"CBR1","PD_vs_Ctrl","Astrocyte"
5.73159635313721e-24,-1.36607389302562,0.131,0.275,1.70623891836542e-19,"ITPKC","PD_vs_Ctrl","Astrocyte"
6.87115480412749e-24,0.51873259116799,0.68,0.517,2.04547407364071e-19,"NEDD4L","PD_vs_Ctrl","Astrocyte"
8.58466264596489e-24,-1.19591794907574,0.146,0.3,2.55556822307729e-19,"TRIM47","PD_vs_Ctrl","Astrocyte"
1.37140045489216e-23,-1.37656095289556,0.129,0.274,4.08252201416847e-19,"SBDS","PD_vs_Ctrl","Astrocyte"
2.17845965519577e-23,-1.03786444145431,0.244,0.396,6.48505654755229e-19,"GSTP1","PD_vs_Ctrl","Astrocyte"
2.66865226061443e-23,0.97912180870741,0.389,0.234,7.9443109146231e-19,"CCT4","PD_vs_Ctrl","Astrocyte"
2.97993483492809e-23,0.859524264588867,0.441,0.275,8.87096801009743e-19,"EYA1","PD_vs_Ctrl","Astrocyte"
4.71292379619413e-23,-1.24346934166131,0.124,0.269,1.40299028488903e-18,"LMOD1","PD_vs_Ctrl","Astrocyte"
5.09059330454401e-23,0.955465967546739,0.391,0.231,1.51541872082971e-18,"SLC7A2","PD_vs_Ctrl","Astrocyte"
5.48195334664702e-23,-0.866624706355038,0.292,0.449,1.63192269176335e-18,"SSPN","PD_vs_Ctrl","Astrocyte"
6.92962655702694e-23,-1.25683496329701,0.125,0.269,2.06288052976135e-18,"TMED4","PD_vs_Ctrl","Astrocyte"
7.43920621024602e-23,0.69452374252962,0.598,0.474,2.21457729672814e-18,"ATP5E","PD_vs_Ctrl","Astrocyte"
7.67275396632295e-23,0.579769129461711,0.61,0.459,2.28410212823468e-18,"MPDZ","PD_vs_Ctrl","Astrocyte"
7.74406334642162e-23,-1.19778607407224,0.194,0.34,2.30533021759625e-18,"TMSB10","PD_vs_Ctrl","Astrocyte"
9.67742507498371e-23,-1.24964892235572,0.153,0.297,2.8808726705719e-18,"APOL6","PD_vs_Ctrl","Astrocyte"
1.09624134371862e-22,1.39072726296156,0.232,0.095,3.26340085611596e-18,"PLOD3","PD_vs_Ctrl","Astrocyte"
1.27567707617343e-22,-1.07091298485007,0.16,0.316,3.7975630880607e-18,"NOD1","PD_vs_Ctrl","Astrocyte"
1.341979459862e-22,-1.0717812050878,0.217,0.37,3.9949386540632e-18,"RPS9","PD_vs_Ctrl","Astrocyte"
1.3966274441096e-22,-1.30640964640653,0.134,0.278,4.15762023836986e-18,"SDS","PD_vs_Ctrl","Astrocyte"
1.44726003034307e-22,0.662588731133817,0.549,0.387,4.30834838432829e-18,"RNPC3","PD_vs_Ctrl","Astrocyte"
2.63689490372412e-22,-1.0349751473883,0.214,0.369,7.84977243889633e-18,"SPCS1","PD_vs_Ctrl","Astrocyte"
2.87776514862059e-22,0.558726499824013,0.596,0.474,8.56681907092862e-18,"FXR1","PD_vs_Ctrl","Astrocyte"
2.99010560933096e-22,0.910554049527414,0.415,0.263,8.90124538841735e-18,"IARS","PD_vs_Ctrl","Astrocyte"
3.77698568966776e-22,-1.00925235385549,0.216,0.372,1.1243708699572e-17,"GNAI2","PD_vs_Ctrl","Astrocyte"
4.62880798219931e-22,0.614041116015935,0.563,0.421,1.37794984822091e-17,"DNAJB6","PD_vs_Ctrl","Astrocyte"
5.49142223809136e-22,0.838163850479732,0.412,0.25,1.63474148605742e-17,"GKAP1","PD_vs_Ctrl","Astrocyte"
5.8075414200346e-22,1.119000667218,0.292,0.141,1.7288470053301e-17,"CACYBP","PD_vs_Ctrl","Astrocyte"
5.89656096334584e-22,0.77697063679999,0.479,0.324,1.75534723317842e-17,"SLC39A12","PD_vs_Ctrl","Astrocyte"
6.76077427871051e-22,-1.19158851183213,0.163,0.308,2.01261489502933e-17,"AC073621.1","PD_vs_Ctrl","Astrocyte"
7.48695057161415e-22,0.565253643477271,0.61,0.467,2.22879031566382e-17,"THRB","PD_vs_Ctrl","Astrocyte"
8.37850145933909e-22,0.846363881116577,0.408,0.247,2.49419609943065e-17,"TMEM184B","PD_vs_Ctrl","Astrocyte"
9.02260868918252e-22,0.600505087415708,0.579,0.417,2.68594038068275e-17,"SHROOM3","PD_vs_Ctrl","Astrocyte"
1.20395670386429e-21,-1.16785554416513,0.171,0.316,3.5840587117336e-17,"DDX58","PD_vs_Ctrl","Astrocyte"
1.83821368455863e-21,0.813882484114803,0.435,0.278,5.4721783175626e-17,"IFT172","PD_vs_Ctrl","Astrocyte"
2.5487791621272e-21,-1.51128943032891,0.085,0.207,7.58746068773646e-17,"ACAA2","PD_vs_Ctrl","Astrocyte"
3.41537045997024e-21,0.850024942636329,0.402,0.243,1.01672163222854e-16,"COL27A1","PD_vs_Ctrl","Astrocyte"
3.82103563541235e-21,-1.12930293396529,0.16,0.302,1.1374840983059e-16,"LGALS3","PD_vs_Ctrl","Astrocyte"
4.26882476113866e-21,0.576132619151947,0.578,0.432,1.27078644314337e-16,"FGD6","PD_vs_Ctrl","Astrocyte"
4.75746753413837e-21,-0.63069337901661,0.455,0.579,1.41625051023765e-16,"SDC4","PD_vs_Ctrl","Astrocyte"
7.17097956632892e-21,1.29421079375194,0.217,0.087,2.13472890710046e-16,"SLC7A5","PD_vs_Ctrl","Astrocyte"
9.80608331611597e-21,-0.891987761732842,0.23,0.384,2.91917294237456e-16,"TMCO1","PD_vs_Ctrl","Astrocyte"
1.01306522504294e-20,-1.16496435241554,0.154,0.293,3.01579386843032e-16,"RPL13AP5","PD_vs_Ctrl","Astrocyte"
1.53046949300121e-20,0.965440229690523,0.37,0.223,4.55605463371532e-16,"ATP5I","PD_vs_Ctrl","Astrocyte"
1.67671745255112e-20,-1.46374121896568,0.101,0.223,4.99142018449943e-16,"IFI16","PD_vs_Ctrl","Astrocyte"
1.7157196517448e-20,-0.901431112064937,0.29,0.431,5.1075258312791e-16,"RPL28","PD_vs_Ctrl","Astrocyte"
1.86982411990047e-20,0.534129036076758,0.611,0.463,5.56627942253171e-16,"RFTN2","PD_vs_Ctrl","Astrocyte"
2.19120987157252e-20,-1.21254691417998,0.132,0.266,6.52301266668424e-16,"ADIRF","PD_vs_Ctrl","Astrocyte"
2.23664111645211e-20,1.20737769614328,0.245,0.11,6.65825693956629e-16,"PARD6G-AS1","PD_vs_Ctrl","Astrocyte"
3.05804628062541e-20,0.723658348152599,0.472,0.309,9.10349797279379e-16,"COL16A1","PD_vs_Ctrl","Astrocyte"
3.3656785692237e-20,1.01505699777856,0.322,0.177,1.0019288532722e-15,"SLC38A2","PD_vs_Ctrl","Astrocyte"
3.49192079278624e-20,0.855043320883753,0.366,0.209,1.03950990080454e-15,"SLC24A3","PD_vs_Ctrl","Astrocyte"
3.65408053167365e-20,-0.539019455590759,0.535,0.619,1.08778323347393e-15,"TPST1","PD_vs_Ctrl","Astrocyte"
4.10899710924655e-20,-1.16041626335025,0.165,0.306,1.22320734945161e-15,"AL512422.2","PD_vs_Ctrl","Astrocyte"
4.29392634648916e-20,-0.672042389211925,0.346,0.5,1.27825893408636e-15,"ADGRG1","PD_vs_Ctrl","Astrocyte"
4.5891215554039e-20,-0.571720876492755,0.475,0.592,1.36613559582819e-15,"TIMP3","PD_vs_Ctrl","Astrocyte"
5.14462803836261e-20,-0.925696575424636,0.273,0.417,1.53150432074017e-15,"TIPARP","PD_vs_Ctrl","Astrocyte"
5.33364212808981e-20,-0.519839935665396,0.525,0.64,1.58777192511106e-15,"WDR49","PD_vs_Ctrl","Astrocyte"
5.77394829878089e-20,-0.562550801564851,0.491,0.61,1.71884666906408e-15,"SYT11","PD_vs_Ctrl","Astrocyte"
6.7319354769023e-20,0.606026663192352,0.557,0.406,2.00402987211905e-15,"LINC00969","PD_vs_Ctrl","Astrocyte"
9.32202583427242e-20,0.556885922615058,0.569,0.426,2.77507387060456e-15,"KLHL24","PD_vs_Ctrl","Astrocyte"
1.16247806960797e-19,0.564306866658528,0.555,0.411,3.46058096541596e-15,"PDE4DIP","PD_vs_Ctrl","Astrocyte"
1.17266447712359e-19,-1.40405214638948,0.086,0.203,3.49090488194921e-15,"VASN","PD_vs_Ctrl","Astrocyte"
1.33677632388193e-19,-1.21098565883885,0.131,0.259,3.97944943856412e-15,"RABAC1","PD_vs_Ctrl","Astrocyte"
1.33785649028083e-19,-1.47806069083642,0.107,0.227,3.982664985917e-15,"MAP1A","PD_vs_Ctrl","Astrocyte"
1.38316360726383e-19,0.530185524757509,0.61,0.455,4.1175397424637e-15,"OSBPL6","PD_vs_Ctrl","Astrocyte"
1.45401274405928e-19,1.41549887965853,0.218,0.095,4.32845053779006e-15,"DNAJA4","PD_vs_Ctrl","Astrocyte"
1.70000019064304e-19,1.1433536669821,0.237,0.107,5.06073056752525e-15,"BCO2","PD_vs_Ctrl","Astrocyte"
1.72537718018331e-19,0.966713920576774,0.349,0.205,5.13627532768771e-15,"VEGFA","PD_vs_Ctrl","Astrocyte"
2.09778999493199e-19,-0.960311808583047,0.235,0.374,6.24491103591305e-15,"GPX4","PD_vs_Ctrl","Astrocyte"
2.7853936220538e-19,0.724921327123321,0.44,0.281,8.29183827349195e-15,"PLEKHA6","PD_vs_Ctrl","Astrocyte"
2.85266692957631e-19,-0.827316295858348,0.29,0.434,8.49210418265572e-15,"MARCKS","PD_vs_Ctrl","Astrocyte"
3.23763450938926e-19,0.58443077739194,0.552,0.424,9.63811417100089e-15,"PPM1B","PD_vs_Ctrl","Astrocyte"
3.26512780778591e-19,-0.727197283997863,0.312,0.458,9.71995897099788e-15,"RCN2","PD_vs_Ctrl","Astrocyte"
3.61074740909792e-19,-0.661338488157558,0.398,0.531,1.07488339621436e-14,"FAM213A","PD_vs_Ctrl","Astrocyte"
4.34316765264807e-19,-1.00639850922838,0.133,0.269,1.29291757851681e-14,"CRISPLD1","PD_vs_Ctrl","Astrocyte"
4.56685118987323e-19,0.945396083411823,0.33,0.188,1.35950593071336e-14,"CRELD1","PD_vs_Ctrl","Astrocyte"
5.25552744754084e-19,-0.879214874852539,0.212,0.362,1.56451796585843e-14,"TUBA1B","PD_vs_Ctrl","Astrocyte"
6.56085719251329e-19,-1.15741633933982,0.142,0.273,1.95310157763928e-14,"RTF1","PD_vs_Ctrl","Astrocyte"
6.58792712470463e-19,-1.16832703788865,0.092,0.213,1.96116002575332e-14,"AL807742.1","PD_vs_Ctrl","Astrocyte"
6.75727707721421e-19,-0.511308683385794,0.505,0.632,2.0115738131159e-14,"SOX9","PD_vs_Ctrl","Astrocyte"
6.85362195183928e-19,-1.1438819650853,0.154,0.285,2.04025471884303e-14,"TOMM20","PD_vs_Ctrl","Astrocyte"
1.30614451697918e-18,-0.550684420429293,0.487,0.597,3.88826161259531e-14,"LRRC3B","PD_vs_Ctrl","Astrocyte"
1.36651332037503e-18,0.580281799367445,0.552,0.413,4.06797350342444e-14,"FAM13A","PD_vs_Ctrl","Astrocyte"
1.85182255468562e-18,0.58154526330039,0.55,0.408,5.51269056304362e-14,"GRIN2C","PD_vs_Ctrl","Astrocyte"
1.96593044760554e-18,-0.866918353777801,0.298,0.424,5.85237834947694e-14,"RPS19","PD_vs_Ctrl","Astrocyte"
2.47968574295692e-18,-1.06086620663002,0.136,0.266,7.38177648820846e-14,"FADS1","PD_vs_Ctrl","Astrocyte"
2.88263117809001e-18,1.03789265287842,0.312,0.179,8.58130475405615e-14,"MXD1","PD_vs_Ctrl","Astrocyte"
2.99005320973789e-18,0.618026935529759,0.52,0.378,8.90108940006871e-14,"EML6","PD_vs_Ctrl","Astrocyte"
3.16800402549512e-18,0.6148634333051,0.489,0.332,9.43083118349641e-14,"RXRA","PD_vs_Ctrl","Astrocyte"
3.52214536539598e-18,-0.759043759965695,0.312,0.449,1.04850745382473e-13,"TSPAN3","PD_vs_Ctrl","Astrocyte"
3.5596379417898e-18,-1.04779246196113,0.161,0.293,1.05966861889141e-13,"TMEM219","PD_vs_Ctrl","Astrocyte"
3.65735677476676e-18,0.665383208061859,0.509,0.376,1.08875853828032e-13,"TOMM7","PD_vs_Ctrl","Astrocyte"
3.87709737264703e-18,-0.966919242975451,0.166,0.302,1.15417311686329e-13,"SYPL1","PD_vs_Ctrl","Astrocyte"
4.39623892159174e-18,0.897213307436185,0.326,0.186,1.30871636456865e-13,"WHRN","PD_vs_Ctrl","Astrocyte"
5.86638512692811e-18,0.564071630691092,0.547,0.394,1.74636418843523e-13,"PDE8A","PD_vs_Ctrl","Astrocyte"
7.04203372574761e-18,0.720886032487478,0.392,0.246,2.09634301981781e-13,"AC241952.1","PD_vs_Ctrl","Astrocyte"
7.35567750048824e-18,-0.748988322839203,0.258,0.409,2.18971163512034e-13,"PSMD5-AS1","PD_vs_Ctrl","Astrocyte"
7.62536500031387e-18,-0.639724134918826,0.377,0.511,2.26999490694344e-13,"BCAN","PD_vs_Ctrl","Astrocyte"
7.99172913318317e-18,0.997645740777225,0.3,0.169,2.3790578456573e-13,"CARS","PD_vs_Ctrl","Astrocyte"
8.37238216603593e-18,-0.677655561986076,0.37,0.506,2.49237444700724e-13,"TUBA1A","PD_vs_Ctrl","Astrocyte"
9.34712411152573e-18,0.658078111427367,0.476,0.336,2.78254537676009e-13,"DOCK5","PD_vs_Ctrl","Astrocyte"
9.37438406197038e-18,-0.763151910531471,0.221,0.372,2.79066039140796e-13,"LINC02340","PD_vs_Ctrl","Astrocyte"
9.88787201672207e-18,0.672047651475033,0.466,0.318,2.94352062065799e-13,"PFKP","PD_vs_Ctrl","Astrocyte"
9.97915147008501e-18,0.85226040971793,0.354,0.217,2.97069360112961e-13,"ARNTL","PD_vs_Ctrl","Astrocyte"
1.02623363008993e-17,-1.02602805673534,0.158,0.287,3.05499489341473e-13,"ID3","PD_vs_Ctrl","Astrocyte"
1.12731766369254e-17,0.595078833946486,0.534,0.398,3.35591195304631e-13,"CDH10","PD_vs_Ctrl","Astrocyte"
1.1584521243626e-17,-1.0598860397063,0.189,0.316,3.44859612901502e-13,"NORAD","PD_vs_Ctrl","Astrocyte"
1.31511345467294e-17,0.566114637524042,0.521,0.384,3.91496124321586e-13,"ARHGAP35","PD_vs_Ctrl","Astrocyte"
1.46014709594871e-17,-0.651848305074131,0.354,0.495,4.34671188992972e-13,"TMED10","PD_vs_Ctrl","Astrocyte"
1.50034872744275e-17,0.698642487307609,0.421,0.267,4.46638812672433e-13,"GRK3","PD_vs_Ctrl","Astrocyte"
1.60362023400181e-17,-0.942602991497846,0.175,0.306,4.7738170746e-13,"FAM20C","PD_vs_Ctrl","Astrocyte"
1.84721413165107e-17,-0.861999239684823,0.216,0.357,5.49897174851208e-13,"BHLHE40","PD_vs_Ctrl","Astrocyte"
1.93448116109962e-17,-0.656442483687662,0.395,0.519,5.75875696847745e-13,"FEZ1","PD_vs_Ctrl","Astrocyte"
2.15809281770434e-17,-0.916575690845293,0.19,0.326,6.42442650902404e-13,"SSR3","PD_vs_Ctrl","Astrocyte"
2.71094280518854e-17,-0.858447126145657,0.23,0.37,8.07020563676578e-13,"PNKD","PD_vs_Ctrl","Astrocyte"
2.74227027171476e-17,0.565462012297439,0.555,0.418,8.16346437186767e-13,"RPL37A","PD_vs_Ctrl","Astrocyte"
3.13632107384349e-17,0.756600001142301,0.446,0.318,9.33651420472469e-13,"RPL37","PD_vs_Ctrl","Astrocyte"
3.15469654660941e-17,-0.839155922031412,0.215,0.352,9.39121614960154e-13,"LIX1","PD_vs_Ctrl","Astrocyte"
3.45507173682042e-17,-0.511469666348229,0.505,0.623,1.02854030533407e-12,"SRP14","PD_vs_Ctrl","Astrocyte"
3.56165763411488e-17,1.05889029844392,0.252,0.127,1.06026986109966e-12,"CDH23","PD_vs_Ctrl","Astrocyte"
4.71582045057349e-17,-0.831430804614804,0.164,0.302,1.40385258993122e-12,"PLAGL1","PD_vs_Ctrl","Astrocyte"
4.91074738896762e-17,-0.827041270322075,0.256,0.39,1.46188039022177e-12,"GNA14-AS1","PD_vs_Ctrl","Astrocyte"
5.16966029278675e-17,-1.18574732249151,0.125,0.242,1.53895617255969e-12,"NLRP1","PD_vs_Ctrl","Astrocyte"
5.2352631771931e-17,-1.1679124636585,0.111,0.227,1.55848549521861e-12,"PNMA2","PD_vs_Ctrl","Astrocyte"
5.81642938216298e-17,0.585308984723302,0.482,0.335,1.7314928627761e-12,"TNRC18","PD_vs_Ctrl","Astrocyte"
5.85330489673211e-17,1.05174552394928,0.285,0.162,1.74247033470818e-12,"MARS","PD_vs_Ctrl","Astrocyte"
6.17904061113857e-17,0.523886654512758,0.564,0.417,1.83943859952984e-12,"PLXNA2","PD_vs_Ctrl","Astrocyte"
7.37495389571646e-17,-1.01919499131738,0.194,0.316,2.19545002521583e-12,"MIDN","PD_vs_Ctrl","Astrocyte"
8.40400077796482e-17,-1.423090584696,0.101,0.209,2.50178699159235e-12,"TCEAL2","PD_vs_Ctrl","Astrocyte"
9.95687270970225e-17,0.869238131248123,0.394,0.269,2.96406143695126e-12,"RPS23P8","PD_vs_Ctrl","Astrocyte"
1.03678970913699e-16,-1.12999849223478,0.12,0.238,3.08641928512991e-12,"TUBB","PD_vs_Ctrl","Astrocyte"
1.09556220256855e-16,0.910683941616401,0.386,0.264,3.26137912082631e-12,"OOEP","PD_vs_Ctrl","Astrocyte"
1.16847872916927e-16,-1.1360137620946,0.092,0.203,3.47844432886399e-12,"LINC00173","PD_vs_Ctrl","Astrocyte"
1.57922638485905e-16,-1.14087285458802,0.124,0.24,4.7011990250869e-12,"ARPP21","PD_vs_Ctrl","Astrocyte"
1.82888875966167e-16,-1.19769151848568,0.092,0.2,5.44441894863684e-12,"LINC00623","PD_vs_Ctrl","Astrocyte"
1.94762624129903e-16,-0.948141803093058,0.177,0.304,5.79788855772308e-12,"CRLS1","PD_vs_Ctrl","Astrocyte"
1.95305777363185e-16,-0.526619516587629,0.494,0.578,5.81405768632466e-12,"SCARA3","PD_vs_Ctrl","Astrocyte"
1.98222315929952e-16,1.05000373724834,0.245,0.126,5.90088012291874e-12,"FKBP4","PD_vs_Ctrl","Astrocyte"
2.03285112770293e-16,-1.17928106801359,0.102,0.214,6.05159452205886e-12,"C12orf57","PD_vs_Ctrl","Astrocyte"
2.15202947838484e-16,-1.08953325292933,0.133,0.254,6.40637655420384e-12,"SLC25A5","PD_vs_Ctrl","Astrocyte"
2.22499195887521e-16,0.584836638255044,0.521,0.4,6.62357856237563e-12,"IFRD1","PD_vs_Ctrl","Astrocyte"
2.63536498805016e-16,0.544928310573171,0.535,0.399,7.84521803292651e-12,"ARHGAP42","PD_vs_Ctrl","Astrocyte"
2.71481158406502e-16,0.502091097762231,0.613,0.575,8.08172260460315e-12,"BAG3","PD_vs_Ctrl","Astrocyte"
2.99368513715671e-16,-1.29573189654172,0.11,0.219,8.9119012848018e-12,"LMO2","PD_vs_Ctrl","Astrocyte"
3.11278166747841e-16,0.81964006963136,0.361,0.234,9.26643974591649e-12,"NAA16","PD_vs_Ctrl","Astrocyte"
3.11811778170323e-16,0.544874691558878,0.546,0.425,9.28232482435233e-12,"RALGPS1","PD_vs_Ctrl","Astrocyte"
3.21312546841596e-16,0.980485133701613,0.267,0.144,9.56515320692746e-12,"HS3ST5","PD_vs_Ctrl","Astrocyte"
3.6245095167582e-16,0.54265010394551,0.532,0.405,1.07898023804375e-11,"ZXDC","PD_vs_Ctrl","Astrocyte"
4.2000918415317e-16,0.803218337384752,0.376,0.246,1.25032534030557e-11,"GINS3","PD_vs_Ctrl","Astrocyte"
4.8309531515627e-16,-0.63115894389971,0.381,0.509,1.4381264436887e-11,"AQP1","PD_vs_Ctrl","Astrocyte"
5.12692963928229e-16,-0.837754395570969,0.239,0.373,1.52623568431795e-11,"BEX4","PD_vs_Ctrl","Astrocyte"
5.17805214002665e-16,-0.776542025690957,0.241,0.374,1.54145434156453e-11,"OSMR","PD_vs_Ctrl","Astrocyte"
5.76055024939116e-16,0.807490715434502,0.357,0.227,1.71485820374125e-11,"ZRANB1","PD_vs_Ctrl","Astrocyte"
5.84673277041728e-16,0.520261841585135,0.587,0.467,1.74051387842552e-11,"ANKDD1A","PD_vs_Ctrl","Astrocyte"
7.49406421823737e-16,0.535017319786238,0.538,0.385,2.23090797712708e-11,"PLPP3","PD_vs_Ctrl","Astrocyte"
7.70112324056302e-16,-0.967145062254611,0.165,0.286,2.29254737748321e-11,"LGALS3BP","PD_vs_Ctrl","Astrocyte"
7.74964600997187e-16,-0.846482444303885,0.203,0.331,2.30699212070853e-11,"C1orf87","PD_vs_Ctrl","Astrocyte"
1.02320769790898e-15,-0.669887773467524,0.303,0.436,3.04598699590524e-11,"MT-ND4L","PD_vs_Ctrl","Astrocyte"
1.02874416541522e-15,0.533895581935822,0.533,0.405,3.06246850602457e-11,"TIAM2","PD_vs_Ctrl","Astrocyte"
1.08380970693837e-15,-0.801833229579322,0.252,0.379,3.22639311658483e-11,"CFL1","PD_vs_Ctrl","Astrocyte"
1.21346735442222e-15,0.581422160644814,0.496,0.358,3.61237096737951e-11,"RIPOR2","PD_vs_Ctrl","Astrocyte"
1.40102090010113e-15,0.838480227868808,0.335,0.213,4.17069911751105e-11,"YARS","PD_vs_Ctrl","Astrocyte"
1.49360961991466e-15,0.51368861097099,0.545,0.412,4.44632647752396e-11,"KATNAL2","PD_vs_Ctrl","Astrocyte"
1.5304430359985e-15,-0.909292258417174,0.17,0.294,4.55597587386394e-11,"SELENOS","PD_vs_Ctrl","Astrocyte"
1.59807900749682e-15,0.766038575801269,0.366,0.234,4.75732139741729e-11,"NBPF1","PD_vs_Ctrl","Astrocyte"
1.70516701469684e-15,-1.03738530811382,0.145,0.259,5.07611168605101e-11,"RHOC","PD_vs_Ctrl","Astrocyte"
1.80636877905626e-15,0.83182157841737,0.406,0.295,5.37737921837258e-11,"NDUFB4","PD_vs_Ctrl","Astrocyte"
1.86291274109687e-15,-0.783595288882387,0.317,0.432,5.54570493897128e-11,"S100A6","PD_vs_Ctrl","Astrocyte"
2.06781951289165e-15,-0.936041127490369,0.171,0.294,6.15569190792716e-11,"ATP6V0B","PD_vs_Ctrl","Astrocyte"
2.15013358173656e-15,0.597810317455639,0.422,0.279,6.40073265947157e-11,"B4GALNT4","PD_vs_Ctrl","Astrocyte"
2.23842413374499e-15,1.0174423723655,0.277,0.162,6.66356480374547e-11,"GARS","PD_vs_Ctrl","Astrocyte"
2.54939015605802e-15,-1.11075369287905,0.129,0.239,7.58927955556911e-11,"RPS5","PD_vs_Ctrl","Astrocyte"
2.62312505918123e-15,-1.04985922341299,0.137,0.251,7.8087809886766e-11,"ANP32E","PD_vs_Ctrl","Astrocyte"
2.69023683480097e-15,-0.574397710766566,0.443,0.553,8.008566033519e-11,"EEF1A1","PD_vs_Ctrl","Astrocyte"
2.90757041329306e-15,0.56213996202303,0.488,0.362,8.65554636333212e-11,"DCUN1D1","PD_vs_Ctrl","Astrocyte"
3.01484243179089e-15,-1.06924899811258,0.164,0.277,8.97488443519829e-11,"PHPT1","PD_vs_Ctrl","Astrocyte"
3.28666511831052e-15,-1.16435541173783,0.101,0.206,9.7840733906986e-11,"C1R","PD_vs_Ctrl","Astrocyte"
3.29814253476483e-15,0.801873571518981,0.409,0.293,9.81824051174142e-11,"AL009174.1","PD_vs_Ctrl","Astrocyte"
3.59927645093635e-15,0.614581793824618,0.467,0.357,1.07146860667924e-10,"DNAJA1","PD_vs_Ctrl","Astrocyte"
4.64406934396481e-15,-1.01829458148446,0.124,0.237,1.38249300300489e-10,"MAGED2","PD_vs_Ctrl","Astrocyte"
4.70752051295543e-15,-0.986624368948094,0.16,0.275,1.4013817815017e-10,"SLC43A2","PD_vs_Ctrl","Astrocyte"
4.74635256411137e-15,-0.677273018112842,0.271,0.402,1.41294169481031e-10,"PSMG4","PD_vs_Ctrl","Astrocyte"
5.36844969702966e-15,-0.73903819925715,0.257,0.386,1.59813379030876e-10,"CEBPB","PD_vs_Ctrl","Astrocyte"
5.66832113042162e-15,-0.958944961761883,0.124,0.237,1.68740251731521e-10,"PML","PD_vs_Ctrl","Astrocyte"
5.798310358476e-15,-0.8572929004413,0.251,0.366,1.72609901061472e-10,"AC073861.1","PD_vs_Ctrl","Astrocyte"
6.09950668203278e-15,-0.621795046308268,0.362,0.483,1.81576214417434e-10,"TMEM47","PD_vs_Ctrl","Astrocyte"
6.33664662858104e-15,0.526827094371196,0.515,0.37,1.88635633486229e-10,"LTBP1","PD_vs_Ctrl","Astrocyte"
6.49339396494164e-15,-1.07564663397367,0.12,0.23,1.93301844942348e-10,"HMGB2","PD_vs_Ctrl","Astrocyte"
6.57901776768704e-15,0.78657134181118,0.317,0.188,1.95850779926275e-10,"LRRC37B","PD_vs_Ctrl","Astrocyte"
7.09787102445034e-15,0.67947751602646,0.378,0.245,2.11296522526862e-10,"MKNK2","PD_vs_Ctrl","Astrocyte"
7.79780208972577e-15,-0.677782463753985,0.309,0.433,2.32132770409046e-10,"CANX","PD_vs_Ctrl","Astrocyte"
8.59515962287899e-15,-0.542358322215016,0.409,0.528,2.55869306813485e-10,"TMEM164","PD_vs_Ctrl","Astrocyte"
8.66446899764574e-15,-0.996804419529969,0.177,0.293,2.57932577590916e-10,"LRPAP1","PD_vs_Ctrl","Astrocyte"
9.01846241961012e-15,-0.682888732306658,0.303,0.427,2.68470607769374e-10,"FEZ2","PD_vs_Ctrl","Astrocyte"
9.91534783822479e-15,-0.533130104995539,0.292,0.44,2.95169989796114e-10,"FABP5","PD_vs_Ctrl","Astrocyte"
1.06473146196137e-14,-0.685904674324877,0.324,0.45,3.16959908911281e-10,"BEX3","PD_vs_Ctrl","Astrocyte"
1.07600613200137e-14,-0.731750762058387,0.276,0.4,3.20316265435487e-10,"DDR1","PD_vs_Ctrl","Astrocyte"
1.21288555137703e-14,-0.849213351504117,0.235,0.355,3.61063899789428e-10,"SRSF7","PD_vs_Ctrl","Astrocyte"
1.23807961418683e-14,0.59526804763595,0.47,0.363,3.68563920347276e-10,"THUMPD3-AS1","PD_vs_Ctrl","Astrocyte"
1.37079343141061e-14,-0.916603876505469,0.205,0.317,4.08071496596624e-10,"PPA1","PD_vs_Ctrl","Astrocyte"
1.53200304200725e-14,0.6106475143766,0.473,0.349,4.56061985575138e-10,"TOGARAM2","PD_vs_Ctrl","Astrocyte"
1.7111665998981e-14,0.925727298286266,0.24,0.126,5.09397185123665e-10,"AC006994.2","PD_vs_Ctrl","Astrocyte"
1.74172342767419e-14,0.584102324114463,0.468,0.339,5.18493647184329e-10,"FUT10","PD_vs_Ctrl","Astrocyte"
1.86461387712319e-14,-1.06710904857682,0.136,0.245,5.55076905080802e-10,"VPS35","PD_vs_Ctrl","Astrocyte"
1.95843551927585e-14,0.744319321971462,0.315,0.188,5.83006669733229e-10,"HIP1R","PD_vs_Ctrl","Astrocyte"
2.45443595717489e-14,0.93567025620953,0.224,0.113,7.30661040091392e-10,"P4HA2","PD_vs_Ctrl","Astrocyte"
2.70071961732949e-14,0.842566283767403,0.296,0.178,8.03977222882816e-10,"UTP23","PD_vs_Ctrl","Astrocyte"
2.99946685857833e-14,-0.853949584493781,0.198,0.317,8.92911289130184e-10,"SELENOT","PD_vs_Ctrl","Astrocyte"
3.0822841034002e-14,-0.862137686031058,0.188,0.307,9.17565154741204e-10,"ATP5G3","PD_vs_Ctrl","Astrocyte"
3.09481956174076e-14,0.678396405029729,0.442,0.328,9.21296835334608e-10,"RPLP2","PD_vs_Ctrl","Astrocyte"
3.0969727291952e-14,0.920129569182263,0.238,0.126,9.2193781175412e-10,"PAN2","PD_vs_Ctrl","Astrocyte"
3.39506207767454e-14,-0.885459768835797,0.221,0.338,1.01067602990293e-09,"YWHAB","PD_vs_Ctrl","Astrocyte"
3.58790409713371e-14,0.527774237547675,0.51,0.378,1.06808317067573e-09,"SNTB1","PD_vs_Ctrl","Astrocyte"
3.87343663832959e-14,-0.570049103088857,0.381,0.503,1.15308335286434e-09,"FADS2","PD_vs_Ctrl","Astrocyte"
4.54363513765217e-14,-0.901731769276784,0.162,0.277,1.35259474412768e-09,"GPC1","PD_vs_Ctrl","Astrocyte"
4.90976218405447e-14,-0.570103268183088,0.392,0.506,1.46158710457117e-09,"ITGA6","PD_vs_Ctrl","Astrocyte"
5.050970548617e-14,-0.740444770785143,0.227,0.354,1.5036234226178e-09,"MARCKSL1","PD_vs_Ctrl","Astrocyte"
5.13779025236243e-14,-0.938915335871117,0.226,0.334,1.52946878022577e-09,"GUK1","PD_vs_Ctrl","Astrocyte"
5.21630926240547e-14,0.521684037140476,0.525,0.417,1.55284310432549e-09,"RHOT1","PD_vs_Ctrl","Astrocyte"
5.59013751187011e-14,-0.983538850670454,0.128,0.234,1.66412803590861e-09,"CYB5A","PD_vs_Ctrl","Astrocyte"
6.92992965846941e-14,0.767793612417763,0.326,0.208,2.06297076002976e-09,"AC016831.5","PD_vs_Ctrl","Astrocyte"
6.95487961949859e-14,-0.572863977322386,0.388,0.493,2.07039811392854e-09,"UBXN4","PD_vs_Ctrl","Astrocyte"
7.65056872180068e-14,0.557656238014095,0.478,0.35,2.27749780279284e-09,"AL160272.1","PD_vs_Ctrl","Astrocyte"
8.02750967681449e-14,-0.71765191696043,0.293,0.413,2.3897093556909e-09,"FBXO2","PD_vs_Ctrl","Astrocyte"
8.21512257396944e-14,0.750067203823563,0.325,0.204,2.44555983904496e-09,"MLLT6","PD_vs_Ctrl","Astrocyte"
8.80233405929341e-14,0.700272783266417,0.368,0.246,2.62036682611105e-09,"SIPA1L3","PD_vs_Ctrl","Astrocyte"
9.24948322760314e-14,-0.737036675148421,0.177,0.3,2.75347866202518e-09,"LINC01572","PD_vs_Ctrl","Astrocyte"
9.86430069469171e-14,-0.806269915624399,0.15,0.267,2.93650367380278e-09,"PROS1","PD_vs_Ctrl","Astrocyte"
1.08554589002847e-13,-0.683842000092699,0.336,0.448,3.23156156002575e-09,"BAALC-AS1","PD_vs_Ctrl","Astrocyte"
1.08628376606261e-13,-0.517055078900826,0.43,0.542,3.23375814319179e-09,"NAT8L","PD_vs_Ctrl","Astrocyte"
1.15410488516277e-13,-0.888742248367064,0.143,0.255,3.43565483264104e-09,"STUM","PD_vs_Ctrl","Astrocyte"
1.19772018959803e-13,-0.805149754715572,0.164,0.282,3.56549323241439e-09,"RAB34","PD_vs_Ctrl","Astrocyte"
1.28756916076222e-13,0.73003570080686,0.353,0.235,3.83296463467304e-09,"MBTD1","PD_vs_Ctrl","Astrocyte"
1.39879722662291e-13,0.555508393965924,0.479,0.366,4.16407946393374e-09,"AEBP1","PD_vs_Ctrl","Astrocyte"
1.44542954010143e-13,-0.661265238508539,0.267,0.391,4.30289919792796e-09,"ZCCHC24","PD_vs_Ctrl","Astrocyte"
1.45567196762506e-13,-0.914720343883328,0.138,0.247,4.33338988042304e-09,"CALU","PD_vs_Ctrl","Astrocyte"
1.75819211652976e-13,0.84504975619825,0.294,0.183,5.23396211169743e-09,"DDR2","PD_vs_Ctrl","Astrocyte"
1.79940289516202e-13,-0.872787449713244,0.137,0.246,5.35664247860782e-09,"ZNRF2","PD_vs_Ctrl","Astrocyte"
2.14164990420236e-13,-1.07137667189814,0.114,0.214,6.37547759982001e-09,"MXRA7","PD_vs_Ctrl","Astrocyte"
2.19994402413313e-13,-1.11873403988414,0.128,0.227,6.54901336544193e-09,"RPL7AP6","PD_vs_Ctrl","Astrocyte"
2.3529096136029e-13,-1.03972074604617,0.132,0.234,7.00437662873446e-09,"NCDN","PD_vs_Ctrl","Astrocyte"
2.43029070167926e-13,0.64104595081358,0.39,0.273,7.234732389829e-09,"ZBTB1","PD_vs_Ctrl","Astrocyte"
2.53802065319022e-13,-0.959800974636747,0.126,0.23,7.55543368248196e-09,"NEDD9","PD_vs_Ctrl","Astrocyte"
2.56378564608904e-13,0.725144338090583,0.361,0.246,7.63213348984245e-09,"MIAT","PD_vs_Ctrl","Astrocyte"
2.66999628614916e-13,-0.936412987923457,0.139,0.246,7.94831194423743e-09,"EMC7","PD_vs_Ctrl","Astrocyte"
2.71002340505789e-13,-1.05624524358298,0.13,0.233,8.06746867451684e-09,"ARHGDIA","PD_vs_Ctrl","Astrocyte"
2.82158211773418e-13,0.839858025634073,0.275,0.165,8.39956780628287e-09,"GGA2","PD_vs_Ctrl","Astrocyte"
2.93924999033872e-13,-0.954785253551224,0.155,0.262,8.74985329623933e-09,"DYNLT1","PD_vs_Ctrl","Astrocyte"
3.23264085273055e-13,-0.841068600470336,0.146,0.257,9.62324855449357e-09,"RASL10A","PD_vs_Ctrl","Astrocyte"
3.38295749106682e-13,0.537939998243293,0.543,0.45,1.00707261551568e-08,"UQCRB","PD_vs_Ctrl","Astrocyte"
3.58773437517145e-13,-1.20085675845814,0.118,0.213,1.06803264614479e-08,"AURKAIP1","PD_vs_Ctrl","Astrocyte"
3.76029813507004e-13,-0.823925951038448,0.182,0.299,1.119403151829e-08,"BEX2","PD_vs_Ctrl","Astrocyte"
4.24913157125068e-13,0.634605015384281,0.396,0.281,1.26492397744562e-08,"AGL","PD_vs_Ctrl","Astrocyte"
4.30688933008114e-13,-0.963752939200694,0.124,0.226,1.28211788467186e-08,"TMEM176B","PD_vs_Ctrl","Astrocyte"
4.98805215083677e-13,-0.816944952366183,0.191,0.305,1.4848932447826e-08,"TUFM","PD_vs_Ctrl","Astrocyte"
5.54798887942414e-13,-0.58480502240872,0.363,0.475,1.65158080951577e-08,"VSIR","PD_vs_Ctrl","Astrocyte"
5.58878151779449e-13,-0.622232874891758,0.315,0.431,1.66372437003224e-08,"ELL2","PD_vs_Ctrl","Astrocyte"
5.91183708662216e-13,0.637750426973789,0.39,0.27,1.75989478231655e-08,"AC139887.2","PD_vs_Ctrl","Astrocyte"
6.19130079392666e-13,0.830986515999049,0.284,0.176,1.84308833334403e-08,"DNASE1","PD_vs_Ctrl","Astrocyte"
6.48599077020084e-13,0.599892651996142,0.398,0.276,1.93081459238109e-08,"RNF169","PD_vs_Ctrl","Astrocyte"
6.81461187955506e-13,-0.963588079290479,0.128,0.231,2.02864181042474e-08,"GYG1","PD_vs_Ctrl","Astrocyte"
6.86161988451135e-13,0.654134626615238,0.396,0.282,2.04263562342018e-08,"SLIRP","PD_vs_Ctrl","Astrocyte"
6.87598580653012e-13,0.728282003948498,0.312,0.196,2.04691221474595e-08,"AC009120.2","PD_vs_Ctrl","Astrocyte"
7.97732729356972e-13,0.738698647554475,0.318,0.203,2.37477056202277e-08,"KLHL22","PD_vs_Ctrl","Astrocyte"
8.86420061685127e-13,-0.901883442385075,0.17,0.275,2.63878388163045e-08,"AL669831.3","PD_vs_Ctrl","Astrocyte"
9.46642603099664e-13,-0.864256782740558,0.17,0.277,2.81806036516739e-08,"PSMA7","PD_vs_Ctrl","Astrocyte"
9.82153222940742e-13,-0.924819174534742,0.147,0.251,2.92377192937229e-08,"RER1","PD_vs_Ctrl","Astrocyte"
9.91540130356023e-13,0.717628207625304,0.329,0.215,2.95171581405684e-08,"EAF2","PD_vs_Ctrl","Astrocyte"
9.99602256404601e-13,0.909896607758657,0.247,0.142,2.97571595709086e-08,"CCDC144CP","PD_vs_Ctrl","Astrocyte"
1.05651547137073e-12,-0.898789242602551,0.15,0.256,3.14514090672352e-08,"TAF7","PD_vs_Ctrl","Astrocyte"
1.07332669065058e-12,-0.779372785322139,0.202,0.313,3.19518622539772e-08,"PARP9","PD_vs_Ctrl","Astrocyte"
1.07507403837142e-12,0.686996619358957,0.332,0.215,3.20038790482788e-08,"MARK4","PD_vs_Ctrl","Astrocyte"
1.100378774619e-12,0.939628595804862,0.226,0.126,3.2757175741633e-08,"XYLT1","PD_vs_Ctrl","Astrocyte"
1.11928849590377e-12,-0.918664059522184,0.123,0.224,3.33200992345592e-08,"CD9","PD_vs_Ctrl","Astrocyte"
1.38711427979307e-12,-0.939909914772176,0.125,0.226,4.12930049951599e-08,"CIB1","PD_vs_Ctrl","Astrocyte"
1.41524738202115e-12,0.702857206749878,0.364,0.255,4.21304993153876e-08,"GPI","PD_vs_Ctrl","Astrocyte"
1.4201217587184e-12,-0.589112191354465,0.364,0.467,4.22756046352881e-08,"CD59","PD_vs_Ctrl","Astrocyte"
1.43693231518122e-12,-0.778417489433364,0.216,0.328,4.27760380906297e-08,"MTPN","PD_vs_Ctrl","Astrocyte"
1.73245577804928e-12,0.72097654603932,0.337,0.227,5.15734760567489e-08,"SALL3","PD_vs_Ctrl","Astrocyte"
1.74569612979574e-12,0.689561470408898,0.301,0.185,5.19676280878893e-08,"CDKL1","PD_vs_Ctrl","Astrocyte"
1.8747440606627e-12,-0.566968853789737,0.356,0.473,5.58092559418679e-08,"TERF2IP","PD_vs_Ctrl","Astrocyte"
2.01035417983726e-12,-0.837375682264098,0.154,0.258,5.98462335795755e-08,"NPC2","PD_vs_Ctrl","Astrocyte"
2.05734901754141e-12,-0.69821377942011,0.258,0.374,6.12452229031902e-08,"TROVE2","PD_vs_Ctrl","Astrocyte"
2.15646445539307e-12,-0.908522767279492,0.15,0.254,6.41957903725962e-08,"ADH5","PD_vs_Ctrl","Astrocyte"
2.32511015853184e-12,-1.04780941082552,0.118,0.212,6.92162043093342e-08,"BTG1","PD_vs_Ctrl","Astrocyte"
2.52361689577318e-12,0.625396479739925,0.39,0.274,7.51255513702718e-08,"BMT2","PD_vs_Ctrl","Astrocyte"
2.53395835514128e-12,-0.775119926389703,0.219,0.331,7.54334062742006e-08,"SLC25A3","PD_vs_Ctrl","Astrocyte"
2.57096770400362e-12,0.855775342099558,0.209,0.11,7.65351375804837e-08,"RANGAP1","PD_vs_Ctrl","Astrocyte"
2.5800714864932e-12,-0.674316754070601,0.272,0.382,7.6806148081416e-08,"LAMP1","PD_vs_Ctrl","Astrocyte"
2.70386885447821e-12,0.803551017800863,0.281,0.174,8.04914719289618e-08,"FAM133B","PD_vs_Ctrl","Astrocyte"
2.72322677686e-12,-0.530674556783321,0.389,0.493,8.10677379203453e-08,"RALGDS","PD_vs_Ctrl","Astrocyte"
2.84240531982774e-12,0.704892659320074,0.313,0.201,8.46155639659521e-08,"OSBP2","PD_vs_Ctrl","Astrocyte"
3.25267523783972e-12,-0.656364049065381,0.296,0.404,9.68288891552505e-08,"LRRC8A","PD_vs_Ctrl","Astrocyte"
3.25615233654132e-12,0.748228403256058,0.313,0.206,9.69323989064984e-08,"PCSK7","PD_vs_Ctrl","Astrocyte"
3.52400285625041e-12,-0.734691314903545,0.201,0.314,1.04906041027718e-07,"ATP6AP2","PD_vs_Ctrl","Astrocyte"
3.6586705643083e-12,0.616501749284808,0.394,0.281,1.08914964028894e-07,"NSMAF","PD_vs_Ctrl","Astrocyte"
3.69035126828941e-12,-0.882093591128388,0.143,0.244,1.09858066905707e-07,"ZDHHC3","PD_vs_Ctrl","Astrocyte"
4.34564967909892e-12,0.968329711983544,0.27,0.173,1.29365645297096e-07,"RPL12P4","PD_vs_Ctrl","Astrocyte"
4.38162243008733e-12,0.588901297660443,0.406,0.294,1.3043651812127e-07,"ANKRD44","PD_vs_Ctrl","Astrocyte"
4.78453798825193e-12,-0.667869293588193,0.263,0.374,1.42430911372272e-07,"C1S","PD_vs_Ctrl","Astrocyte"
5.06218099071787e-12,-0.961379869745411,0.122,0.219,1.5069606591268e-07,"CGRRF1","PD_vs_Ctrl","Astrocyte"
5.10589748315661e-12,0.895725236477626,0.205,0.108,1.51997462176089e-07,"KCNE4","PD_vs_Ctrl","Astrocyte"
5.1409001094106e-12,-0.899938671102143,0.129,0.228,1.53039455357044e-07,"TMEM30A","PD_vs_Ctrl","Astrocyte"
5.2696737359503e-12,0.651089733316343,0.368,0.26,1.56872917445504e-07,"ZNF83","PD_vs_Ctrl","Astrocyte"
5.31978897616157e-12,0.667986371965978,0.358,0.248,1.58364798031354e-07,"MRPS5","PD_vs_Ctrl","Astrocyte"
6.97463827048887e-12,0.716701442058982,0.343,0.24,2.07628006674183e-07,"PGAP1","PD_vs_Ctrl","Astrocyte"
7.55990640577254e-12,0.528415034672365,0.443,0.331,2.25050853793443e-07,"FBXL20","PD_vs_Ctrl","Astrocyte"
7.70027918127712e-12,-1.06205573554764,0.109,0.2,2.29229610947439e-07,"NDUFS3","PD_vs_Ctrl","Astrocyte"
7.8769297192305e-12,-0.726628502703154,0.219,0.329,2.34488320811773e-07,"DAG1","PD_vs_Ctrl","Astrocyte"
8.27623098492306e-12,-0.774370200385199,0.213,0.319,2.46375120190175e-07,"ERH","PD_vs_Ctrl","Astrocyte"
9.01339840125624e-12,0.551422501579099,0.428,0.322,2.68319857006997e-07,"SAFB2","PD_vs_Ctrl","Astrocyte"
9.0323332117864e-12,-0.865983624389082,0.156,0.257,2.68883527381669e-07,"LAMTOR1","PD_vs_Ctrl","Astrocyte"
9.08858771153125e-12,0.576905328331123,0.394,0.282,2.70558167584574e-07,"NSD2","PD_vs_Ctrl","Astrocyte"
9.09543910885415e-12,-1.00476522566627,0.12,0.212,2.70762126831479e-07,"TBCB","PD_vs_Ctrl","Astrocyte"
9.89081864190102e-12,0.626174544377359,0.297,0.185,2.94439780150751e-07,"BAIAP2","PD_vs_Ctrl","Astrocyte"
1.14351484619686e-11,0.659383602724521,0.343,0.235,3.40412934564345e-07,"HSPA4","PD_vs_Ctrl","Astrocyte"
1.24270189923476e-11,-0.551247580830609,0.341,0.453,3.69939928383195e-07,"AKAP12","PD_vs_Ctrl","Astrocyte"
1.26852695043655e-11,0.595512528898074,0.39,0.275,3.77627787875457e-07,"PELI2","PD_vs_Ctrl","Astrocyte"
1.35287793299786e-11,-0.797345469045631,0.192,0.297,4.02738231874134e-07,"ELOB","PD_vs_Ctrl","Astrocyte"
1.40064133653964e-11,-0.627918184733514,0.304,0.416,4.16956919474484e-07,"LRRC75A-AS1","PD_vs_Ctrl","Astrocyte"
1.43277613000435e-11,-0.785768809692192,0.155,0.259,4.26523126140995e-07,"MAP9","PD_vs_Ctrl","Astrocyte"
1.57670799062794e-11,0.524950467866871,0.464,0.353,4.69370201730032e-07,"MMD2","PD_vs_Ctrl","Astrocyte"
1.61612932093639e-11,-0.985754740961531,0.111,0.201,4.81105537549553e-07,"TMEM14C","PD_vs_Ctrl","Astrocyte"
1.66830179097571e-11,0.622790092540608,0.353,0.245,4.96636760155558e-07,"RPS29","PD_vs_Ctrl","Astrocyte"
1.81400768168376e-11,0.520989159227679,0.459,0.352,5.40011946760439e-07,"TLR4","PD_vs_Ctrl","Astrocyte"
1.82809599308117e-11,0.543576032658831,0.447,0.345,5.44205896180334e-07,"SGK1","PD_vs_Ctrl","Astrocyte"
1.8684672929115e-11,0.700944214328533,0.323,0.219,5.56224028426824e-07,"ZSWIM8","PD_vs_Ctrl","Astrocyte"
2.06449107596063e-11,-0.93121008916615,0.152,0.249,6.14578348402721e-07,"ETFB","PD_vs_Ctrl","Astrocyte"
2.10698628925471e-11,0.508995156579605,0.446,0.333,6.27228748448234e-07,"FAM49A","PD_vs_Ctrl","Astrocyte"
2.17632627924211e-11,-0.819913281153866,0.192,0.293,6.47870570067582e-07,"DAD1","PD_vs_Ctrl","Astrocyte"
2.20374784598015e-11,0.68201109433396,0.33,0.226,6.56033696269831e-07,"ATG4B","PD_vs_Ctrl","Astrocyte"
2.25616785913048e-11,0.675335637246247,0.353,0.252,6.71638609984553e-07,"RPL23","PD_vs_Ctrl","Astrocyte"
2.4295869650024e-11,0.785462220352978,0.283,0.182,7.23263743611564e-07,"ATXN2L","PD_vs_Ctrl","Astrocyte"
2.5855656358289e-11,-0.890711656576879,0.158,0.254,7.69697034129907e-07,"ALDH9A1","PD_vs_Ctrl","Astrocyte"
2.59364695939865e-11,-0.659209426800704,0.171,0.281,7.72102763343383e-07,"HES1","PD_vs_Ctrl","Astrocyte"
2.69590947324222e-11,-0.901614586595014,0.132,0.226,8.02545291089477e-07,"TRIM5","PD_vs_Ctrl","Astrocyte"
2.8687754434916e-11,-0.505487919241784,0.383,0.486,8.54005761773014e-07,"JAK1","PD_vs_Ctrl","Astrocyte"
2.91909455179937e-11,-0.732005261185396,0.27,0.369,8.68985257125155e-07,"RPS3","PD_vs_Ctrl","Astrocyte"
3.01897610785741e-11,-0.696260888114083,0.279,0.378,8.98718997548072e-07,"COMT","PD_vs_Ctrl","Astrocyte"
3.05883917927637e-11,-0.805931222706737,0.161,0.262,9.10585835278783e-07,"AL161772.1","PD_vs_Ctrl","Astrocyte"
3.1338921835002e-11,0.654265218719307,0.314,0.208,9.32928364106176e-07,"RMND5A","PD_vs_Ctrl","Astrocyte"
3.18679339575213e-11,-0.919591484218249,0.12,0.211,9.48676525981453e-07,"TALDO1","PD_vs_Ctrl","Astrocyte"
3.27595502742685e-11,0.544520562667687,0.438,0.335,9.75219052114699e-07,"XPR1","PD_vs_Ctrl","Astrocyte"
3.27720240420373e-11,1.00680771106533,0.204,0.114,9.75590383707407e-07,"LRRC37A2","PD_vs_Ctrl","Astrocyte"
3.33005803148875e-11,-0.859213700317916,0.143,0.24,9.91324975393885e-07,"GNB2","PD_vs_Ctrl","Astrocyte"
3.39192830191323e-11,-0.93623875925575,0.183,0.279,1.00974313619655e-06,"NFKBIA","PD_vs_Ctrl","Astrocyte"
3.58670352993691e-11,-0.522593622069654,0.298,0.422,1.06772577382692e-06,"GNG12-AS1","PD_vs_Ctrl","Astrocyte"
3.7682328357727e-11,0.619483958922943,0.347,0.234,1.12176523288118e-06,"CACNA1B","PD_vs_Ctrl","Astrocyte"
3.88003870835336e-11,-1.02359640591813,0.129,0.219,1.15504872308971e-06,"TMEM9","PD_vs_Ctrl","Astrocyte"
3.89450782862655e-11,0.605316156600465,0.381,0.276,1.15935603550384e-06,"SWT1","PD_vs_Ctrl","Astrocyte"
3.90437688396485e-11,0.832777323129743,0.298,0.201,1.1622939545875e-06,"FKBP2","PD_vs_Ctrl","Astrocyte"
4.07085043222657e-11,-0.668714298384589,0.333,0.429,1.21185146516953e-06,"SLC26A3","PD_vs_Ctrl","Astrocyte"
4.20771683296465e-11,-0.941718286049127,0.118,0.207,1.25259522400525e-06,"HSD17B6","PD_vs_Ctrl","Astrocyte"
5.83250164321456e-11,0.62570657381668,0.388,0.287,1.73627741416854e-06,"MYOM1","PD_vs_Ctrl","Astrocyte"
6.07741286762466e-11,-0.996152176917991,0.117,0.206,1.80918503656319e-06,"SNN","PD_vs_Ctrl","Astrocyte"
6.25265329170126e-11,-0.897403815226544,0.131,0.225,1.86135235840655e-06,"CADM4","PD_vs_Ctrl","Astrocyte"
6.33878469220862e-11,-0.662033586304694,0.284,0.386,1.88699281502359e-06,"PARK7","PD_vs_Ctrl","Astrocyte"
6.58111120637773e-11,-0.656917488446354,0.245,0.352,1.95913099502659e-06,"ASAH1","PD_vs_Ctrl","Astrocyte"
6.91259761261336e-11,-0.531020810666041,0.308,0.426,2.05781118329887e-06,"IDH2","PD_vs_Ctrl","Astrocyte"
6.94857561257466e-11,0.551813950911152,0.393,0.283,2.06852147410735e-06,"OGT","PD_vs_Ctrl","Astrocyte"
7.23676872286569e-11,-0.832574826434074,0.183,0.28,2.15431368110989e-06,"COPE","PD_vs_Ctrl","Astrocyte"
7.43103636270821e-11,-1.02464695016206,0.139,0.228,2.21214521481461e-06,"ECHS1","PD_vs_Ctrl","Astrocyte"
7.8040071236703e-11,-0.7625328549178,0.186,0.285,2.32317488064541e-06,"YTHDF1","PD_vs_Ctrl","Astrocyte"
8.01419860637575e-11,0.690862070737121,0.313,0.21,2.385746783132e-06,"CLASRP","PD_vs_Ctrl","Astrocyte"
8.24752684094046e-11,0.563568392934845,0.393,0.288,2.45520626527956e-06,"PRMT3","PD_vs_Ctrl","Astrocyte"
8.43031137318858e-11,0.792056335938828,0.222,0.129,2.50961939268451e-06,"HAP1","PD_vs_Ctrl","Astrocyte"
8.50705040566758e-11,0.597994973643645,0.341,0.237,2.53246383526318e-06,"MGRN1","PD_vs_Ctrl","Astrocyte"
8.51578210597798e-11,0.902683629106167,0.209,0.119,2.53506317512859e-06,"STK40","PD_vs_Ctrl","Astrocyte"
8.94873841474142e-11,-0.591785907249307,0.308,0.407,2.66394993868437e-06,"STK24","PD_vs_Ctrl","Astrocyte"
9.02024415004313e-11,0.559289684420503,0.36,0.25,2.68523648102634e-06,"RGN","PD_vs_Ctrl","Astrocyte"
9.31733485694632e-11,0.616390188277675,0.368,0.265,2.77367741356435e-06,"KCND2","PD_vs_Ctrl","Astrocyte"
9.33468786638571e-11,0.714534980087908,0.279,0.177,2.77884323094436e-06,"LRSAM1","PD_vs_Ctrl","Astrocyte"
9.59925823462383e-11,0.934159129329623,0.213,0.123,2.85760318386517e-06,"TMEM63A","PD_vs_Ctrl","Astrocyte"
1.07213794411557e-10,0.85462296053834,0.204,0.114,3.19164744583765e-06,"MKLN1-AS","PD_vs_Ctrl","Astrocyte"
1.11470650893486e-10,-0.832772082929787,0.146,0.242,3.31836980644818e-06,"SNAP25","PD_vs_Ctrl","Astrocyte"
1.13601375107489e-10,0.676152464895424,0.302,0.201,3.38179933557484e-06,"PKD1","PD_vs_Ctrl","Astrocyte"
1.15742850702481e-10,0.517517108208344,0.426,0.31,3.44554892256215e-06,"PPP1R3C","PD_vs_Ctrl","Astrocyte"
1.23672312014549e-10,0.700944639073393,0.252,0.154,3.6816010563611e-06,"NFATC2","PD_vs_Ctrl","Astrocyte"
1.25649828888758e-10,-0.525210655121402,0.329,0.433,3.74046975618943e-06,"ASRGL1","PD_vs_Ctrl","Astrocyte"
1.34568331886822e-10,0.502520392264702,0.508,0.419,4.00596467193881e-06,"RPS25","PD_vs_Ctrl","Astrocyte"
1.43537523999267e-10,0.549459883099326,0.396,0.289,4.27296855193417e-06,"PTPRJ","PD_vs_Ctrl","Astrocyte"
1.49433957505921e-10,0.524006828291328,0.39,0.281,4.44849948099376e-06,"AL731577.2","PD_vs_Ctrl","Astrocyte"
1.54351164408967e-10,-0.824900541687792,0.173,0.266,4.59487981329052e-06,"ANXA5","PD_vs_Ctrl","Astrocyte"
1.66443477298174e-10,-0.669675140676256,0.169,0.269,4.95485587568933e-06,"DPP10-AS3","PD_vs_Ctrl","Astrocyte"
1.71223547305288e-10,-0.853753447770272,0.149,0.242,5.09715377973111e-06,"ZNF428","PD_vs_Ctrl","Astrocyte"
1.77423484505252e-10,0.683362904750765,0.345,0.252,5.28171971023684e-06,"RPS23","PD_vs_Ctrl","Astrocyte"
1.80933821117086e-10,0.698595853631633,0.316,0.22,5.38621892083453e-06,"NDUFA1","PD_vs_Ctrl","Astrocyte"
1.81224335847103e-10,-0.904397143981822,0.142,0.234,5.3948672538324e-06,"SET","PD_vs_Ctrl","Astrocyte"
1.81409014723485e-10,0.558554357684885,0.396,0.293,5.40036495930342e-06,"SNAP23","PD_vs_Ctrl","Astrocyte"
1.92716091806497e-10,-0.746591653387904,0.164,0.26,5.73696533698762e-06,"CTSB","PD_vs_Ctrl","Astrocyte"
2.16163229298354e-10,-0.999147966658167,0.137,0.225,6.43496317298271e-06,"FIS1","PD_vs_Ctrl","Astrocyte"
2.26355296600352e-10,-0.721776841074674,0.19,0.291,6.73837082449589e-06,"ORMDL1","PD_vs_Ctrl","Astrocyte"
2.28877227278965e-10,-0.782467077295345,0.151,0.246,6.81344617886752e-06,"ECI2","PD_vs_Ctrl","Astrocyte"
2.39761521946592e-10,0.75209083956357,0.27,0.177,7.13746074682811e-06,"UHRF1BP1","PD_vs_Ctrl","Astrocyte"
2.52955895318046e-10,-0.717287271312216,0.22,0.32,7.5302440477229e-06,"FAU","PD_vs_Ctrl","Astrocyte"
2.7073190073406e-10,0.808546350716095,0.211,0.122,8.05941795295225e-06,"MED24","PD_vs_Ctrl","Astrocyte"
2.71625039594586e-10,-0.617316087808282,0.278,0.384,8.08600580369123e-06,"RHOA","PD_vs_Ctrl","Astrocyte"
2.89662159277549e-10,-0.700729249952388,0.188,0.289,8.62295281953336e-06,"MRFAP1","PD_vs_Ctrl","Astrocyte"
3.10875738482162e-10,0.609218043824665,0.336,0.234,9.25445985887548e-06,"RILPL1","PD_vs_Ctrl","Astrocyte"
3.14664315317408e-10,0.530878000723307,0.37,0.258,9.36724200268393e-06,"PPARGC1A","PD_vs_Ctrl","Astrocyte"
3.29037525062747e-10,-0.802491229383008,0.15,0.244,9.79511808359293e-06,"STUB1","PD_vs_Ctrl","Astrocyte"
3.38220829020157e-10,-0.876360486715861,0.139,0.227,1.0068495859101e-05,"PUF60","PD_vs_Ctrl","Astrocyte"
3.63322326656321e-10,0.676267038094714,0.342,0.252,1.0815742342232e-05,"SREBF2","PD_vs_Ctrl","Astrocyte"
3.7055244371855e-10,-0.835894107764409,0.119,0.207,1.10309756970575e-05,"CTSL","PD_vs_Ctrl","Astrocyte"
3.71863608552864e-10,-0.924222002724453,0.128,0.214,1.10700077630102e-05,"RPL7A","PD_vs_Ctrl","Astrocyte"
3.72674270918797e-10,-0.771919781274204,0.165,0.261,1.10941403709817e-05,"CSPG5","PD_vs_Ctrl","Astrocyte"
3.84625657016986e-10,-0.812497676282147,0.114,0.201,1.14499211837387e-05,"GYG2","PD_vs_Ctrl","Astrocyte"
4.00841687267715e-10,0.595454552730891,0.328,0.229,1.19326561882726e-05,"PACS2","PD_vs_Ctrl","Astrocyte"
4.32211901015047e-10,-0.683651252865325,0.237,0.335,1.28665160813169e-05,"C1orf122","PD_vs_Ctrl","Astrocyte"
4.37383333333322e-10,-0.849663811691769,0.128,0.217,1.30204644499997e-05,"COPRS","PD_vs_Ctrl","Astrocyte"
4.61332823882893e-10,-0.619806132604737,0.228,0.331,1.37334168341698e-05,"GJB6","PD_vs_Ctrl","Astrocyte"
4.62503500029685e-10,0.60986560088059,0.343,0.243,1.37682666923837e-05,"ADRA1A","PD_vs_Ctrl","Astrocyte"
5.02644681511159e-10,-0.780775279131587,0.133,0.223,1.49632295239057e-05,"RIPK1","PD_vs_Ctrl","Astrocyte"
5.09054812255831e-10,-0.803103218157833,0.15,0.24,1.51540527060438e-05,"LINC01833","PD_vs_Ctrl","Astrocyte"
5.30538521131517e-10,-0.959048670092065,0.124,0.209,1.57936012355641e-05,"C1QBP","PD_vs_Ctrl","Astrocyte"
5.47891857569766e-10,-0.65956224195762,0.215,0.316,1.63101927079944e-05,"REEP5","PD_vs_Ctrl","Astrocyte"
5.49566855890734e-10,0.838129483104015,0.252,0.163,1.63600557330113e-05,"MT1XP1","PD_vs_Ctrl","Astrocyte"
5.84642024128992e-10,0.501520999716492,0.405,0.304,1.74042084162959e-05,"ITGB5","PD_vs_Ctrl","Astrocyte"
5.99712135693407e-10,-0.87740344628092,0.133,0.219,1.7852830567457e-05,"RTL8C","PD_vs_Ctrl","Astrocyte"
6.05401874043346e-10,0.874236572335834,0.211,0.126,1.80222083883964e-05,"AP000769.1","PD_vs_Ctrl","Astrocyte"
6.21441941582263e-10,0.695050588383747,0.277,0.182,1.84997051589624e-05,"RP9P","PD_vs_Ctrl","Astrocyte"
6.52912961105969e-10,0.689510510657382,0.27,0.179,1.94365659391636e-05,"AHSA1","PD_vs_Ctrl","Astrocyte"
7.16870985243144e-10,0.51263403333619,0.464,0.378,2.13405323597031e-05,"RPL32","PD_vs_Ctrl","Astrocyte"
8.32699363198446e-10,-0.616706080198858,0.239,0.339,2.47886273430545e-05,"SMARCA5","PD_vs_Ctrl","Astrocyte"
8.52108606794964e-10,-0.74190807705542,0.192,0.285,2.53664211156793e-05,"ARF1","PD_vs_Ctrl","Astrocyte"
8.68603645984196e-10,-0.69408845824628,0.23,0.328,2.58574619373035e-05,"COX5B","PD_vs_Ctrl","Astrocyte"
9.32374242523869e-10,-0.618925378818684,0.182,0.282,2.77558488256931e-05,"GPCPD1","PD_vs_Ctrl","Astrocyte"
9.68884772370412e-10,0.597509883982114,0.322,0.224,2.88427307886948e-05,"FAM193B","PD_vs_Ctrl","Astrocyte"
1.09753698709164e-09,0.760852661505197,0.228,0.14,3.2672578568731e-05,"GTF3C3","PD_vs_Ctrl","Astrocyte"
1.10698676980603e-09,0.740278508980444,0.241,0.15,3.29538891503558e-05,"C10orf90","PD_vs_Ctrl","Astrocyte"
1.16458074919838e-09,0.653670751328375,0.305,0.209,3.46684043228865e-05,"BCAT2","PD_vs_Ctrl","Astrocyte"
1.18603149678213e-09,-0.576737402413009,0.258,0.359,3.53069716277073e-05,"ZDHHC2","PD_vs_Ctrl","Astrocyte"
1.23683355418485e-09,-0.839050690198522,0.129,0.215,3.68192980745287e-05,"LRP10","PD_vs_Ctrl","Astrocyte"
1.2375316995931e-09,-0.652064726082201,0.237,0.334,3.6840081165187e-05,"PGAM1","PD_vs_Ctrl","Astrocyte"
1.3053863846715e-09,0.553641728030688,0.319,0.217,3.88600472852859e-05,"ZNF586","PD_vs_Ctrl","Astrocyte"
1.43790783544919e-09,0.737447155227984,0.247,0.159,4.28050783534871e-05,"ZNF471","PD_vs_Ctrl","Astrocyte"
1.56828973651791e-09,0.532944742831245,0.348,0.252,4.66864171664015e-05,"UNK","PD_vs_Ctrl","Astrocyte"
1.72191430493298e-09,0.799019157223167,0.212,0.127,5.12596669435498e-05,"ULK1","PD_vs_Ctrl","Astrocyte"
1.78106793336685e-09,0.738202213139414,0.237,0.149,5.30206113083977e-05,"KCTD15","PD_vs_Ctrl","Astrocyte"
1.80044375358969e-09,0.782279252823336,0.23,0.143,5.35974101006116e-05,"GFM2","PD_vs_Ctrl","Astrocyte"
1.84008373190535e-09,0.678085353056468,0.257,0.166,5.47774526150904e-05,"ZNHIT6","PD_vs_Ctrl","Astrocyte"
1.86443093360431e-09,-0.844468083530333,0.119,0.201,5.55022444624667e-05,"ATP5S","PD_vs_Ctrl","Astrocyte"
1.87848300832588e-09,0.780857215903259,0.212,0.126,5.59205606748532e-05,"AP000473.1","PD_vs_Ctrl","Astrocyte"
1.95633940753905e-09,-0.727096157929711,0.177,0.269,5.823826782303e-05,"RAN","PD_vs_Ctrl","Astrocyte"
2.01887916500458e-09,-0.963961466680986,0.123,0.203,6.01000138630212e-05,"UQCRFS1","PD_vs_Ctrl","Astrocyte"
2.0358402487582e-09,-0.55339656313107,0.298,0.397,6.0604928365283e-05,"ID2","PD_vs_Ctrl","Astrocyte"
2.30490268435879e-09,0.511833712485379,0.367,0.27,6.86146480106767e-05,"DNAJB2","PD_vs_Ctrl","Astrocyte"
2.35453191969724e-09,0.678603883625622,0.216,0.129,7.00920607174671e-05,"ACAP3","PD_vs_Ctrl","Astrocyte"
2.39775406126768e-09,0.794925628732821,0.224,0.138,7.13787406498776e-05,"NFATC4","PD_vs_Ctrl","Astrocyte"
2.4219102830199e-09,0.865684612879015,0.209,0.127,7.20978472152194e-05,"VPS9D1","PD_vs_Ctrl","Astrocyte"
2.65723575522449e-09,-0.50111501454591,0.356,0.447,7.91032511972778e-05,"HNRNPK","PD_vs_Ctrl","Astrocyte"
2.71072622658577e-09,-0.6579648903149,0.232,0.327,8.06956090392318e-05,"HINT1","PD_vs_Ctrl","Astrocyte"
2.97003406914639e-09,-0.694162396361164,0.184,0.277,8.84149442044189e-05,"USP11","PD_vs_Ctrl","Astrocyte"
2.98359396916731e-09,0.78011813329096,0.218,0.133,8.88186088681415e-05,"CATSPER2","PD_vs_Ctrl","Astrocyte"
2.986461776581e-09,0.574548640973641,0.331,0.237,8.89039806270397e-05,"PWWP2A","PD_vs_Ctrl","Astrocyte"
3.13216363287474e-09,-0.637557915017639,0.241,0.333,9.32413791870481e-05,"CTSF","PD_vs_Ctrl","Astrocyte"
3.1568905496561e-09,-0.692092840029669,0.209,0.302,9.39774747727125e-05,"DCXR","PD_vs_Ctrl","Astrocyte"
3.2172980180491e-09,0.511426709410569,0.353,0.25,9.57757446993037e-05,"RAB11FIP3","PD_vs_Ctrl","Astrocyte"
3.35385088050797e-09,-0.791108831243098,0.139,0.224,9.98407868618418e-05,"PSMD7","PD_vs_Ctrl","Astrocyte"
3.3685506907851e-09,0.576924600838222,0.354,0.262,0.000100278385513982,"EMSY","PD_vs_Ctrl","Astrocyte"
3.370493668438e-09,0.652240972962319,0.286,0.196,0.000100336226015731,"RGL2","PD_vs_Ctrl","Astrocyte"
3.46560440268887e-09,0.626294099633383,0.337,0.25,0.000103167577463645,"AC022431.1","PD_vs_Ctrl","Astrocyte"
3.51534561611287e-09,0.638551084342961,0.289,0.199,0.000104648323646064,"NUP50-AS1","PD_vs_Ctrl","Astrocyte"
3.84046481926933e-09,0.749398802005186,0.202,0.119,0.000114326797204829,"FREM2","PD_vs_Ctrl","Astrocyte"
3.87517470144091e-09,-0.783155904341805,0.155,0.241,0.000115360075687194,"CD164","PD_vs_Ctrl","Astrocyte"
4.16571193405898e-09,-0.598146356066762,0.237,0.335,0.000124009078565002,"ATP5D","PD_vs_Ctrl","Astrocyte"
4.5665141992129e-09,0.547713195857667,0.336,0.24,0.000135940561196369,"AC005261.2","PD_vs_Ctrl","Astrocyte"
4.73675289966371e-09,0.655401835912395,0.287,0.196,0.000141008397070089,"BRINP2","PD_vs_Ctrl","Astrocyte"
4.84700894498525e-09,0.809162864389659,0.237,0.154,0.000144290609283266,"TMEM181","PD_vs_Ctrl","Astrocyte"
4.96026288041416e-09,-0.802410909842251,0.133,0.215,0.000147662065687049,"COPS8","PD_vs_Ctrl","Astrocyte"
5.07235950289593e-09,0.759662523541267,0.207,0.125,0.000150999070041709,"AC010615.4","PD_vs_Ctrl","Astrocyte"
5.16030240815724e-09,-0.777734471081981,0.139,0.223,0.000153617042388433,"TCTN3","PD_vs_Ctrl","Astrocyte"
5.21794996171609e-09,0.548148583604641,0.394,0.311,0.000155333152410326,"MPPED2","PD_vs_Ctrl","Astrocyte"
5.33490564409711e-09,-0.627497913130643,0.264,0.356,0.000158814806119127,"ARL6IP5","PD_vs_Ctrl","Astrocyte"
5.37123513880854e-09,-0.616177724638923,0.275,0.363,0.000159896298847191,"CCND3","PD_vs_Ctrl","Astrocyte"
5.45389651816395e-09,-0.677218629563426,0.14,0.228,0.000162357045449223,"SCML1","PD_vs_Ctrl","Astrocyte"
5.60210013752745e-09,0.722397511505195,0.204,0.121,0.000166768918994055,"RPS4Y1","PD_vs_Ctrl","Astrocyte"
5.63944120750196e-09,-0.863900876336929,0.149,0.229,0.000167880525306126,"B4GAT1","PD_vs_Ctrl","Astrocyte"
5.69248775254748e-09,-0.677038432402784,0.174,0.264,0.000169459667905586,"SRSF2","PD_vs_Ctrl","Astrocyte"
5.70605864418448e-09,-0.561294476636886,0.262,0.359,0.000169863659778728,"BCAP29","PD_vs_Ctrl","Astrocyte"
5.76812084249567e-09,-0.760550936453782,0.164,0.248,0.000171711189360254,"KIF1BP","PD_vs_Ctrl","Astrocyte"
6.15645693302178e-09,-0.582872421934924,0.224,0.316,0.000183271566439125,"DAB2IP","PD_vs_Ctrl","Astrocyte"
6.51888051372991e-09,0.531277140538732,0.316,0.219,0.000194060554013226,"NWD1","PD_vs_Ctrl","Astrocyte"
7.37690800571614e-09,0.595826164033224,0.298,0.207,0.000219603174422164,"UBE2Q2P2","PD_vs_Ctrl","Astrocyte"
8.43420180361688e-09,0.514393034181074,0.356,0.262,0.000251077753491871,"ILKAP","PD_vs_Ctrl","Astrocyte"
8.86445006167771e-09,-0.714511408630533,0.176,0.26,0.000263885813886084,"PARP1","PD_vs_Ctrl","Astrocyte"
9.0222842464509e-09,0.5265376060858,0.353,0.262,0.000268584379732597,"CWF19L2","PD_vs_Ctrl","Astrocyte"
9.33505046124841e-09,-0.798017144417674,0.122,0.201,0.000277895117180904,"BRK1","PD_vs_Ctrl","Astrocyte"
9.64557432024113e-09,-0.687108312621564,0.137,0.223,0.000287139101939258,"TCEAL4","PD_vs_Ctrl","Astrocyte"
9.69931251594479e-09,-0.734781380224503,0.185,0.27,0.00028873883428716,"EEF2","PD_vs_Ctrl","Astrocyte"
9.97337029888335e-09,-0.762125341321207,0.131,0.211,0.000296897260427459,"ERBB2","PD_vs_Ctrl","Astrocyte"
1.02289624534024e-08,0.573576667747486,0.328,0.24,0.000304505983275335,"MIR4300HG","PD_vs_Ctrl","Astrocyte"
1.09293090923246e-08,-0.571455120703193,0.275,0.366,0.000325354602369412,"MDH1","PD_vs_Ctrl","Astrocyte"
1.10923067419316e-08,0.663277914645038,0.252,0.165,0.000330206879400561,"ELAVL3","PD_vs_Ctrl","Astrocyte"
1.13809432766821e-08,0.664184836681239,0.276,0.192,0.000338799300403549,"CLMN","PD_vs_Ctrl","Astrocyte"
1.15149815196363e-08,-0.554176945937479,0.163,0.257,0.000342789484858052,"TMEM220","PD_vs_Ctrl","Astrocyte"
1.16907817633563e-08,-0.767086175556941,0.135,0.215,0.000348022882313353,"TMEM179B","PD_vs_Ctrl","Astrocyte"
1.17292091677398e-08,-0.774528025140194,0.143,0.226,0.000349166827714447,"GHITM","PD_vs_Ctrl","Astrocyte"
1.1814033418091e-08,-0.64396657995777,0.18,0.266,0.000351691960823152,"FGFRL1","PD_vs_Ctrl","Astrocyte"
1.22231367949554e-08,-0.752704014782591,0.163,0.248,0.000363870559249027,"ACKR3","PD_vs_Ctrl","Astrocyte"
1.24119328686217e-08,0.722758210769469,0.223,0.141,0.000369490829565999,"SPHK2","PD_vs_Ctrl","Astrocyte"
1.38617742027878e-08,-0.901138253400326,0.13,0.207,0.000412651156242789,"LAMTOR4","PD_vs_Ctrl","Astrocyte"
1.46155689540114e-08,-0.602173742062602,0.247,0.343,0.000435090872191965,"TOB1","PD_vs_Ctrl","Astrocyte"
1.51013569289891e-08,-0.70358568242657,0.171,0.255,0.000449552294419076,"RACK1","PD_vs_Ctrl","Astrocyte"
1.62873404333003e-08,-0.696175849546756,0.148,0.231,0.000484857837358916,"NDP","PD_vs_Ctrl","Astrocyte"
1.65254597499891e-08,0.534492697721793,0.269,0.174,0.000491946411297424,"LEPR","PD_vs_Ctrl","Astrocyte"
1.72793297753869e-08,0.53115443942144,0.373,0.287,0.000514388368083493,"PDZD2","PD_vs_Ctrl","Astrocyte"
1.76978643013522e-08,-0.600045579250392,0.197,0.287,0.000526847722386954,"CHRDL1","PD_vs_Ctrl","Astrocyte"
1.78022631858947e-08,0.560371459345031,0.305,0.212,0.000529955572780901,"AL683813.1","PD_vs_Ctrl","Astrocyte"
1.88772209809132e-08,0.534699338930601,0.345,0.257,0.000561955991380806,"ZZEF1","PD_vs_Ctrl","Astrocyte"
2.02227080717965e-08,-0.609117533755077,0.161,0.246,0.000602009796589309,"LINC01515","PD_vs_Ctrl","Astrocyte"
2.07837629854213e-08,-0.534266717141302,0.233,0.33,0.000618711840313007,"ANXA7","PD_vs_Ctrl","Astrocyte"
2.2227614280215e-08,-0.726072611595911,0.165,0.248,0.000661693849507722,"PPP2R1A","PD_vs_Ctrl","Astrocyte"
2.3030821997701e-08,-0.686281266176985,0.197,0.281,0.000685604540049561,"LGALS1","PD_vs_Ctrl","Astrocyte"
2.4118768231547e-08,-0.634578644675837,0.192,0.278,0.000717991611484924,"KCTD20","PD_vs_Ctrl","Astrocyte"
2.5027652815526e-08,0.742296840297161,0.207,0.129,0.000745048196665394,"BIN3","PD_vs_Ctrl","Astrocyte"
2.5588253961661e-08,-0.625672382998078,0.288,0.368,0.000761736732184688,"RPL8","PD_vs_Ctrl","Astrocyte"
2.91291475302755e-08,0.648656130794895,0.247,0.165,0.000867145592828772,"SSH1","PD_vs_Ctrl","Astrocyte"
2.91676964106382e-08,-0.604179220639255,0.206,0.296,0.000868293154448288,"NDUFB5","PD_vs_Ctrl","Astrocyte"
2.93641665138131e-08,-0.5103813717924,0.322,0.409,0.000874141872949703,"WBP2","PD_vs_Ctrl","Astrocyte"
3.06953775179169e-08,-0.596091403834801,0.305,0.385,0.000913770693330869,"ARPP19","PD_vs_Ctrl","Astrocyte"
3.19026814178834e-08,-0.834012535562891,0.13,0.207,0.000949710923128971,"MYL12B","PD_vs_Ctrl","Astrocyte"
3.56838874143776e-08,-0.647741045990491,0.168,0.252,0.00106227364443861,"SCOC","PD_vs_Ctrl","Astrocyte"
3.69617066463795e-08,0.521291082947629,0.353,0.268,0.00110031304515607,"IWS1","PD_vs_Ctrl","Astrocyte"
3.77615808816775e-08,0.580680009219078,0.294,0.208,0.00112412450126666,"MFSD11","PD_vs_Ctrl","Astrocyte"
3.86070189241228e-08,0.515496910450882,0.362,0.274,0.00114929234635221,"AC022294.1","PD_vs_Ctrl","Astrocyte"
3.86575535652598e-08,-0.518887482099683,0.282,0.373,0.00115079671208422,"NUDT3","PD_vs_Ctrl","Astrocyte"
3.91676205405187e-08,-0.834919622694417,0.138,0.213,0.0011659808958707,"FAM96B","PD_vs_Ctrl","Astrocyte"
4.09445867816403e-08,-0.560552535124317,0.196,0.287,0.00121887940390265,"APH1B","PD_vs_Ctrl","Astrocyte"
4.12235420366191e-08,-0.585279978180175,0.217,0.305,0.00122718362288811,"MAP1LC3B","PD_vs_Ctrl","Astrocyte"
4.14233817046142e-08,-0.629320757857871,0.156,0.241,0.00123313264996466,"UROS","PD_vs_Ctrl","Astrocyte"
4.36727091686013e-08,-0.519282688901972,0.343,0.419,0.00130009287924009,"EID1","PD_vs_Ctrl","Astrocyte"
4.43099083118893e-08,0.573385241968779,0.29,0.205,0.00131906166053663,"CC2D1A","PD_vs_Ctrl","Astrocyte"
4.61900828290054e-08,0.676519421905297,0.263,0.184,0.00137503257573666,"ATP5H","PD_vs_Ctrl","Astrocyte"
4.63115489012655e-08,-0.568561863921418,0.258,0.348,0.00137864849924177,"SUB1","PD_vs_Ctrl","Astrocyte"
4.7190329825397e-08,-0.730133613739025,0.179,0.257,0.00140480892857224,"OSGIN2","PD_vs_Ctrl","Astrocyte"
4.86943459269278e-08,0.521912412592143,0.306,0.214,0.00144958198389871,"LSAMP-AS1","PD_vs_Ctrl","Astrocyte"
4.871703079839e-08,-0.541042429575249,0.357,0.424,0.00145025728983727,"NUPR1","PD_vs_Ctrl","Astrocyte"
4.90277440710589e-08,0.628524970969843,0.311,0.232,0.00145950691325135,"PARP6","PD_vs_Ctrl","Astrocyte"
5.42792727656405e-08,0.598648613951346,0.228,0.146,0.00161583967096035,"AC018797.2","PD_vs_Ctrl","Astrocyte"
5.57375640448674e-08,0.687797931851149,0.236,0.157,0.00165925154405166,"PPID","PD_vs_Ctrl","Astrocyte"
5.69495567354669e-08,-0.674902492563431,0.182,0.266,0.00169533135445811,"XRCC6","PD_vs_Ctrl","Astrocyte"
5.73056158686035e-08,0.568214945769703,0.281,0.196,0.00170593087879246,"NBPF14","PD_vs_Ctrl","Astrocyte"
5.76820318957111e-08,0.628128976131881,0.236,0.156,0.00171713640750342,"ARAP1","PD_vs_Ctrl","Astrocyte"
6.09694697257908e-08,0.69191314097969,0.204,0.126,0.00181500014426707,"AC003991.1","PD_vs_Ctrl","Astrocyte"
6.10850397679216e-08,-0.524972498342782,0.279,0.369,0.00181844054885126,"EIF4A2","PD_vs_Ctrl","Astrocyte"
6.20726822304215e-08,0.5256566971686,0.339,0.255,0.00184784167731742,"AKT2","PD_vs_Ctrl","Astrocyte"
6.21733082590034e-08,-0.531696107677978,0.199,0.291,0.00185083721356227,"LINC00271","PD_vs_Ctrl","Astrocyte"
6.26677576601547e-08,-0.634439555099392,0.201,0.284,0.00186555647778514,"COTL1","PD_vs_Ctrl","Astrocyte"
6.27752080728848e-08,-0.627949221674418,0.162,0.246,0.00186875516912171,"SMIM12","PD_vs_Ctrl","Astrocyte"
6.30032873065857e-08,-0.71782658675299,0.144,0.222,0.00187554485982975,"PCYOX1","PD_vs_Ctrl","Astrocyte"
6.40049530558391e-08,0.500438763486897,0.305,0.214,0.00190536344751927,"FANK1","PD_vs_Ctrl","Astrocyte"
6.67079746980911e-08,0.665404209942648,0.251,0.172,0.00198582969878748,"DNAJC9","PD_vs_Ctrl","Astrocyte"
6.91034634399875e-08,-0.658686774475588,0.18,0.261,0.00205714100314499,"CEPT1","PD_vs_Ctrl","Astrocyte"
7.11595769072911e-08,0.70174414798602,0.209,0.134,0.00211834944495315,"LATS2","PD_vs_Ctrl","Astrocyte"
7.46102684185825e-08,-0.778806262462608,0.154,0.229,0.00222107308055278,"PSMB5","PD_vs_Ctrl","Astrocyte"
7.60144584276413e-08,-0.750816454926956,0.142,0.216,0.00226287441293245,"UNC50","PD_vs_Ctrl","Astrocyte"
7.86634470313665e-08,-0.698283716562558,0.142,0.219,0.00234173215467675,"MTATP6P1","PD_vs_Ctrl","Astrocyte"
8.31401898496703e-08,-0.591779254435413,0.164,0.247,0.00247500031163483,"ITPR1","PD_vs_Ctrl","Astrocyte"
8.35172367655015e-08,-0.54882395216172,0.249,0.339,0.00248622462127221,"SELENOF","PD_vs_Ctrl","Astrocyte"
8.63978521750798e-08,-0.570777867809624,0.209,0.296,0.00257197766139995,"NCOA7","PD_vs_Ctrl","Astrocyte"
8.88760088367968e-08,-0.577731763938993,0.184,0.27,0.0026457499070626,"IER5L","PD_vs_Ctrl","Astrocyte"
9.82867745935974e-08,0.653086524562682,0.272,0.194,0.0029258989928768,"PXK","PD_vs_Ctrl","Astrocyte"
1.00058786190915e-07,-0.589210092140281,0.162,0.245,0.00297865000611734,"PFDN1","PD_vs_Ctrl","Astrocyte"
1.01943076214445e-07,0.563886597378977,0.281,0.197,0.00303474343582781,"DUBR","PD_vs_Ctrl","Astrocyte"
1.04131585210478e-07,-0.574199974595279,0.237,0.321,0.00309989316013072,"HMGN2","PD_vs_Ctrl","Astrocyte"
1.04623757556421e-07,-0.596157871594942,0.217,0.304,0.00311454463869709,"ATPIF1","PD_vs_Ctrl","Astrocyte"
1.06935558620465e-07,-0.664193104098555,0.174,0.255,0.00318336464457263,"VPS28","PD_vs_Ctrl","Astrocyte"
1.11021655712369e-07,0.652952479414652,0.225,0.147,0.00330500366890151,"CPM","PD_vs_Ctrl","Astrocyte"
1.18197978356975e-07,0.543327352088369,0.286,0.203,0.00351863561770879,"PTOV1","PD_vs_Ctrl","Astrocyte"
1.22321999165809e-07,-0.661687484930871,0.146,0.223,0.00364140359316697,"RPN1","PD_vs_Ctrl","Astrocyte"
1.23456395971381e-07,0.502092268696307,0.33,0.245,0.00367517345167204,"TRRAP","PD_vs_Ctrl","Astrocyte"
1.31095005365516e-07,-0.749037090422783,0.143,0.217,0.00390256721472604,"NENF","PD_vs_Ctrl","Astrocyte"
1.38208235822145e-07,-0.632117177168856,0.159,0.237,0.00411432097218945,"CACNA1A","PD_vs_Ctrl","Astrocyte"
1.42303078746718e-07,-0.662713822305864,0.129,0.204,0.00423622035121103,"PAQR6","PD_vs_Ctrl","Astrocyte"
1.5689547256729e-07,-0.640625838053378,0.187,0.269,0.00467062132285567,"MSRB2","PD_vs_Ctrl","Astrocyte"
1.5782203493734e-07,-0.553005901559954,0.258,0.338,0.00469820415804968,"ALDH6A1","PD_vs_Ctrl","Astrocyte"
1.58055496535609e-07,0.56915218475237,0.273,0.192,0.00470515407636855,"HIF1A-AS2","PD_vs_Ctrl","Astrocyte"
1.59978048721267e-07,0.633283853743,0.225,0.149,0.00476238653238341,"CCT5","PD_vs_Ctrl","Astrocyte"
1.60385228605879e-07,-0.668435702723989,0.171,0.25,0.00477450787036842,"LAMTOR5","PD_vs_Ctrl","Astrocyte"
1.65774544496945e-07,0.677994497683214,0.233,0.159,0.00493494241512955,"SLC25A53","PD_vs_Ctrl","Astrocyte"
1.68953962633548e-07,0.505392908936741,0.33,0.245,0.00502959051363808,"KAT2A","PD_vs_Ctrl","Astrocyte"
1.73844489065259e-07,-0.532047818234856,0.251,0.333,0.0051751765949837,"GRINA","PD_vs_Ctrl","Astrocyte"
1.7600201409886e-07,-0.555930880255537,0.164,0.245,0.00523940395770896,"AP003086.2","PD_vs_Ctrl","Astrocyte"
1.77538234115175e-07,-0.512447321946304,0.3,0.378,0.00528513569137465,"MAP3K14","PD_vs_Ctrl","Astrocyte"
1.78101261944274e-07,-0.643942986915396,0.149,0.227,0.00530189646681909,"DGUOK","PD_vs_Ctrl","Astrocyte"
1.79059800699529e-07,0.56889336520512,0.25,0.168,0.00533043120702426,"LINC00632","PD_vs_Ctrl","Astrocyte"
1.80536873674622e-07,-0.666081192093817,0.182,0.262,0.00537440219241981,"SDCBP","PD_vs_Ctrl","Astrocyte"
1.91701726050777e-07,0.512912684525731,0.29,0.209,0.00570676868280557,"ABCD4","PD_vs_Ctrl","Astrocyte"
2.11489785408797e-07,0.675583639504275,0.226,0.15,0.00629583942183449,"SMO","PD_vs_Ctrl","Astrocyte"
2.19266319721683e-07,0.521054071064826,0.374,0.303,0.00652733907179479,"NDUFA12","PD_vs_Ctrl","Astrocyte"
2.24236591098614e-07,-0.526283309706632,0.153,0.235,0.00667529908041465,"TMEM72-AS1","PD_vs_Ctrl","Astrocyte"
2.47207661921397e-07,-0.616044515158228,0.177,0.258,0.00735912488773806,"PDZD8","PD_vs_Ctrl","Astrocyte"
2.55127749473666e-07,-0.513058014783941,0.311,0.393,0.00759489797408156,"RPL19","PD_vs_Ctrl","Astrocyte"
2.59352671277323e-07,0.511168117310823,0.319,0.241,0.00772066967125464,"SYMPK","PD_vs_Ctrl","Astrocyte"
2.6803366969717e-07,-0.64874809209019,0.196,0.273,0.00797909431321505,"ACOX1","PD_vs_Ctrl","Astrocyte"
2.74709886680686e-07,-0.796365268367615,0.139,0.209,0.00817783861659733,"PINK1","PD_vs_Ctrl","Astrocyte"
2.75023750174412e-07,-0.593657960288586,0.202,0.284,0.00818718201894207,"ADI1","PD_vs_Ctrl","Astrocyte"
2.87411211061244e-07,0.514519214200017,0.332,0.254,0.00855594434208218,"CHIC2","PD_vs_Ctrl","Astrocyte"
2.8809334644749e-07,-0.572310533206771,0.23,0.308,0.00857625083039534,"TAPBP","PD_vs_Ctrl","Astrocyte"
2.96763522919492e-07,0.583869358172498,0.218,0.143,0.00883435331379036,"MTMR14","PD_vs_Ctrl","Astrocyte"
3.32429365731816e-07,0.600152955087027,0.207,0.134,0.00989608978847042,"AP001347.1","PD_vs_Ctrl","Astrocyte"
3.34109566218722e-07,0.584780767834963,0.281,0.203,0.00994610767676514,"TCF20","PD_vs_Ctrl","Astrocyte"
3.66100344922932e-07,0.512512169769197,0.211,0.135,0.0108984411680108,"FAM227A","PD_vs_Ctrl","Astrocyte"
3.78309135638726e-07,-0.567486730187938,0.205,0.282,0.0112618846588292,"SECISBP2","PD_vs_Ctrl","Astrocyte"
3.7889747591556e-07,-0.568900078864638,0.157,0.236,0.0112793989605303,"TMX3","PD_vs_Ctrl","Astrocyte"
3.82370883222749e-07,0.565176668453505,0.221,0.144,0.011382798822658,"PCYT1B","PD_vs_Ctrl","Astrocyte"
3.99506412633231e-07,-0.553570333199094,0.233,0.316,0.0118929063976786,"VEGFB","PD_vs_Ctrl","Astrocyte"
4.01093057893527e-07,-0.558457873708303,0.165,0.242,0.0119401392404324,"RBMS1","PD_vs_Ctrl","Astrocyte"
4.05305720765258e-07,0.564708988070425,0.255,0.18,0.012065546001461,"EFCAB7","PD_vs_Ctrl","Astrocyte"
4.12385743187567e-07,-0.612448652073009,0.164,0.24,0.0122763111889507,"C4orf19","PD_vs_Ctrl","Astrocyte"
4.52582059159068e-07,-0.615232232789269,0.227,0.301,0.0134729153191063,"PSMB1","PD_vs_Ctrl","Astrocyte"
4.80458668241479e-07,-0.536917403429079,0.272,0.351,0.0143027740948806,"CNBP","PD_vs_Ctrl","Astrocyte"
4.80926894903893e-07,-0.681414069886202,0.142,0.212,0.014316712734394,"KRAS","PD_vs_Ctrl","Astrocyte"
4.94401051556888e-07,-0.511394118682952,0.317,0.388,0.014717824903797,"SPARC","PD_vs_Ctrl","Astrocyte"
5.06618306811491e-07,-0.531034832635987,0.222,0.304,0.0150815203754713,"RNH1","PD_vs_Ctrl","Astrocyte"
5.3233654568687e-07,-0.501757224234023,0.256,0.338,0.0158471266285524,"SLIT1","PD_vs_Ctrl","Astrocyte"
5.46513540203325e-07,0.531777218945394,0.369,0.3,0.0162691615783128,"COMMD6","PD_vs_Ctrl","Astrocyte"
5.49792407766958e-07,0.585589816616175,0.274,0.201,0.0163667701868146,"SPATS2","PD_vs_Ctrl","Astrocyte"
5.58816847043672e-07,0.581492999347844,0.258,0.183,0.0166354187196431,"NDUFB1","PD_vs_Ctrl","Astrocyte"
5.64265799840708e-07,-0.598947910447556,0.16,0.234,0.016797628595458,"NHLRC3","PD_vs_Ctrl","Astrocyte"
5.76143396300263e-07,-0.564940588480423,0.257,0.331,0.0171512127644625,"AC007969.1","PD_vs_Ctrl","Astrocyte"
6.14132965367869e-07,-0.632979963590445,0.131,0.203,0.0182821242460361,"DHRS7","PD_vs_Ctrl","Astrocyte"
6.66529921913981e-07,-0.534018643610479,0.196,0.276,0.0198419292454573,"PPIB","PD_vs_Ctrl","Astrocyte"
6.70708439715722e-07,0.59340107989806,0.267,0.196,0.0199663195418973,"PAPD5","PD_vs_Ctrl","Astrocyte"
6.8925315667184e-07,0.55231247710847,0.244,0.168,0.020518377220964,"DMPK","PD_vs_Ctrl","Astrocyte"
6.93485042365605e-07,-0.606262138122079,0.21,0.289,0.0206443562261817,"CALM3","PD_vs_Ctrl","Astrocyte"
7.0279194742497e-07,0.570025479769604,0.259,0.185,0.0209214134828939,"PKNOX1","PD_vs_Ctrl","Astrocyte"
7.26550191772809e-07,-0.572956229431833,0.226,0.306,0.0216286726588847,"UBA52","PD_vs_Ctrl","Astrocyte"
7.66145462249288e-07,-0.609490715553898,0.161,0.235,0.022807384265699,"SNHG25","PD_vs_Ctrl","Astrocyte"
8.05824525162469e-07,0.561816608572353,0.216,0.145,0.0239885902895615,"AL353743.1","PD_vs_Ctrl","Astrocyte"
8.36846377479497e-07,0.581671966036612,0.228,0.154,0.0249120798111871,"NUP88","PD_vs_Ctrl","Astrocyte"
8.42644340331331e-07,0.530741080570564,0.253,0.178,0.0250846793673234,"INPP5A","PD_vs_Ctrl","Astrocyte"
8.90595960690036e-07,-0.533453212400083,0.228,0.309,0.0265121511537817,"CYB5R3","PD_vs_Ctrl","Astrocyte"
9.04888793128346e-07,-0.5131511504143,0.241,0.32,0.0269376344826377,"NDUFA5","PD_vs_Ctrl","Astrocyte"
9.50811173651372e-07,0.611326880140155,0.226,0.154,0.0283046978284277,"ZNF235","PD_vs_Ctrl","Astrocyte"
9.65331953727564e-07,-0.561816582001605,0.233,0.31,0.0287369669305159,"BRI3","PD_vs_Ctrl","Astrocyte"
9.6954867436692e-07,0.555809312594228,0.262,0.188,0.0288624944872288,"ZBTB44","PD_vs_Ctrl","Astrocyte"
1.0461516375667e-06,-0.53510694600103,0.238,0.317,0.0311428880987232,"HSD17B12","PD_vs_Ctrl","Astrocyte"
1.04706664727833e-06,-0.574651341581682,0.196,0.27,0.0311701270228287,"ENDOD1","PD_vs_Ctrl","Astrocyte"
1.09339325820595e-06,0.535268915070641,0.249,0.176,0.0325492239035328,"EVC2","PD_vs_Ctrl","Astrocyte"
1.18306573829269e-06,-0.59140603879109,0.164,0.237,0.035218683963235,"B3GAT3","PD_vs_Ctrl","Astrocyte"
1.20674392480412e-06,-0.672454066424022,0.165,0.233,0.0359235598974938,"ADARB2","PD_vs_Ctrl","Astrocyte"
1.22208256599722e-06,0.515349527864871,0.288,0.211,0.0363801759071711,"RBM28","PD_vs_Ctrl","Astrocyte"
1.31053228730914e-06,-0.579075986309992,0.18,0.254,0.0390132356609058,"SSR1","PD_vs_Ctrl","Astrocyte"
1.31117819736238e-06,-0.570258037390762,0.132,0.203,0.0390324637572808,"PIGZ","PD_vs_Ctrl","Astrocyte"
1.32936564977005e-06,0.506087770773821,0.303,0.228,0.0395738860280047,"NDUFC1","PD_vs_Ctrl","Astrocyte"
1.36547709569957e-06,-0.557770758527627,0.193,0.269,0.0406488876618805,"COPB2","PD_vs_Ctrl","Astrocyte"
1.40198470195474e-06,0.572100560132855,0.222,0.149,0.0417356825924906,"GAREM2","PD_vs_Ctrl","Astrocyte"
1.41937084209115e-06,-0.575146671718868,0.183,0.257,0.0422532505982115,"GPR155","PD_vs_Ctrl","Astrocyte"
1.55801679900857e-06,-0.57521897937252,0.147,0.219,0.0463806020896861,"IPO9-AS1","PD_vs_Ctrl","Astrocyte"
1.60173397929545e-06,0.53282779335787,0.302,0.234,0.0476820188296464,"MRPL51","PD_vs_Ctrl","Astrocyte"
3.70322476035214e-34,-0.734755840672881,0.653,0.863,1.10241297890923e-29,"HLA-A","PD_vs_Ctrl","Capillary EC"
1.79415193952772e-33,-6.14901627747612,0.003,0.237,5.34101090878008e-29,"MTRNR2L12","PD_vs_Ctrl","Capillary EC"
8.32924762237444e-31,-0.919547354406287,0.525,0.759,2.47953372470465e-26,"HLA-C","PD_vs_Ctrl","Capillary EC"
9.36861919140351e-29,-1.23148185695172,0.376,0.656,2.78894424708891e-24,"IFI6","PD_vs_Ctrl","Capillary EC"
1.39823240513548e-27,-1.38881646411135,0.31,0.599,4.16239804684781e-23,"IFI44L","PD_vs_Ctrl","Capillary EC"
1.00184122863984e-24,-1.34335857509654,0.336,0.59,2.98238115353795e-20,"ISG15","PD_vs_Ctrl","Capillary EC"
4.83506036405984e-24,-1.58280384774886,0.211,0.494,1.43934911977697e-19,"CX3CL1","PD_vs_Ctrl","Capillary EC"
1.16676473704018e-23,-1.70724977233854,0.187,0.465,3.47334194569492e-19,"GBP1","PD_vs_Ctrl","Capillary EC"
2.15211937277967e-22,-0.932706460242807,0.47,0.706,6.40664416082779e-18,"MT1E","PD_vs_Ctrl","Capillary EC"
6.86463805802967e-22,-1.92058850533201,0.13,0.378,2.04353410349485e-17,"IFIT3","PD_vs_Ctrl","Capillary EC"
2.4034975474273e-21,-2.00111021333096,0.088,0.323,7.15497184893634e-17,"TNFAIP3","PD_vs_Ctrl","Capillary EC"
2.29464420077136e-19,-1.16239952831796,0.293,0.549,6.83092632127628e-15,"MX1","PD_vs_Ctrl","Capillary EC"
6.93039379678704e-19,-0.582522423892004,0.648,0.795,2.06310892936553e-14,"HLA-B","PD_vs_Ctrl","Capillary EC"
4.50289632873146e-18,-0.542718555475397,0.698,0.806,1.34046720810007e-13,"IFI27","PD_vs_Ctrl","Capillary EC"
5.62259943125451e-18,-1.6723951829772,0.153,0.376,1.67379162469015e-13,"ICAM1","PD_vs_Ctrl","Capillary EC"
9.26469397929898e-18,-1.45424248726306,0.184,0.419,2.75800675069751e-13,"PSMB9","PD_vs_Ctrl","Capillary EC"
3.41403749230143e-17,-2.32236868407589,0.068,0.253,1.01632482108321e-12,"SERPINE1","PD_vs_Ctrl","Capillary EC"
5.474080930543e-17,-2.09092588020448,0.073,0.262,1.62957915221335e-12,"BIRC3","PD_vs_Ctrl","Capillary EC"
7.89928311759053e-17,-1.22476720834017,0.231,0.467,2.35153759127553e-12,"STAT1","PD_vs_Ctrl","Capillary EC"
1.40446969921823e-16,-0.707512004347732,0.534,0.702,4.18096584760274e-12,"ADIRF","PD_vs_Ctrl","Capillary EC"
1.63808241382821e-16,-1.16657745041007,0.258,0.492,4.87640753772521e-12,"GBP2","PD_vs_Ctrl","Capillary EC"
1.92610462716989e-16,-1.68108691753105,0.099,0.303,5.73382086462204e-12,"SLC38A3","PD_vs_Ctrl","Capillary EC"
6.38291912241343e-16,-1.13534234895103,0.286,0.508,1.90013119355125e-11,"GBP4","PD_vs_Ctrl","Capillary EC"
1.75577092521628e-15,0.570552120634869,0.834,0.67,5.22675446727635e-11,"HSPA1A","PD_vs_Ctrl","Capillary EC"
7.83038347777587e-15,-1.07418142434927,0.243,0.472,2.3310268574991e-10,"TAP1","PD_vs_Ctrl","Capillary EC"
7.91229540208122e-15,-1.67635798139971,0.12,0.31,2.35541121824556e-10,"SLC6A6","PD_vs_Ctrl","Capillary EC"
1.46233101969336e-14,-0.919440333418804,0.367,0.569,4.35321321252516e-10,"SLC16A1","PD_vs_Ctrl","Capillary EC"
2.28704603454428e-14,-1.74207578761963,0.125,0.31,6.80830734023486e-10,"RARRES3","PD_vs_Ctrl","Capillary EC"
2.74110242286509e-14,-0.757214539754349,0.454,0.651,8.15998780262708e-10,"PARP14","PD_vs_Ctrl","Capillary EC"
4.32314485095314e-14,0.679430697525376,0.712,0.492,1.28695699068024e-09,"HSPH1","PD_vs_Ctrl","Capillary EC"
5.63584725532997e-14,-1.07684411735453,0.234,0.453,1.67773536943918e-09,"CD74","PD_vs_Ctrl","Capillary EC"
6.20015991488221e-14,-1.78222640310736,0.118,0.296,1.84572560506129e-09,"IFIT1","PD_vs_Ctrl","Capillary EC"
6.34229990436375e-14,-1.34658834888404,0.189,0.385,1.88803925853004e-09,"SLC5A6","PD_vs_Ctrl","Capillary EC"
2.78560331272882e-13,-1.12858389151188,0.225,0.428,8.29246250166242e-09,"TNFSF10","PD_vs_Ctrl","Capillary EC"
2.94147572314105e-13,-1.20213411998794,0.203,0.403,8.75647908021859e-09,"IRF1","PD_vs_Ctrl","Capillary EC"
5.02744422425462e-13,-1.44681560169013,0.111,0.289,1.49661987111836e-08,"VCAM1","PD_vs_Ctrl","Capillary EC"
1.0997799547488e-12,-0.759274466675774,0.433,0.606,3.27393494729172e-08,"LGALS3","PD_vs_Ctrl","Capillary EC"
1.48739010982573e-12,-1.09908153003994,0.265,0.465,4.42781161794022e-08,"C1orf61","PD_vs_Ctrl","Capillary EC"
1.95577005424748e-12,-1.75795201298015,0.083,0.241,5.82213187448932e-08,"RSAD2","PD_vs_Ctrl","Capillary EC"
2.02688840957504e-12,-1.94259953163622,0.066,0.214,6.03384410646395e-08,"IFIT2","PD_vs_Ctrl","Capillary EC"
4.0452131253855e-12,-1.23323396593027,0.168,0.351,1.20421949529601e-07,"IFIH1","PD_vs_Ctrl","Capillary EC"
6.71732008550063e-12,-1.12331673109602,0.189,0.376,1.99967901625268e-07,"APOL3","PD_vs_Ctrl","Capillary EC"
1.02047790504829e-11,-0.749338202975012,0.432,0.592,3.03786067553825e-07,"S100A10","PD_vs_Ctrl","Capillary EC"
1.41309474065208e-11,-0.698623390748562,0.445,0.604,4.20664173344718e-07,"S100A11","PD_vs_Ctrl","Capillary EC"
1.60918243499076e-11,-1.27131057608953,0.14,0.312,4.790375190724e-07,"DEGS2","PD_vs_Ctrl","Capillary EC"
1.84608542940717e-11,-0.932229966617794,0.293,0.474,5.4956117148022e-07,"VSIR","PD_vs_Ctrl","Capillary EC"
2.13586966501024e-11,-0.569264968066556,0.551,0.683,6.35827040576898e-07,"LY6E","PD_vs_Ctrl","Capillary EC"
2.61165225813632e-11,-0.64172977127744,0.513,0.633,7.77462760724601e-07,"PPDPF","PD_vs_Ctrl","Capillary EC"
3.2275457947345e-11,1.07490418177134,0.489,0.353,9.60808107634514e-07,"FKBP4","PD_vs_Ctrl","Capillary EC"
3.56491932173348e-11,0.750724434688555,0.6,0.462,1.06124083288684e-06,"HSPA5","PD_vs_Ctrl","Capillary EC"
3.80888849344981e-11,-1.04537929236026,0.251,0.433,1.13386801561508e-06,"ENHO","PD_vs_Ctrl","Capillary EC"
4.05953150689091e-11,-0.513711320406496,0.603,0.749,1.20848193428635e-06,"FP671120.1","PD_vs_Ctrl","Capillary EC"
4.30099567196731e-11,-0.603454253268721,0.477,0.697,1.28036340158795e-06,"MT3","PD_vs_Ctrl","Capillary EC"
1.01237717332366e-10,-1.12475056407863,0.199,0.374,3.0137456072672e-06,"PLIN2","PD_vs_Ctrl","Capillary EC"
2.51212926664922e-10,0.849871891166165,0.506,0.339,7.47835761388807e-06,"PRKD1","PD_vs_Ctrl","Capillary EC"
3.62164236020289e-10,-1.21251964530707,0.159,0.319,1.0781267142088e-05,"ANGPTL4","PD_vs_Ctrl","Capillary EC"
4.09149137871653e-10,-1.13221414822998,0.156,0.321,1.21799606853012e-05,"IFI35","PD_vs_Ctrl","Capillary EC"
4.17117210000831e-10,-1.21807935204467,0.113,0.267,1.24171622245147e-05,"HERC6","PD_vs_Ctrl","Capillary EC"
5.27675170646603e-10,-1.55475060535728,0.075,0.207,1.57083621549787e-05,"ID2","PD_vs_Ctrl","Capillary EC"
5.3314081510977e-10,-0.972451887988882,0.25,0.424,1.58710689250027e-05,"PSMB8","PD_vs_Ctrl","Capillary EC"
8.89921334992081e-10,-0.933118641930331,0.276,0.444,2.64920682213793e-05,"S100A13","PD_vs_Ctrl","Capillary EC"
1.10612172517173e-09,-0.541761862130241,0.499,0.663,3.29281376366373e-05,"FP236383.1","PD_vs_Ctrl","Capillary EC"
1.17509896967068e-09,0.619008421221909,0.631,0.519,3.49815212281264e-05,"HSP90B1","PD_vs_Ctrl","Capillary EC"
1.30776212062643e-09,0.543094581164932,0.676,0.533,3.89307705689281e-05,"ADAMTS9-AS2","PD_vs_Ctrl","Capillary EC"
1.33584264299975e-09,-0.597639387403225,0.484,0.624,3.97666996394595e-05,"ID1","PD_vs_Ctrl","Capillary EC"
1.41225514639661e-09,-1.1016273047268,0.184,0.346,4.20414234530808e-05,"ISG20","PD_vs_Ctrl","Capillary EC"
1.58448181664287e-09,0.553463382866696,0.681,0.499,4.71684391996415e-05,"HSPA1B","PD_vs_Ctrl","Capillary EC"
1.75325955431037e-09,-0.95600285554727,0.248,0.41,5.21927836722653e-05,"SLC1A2","PD_vs_Ctrl","Capillary EC"
1.82026663860816e-09,-0.550823682302878,0.499,0.642,5.41875175647264e-05,"GUK1","PD_vs_Ctrl","Capillary EC"
2.06536442036187e-09,-1.34899966236335,0.087,0.221,6.14838334297526e-05,"SEMA3G","PD_vs_Ctrl","Capillary EC"
2.16014103243676e-09,-1.21940766925705,0.109,0.253,6.43052383946099e-05,"EGR1","PD_vs_Ctrl","Capillary EC"
2.17130858234949e-09,-0.877290081396092,0.206,0.38,6.46376851879619e-05,"HLA-DRB1","PD_vs_Ctrl","Capillary EC"
2.17527348837496e-09,0.505612604483893,0.7,0.585,6.47557164754342e-05,"PTGES3","PD_vs_Ctrl","Capillary EC"
2.33630151050027e-09,-0.783962169076097,0.366,0.513,6.95493596660826e-05,"ZFP36","PD_vs_Ctrl","Capillary EC"
2.36513582578602e-09,-1.12309318772724,0.175,0.333,7.04077283978239e-05,"ETFB","PD_vs_Ctrl","Capillary EC"
2.47448731899723e-09,-1.22792084515925,0.121,0.267,7.36630129992285e-05,"APOC1","PD_vs_Ctrl","Capillary EC"
2.48264013084471e-09,0.537710131298937,0.653,0.531,7.39057140551163e-05,"SLC38A2","PD_vs_Ctrl","Capillary EC"
2.50384545304283e-09,-1.01445592627652,0.168,0.328,7.45369752916319e-05,"TMEM140","PD_vs_Ctrl","Capillary EC"
2.83899133121366e-09,-0.822927398222646,0.241,0.415,8.45139329388996e-05,"LSR","PD_vs_Ctrl","Capillary EC"
3.08563311472409e-09,-1.23435650292922,0.13,0.276,9.18562121922214e-05,"TTYH1","PD_vs_Ctrl","Capillary EC"
3.36767481967262e-09,-1.39847274745815,0.088,0.221,0.000100252311706834,"HEY1","PD_vs_Ctrl","Capillary EC"
3.49390033670292e-09,-0.876833820596615,0.198,0.367,0.000104009919123309,"APOL6","PD_vs_Ctrl","Capillary EC"
3.75380251964868e-09,0.834996621986619,0.494,0.353,0.000111746947207422,"CHORDC1","PD_vs_Ctrl","Capillary EC"
3.96721538201076e-09,-0.945137392628339,0.203,0.364,0.000118100034707078,"DDX58","PD_vs_Ctrl","Capillary EC"
5.44894930262435e-09,0.509456931274476,0.718,0.608,0.000162209771789824,"HSPB1","PD_vs_Ctrl","Capillary EC"
6.28407690798656e-09,-0.755308543554569,0.324,0.499,0.000187070685473852,"METRN","PD_vs_Ctrl","Capillary EC"
7.0919901300265e-09,-1.14329598639281,0.175,0.314,0.000211121454180759,"XIST","PD_vs_Ctrl","Capillary EC"
7.56783926963347e-09,-0.733706969151051,0.251,0.433,0.000225287007217719,"PSME1","PD_vs_Ctrl","Capillary EC"
7.75455489150504e-09,0.500600767233854,0.693,0.583,0.000230845344565214,"PITPNC1","PD_vs_Ctrl","Capillary EC"
8.69773428562554e-09,-0.92321029180705,0.189,0.346,0.000258922851948787,"HLA-F","PD_vs_Ctrl","Capillary EC"
1.00994427638566e-08,0.82951452587539,0.489,0.367,0.000300650311637248,"STIP1","PD_vs_Ctrl","Capillary EC"
1.29793322960052e-08,-1.10483823822481,0.116,0.255,0.000386381743119778,"SEMA3F","PD_vs_Ctrl","Capillary EC"
1.34465595745073e-08,-1.10382194357573,0.125,0.264,0.000400290631973508,"OMD","PD_vs_Ctrl","Capillary EC"
1.39136760335009e-08,-1.23065182006855,0.107,0.241,0.000414196221841289,"CTSH","PD_vs_Ctrl","Capillary EC"
1.53038862215443e-08,-0.895421180804827,0.205,0.367,0.000455581388929152,"S100A1","PD_vs_Ctrl","Capillary EC"
1.6415749678863e-08,-1.35851808481008,0.085,0.207,0.000488680452190074,"SOX17","PD_vs_Ctrl","Capillary EC"
1.84755809472558e-08,1.109742943589,0.369,0.235,0.000549999569218858,"NMT2","PD_vs_Ctrl","Capillary EC"
1.8601825294179e-08,-1.04620036107443,0.14,0.282,0.000553757737182415,"RELB","PD_vs_Ctrl","Capillary EC"
2.0441562304446e-08,-1.14403442032259,0.139,0.28,0.000608524868241054,"BTN3A2","PD_vs_Ctrl","Capillary EC"
2.04437327541986e-08,-0.798663350007385,0.328,0.483,0.000608589480359737,"SLC26A3","PD_vs_Ctrl","Capillary EC"
2.46280506591452e-08,-1.44523581396992,0.106,0.23,0.000733152440072093,"PCP4","PD_vs_Ctrl","Capillary EC"
2.96925928826144e-08,-0.978150405567337,0.227,0.371,0.000883918797522548,"SOX7","PD_vs_Ctrl","Capillary EC"
3.48267810345546e-08,-0.80702484177878,0.224,0.387,0.00103675844461766,"CHMP2A","PD_vs_Ctrl","Capillary EC"
3.82089398740807e-08,-1.1073446549361,0.121,0.253,0.00113744193111151,"MX2","PD_vs_Ctrl","Capillary EC"
4.44879472468342e-08,1.05127833809743,0.392,0.276,0.00132436170159101,"AHSA1","PD_vs_Ctrl","Capillary EC"
4.60559709268514e-08,-0.68440408799681,0.322,0.483,0.00137104019852144,"RPL13A","PD_vs_Ctrl","Capillary EC"
5.39352511320889e-08,-0.765077201557489,0.286,0.449,0.00160559849095115,"S100B","PD_vs_Ctrl","Capillary EC"
6.73180493805013e-08,-0.637104435079365,0.343,0.508,0.00200399101200814,"OPTN","PD_vs_Ctrl","Capillary EC"
7.00951927793657e-08,-0.654421562916332,0.279,0.449,0.00208666379384894,"PRSS23","PD_vs_Ctrl","Capillary EC"
8.01422410928319e-08,1.0831478071295,0.357,0.223,0.00238575437509251,"KCNE4","PD_vs_Ctrl","Capillary EC"
8.13936048402291e-08,-0.899080487128693,0.172,0.319,0.00242300622248878,"PSMA6P1","PD_vs_Ctrl","Capillary EC"
8.82133568202178e-08,-1.00302332346551,0.172,0.312,0.00262602341918106,"PPP1R1B","PD_vs_Ctrl","Capillary EC"
9.9918505347909e-08,-0.712128603608535,0.302,0.456,0.0029744739857019,"RPL27A","PD_vs_Ctrl","Capillary EC"
1.0344045243427e-07,-0.638474267881087,0.331,0.492,0.0030793188285158,"CIRBP","PD_vs_Ctrl","Capillary EC"
1.16053145398472e-07,-0.591242467649463,0.308,0.474,0.00345478608536711,"SMAD6","PD_vs_Ctrl","Capillary EC"
1.21484029441365e-07,0.87531295473375,0.433,0.319,0.00361645807244,"CDK2AP2","PD_vs_Ctrl","Capillary EC"
1.61389060561383e-07,-1.20212304309947,0.139,0.264,0.00480439094385181,"C8orf4","PD_vs_Ctrl","Capillary EC"
1.63291478081471e-07,-0.882986666347165,0.17,0.312,0.00486102401100732,"EIF3D","PD_vs_Ctrl","Capillary EC"
1.64712559665704e-07,-0.828937375444784,0.295,0.426,0.00490332818868835,"CD320","PD_vs_Ctrl","Capillary EC"
1.68207063643585e-07,-1.26976171790691,0.109,0.228,0.00500735607760589,"BAMBI","PD_vs_Ctrl","Capillary EC"
1.89288835883265e-07,-0.907586549937145,0.208,0.346,0.00563493935540892,"CLIC5","PD_vs_Ctrl","Capillary EC"
1.97697950826171e-07,-0.699088414651476,0.243,0.399,0.00588527029814429,"STAT2","PD_vs_Ctrl","Capillary EC"
2.13282610740287e-07,-1.06254110620651,0.109,0.232,0.00634921003912761,"RBM3","PD_vs_Ctrl","Capillary EC"
2.13931801998211e-07,-0.960591798697537,0.144,0.276,0.00636853581368474,"GADD45A","PD_vs_Ctrl","Capillary EC"
2.15392901271508e-07,-0.52456801493479,0.421,0.581,0.00641203127795151,"XAF1","PD_vs_Ctrl","Capillary EC"
2.26361716766665e-07,-0.809336065052766,0.237,0.383,0.00673856194642684,"TNIP1","PD_vs_Ctrl","Capillary EC"
2.42669873895229e-07,1.52643872317847,0.205,0.091,0.00722403947598707,"HSPD1P1","PD_vs_Ctrl","Capillary EC"
3.13490606232837e-07,-0.547752229548718,0.426,0.576,0.00933230185694534,"IFNGR1","PD_vs_Ctrl","Capillary EC"
3.14485076563476e-07,-0.978779381860367,0.118,0.241,0.00936190624421811,"OAS2","PD_vs_Ctrl","Capillary EC"
3.35812486743603e-07,-0.935471558859892,0.14,0.271,0.00999680191787033,"GBP3","PD_vs_Ctrl","Capillary EC"
3.5775899268194e-07,-0.924171692211884,0.173,0.31,0.0106501274531487,"C19orf60","PD_vs_Ctrl","Capillary EC"
3.80946573071112e-07,-0.509255662018394,0.501,0.62,0.0113403985337539,"PDXK","PD_vs_Ctrl","Capillary EC"
3.84852714251807e-07,-1.06721530673438,0.104,0.221,0.011456680450562,"ALAS1","PD_vs_Ctrl","Capillary EC"
3.93251323398867e-07,0.856959191838096,0.423,0.308,0.0117066986462609,"CACYBP","PD_vs_Ctrl","Capillary EC"
3.95652925933486e-07,-0.656566837589865,0.282,0.442,0.0117781919521139,"MXRA7","PD_vs_Ctrl","Capillary EC"
5.18323786071014e-07,-0.571677110615365,0.376,0.535,0.015429980787548,"TAPBP","PD_vs_Ctrl","Capillary EC"
5.61125269370485e-07,-0.665779813172512,0.314,0.458,0.01670413814389,"TRIM22","PD_vs_Ctrl","Capillary EC"
5.72622156594416e-07,-0.924394148973884,0.18,0.312,0.0170463889796592,"CTNNA2","PD_vs_Ctrl","Capillary EC"
5.9812668543501e-07,-1.24889224518192,0.099,0.21,0.0178056332987148,"ETNPPL","PD_vs_Ctrl","Capillary EC"
6.02550636563194e-07,-0.727694542346015,0.258,0.401,0.0179373298998497,"ATPIF1","PD_vs_Ctrl","Capillary EC"
6.77711169547211e-07,-1.05156513491909,0.144,0.26,0.0201747838062509,"HMGB1P5","PD_vs_Ctrl","Capillary EC"
6.7953357931873e-07,-0.64261563346109,0.359,0.485,0.0202290351227393,"ARRDC3","PD_vs_Ctrl","Capillary EC"
6.79719884501876e-07,-0.765204510433222,0.156,0.292,0.0202345812417364,"TNFRSF14","PD_vs_Ctrl","Capillary EC"
7.13237362189932e-07,0.880875879839018,0.371,0.241,0.0212323630350321,"HSPA4L","PD_vs_Ctrl","Capillary EC"
7.23031893534209e-07,-0.567516315118757,0.378,0.526,0.0215239364386199,"GPM6B","PD_vs_Ctrl","Capillary EC"
7.37035458482405e-07,0.731427065575758,0.468,0.362,0.0219408085635627,"ANKRD44","PD_vs_Ctrl","Capillary EC"
7.7461378151302e-07,-0.591494542877494,0.43,0.549,0.0230594776618611,"SOX18","PD_vs_Ctrl","Capillary EC"
8.41472654195397e-07,-0.918642789957936,0.184,0.31,0.0250497994427428,"PLA1A","PD_vs_Ctrl","Capillary EC"
1.05727802926355e-06,-1.19335069886334,0.099,0.207,0.0314741096531467,"LGALS9","PD_vs_Ctrl","Capillary EC"
1.29714474660176e-06,-0.575766240135996,0.407,0.533,0.0386147019615877,"GIMAP7","PD_vs_Ctrl","Capillary EC"
1.50536838995641e-06,-0.793291925067381,0.224,0.358,0.0448133116006124,"SRSF2","PD_vs_Ctrl","Capillary EC"
1.24309596098387e-113,-3.70537576223025,0.057,0.422,3.70057236625288e-109,"IFI6","PD_vs_Ctrl","D1 medium spiny neuron"
4.32372738987424e-103,-2.37244045442091,0.185,0.57,1.28713040669166e-98,"B2M","PD_vs_Ctrl","D1 medium spiny neuron"
2.98561284080048e-101,-7.44705726018656,0.001,0.274,8.88787086577894e-97,"LINC02470","PD_vs_Ctrl","D1 medium spiny neuron"
7.52166125834022e-96,0.509498963724843,0.944,0.894,2.2391233399953e-91,"CDH12","PD_vs_Ctrl","D1 medium spiny neuron"
1.17870646198154e-95,-0.574389831797639,0.803,0.917,3.50889126667284e-91,"FGF7P3","PD_vs_Ctrl","D1 medium spiny neuron"
8.83713930472289e-94,-4.09408980012808,0.027,0.32,2.63072799962296e-89,"LINC02133","PD_vs_Ctrl","D1 medium spiny neuron"
6.52214707460379e-88,-4.89184814025232,0.011,0.268,1.9415779626388e-83,"MTND1P23","PD_vs_Ctrl","D1 medium spiny neuron"
3.06154829713026e-84,-1.81021018285539,0.228,0.587,9.11392312572706e-80,"LINC01588","PD_vs_Ctrl","D1 medium spiny neuron"
7.99559257160868e-83,-1.71824785782546,0.229,0.605,2.38020795264219e-78,"CST3","PD_vs_Ctrl","D1 medium spiny neuron"
9.83730960133175e-78,0.89454472036123,0.83,0.632,2.92846869522045e-73,"DPH6-AS1","PD_vs_Ctrl","D1 medium spiny neuron"
1.03332538344752e-77,-1.71542974945926,0.233,0.578,3.07610633398491e-73,"ADCY1","PD_vs_Ctrl","D1 medium spiny neuron"
7.76855060079275e-77,-1.6239508210081,0.181,0.537,2.31261982834999e-72,"XIST","PD_vs_Ctrl","D1 medium spiny neuron"
1.55994117840118e-70,-1.68698435176145,0.219,0.55,4.64378889398248e-66,"APOE","PD_vs_Ctrl","D1 medium spiny neuron"
2.95236570630768e-59,-1.79905930702447,0.154,0.439,8.78889747110732e-55,"AC004551.1","PD_vs_Ctrl","D1 medium spiny neuron"
3.57738423450322e-59,-1.61688730870851,0.208,0.503,1.06495151276926e-54,"AC127164.1","PD_vs_Ctrl","D1 medium spiny neuron"
6.24154014749406e-59,1.11101023413842,0.697,0.425,1.85804408650751e-54,"PDE1C","PD_vs_Ctrl","D1 medium spiny neuron"
7.67424713756436e-58,-1.42045562677331,0.292,0.584,2.28454663038153e-53,"TRPC6","PD_vs_Ctrl","D1 medium spiny neuron"
2.36390223485424e-56,1.97485240742906,0.444,0.149,7.03710056293759e-52,"SNX31","PD_vs_Ctrl","D1 medium spiny neuron"
6.66011310728996e-54,1.0874279487344,0.68,0.431,1.98264907090915e-49,"PRKG1","PD_vs_Ctrl","D1 medium spiny neuron"
8.88244940552857e-54,-1.66674094970861,0.156,0.435,2.6442163635318e-49,"AC010997.3","PD_vs_Ctrl","D1 medium spiny neuron"
1.36888774175757e-53,-2.26428907649174,0.128,0.374,4.07504191843812e-49,"STAT1","PD_vs_Ctrl","D1 medium spiny neuron"
3.88655570201281e-53,-2.21073555470849,0.073,0.306,1.15698876693219e-48,"AC068722.1","PD_vs_Ctrl","D1 medium spiny neuron"
2.98594377755564e-52,1.54544774635548,0.523,0.231,8.88885603140538e-48,"GRK3","PD_vs_Ctrl","D1 medium spiny neuron"
5.40907527427267e-52,-1.43864696857348,0.272,0.543,1.61022761839823e-47,"FAM169B","PD_vs_Ctrl","D1 medium spiny neuron"
4.27857273207638e-51,0.964154741433047,0.695,0.382,1.27368831661182e-46,"UTY","PD_vs_Ctrl","D1 medium spiny neuron"
4.0885031992371e-49,0.924621026375198,0.726,0.387,1.21710651738089e-44,"TTTY14","PD_vs_Ctrl","D1 medium spiny neuron"
6.17628796794893e-48,-2.86559158137608,0.062,0.266,1.83861916517872e-43,"AC073941.1","PD_vs_Ctrl","D1 medium spiny neuron"
7.13145319872681e-47,0.514221618191224,0.923,0.81,2.12296230272898e-42,"GALNTL6","PD_vs_Ctrl","D1 medium spiny neuron"
7.89547865637368e-46,-0.502940960381588,0.773,0.873,2.35040504121588e-41,"SRSF11","PD_vs_Ctrl","D1 medium spiny neuron"
1.38837778157739e-44,0.685100061891056,0.82,0.691,4.13306181797772e-40,"HIBCH","PD_vs_Ctrl","D1 medium spiny neuron"
3.95605134297826e-43,-1.07703347616828,0.333,0.587,1.1776769242912e-38,"AC018730.2","PD_vs_Ctrl","D1 medium spiny neuron"
2.66596742333286e-42,-1.26571091366102,0.264,0.52,7.93631842251959e-38,"AL359232.1","PD_vs_Ctrl","D1 medium spiny neuron"
9.9048162054927e-42,0.650556931147164,0.773,0.653,2.94856473621312e-37,"SEMA3A","PD_vs_Ctrl","D1 medium spiny neuron"
2.52590065753928e-41,0.77898924619947,0.746,0.602,7.51935366742868e-37,"ZNF365","PD_vs_Ctrl","D1 medium spiny neuron"
2.84605253506074e-41,2.19368223483218,0.371,0.138,8.47241379162231e-37,"DNAJB1","PD_vs_Ctrl","D1 medium spiny neuron"
7.98137136851808e-40,-0.921293796806911,0.475,0.699,2.37597444269415e-35,"NNAT","PD_vs_Ctrl","D1 medium spiny neuron"
1.50373100430729e-39,-1.74635012671708,0.1,0.309,4.47645682672239e-35,"AL512625.3","PD_vs_Ctrl","D1 medium spiny neuron"
3.15941651787294e-39,-0.720042456331227,0.572,0.776,9.40526703205596e-35,"HGSNAT","PD_vs_Ctrl","D1 medium spiny neuron"
3.58989395994943e-39,0.858855572433305,0.654,0.372,1.06867553293734e-34,"USP9Y","PD_vs_Ctrl","D1 medium spiny neuron"
8.74217534077089e-39,0.846980651014639,0.693,0.498,2.60245817719409e-34,"FAM182B","PD_vs_Ctrl","D1 medium spiny neuron"
7.41440350861212e-37,-1.4860932291887,0.14,0.357,2.20719378047874e-32,"SPARCL1","PD_vs_Ctrl","D1 medium spiny neuron"
1.06217507429597e-36,-0.990355633020346,0.352,0.593,3.16198897867169e-32,"HES4","PD_vs_Ctrl","D1 medium spiny neuron"
2.3785073960185e-36,-1.19344467109598,0.223,0.457,7.08057866720747e-32,"LINC01359","PD_vs_Ctrl","D1 medium spiny neuron"
1.28720593987396e-35,2.13579284186109,0.36,0.151,3.83188336241078e-31,"HSPA1A","PD_vs_Ctrl","D1 medium spiny neuron"
3.37093915307571e-35,-1.16749687447006,0.313,0.531,1.00349487647911e-30,"PSMD5-AS1","PD_vs_Ctrl","D1 medium spiny neuron"
6.70050430294091e-35,-0.582945458240071,0.669,0.81,1.99467312594248e-30,"AL355472.3","PD_vs_Ctrl","D1 medium spiny neuron"
6.71617956658836e-35,0.79345165560374,0.738,0.395,1.99933949517769e-30,"NLGN4Y","PD_vs_Ctrl","D1 medium spiny neuron"
1.83335739831659e-34,-1.99709321398453,0.1,0.284,5.45772163904867e-30,"IFIT1","PD_vs_Ctrl","D1 medium spiny neuron"
2.52782998175085e-34,0.610921409828838,0.753,0.623,7.52509707267411e-30,"AC139887.2","PD_vs_Ctrl","D1 medium spiny neuron"
2.53542102180751e-34,1.25137448043726,0.44,0.202,7.54769483981878e-30,"ARHGAP6","PD_vs_Ctrl","D1 medium spiny neuron"
3.39889985071869e-34,1.3201044422618,0.481,0.269,1.01181849656045e-29,"PLCH1","PD_vs_Ctrl","D1 medium spiny neuron"
3.52339064698046e-34,0.528269737751108,0.82,0.706,1.04887816169961e-29,"RGS6","PD_vs_Ctrl","D1 medium spiny neuron"
6.34684634135574e-34,-1.72180223672182,0.074,0.251,1.88939268735819e-29,"HLA-A","PD_vs_Ctrl","D1 medium spiny neuron"
1.24168371847605e-33,-2.04075763361933,0.087,0.261,3.69636826153135e-29,"ISG15","PD_vs_Ctrl","D1 medium spiny neuron"
1.33956937320144e-33,-1.41160342015802,0.138,0.344,3.98776406708337e-29,"IKBKE","PD_vs_Ctrl","D1 medium spiny neuron"
2.05148615622827e-33,-0.888828691810964,0.41,0.615,6.10706913847594e-29,"GOLT1B","PD_vs_Ctrl","D1 medium spiny neuron"
3.09598903064036e-33,-0.897388503859752,0.34,0.573,9.2164497453133e-29,"TESPA1","PD_vs_Ctrl","D1 medium spiny neuron"
5.46382049600312e-33,-1.8797657710259,0.066,0.232,1.62652472345517e-28,"PARVA","PD_vs_Ctrl","D1 medium spiny neuron"
1.30950408195147e-32,-1.19744022910894,0.217,0.434,3.89826270156134e-28,"DPYS","PD_vs_Ctrl","D1 medium spiny neuron"
9.95534586962098e-32,1.599228083197,0.35,0.139,2.96360691192747e-27,"TOGARAM2","PD_vs_Ctrl","D1 medium spiny neuron"
1.75117676362485e-31,1.06063369346795,0.574,0.401,5.21307810763482e-27,"CHORDC1","PD_vs_Ctrl","D1 medium spiny neuron"
2.09266762468358e-31,-1.24357720473449,0.265,0.469,6.22966225192055e-27,"DDX3P1","PD_vs_Ctrl","D1 medium spiny neuron"
2.33873724019177e-31,0.526628214832075,0.861,0.799,6.96218689032687e-27,"HSPH1","PD_vs_Ctrl","D1 medium spiny neuron"
5.26919820217727e-31,-1.03259964445745,0.316,0.524,1.56858761280615e-26,"AC007038.1","PD_vs_Ctrl","D1 medium spiny neuron"
3.01486112305417e-30,-0.76512409122551,0.535,0.718,8.97494007721996e-26,"FTH1","PD_vs_Ctrl","D1 medium spiny neuron"
4.37551483523763e-30,1.19231623571829,0.48,0.278,1.30254701130189e-25,"ZDHHC11","PD_vs_Ctrl","D1 medium spiny neuron"
1.25697065353555e-29,-1.01736159934049,0.217,0.435,3.74187593850997e-25,"AL671511.2","PD_vs_Ctrl","D1 medium spiny neuron"
1.46005112076491e-29,-1.15728794626065,0.208,0.412,4.34642618140506e-25,"AL355472.4","PD_vs_Ctrl","D1 medium spiny neuron"
1.85517728380825e-29,-1.57868507272307,0.107,0.282,5.52267725616878e-25,"AC013460.1","PD_vs_Ctrl","D1 medium spiny neuron"
4.12475167231745e-29,-0.538336744947879,0.655,0.787,1.22789732533218e-24,"ANKRD13A","PD_vs_Ctrl","D1 medium spiny neuron"
7.9005333208021e-29,-0.700562020797697,0.504,0.699,2.35190976426958e-24,"CCDC102B","PD_vs_Ctrl","D1 medium spiny neuron"
8.22738419522045e-29,-1.04499593798583,0.249,0.458,2.44921000107518e-24,"THSD4","PD_vs_Ctrl","D1 medium spiny neuron"
8.86412906721888e-29,0.869800628403139,0.576,0.39,2.63876258202039e-24,"MCTP2","PD_vs_Ctrl","D1 medium spiny neuron"
1.03668474509631e-28,1.09027156683866,0.498,0.301,3.0861068176772e-24,"ARL17A","PD_vs_Ctrl","D1 medium spiny neuron"
1.29607525156251e-28,-1.56716854185081,0.081,0.243,3.85828641637642e-24,"AC217777.1","PD_vs_Ctrl","D1 medium spiny neuron"
1.41201632647904e-28,-0.505391434656002,0.702,0.819,4.20343140229546e-24,"ALDH3A2","PD_vs_Ctrl","D1 medium spiny neuron"
2.01459162887378e-28,-0.954449253839707,0.299,0.507,5.99723781999436e-24,"AC079760.1","PD_vs_Ctrl","D1 medium spiny neuron"
2.26714672472094e-28,-1.76328175212008,0.181,0.354,6.74906908482176e-24,"MX1","PD_vs_Ctrl","D1 medium spiny neuron"
2.67142243988096e-28,-1.58081175738569,0.16,0.336,7.95255746128163e-24,"CELF2-AS2","PD_vs_Ctrl","D1 medium spiny neuron"
8.43223420676423e-28,-0.50887081337824,0.686,0.81,2.51019180101164e-23,"PTPDC1","PD_vs_Ctrl","D1 medium spiny neuron"
1.3816319932586e-27,-0.663253923732415,0.496,0.679,4.11298028073154e-23,"EXTL2","PD_vs_Ctrl","D1 medium spiny neuron"
3.22401798797074e-27,-1.26753499270393,0.224,0.413,9.5975791483901e-23,"PGM5P2","PD_vs_Ctrl","D1 medium spiny neuron"
9.54875046038044e-27,0.781932872277025,0.644,0.488,2.84256752455065e-22,"RASGRF2","PD_vs_Ctrl","D1 medium spiny neuron"
1.17701818012714e-26,0.608118494781935,0.716,0.604,3.50386542042049e-22,"FSTL5","PD_vs_Ctrl","D1 medium spiny neuron"
5.97967596913581e-26,0.941714639851987,0.64,0.502,1.78008973925204e-21,"PTGES3","PD_vs_Ctrl","D1 medium spiny neuron"
7.94320734384948e-26,-0.861517842602492,0.291,0.496,2.36461339419055e-21,"AC139795.1","PD_vs_Ctrl","D1 medium spiny neuron"
1.54206417179014e-25,-0.76699585756689,0.223,0.436,4.59057083300206e-21,"MT2A","PD_vs_Ctrl","D1 medium spiny neuron"
2.24766342023141e-25,0.88557035317645,0.483,0.266,6.69106923568689e-21,"GYG2P1","PD_vs_Ctrl","D1 medium spiny neuron"
4.20824233292416e-25,-0.966355404913505,0.264,0.46,1.25275166008819e-20,"STARD4-AS1","PD_vs_Ctrl","D1 medium spiny neuron"
8.09165286882899e-25,-1.08324222940332,0.184,0.365,2.4088041425217e-20,"HTR2A","PD_vs_Ctrl","D1 medium spiny neuron"
1.06337369963835e-24,0.699082826646207,0.625,0.46,3.16555716645339e-20,"PRKCA","PD_vs_Ctrl","D1 medium spiny neuron"
1.16797996875064e-24,-0.611149983018901,0.534,0.721,3.47695956897377e-20,"FTL","PD_vs_Ctrl","D1 medium spiny neuron"
1.18481069871695e-24,-0.63456789320353,0.427,0.63,3.52706296901048e-20,"HMOX2","PD_vs_Ctrl","D1 medium spiny neuron"
2.93183239953756e-24,-0.553660956806555,0.594,0.744,8.72777187018337e-20,"TTC8","PD_vs_Ctrl","D1 medium spiny neuron"
2.9560593280999e-24,0.729301202339721,0.605,0.444,8.7998930138206e-20,"OVCH1","PD_vs_Ctrl","D1 medium spiny neuron"
5.92284598392033e-24,-1.34656874356441,0.162,0.327,1.76317202095324e-19,"AL807742.1","PD_vs_Ctrl","D1 medium spiny neuron"
7.8744294385041e-24,-0.579629652030894,0.589,0.735,2.34413889954828e-19,"SF1","PD_vs_Ctrl","D1 medium spiny neuron"
1.18440484610098e-23,-0.956608589872921,0.246,0.431,3.525854786358e-19,"RPL29","PD_vs_Ctrl","D1 medium spiny neuron"
1.27527696832932e-23,-1.00103283197061,0.355,0.518,3.79637200701954e-19,"AC010127.1","PD_vs_Ctrl","D1 medium spiny neuron"
2.60269413759198e-23,-1.17908503425511,0.163,0.329,7.74796017819757e-19,"INHA","PD_vs_Ctrl","D1 medium spiny neuron"
3.25638645081464e-23,0.618050070621048,0.675,0.529,9.69393682543011e-19,"STARD13","PD_vs_Ctrl","D1 medium spiny neuron"
3.56711576942193e-23,1.21059605859216,0.376,0.2,1.06189469339921e-18,"GRIA4","PD_vs_Ctrl","D1 medium spiny neuron"
4.54410009712832e-23,-0.747280492036706,0.348,0.545,1.35273315791413e-18,"BEX4","PD_vs_Ctrl","D1 medium spiny neuron"
1.03288429381135e-22,-1.39241643872417,0.077,0.216,3.074793254247e-18,"RBM3","PD_vs_Ctrl","D1 medium spiny neuron"
1.33601156956494e-22,-0.692596606144145,0.51,0.657,3.97717284143786e-18,"RSAD2","PD_vs_Ctrl","D1 medium spiny neuron"
1.34349630070101e-22,-1.42791232336818,0.118,0.269,3.99945413755684e-18,"LINC01811","PD_vs_Ctrl","D1 medium spiny neuron"
1.50758417271202e-22,-0.776900440054271,0.448,0.607,4.4879273237464e-18,"BAIAP2L2","PD_vs_Ctrl","D1 medium spiny neuron"
1.68063148746492e-22,-0.879315162871277,0.251,0.439,5.00307187503431e-18,"GPC1","PD_vs_Ctrl","D1 medium spiny neuron"
2.66235247499127e-22,-0.504104339709836,0.601,0.759,7.92555708280151e-18,"BDH1","PD_vs_Ctrl","D1 medium spiny neuron"
3.58170552618618e-22,-0.87319641157509,0.227,0.412,1.06623791809036e-17,"NEFM","PD_vs_Ctrl","D1 medium spiny neuron"
3.92490511520149e-22,-0.897080727144162,0.232,0.418,1.16840500374433e-17,"AC008537.1","PD_vs_Ctrl","D1 medium spiny neuron"
4.22877765963263e-22,0.914821816760963,0.533,0.364,1.25886482149604e-17,"TMTC2","PD_vs_Ctrl","D1 medium spiny neuron"
4.95924708836484e-22,-0.960090987647089,0.275,0.448,1.47631826573533e-17,"AP002370.2","PD_vs_Ctrl","D1 medium spiny neuron"
5.08707580537863e-22,1.13594731621638,0.385,0.212,1.51437159650317e-17,"GLIPR1L2","PD_vs_Ctrl","D1 medium spiny neuron"
1.12095210793922e-21,-0.54009818295824,0.581,0.707,3.33696233012426e-17,"AP1G2","PD_vs_Ctrl","D1 medium spiny neuron"
1.29122660841852e-21,0.554795012190661,0.712,0.6,3.84385249060109e-17,"DSCAM","PD_vs_Ctrl","D1 medium spiny neuron"
1.35661877128626e-21,-1.3157145020353,0.104,0.245,4.03851842024207e-17,"ASRGL1","PD_vs_Ctrl","D1 medium spiny neuron"
1.42007594270692e-21,-1.50183831238591,0.103,0.244,4.22742407384422e-17,"AL162726.3","PD_vs_Ctrl","D1 medium spiny neuron"
1.59699956437512e-21,-1.17262957771045,0.208,0.372,4.75410800318829e-17,"HERC6","PD_vs_Ctrl","D1 medium spiny neuron"
1.7842455542258e-21,-0.701892935407546,0.456,0.623,5.31152059037479e-17,"AL138828.1","PD_vs_Ctrl","D1 medium spiny neuron"
2.01978306280753e-21,0.62664637040983,0.687,0.58,6.01269219967173e-17,"HSPA4L","PD_vs_Ctrl","D1 medium spiny neuron"
2.24644074227393e-21,1.4380845905271,0.291,0.132,6.68742944567525e-17,"VSNL1","PD_vs_Ctrl","D1 medium spiny neuron"
2.64149253051942e-21,-1.00005058918771,0.212,0.383,7.86345911410328e-17,"TUBB2A","PD_vs_Ctrl","D1 medium spiny neuron"
3.6024033643697e-21,-0.892553090427844,0.29,0.468,1.07239945753922e-16,"H3F3B","PD_vs_Ctrl","D1 medium spiny neuron"
3.72397207379155e-21,-0.578967946338659,0.459,0.651,1.10858924664701e-16,"PIGL","PD_vs_Ctrl","D1 medium spiny neuron"
4.58078882102936e-21,-0.715246423619687,0.464,0.618,1.36365502413223e-16,"SLC6A1-AS1","PD_vs_Ctrl","D1 medium spiny neuron"
5.52203116525266e-21,-1.12600216016007,0.136,0.291,1.64385345758407e-16,"LINC00623","PD_vs_Ctrl","D1 medium spiny neuron"
6.39519157053473e-21,-0.662382844833595,0.414,0.588,1.90378457863249e-16,"AF228730.7","PD_vs_Ctrl","D1 medium spiny neuron"
2.19025595895279e-20,0.528811076553243,0.718,0.615,6.52017296420655e-16,"CYB5R4","PD_vs_Ctrl","D1 medium spiny neuron"
2.50765862559104e-20,0.711016358990405,0.562,0.396,7.46504896252197e-16,"CEP112","PD_vs_Ctrl","D1 medium spiny neuron"
3.49102658819922e-20,-1.3159092860096,0.145,0.292,1.03924370504102e-15,"PHF11","PD_vs_Ctrl","D1 medium spiny neuron"
3.84432388542364e-20,-1.09335593582275,0.165,0.316,1.14441677745176e-15,"HDHD3","PD_vs_Ctrl","D1 medium spiny neuron"
4.34045266476364e-20,1.00516642131539,0.418,0.255,1.29210935377349e-15,"XRCC4","PD_vs_Ctrl","D1 medium spiny neuron"
5.26291965305885e-20,-0.57417521061028,0.527,0.674,1.56671855151909e-15,"FAM184A","PD_vs_Ctrl","D1 medium spiny neuron"
7.69287331677084e-20,-0.959881669341691,0.232,0.4,2.29009145766951e-15,"LINC00271","PD_vs_Ctrl","D1 medium spiny neuron"
1.1300748578887e-19,1.13027302833978,0.337,0.178,3.36411984444887e-15,"CAMK2D","PD_vs_Ctrl","D1 medium spiny neuron"
1.19422987508112e-19,-1.07920751853989,0.22,0.371,3.555102915129e-15,"CCDC144NL-AS1","PD_vs_Ctrl","D1 medium spiny neuron"
1.53170771335079e-19,-0.629340225049947,0.471,0.631,4.55974069187397e-15,"TMEM168","PD_vs_Ctrl","D1 medium spiny neuron"
1.56773964222055e-19,-0.648556231563731,0.401,0.578,4.66700414092637e-15,"CIRBP","PD_vs_Ctrl","D1 medium spiny neuron"
2.39762353333506e-19,-0.547857143690517,0.564,0.721,7.13748549638514e-15,"PDE5A","PD_vs_Ctrl","D1 medium spiny neuron"
2.47584711051112e-19,1.40957596753979,0.259,0.111,7.37034926328056e-15,"ANO4","PD_vs_Ctrl","D1 medium spiny neuron"
3.031602129641e-19,-1.07190709384321,0.162,0.311,9.0247763797283e-15,"AC115622.1","PD_vs_Ctrl","D1 medium spiny neuron"
3.24187753808981e-19,0.542851102473502,0.7,0.603,9.65074524313956e-15,"SREBF2","PD_vs_Ctrl","D1 medium spiny neuron"
3.37706536472688e-19,-1.40202641233856,0.129,0.267,1.00531858842554e-14,"DDX58","PD_vs_Ctrl","D1 medium spiny neuron"
3.38755860020919e-19,-0.731522528718672,0.354,0.527,1.00844231969627e-14,"SAT2","PD_vs_Ctrl","D1 medium spiny neuron"
3.73246685844485e-19,0.757063399955654,0.539,0.394,1.11111805909045e-14,"LRRIQ1","PD_vs_Ctrl","D1 medium spiny neuron"
4.18667552158418e-19,-0.963679194673605,0.214,0.375,1.24633143602039e-14,"AC109830.1","PD_vs_Ctrl","D1 medium spiny neuron"
4.63937671102893e-19,0.89247814445694,0.445,0.283,1.3810960531062e-14,"TBL1Y","PD_vs_Ctrl","D1 medium spiny neuron"
5.67329628690892e-19,-0.758430184518641,0.31,0.478,1.68888357164992e-14,"ETV6","PD_vs_Ctrl","D1 medium spiny neuron"
6.21833505800759e-19,-0.842982885481384,0.346,0.497,1.85113616341828e-14,"ENTPD3-AS1","PD_vs_Ctrl","D1 medium spiny neuron"
6.56867779807543e-19,-0.819482332138235,0.308,0.471,1.95542969370907e-14,"NOXA1","PD_vs_Ctrl","D1 medium spiny neuron"
9.05215475533434e-19,-0.930519970897648,0.268,0.43,2.69473594911548e-14,"AL049830.3","PD_vs_Ctrl","D1 medium spiny neuron"
1.07722495117914e-18,-0.616308412214091,0.379,0.562,3.20679095716518e-14,"SPON1","PD_vs_Ctrl","D1 medium spiny neuron"
1.0943268944527e-18,-0.936703829901392,0.223,0.379,3.25770173209624e-14,"AC087457.1","PD_vs_Ctrl","D1 medium spiny neuron"
1.10508185152325e-18,-0.800389595041663,0.288,0.455,3.28971816379956e-14,"RNF144A-AS1","PD_vs_Ctrl","D1 medium spiny neuron"
1.1937915332563e-18,-0.866490807324261,0.149,0.302,3.55379801535068e-14,"HSD11B2","PD_vs_Ctrl","D1 medium spiny neuron"
1.36310782774576e-18,0.530512582863998,0.707,0.591,4.05783569241635e-14,"KCNB2","PD_vs_Ctrl","D1 medium spiny neuron"
1.52795717991715e-18,-0.700551927068264,0.399,0.553,4.54857572889538e-14,"COA6","PD_vs_Ctrl","D1 medium spiny neuron"
1.84747165048241e-18,-0.92472028913356,0.188,0.341,5.4997383563211e-14,"RCSD1","PD_vs_Ctrl","D1 medium spiny neuron"
1.90737937330317e-18,-1.07827928837691,0.136,0.282,5.67807765638621e-14,"ZNF449","PD_vs_Ctrl","D1 medium spiny neuron"
2.24321590708348e-18,-0.53875644287752,0.43,0.613,6.67782943379681e-14,"TMSB10","PD_vs_Ctrl","D1 medium spiny neuron"
2.34325011596149e-18,-0.741905375333532,0.352,0.518,6.97562127020577e-14,"NHLRC3","PD_vs_Ctrl","D1 medium spiny neuron"
2.65798110079899e-18,-1.19481971310809,0.079,0.203,7.91254393896852e-14,"S100A10","PD_vs_Ctrl","D1 medium spiny neuron"
3.31206002247e-18,-1.10575337793788,0.106,0.239,9.85967148089095e-14,"ADAMTSL4-AS1","PD_vs_Ctrl","D1 medium spiny neuron"
3.31668357979023e-18,-0.603637994333806,0.418,0.586,9.87343534867753e-14,"AC105233.5","PD_vs_Ctrl","D1 medium spiny neuron"
3.90678254680609e-18,-0.801147669509935,0.272,0.433,1.1630100963587e-13,"FGF9","PD_vs_Ctrl","D1 medium spiny neuron"
4.0962458878923e-18,-0.941576372200193,0.198,0.353,1.21941143836666e-13,"COX5B","PD_vs_Ctrl","D1 medium spiny neuron"
4.34778909825836e-18,-0.826860410782604,0.231,0.397,1.29429333666053e-13,"ZIM2","PD_vs_Ctrl","D1 medium spiny neuron"
4.87698593374471e-18,0.984268871438995,0.377,0.226,1.45182994261646e-13,"TTTY10","PD_vs_Ctrl","D1 medium spiny neuron"
5.64889306010163e-18,-0.633038632666843,0.4,0.564,1.68161897506166e-13,"FANCC","PD_vs_Ctrl","D1 medium spiny neuron"
5.69287052825856e-18,-0.965870083429688,0.177,0.325,1.69471062755729e-13,"MAP1LC3B2","PD_vs_Ctrl","D1 medium spiny neuron"
7.24033395319336e-18,-0.506613878108403,0.533,0.683,2.15537501452613e-13,"AL450332.1","PD_vs_Ctrl","D1 medium spiny neuron"
8.52228402547637e-18,-1.15716676365925,0.14,0.278,2.53699873154406e-13,"PNLDC1","PD_vs_Ctrl","D1 medium spiny neuron"
9.29969374735549e-18,-1.11016681614129,0.213,0.355,2.76842583165025e-13,"ENPP7P5","PD_vs_Ctrl","D1 medium spiny neuron"
1.13209992243273e-17,0.685142771965992,0.558,0.422,3.37014825908999e-13,"LINC00159","PD_vs_Ctrl","D1 medium spiny neuron"
1.20158220645324e-17,-0.77319650460726,0.358,0.507,3.57699007039066e-13,"ATP2B1-AS1","PD_vs_Ctrl","D1 medium spiny neuron"
1.50302177039797e-17,-0.748540927735073,0.315,0.48,4.47434550829771e-13,"LINC01006","PD_vs_Ctrl","D1 medium spiny neuron"
1.6596266560646e-17,-0.685953676416802,0.422,0.567,4.9405425924387e-13,"LINC01572","PD_vs_Ctrl","D1 medium spiny neuron"
2.56858364146326e-17,-0.913074624686907,0.189,0.34,7.64641664227196e-13,"STUM","PD_vs_Ctrl","D1 medium spiny neuron"
2.78945696104593e-17,-0.532856410483144,0.529,0.658,8.30393442733764e-13,"FBXW8","PD_vs_Ctrl","D1 medium spiny neuron"
2.8843383184451e-17,0.568050580193446,0.601,0.476,8.58638674017922e-13,"HMGCR","PD_vs_Ctrl","D1 medium spiny neuron"
3.23166400863064e-17,0.844538365871061,0.459,0.311,9.62034058729255e-13,"KLHL1","PD_vs_Ctrl","D1 medium spiny neuron"
4.14739066105937e-17,-0.937340569099467,0.218,0.363,1.23463672589076e-12,"LINC02018","PD_vs_Ctrl","D1 medium spiny neuron"
4.38907990544069e-17,-0.744205020521242,0.18,0.338,1.30658519705064e-12,"SNTG2","PD_vs_Ctrl","D1 medium spiny neuron"
4.73239572451225e-17,-0.712810980475016,0.254,0.416,1.40878688323005e-12,"PPP2R5D","PD_vs_Ctrl","D1 medium spiny neuron"
4.81666290627429e-17,-0.604321462966714,0.44,0.591,1.43387238056879e-12,"C6orf141","PD_vs_Ctrl","D1 medium spiny neuron"
5.80877574746231e-17,-0.639680393949603,0.417,0.562,1.72921445226205e-12,"CPOX","PD_vs_Ctrl","D1 medium spiny neuron"
6.77234388221274e-17,-0.536154160669397,0.543,0.689,2.01605905029591e-12,"PGP","PD_vs_Ctrl","D1 medium spiny neuron"
7.18532615518647e-17,0.75469196720928,0.481,0.334,2.13899974313746e-12,"AL136040.1","PD_vs_Ctrl","D1 medium spiny neuron"
9.83947476038126e-17,-1.20021518006059,0.133,0.263,2.9291132414179e-12,"RBPMS","PD_vs_Ctrl","D1 medium spiny neuron"
1.16017004924155e-16,-1.01861831215141,0.163,0.302,3.45371021958718e-12,"CLTCL1","PD_vs_Ctrl","D1 medium spiny neuron"
1.18483326809913e-16,-0.878226741549146,0.311,0.446,3.5271301558043e-12,"DYNLT1","PD_vs_Ctrl","D1 medium spiny neuron"
1.24570851812192e-16,-0.698571305247326,0.357,0.514,3.70834968759714e-12,"AP001831.1","PD_vs_Ctrl","D1 medium spiny neuron"
1.40137830413811e-16,-0.980561699889546,0.158,0.298,4.17176307358875e-12,"UPB1","PD_vs_Ctrl","D1 medium spiny neuron"
1.9816483964029e-16,-0.564389874016524,0.529,0.66,5.8991691112518e-12,"SNAP25-AS1","PD_vs_Ctrl","D1 medium spiny neuron"
2.00923441988708e-16,0.86763333468786,0.404,0.263,5.98128994456186e-12,"JAZF1-AS1","PD_vs_Ctrl","D1 medium spiny neuron"
2.01302901808928e-16,-0.883072215160127,0.26,0.407,5.99258608394998e-12,"ANGPTL1","PD_vs_Ctrl","D1 medium spiny neuron"
2.03395053599293e-16,-0.523440625759604,0.533,0.663,6.05486735059737e-12,"TLE1","PD_vs_Ctrl","D1 medium spiny neuron"
2.30687805091036e-16,-0.523824412345557,0.44,0.606,6.86734526975505e-12,"MAP1A","PD_vs_Ctrl","D1 medium spiny neuron"
2.44962288428823e-16,-0.708355129424959,0.273,0.433,7.29228236423762e-12,"TCEAL2","PD_vs_Ctrl","D1 medium spiny neuron"
2.65532986968206e-16,-0.644749464213074,0.375,0.534,7.90465148905651e-12,"CIAO1","PD_vs_Ctrl","D1 medium spiny neuron"
2.68805261829992e-16,-0.546360457443572,0.508,0.654,8.00206383941703e-12,"AC008591.1","PD_vs_Ctrl","D1 medium spiny neuron"
3.08137789039549e-16,-0.726443718148036,0.305,0.455,9.17295384191834e-12,"CNTN5","PD_vs_Ctrl","D1 medium spiny neuron"
3.21883340259351e-16,-0.945856268043886,0.173,0.314,9.58214515618062e-12,"AC024901.1","PD_vs_Ctrl","D1 medium spiny neuron"
3.21970708739833e-16,2.10792682867957,0.233,0.114,9.5847460284761e-12,"HSPB1","PD_vs_Ctrl","D1 medium spiny neuron"
3.81159794015005e-16,-0.941337862152125,0.186,0.328,1.13467459080327e-11,"OPN4","PD_vs_Ctrl","D1 medium spiny neuron"
3.88360141359058e-16,-0.542928369739878,0.477,0.625,1.15610930481178e-11,"CMC2","PD_vs_Ctrl","D1 medium spiny neuron"
3.93773079986506e-16,-1.03705021671671,0.243,0.383,1.17222308181183e-11,"AC090709.1","PD_vs_Ctrl","D1 medium spiny neuron"
4.53537489351813e-16,-0.55427739680384,0.492,0.634,1.35013575205141e-11,"TUBA1A","PD_vs_Ctrl","D1 medium spiny neuron"
4.75706483170531e-16,-0.657387493287396,0.377,0.526,1.41613062975035e-11,"SLC30A5","PD_vs_Ctrl","D1 medium spiny neuron"
5.27633991096525e-16,-1.24313117250532,0.11,0.229,1.57071362809525e-11,"MOGS","PD_vs_Ctrl","D1 medium spiny neuron"
5.86897948184819e-16,0.555062364615812,0.626,0.507,1.74713650195139e-11,"MBOAT2","PD_vs_Ctrl","D1 medium spiny neuron"
6.53022097404261e-16,0.806395329134307,0.48,0.351,1.94398148176275e-11,"CCDC59","PD_vs_Ctrl","D1 medium spiny neuron"
6.93602350736618e-16,-0.545290598416235,0.479,0.619,2.06478483790784e-11,"RNF34","PD_vs_Ctrl","D1 medium spiny neuron"
7.49936281592885e-16,0.572099159934389,0.545,0.379,2.23248531667386e-11,"PCDH17","PD_vs_Ctrl","D1 medium spiny neuron"
8.85952363478166e-16,0.736416463980229,0.498,0.359,2.63739159083815e-11,"STYXL1","PD_vs_Ctrl","D1 medium spiny neuron"
1.27182976025444e-15,-0.676211939957642,0.374,0.511,3.78611001330143e-11,"PWRN3","PD_vs_Ctrl","D1 medium spiny neuron"
1.28168068181765e-15,1.04727352399198,0.282,0.143,3.81543522170296e-11,"PAX8-AS1","PD_vs_Ctrl","D1 medium spiny neuron"
1.44838649801264e-15,-1.1551994406546,0.09,0.203,4.31170176593383e-11,"MCHR2","PD_vs_Ctrl","D1 medium spiny neuron"
1.63599919838544e-15,-0.819070682776575,0.249,0.397,4.8702060136736e-11,"RPL18","PD_vs_Ctrl","D1 medium spiny neuron"
1.65545718035642e-15,-0.553199905504641,0.492,0.631,4.92813048020302e-11,"BEX3","PD_vs_Ctrl","D1 medium spiny neuron"
1.80687242953521e-15,-0.706362338617626,0.219,0.372,5.37887853548336e-11,"LINC01310","PD_vs_Ctrl","D1 medium spiny neuron"
1.82960843594036e-15,0.955000270833218,0.471,0.35,5.44656135295085e-11,"CFAP161","PD_vs_Ctrl","D1 medium spiny neuron"
2.03187912007178e-15,-0.704861659590754,0.266,0.416,6.04870095254169e-11,"AC135782.1","PD_vs_Ctrl","D1 medium spiny neuron"
2.06705837805822e-15,-0.899678943611904,0.237,0.374,6.15342608564150e-11,"AC125613.1","PD_vs_Ctrl","D1 medium spiny neuron"
2.38374885675578e-15,-0.623168103993416,0.336,0.492,7.09618197167628e-11,"TUBA1B","PD_vs_Ctrl","D1 medium spiny neuron"
2.48429478204127e-15,-0.669121559373023,0.338,0.493,7.39549713665865e-11,"SRP14","PD_vs_Ctrl","D1 medium spiny neuron"
2.53116967366043e-15,-0.55256134927581,0.434,0.585,7.53503900151974e-11,"UROS","PD_vs_Ctrl","D1 medium spiny neuron"
2.61968823146412e-15,-1.28694305919278,0.095,0.206,7.79854989624554e-11,"CCDC192","PD_vs_Ctrl","D1 medium spiny neuron"
3.24498678898493e-15,-0.599896405064309,0.441,0.575,9.66000117212922e-11,"SMIM8","PD_vs_Ctrl","D1 medium spiny neuron"
3.58211136099759e-15,0.968847025999735,0.201,0.079,1.06635873105537e-10,"RXFP2","PD_vs_Ctrl","D1 medium spiny neuron"
3.62703982287124e-15,-0.741386949704179,0.262,0.407,1.07973348487054e-10,"TMEM179","PD_vs_Ctrl","D1 medium spiny neuron"
3.76215532998033e-15,-1.34019094020186,0.094,0.204,1.11995602018184e-10,"AC005237.1","PD_vs_Ctrl","D1 medium spiny neuron"
4.12510844004699e-15,-1.07654517897291,0.124,0.245,1.22800353151759e-10,"MARCH9","PD_vs_Ctrl","D1 medium spiny neuron"
4.26818630150157e-15,-0.510220680955322,0.484,0.624,1.270596380094e-10,"LRPAP1","PD_vs_Ctrl","D1 medium spiny neuron"
4.37009271325932e-15,-0.506926617906718,0.504,0.651,1.30093289981017e-10,"LINC02112","PD_vs_Ctrl","D1 medium spiny neuron"
4.42847752334971e-15,-0.922898252071544,0.165,0.296,1.31831347392598e-10,"DLG5","PD_vs_Ctrl","D1 medium spiny neuron"
4.45048664806293e-15,-1.18837602422857,0.132,0.251,1.32486537026185e-10,"AC007319.1","PD_vs_Ctrl","D1 medium spiny neuron"
5.20064001585485e-15,1.19030205709084,0.299,0.168,1.54817852631983e-10,"DDX3Y","PD_vs_Ctrl","D1 medium spiny neuron"
5.24902100557728e-15,0.959591418070946,0.376,0.236,1.5625810631503e-10,"ANOS2P","PD_vs_Ctrl","D1 medium spiny neuron"
5.84639560876151e-15,-0.991944390783053,0.157,0.287,1.74041350877222e-10,"ASAH2B","PD_vs_Ctrl","D1 medium spiny neuron"
7.47442028231857e-15,0.903895603567808,0.396,0.267,2.22506017384341e-10,"SLC24A4","PD_vs_Ctrl","D1 medium spiny neuron"
1.02617549783995e-14,-0.991931972777002,0.202,0.331,3.05482183951975e-10,"AC130650.1","PD_vs_Ctrl","D1 medium spiny neuron"
1.05011240599276e-14,-0.618522748576526,0.28,0.429,3.12607962139985e-10,"KLHDC3","PD_vs_Ctrl","D1 medium spiny neuron"
1.05308470537737e-14,-0.772953452245259,0.234,0.374,3.13492785943789e-10,"PTS","PD_vs_Ctrl","D1 medium spiny neuron"
1.16319007608143e-14,-0.976903481863728,0.126,0.248,3.46270053748682e-10,"AC107983.2","PD_vs_Ctrl","D1 medium spiny neuron"
1.72717935968826e-14,-0.831372646936657,0.264,0.404,5.14164023585597e-10,"RPL19","PD_vs_Ctrl","D1 medium spiny neuron"
1.787567678501e-14,-1.33651087774185,0.135,0.249,5.32141022212963e-10,"SPDYE2","PD_vs_Ctrl","D1 medium spiny neuron"
1.99798172100086e-14,-0.978449600066239,0.203,0.332,5.94779178524746e-10,"P2RY14","PD_vs_Ctrl","D1 medium spiny neuron"
2.13803065693061e-14,-0.959103158670978,0.161,0.287,6.36470346261674e-10,"RPL7AP6","PD_vs_Ctrl","D1 medium spiny neuron"
2.18762453427666e-14,0.72544670877958,0.504,0.376,6.51233947608819e-10,"AC068875.1","PD_vs_Ctrl","D1 medium spiny neuron"
2.40129468235519e-14,-1.1632509616816,0.105,0.215,7.14841413990316e-10,"AL591848.2","PD_vs_Ctrl","D1 medium spiny neuron"
3.53264044963296e-14,-0.961141259279613,0.205,0.333,1.05163173545124e-09,"BCAR3","PD_vs_Ctrl","D1 medium spiny neuron"
3.59642484986224e-14,0.519006856262766,0.644,0.574,1.07061971355549e-09,"RPL37A","PD_vs_Ctrl","D1 medium spiny neuron"
4.07554906513558e-14,-1.23944497975884,0.108,0.216,1.21325020120021e-09,"AC141586.1","PD_vs_Ctrl","D1 medium spiny neuron"
4.17516339706809e-14,-0.935100772162272,0.128,0.248,1.2429043916732e-09,"CEBPD","PD_vs_Ctrl","D1 medium spiny neuron"
4.63481151657735e-14,0.72890113943051,0.395,0.25,1.37973704036991e-09,"KDM5D","PD_vs_Ctrl","D1 medium spiny neuron"
4.93914340114989e-14,-0.502072818584913,0.479,0.612,1.47033359908831e-09,"B3GALT5","PD_vs_Ctrl","D1 medium spiny neuron"
4.99882709128877e-14,-1.05644351037193,0.156,0.275,1.48810083680575e-09,"ENPP7P7","PD_vs_Ctrl","D1 medium spiny neuron"
5.34360904505669e-14,0.956630377783667,0.603,0.53,1.59073897662293e-09,"FP671120.1","PD_vs_Ctrl","D1 medium spiny neuron"
5.85608119326646e-14,1.07611264252081,0.343,0.221,1.74329681042349e-09,"STIP1","PD_vs_Ctrl","D1 medium spiny neuron"
5.87353294120828e-14,0.8530342406977,0.373,0.243,1.74849202126829e-09,"BBOX1-AS1","PD_vs_Ctrl","D1 medium spiny neuron"
6.06286934737859e-14,-0.5486040052711,0.401,0.549,1.80485557602113e-09,"WDR11-AS1","PD_vs_Ctrl","D1 medium spiny neuron"
8.88159624150847e-14,-0.901563597256718,0.223,0.347,2.64396238513466e-09,"AC069228.1","PD_vs_Ctrl","D1 medium spiny neuron"
1.0058387228819e-13,-0.762547575999531,0.206,0.343,2.99428129414713e-09,"PUDP","PD_vs_Ctrl","D1 medium spiny neuron"
1.0211784823445e-13,-0.915672571926402,0.152,0.274,3.03994622409135e-09,"AC007969.1","PD_vs_Ctrl","D1 medium spiny neuron"
1.09161986689741e-13,-0.56526242076826,0.281,0.428,3.24964318176689e-09,"RHOBTB3","PD_vs_Ctrl","D1 medium spiny neuron"
1.10401776405672e-13,-0.965304438657168,0.141,0.261,3.28655048182046e-09,"TSPOAP1-AS1","PD_vs_Ctrl","D1 medium spiny neuron"
1.21587302582282e-13,-0.650774984954878,0.229,0.369,3.61953241057195e-09,"PLA2R1","PD_vs_Ctrl","D1 medium spiny neuron"
1.23460044940045e-13,0.786168020028043,0.418,0.287,3.67528207782019e-09,"AC093865.1","PD_vs_Ctrl","D1 medium spiny neuron"
1.30217284031736e-13,-1.0012440249265,0.133,0.249,3.87643832834076e-09,"SELENOM","PD_vs_Ctrl","D1 medium spiny neuron"
1.30268985096484e-13,0.826982940703934,0.303,0.172,3.87797741733723e-09,"MRVI1-AS1","PD_vs_Ctrl","D1 medium spiny neuron"
1.43074246880777e-13,0.660206005096836,0.56,0.452,4.25917725539386e-09,"AC005726.2","PD_vs_Ctrl","D1 medium spiny neuron"
1.84478885063062e-13,-0.526416662362274,0.399,0.535,5.4917519294423e-09,"NME3","PD_vs_Ctrl","D1 medium spiny neuron"
1.94366071617086e-13,-1.22560326776764,0.113,0.22,5.78608358596904e-09,"FN1","PD_vs_Ctrl","D1 medium spiny neuron"
1.98146446950073e-13,-1.14147106899042,0.1,0.205,5.89862157925673e-09,"RASSF8-AS1","PD_vs_Ctrl","D1 medium spiny neuron"
1.99793498291889e-13,0.502206224461202,0.653,0.537,5.94765265065124e-09,"BIN1","PD_vs_Ctrl","D1 medium spiny neuron"
2.02941537345012e-13,-0.501445572408999,0.453,0.606,6.04136662522368e-09,"ATP6AP1L","PD_vs_Ctrl","D1 medium spiny neuron"
2.13094702527742e-13,-0.521667248788709,0.432,0.578,6.34361619954836e-09,"SMOC2","PD_vs_Ctrl","D1 medium spiny neuron"
2.50703103857528e-13,-0.586345192451053,0.404,0.539,7.46318069873475e-09,"RNF146","PD_vs_Ctrl","D1 medium spiny neuron"
2.73104624353849e-13,0.948113752367272,0.244,0.123,8.13005156238973e-09,"AL160314.2","PD_vs_Ctrl","D1 medium spiny neuron"
2.7453374795485e-13,-0.5021160338235,0.386,0.532,8.17259514286792e-09,"GRIK3","PD_vs_Ctrl","D1 medium spiny neuron"
2.76728365561532e-13,-0.726718624350473,0.231,0.364,8.23792671440123e-09,"SPON2","PD_vs_Ctrl","D1 medium spiny neuron"
3.05696371954433e-13,-0.741406587985157,0.264,0.397,9.10027529671153e-09,"AC005697.1","PD_vs_Ctrl","D1 medium spiny neuron"
3.05954682958175e-13,-0.764969811735383,0.324,0.451,9.10796495698191e-09,"STAT2","PD_vs_Ctrl","D1 medium spiny neuron"
4.27034790646138e-13,1.3199168036802,0.213,0.104,1.27123986827449e-08,"SEMA3C","PD_vs_Ctrl","D1 medium spiny neuron"
4.29411922047886e-13,-0.582225530078698,0.407,0.545,1.27831635074435e-08,"KLHL28","PD_vs_Ctrl","D1 medium spiny neuron"
4.35315999838531e-13,-0.683510040592709,0.21,0.344,1.29589219991932e-08,"ATP6V0E2","PD_vs_Ctrl","D1 medium spiny neuron"
4.62206808465853e-13,-0.877509576573179,0.13,0.245,1.375943448122e-08,"CALCRL","PD_vs_Ctrl","D1 medium spiny neuron"
5.63335947657736e-13,-0.606413434672808,0.276,0.421,1.67699478258231e-08,"SNN","PD_vs_Ctrl","D1 medium spiny neuron"
5.82810413614052e-13,-0.857296265746469,0.165,0.282,1.73496832028767e-08,"C19orf60","PD_vs_Ctrl","D1 medium spiny neuron"
6.00099277235005e-13,-0.957656112434937,0.136,0.25,1.78643553840089e-08,"ARRDC4","PD_vs_Ctrl","D1 medium spiny neuron"
6.16265992891688e-13,0.607195721733571,0.473,0.343,1.83456223423927e-08,"NINL","PD_vs_Ctrl","D1 medium spiny neuron"
6.51999257964495e-13,0.673565824172433,0.533,0.422,1.9409365910345e-08,"POR","PD_vs_Ctrl","D1 medium spiny neuron"
6.55863348706994e-13,0.692452179950618,0.411,0.282,1.95243960276585e-08,"PTPN20","PD_vs_Ctrl","D1 medium spiny neuron"
6.65877426920324e-13,-1.02276268995819,0.118,0.226,1.98225051219911e-08,"AC215219.1","PD_vs_Ctrl","D1 medium spiny neuron"
7.3185463832534e-13,0.917823210502566,0.337,0.212,2.17865807283071e-08,"TTTY15","PD_vs_Ctrl","D1 medium spiny neuron"
8.23899957879555e-13,-0.535939233401035,0.396,0.535,2.45266778461165e-08,"OTUD3","PD_vs_Ctrl","D1 medium spiny neuron"
8.73584518423384e-13,-0.889357497267886,0.136,0.25,2.60057375289457e-08,"RADIL","PD_vs_Ctrl","D1 medium spiny neuron"
9.05202111120658e-13,-0.676206523093217,0.262,0.393,2.69469616459509e-08,"MRNIP","PD_vs_Ctrl","D1 medium spiny neuron"
9.31153764956927e-13,-0.857515865505485,0.124,0.236,2.77195164290028e-08,"C1orf61","PD_vs_Ctrl","D1 medium spiny neuron"
1.00738765078306e-12,0.720123470566002,0.477,0.368,2.9988922976161e-08,"DNAJA1","PD_vs_Ctrl","D1 medium spiny neuron"
1.01209913983071e-12,-0.88081509635785,0.188,0.307,3.01291792936204e-08,"TTN","PD_vs_Ctrl","D1 medium spiny neuron"
1.10921108384331e-12,0.922381449717572,0.286,0.163,3.30201047549315e-08,"GNAI1","PD_vs_Ctrl","D1 medium spiny neuron"
1.11259951476834e-12,0.951927399154489,0.295,0.17,3.31209749551387e-08,"PVT1","PD_vs_Ctrl","D1 medium spiny neuron"
1.25243900061691e-12,-0.77815019752617,0.229,0.356,3.72838566093648e-08,"OSGEP","PD_vs_Ctrl","D1 medium spiny neuron"
1.36768735209073e-12,-0.541026282878315,0.351,0.482,4.07146847843888e-08,"PRKAA1","PD_vs_Ctrl","D1 medium spiny neuron"
1.39807652502983e-12,-0.663430550036998,0.332,0.46,4.16193400736129e-08,"C19orf66","PD_vs_Ctrl","D1 medium spiny neuron"
1.42928400148869e-12,-0.950209805920522,0.19,0.306,4.25483554403168e-08,"AC058791.1","PD_vs_Ctrl","D1 medium spiny neuron"
1.4374872521777e-12,-0.820467011068189,0.204,0.332,4.2792558010078e-08,"CSTB","PD_vs_Ctrl","D1 medium spiny neuron"
1.62778383601846e-12,0.635192241102393,0.49,0.374,4.84574970144336e-08,"Z93930.2","PD_vs_Ctrl","D1 medium spiny neuron"
1.65747433384665e-12,-0.502823647372203,0.383,0.526,4.93413534442809e-08,"ZNF439","PD_vs_Ctrl","D1 medium spiny neuron"
1.80032176746719e-12,-0.964840975991693,0.115,0.223,5.35937786957308e-08,"AP001157.1","PD_vs_Ctrl","D1 medium spiny neuron"
1.84212955934437e-12,-0.523782380744827,0.428,0.564,5.48383548521225e-08,"NDUFV1","PD_vs_Ctrl","D1 medium spiny neuron"
2.16712657436428e-12,-0.564452281215416,0.401,0.54,6.45131909922503e-08,"RPL15","PD_vs_Ctrl","D1 medium spiny neuron"
2.16973792165042e-12,-0.641187455895125,0.248,0.383,6.45909281896113e-08,"PSMD5","PD_vs_Ctrl","D1 medium spiny neuron"
2.30177405786946e-12,0.607570957319785,0.49,0.379,6.8521511928716e-08,"UNC13C","PD_vs_Ctrl","D1 medium spiny neuron"
2.51329187748224e-12,0.550825184073691,0.592,0.469,7.48181859007689e-08,"ELOVL5","PD_vs_Ctrl","D1 medium spiny neuron"
2.53195428031272e-12,1.24138964144096,0.208,0.102,7.53737469706293e-08,"AC022387.1","PD_vs_Ctrl","D1 medium spiny neuron"
2.72198214056964e-12,0.645393076564639,0.412,0.286,8.10306863426176e-08,"TXLNGY","PD_vs_Ctrl","D1 medium spiny neuron"
2.72820340287846e-12,-0.729486930982455,0.252,0.377,8.12158871002889e-08,"HLA-F","PD_vs_Ctrl","D1 medium spiny neuron"
2.93163576730128e-12,-1.00669922893628,0.126,0.229,8.72718651567917e-08,"CHST9","PD_vs_Ctrl","D1 medium spiny neuron"
3.31650460151215e-12,-0.960372015413294,0.204,0.317,9.87290254824152e-08,"AC093879.1","PD_vs_Ctrl","D1 medium spiny neuron"
3.31999255336195e-12,1.18909006510271,0.545,0.496,9.8832858321032e-08,"FP236383.1","PD_vs_Ctrl","D1 medium spiny neuron"
3.42839956331248e-12,-0.510425593704424,0.4,0.544,1.02060026600249e-07,"ENOX2","PD_vs_Ctrl","D1 medium spiny neuron"
3.86167338760588e-12,-0.764722333367235,0.265,0.389,1.1495815507564e-07,"AC103974.1","PD_vs_Ctrl","D1 medium spiny neuron"
4.11727234463821e-12,-0.577163588608868,0.256,0.392,1.22567080427535e-07,"SH3RF3","PD_vs_Ctrl","D1 medium spiny neuron"
4.17114504386723e-12,-0.838109599333132,0.256,0.375,1.24170816810884e-07,"C12orf40","PD_vs_Ctrl","D1 medium spiny neuron"
4.33429855334169e-12,-0.518370165069342,0.368,0.504,1.29027733634429e-07,"GSE1","PD_vs_Ctrl","D1 medium spiny neuron"
4.38522998280898e-12,0.513105339297315,0.601,0.504,1.3054391135824e-07,"ARID5B","PD_vs_Ctrl","D1 medium spiny neuron"
4.52946264625612e-12,-0.765322844299577,0.214,0.338,1.34837573516399e-07,"RPL8","PD_vs_Ctrl","D1 medium spiny neuron"
5.36578523285971e-12,-0.501039464059609,0.454,0.595,1.59734060597001e-07,"TSHZ2","PD_vs_Ctrl","D1 medium spiny neuron"
5.38286581901106e-12,0.902880965708658,0.242,0.129,1.6024253256614e-07,"PIGP","PD_vs_Ctrl","D1 medium spiny neuron"
5.59712728382469e-12,-0.934561382661499,0.113,0.217,1.66620882112177e-07,"ZNF621","PD_vs_Ctrl","D1 medium spiny neuron"
5.63704874668114e-12,-0.547510946762013,0.36,0.496,1.67809304139951e-07,"UPF3B","PD_vs_Ctrl","D1 medium spiny neuron"
5.88236917131474e-12,-0.656306201628077,0.256,0.39,1.75112247860869e-07,"PDK2","PD_vs_Ctrl","D1 medium spiny neuron"
6.54818076751669e-12,-0.783008595845931,0.245,0.363,1.94932793268204e-07,"AC019197.1","PD_vs_Ctrl","D1 medium spiny neuron"
6.71056735609475e-12,0.528988468229569,0.552,0.459,1.99766879623584e-07,"LEPR","PD_vs_Ctrl","D1 medium spiny neuron"
6.94037626858583e-12,0.694265538997325,0.421,0.298,2.06608061139532e-07,"KATNAL2","PD_vs_Ctrl","D1 medium spiny neuron"
7.7241009615429e-12,-0.518935289798916,0.362,0.502,2.29938761524171e-07,"KIAA0907","PD_vs_Ctrl","D1 medium spiny neuron"
8.04566240446544e-12,-0.904022093376042,0.104,0.203,2.39511324118532e-07,"TSC22D4","PD_vs_Ctrl","D1 medium spiny neuron"
8.09921683927307e-12,-0.637728907995557,0.284,0.41,2.4110558608832e-07,"SLC36A1","PD_vs_Ctrl","D1 medium spiny neuron"
8.36454590214469e-12,-1.00682030879177,0.133,0.237,2.49004166960945e-07,"TMEM179B","PD_vs_Ctrl","D1 medium spiny neuron"
8.54854715884286e-12,0.717883454242168,0.514,0.43,2.54481700371593e-07,"SNX3","PD_vs_Ctrl","D1 medium spiny neuron"
8.62021712992627e-12,-0.704921354029677,0.227,0.352,2.56615243740775e-07,"ZNF428","PD_vs_Ctrl","D1 medium spiny neuron"
8.94223341066775e-12,0.528279781932823,0.564,0.48,2.66201346402168e-07,"L3MBTL4","PD_vs_Ctrl","D1 medium spiny neuron"
9.88716342102461e-12,-0.780988831923316,0.289,0.404,2.94330967880482e-07,"AC012404.1","PD_vs_Ctrl","D1 medium spiny neuron"
9.94060241783351e-12,-0.690327008195552,0.25,0.376,2.95921793376486e-07,"KIF26B","PD_vs_Ctrl","D1 medium spiny neuron"
9.94134120147349e-12,-0.840165899241367,0.157,0.274,2.95943786226664e-07,"HAX1","PD_vs_Ctrl","D1 medium spiny neuron"
1.23702384016684e-11,-0.870618715958581,0.198,0.313,3.68249626979266e-07,"PIGC","PD_vs_Ctrl","D1 medium spiny neuron"
1.25550262953655e-11,-0.539467344989939,0.272,0.409,3.73750577786736e-07,"RPS2","PD_vs_Ctrl","D1 medium spiny neuron"
1.28477400743114e-11,-0.785229264093734,0.219,0.339,3.82464374272175e-07,"BTF3","PD_vs_Ctrl","D1 medium spiny neuron"
1.37771096575602e-11,-0.660945433946031,0.231,0.357,4.10130777395908e-07,"ASPSCR1","PD_vs_Ctrl","D1 medium spiny neuron"
1.45846584490104e-11,-0.93023513252755,0.112,0.21,4.34170697368591e-07,"MRPS34","PD_vs_Ctrl","D1 medium spiny neuron"
1.46891072837235e-11,-0.659903943921786,0.238,0.363,4.37280034729164e-07,"MAP2K6","PD_vs_Ctrl","D1 medium spiny neuron"
1.47917198966231e-11,-0.807200275686537,0.186,0.302,4.40334709602574e-07,"GRID2IP","PD_vs_Ctrl","D1 medium spiny neuron"
1.53570900086006e-11,-0.875477235388521,0.252,0.363,4.57165212466031e-07,"DIAPH2-AS1","PD_vs_Ctrl","D1 medium spiny neuron"
1.54885785035633e-11,-0.56595094286425,0.333,0.465,4.61079493472575e-07,"GRASP","PD_vs_Ctrl","D1 medium spiny neuron"
1.58173348596423e-11,-0.67114094270541,0.312,0.438,4.7086624143669e-07,"FOXRED1","PD_vs_Ctrl","D1 medium spiny neuron"
1.67122599936016e-11,-0.637411123386527,0.264,0.391,4.97507267749526e-07,"SRSF2","PD_vs_Ctrl","D1 medium spiny neuron"
1.68531375184172e-11,-0.895264223441508,0.102,0.201,5.01701050785761e-07,"SLCO5A1","PD_vs_Ctrl","D1 medium spiny neuron"
1.74481830306007e-11,-0.555243448927056,0.327,0.461,5.19414960637952e-07,"RHOT2","PD_vs_Ctrl","D1 medium spiny neuron"
1.82478073469868e-11,-1.02197336755586,0.186,0.292,5.43218976912451e-07,"PLSCR1","PD_vs_Ctrl","D1 medium spiny neuron"
1.86210141414236e-11,-0.528261390662351,0.368,0.506,5.5432896997604e-07,"RPS19","PD_vs_Ctrl","D1 medium spiny neuron"
1.9506346121196e-11,-0.608087113641532,0.301,0.427,5.80684417681885e-07,"NEPRO","PD_vs_Ctrl","D1 medium spiny neuron"
1.9561423799394e-11,-0.5090888524548,0.459,0.58,5.8232402508416e-07,"LINC00513","PD_vs_Ctrl","D1 medium spiny neuron"
2.33179658526899e-11,-0.770399796522685,0.214,0.33,6.94152525468725e-07,"PLAG1","PD_vs_Ctrl","D1 medium spiny neuron"
2.35658961396874e-11,-0.827775574241747,0.139,0.244,7.01533162182354e-07,"RPL10A","PD_vs_Ctrl","D1 medium spiny neuron"
2.41414018241662e-11,-0.833928768728967,0.217,0.332,7.18665390903604e-07,"AC092338.2","PD_vs_Ctrl","D1 medium spiny neuron"
2.44198526616246e-11,-0.624938541104776,0.223,0.344,7.26954593883902e-07,"AC104123.1","PD_vs_Ctrl","D1 medium spiny neuron"
2.6311866784469e-11,-0.75368402941802,0.2,0.315,7.83277962306857e-07,"AL035685.1","PD_vs_Ctrl","D1 medium spiny neuron"
2.66798332839957e-11,-0.928726288596924,0.161,0.268,7.94231957031267e-07,"C10orf107","PD_vs_Ctrl","D1 medium spiny neuron"
2.77602048302986e-11,-0.917364258371768,0.17,0.278,8.26393537593159e-07,"AC020611.2","PD_vs_Ctrl","D1 medium spiny neuron"
2.96453486858516e-11,-0.593475296665131,0.296,0.431,8.82512385029116e-07,"CHMP3","PD_vs_Ctrl","D1 medium spiny neuron"
3.46021274726389e-11,-0.874575236551236,0.145,0.246,1.03007073273299e-06,"LRRC10B","PD_vs_Ctrl","D1 medium spiny neuron"
3.87110708624092e-11,-0.694820407617612,0.153,0.265,1.15238986850306e-06,"MEF2C","PD_vs_Ctrl","D1 medium spiny neuron"
4.5437800712442e-11,-0.607210994252971,0.3,0.423,1.35263788940869e-06,"AGBL3","PD_vs_Ctrl","D1 medium spiny neuron"
4.6976427532852e-11,-0.61577014630446,0.337,0.457,1.39844127122547e-06,"RPS8","PD_vs_Ctrl","D1 medium spiny neuron"
4.75454161674785e-11,-0.514196695851798,0.276,0.407,1.41537949388967e-06,"FAM131A","PD_vs_Ctrl","D1 medium spiny neuron"
4.78431801695795e-11,0.904350112490485,0.271,0.163,1.42424363046821e-06,"AC095032.1","PD_vs_Ctrl","D1 medium spiny neuron"
4.80177061441693e-11,-1.02307410087448,0.116,0.214,1.42943909420578e-06,"PDE3A","PD_vs_Ctrl","D1 medium spiny neuron"
4.92220055650436e-11,-0.661334305825637,0.19,0.309,1.46528988366578e-06,"LRRC36","PD_vs_Ctrl","D1 medium spiny neuron"
5.09203329220489e-11,-0.623346110010984,0.208,0.328,1.51584739075647e-06,"C12orf65","PD_vs_Ctrl","D1 medium spiny neuron"
5.14605428275434e-11,-0.736450650793582,0.15,0.258,1.53192889943314e-06,"GLI3","PD_vs_Ctrl","D1 medium spiny neuron"
5.14932542308854e-11,-0.566213743727701,0.282,0.405,1.53290268519923e-06,"THEM4","PD_vs_Ctrl","D1 medium spiny neuron"
5.19233587287549e-11,-0.752109779085075,0.161,0.271,1.54570646599631e-06,"TMEM219","PD_vs_Ctrl","D1 medium spiny neuron"
5.30400530746752e-11,0.546761617075259,0.514,0.403,1.57894933998001e-06,"SORL1","PD_vs_Ctrl","D1 medium spiny neuron"
5.60485169148115e-11,-0.608218458786701,0.265,0.394,1.66850830003702e-06,"CHCHD2","PD_vs_Ctrl","D1 medium spiny neuron"
5.61125985867915e-11,-0.577201332447021,0.329,0.454,1.6704159473302e-06,"AC027288.3","PD_vs_Ctrl","D1 medium spiny neuron"
6.13966607111129e-11,-0.566768575642268,0.375,0.499,1.82771719270912e-06,"ZNF862","PD_vs_Ctrl","D1 medium spiny neuron"
6.28474880509556e-11,-0.623984915865908,0.382,0.492,1.8709068717889e-06,"AC015923.1","PD_vs_Ctrl","D1 medium spiny neuron"
6.53723517445978e-11,-0.828301384908562,0.169,0.276,1.94606953908493e-06,"SELENOK","PD_vs_Ctrl","D1 medium spiny neuron"
6.68672163285743e-11,-0.970471923582025,0.163,0.265,1.99057016288533e-06,"CHRM3-AS2","PD_vs_Ctrl","D1 medium spiny neuron"
7.77366930553004e-11,-0.627123986729274,0.235,0.359,2.31414361556324e-06,"RMND5B","PD_vs_Ctrl","D1 medium spiny neuron"
8.03790449779347e-11,0.686931088485295,0.436,0.331,2.39280378994814e-06,"MSMO1","PD_vs_Ctrl","D1 medium spiny neuron"
8.1063687615459e-11,0.777797905259838,0.334,0.224,2.4131849166246e-06,"KNOP1","PD_vs_Ctrl","D1 medium spiny neuron"
8.79667706126937e-11,-1.05379667425541,0.118,0.213,2.61868279436928e-06,"AC113386.1","PD_vs_Ctrl","D1 medium spiny neuron"
9.09294937024413e-11,-0.811241937251249,0.142,0.246,2.70688009802798e-06,"KIAA1524","PD_vs_Ctrl","D1 medium spiny neuron"
9.73391682902208e-11,1.32957963824822,0.212,0.114,2.89768970083158e-06,"PLOD3","PD_vs_Ctrl","D1 medium spiny neuron"
1.03129468842308e-10,-0.78343642169887,0.192,0.302,3.07006115796668e-06,"EAF1","PD_vs_Ctrl","D1 medium spiny neuron"
1.17541233462064e-10,-0.677305999517936,0.218,0.331,3.4990849789322e-06,"RPSA","PD_vs_Ctrl","D1 medium spiny neuron"
1.33657961512898e-10,-0.572512860500187,0.328,0.448,3.97886385627748e-06,"LOXHD1","PD_vs_Ctrl","D1 medium spiny neuron"
1.39608097220365e-10,-0.922480763695447,0.126,0.225,4.15599344615306e-06,"AP003354.2","PD_vs_Ctrl","D1 medium spiny neuron"
1.44908635304215e-10,-0.547607244415621,0.332,0.445,4.31378516437117e-06,"ATG14","PD_vs_Ctrl","D1 medium spiny neuron"
1.49447225864445e-10,-1.08210796201022,0.116,0.207,4.44889446675866e-06,"LINC02231","PD_vs_Ctrl","D1 medium spiny neuron"
1.51013759433127e-10,-1.03937389916349,0.143,0.239,4.49552860456476e-06,"FAM86HP","PD_vs_Ctrl","D1 medium spiny neuron"
1.54325452187561e-10,-0.730708718483971,0.217,0.324,4.59411438617149e-06,"RTCA","PD_vs_Ctrl","D1 medium spiny neuron"
1.54371150359481e-10,-0.691353513353458,0.166,0.277,4.59547477505138e-06,"AC092073.1","PD_vs_Ctrl","D1 medium spiny neuron"
1.63082782563788e-10,-0.632376469671188,0.278,0.395,4.8548113541414e-06,"DLEU7","PD_vs_Ctrl","D1 medium spiny neuron"
1.64291144694233e-10,-0.567041520789648,0.305,0.428,4.89078308640263e-06,"OBSCN-AS1","PD_vs_Ctrl","D1 medium spiny neuron"
1.6660182528844e-10,-0.683289551964712,0.256,0.37,4.95956973701156e-06,"STPG2","PD_vs_Ctrl","D1 medium spiny neuron"
1.75124219791424e-10,-0.656912485853209,0.219,0.332,5.21327289897089e-06,"OGG1","PD_vs_Ctrl","D1 medium spiny neuron"
1.95763611854681e-10,0.873598766807726,0.328,0.22,5.82768696130201e-06,"AC131009.2","PD_vs_Ctrl","D1 medium spiny neuron"
2.10234482582059e-10,-0.981688163739754,0.186,0.286,6.25847031198531e-06,"AC073167.1","PD_vs_Ctrl","D1 medium spiny neuron"
2.12684720270712e-10,0.759025569920622,0.425,0.326,6.33141143773881e-06,"LINC00862","PD_vs_Ctrl","D1 medium spiny neuron"
2.13453108591392e-10,-0.534047927563618,0.356,0.478,6.35428558965715e-06,"CES4A","PD_vs_Ctrl","D1 medium spiny neuron"
2.31966061860829e-10,0.607959187372331,0.496,0.4,6.90539769553502e-06,"ACTR3C","PD_vs_Ctrl","D1 medium spiny neuron"
2.35530978018605e-10,-0.668217790068632,0.144,0.251,7.01152168463585e-06,"EPHA5","PD_vs_Ctrl","D1 medium spiny neuron"
2.40649947032431e-10,-0.618373068391683,0.36,0.479,7.16390827320845e-06,"AL353626.1","PD_vs_Ctrl","D1 medium spiny neuron"
2.48173557453137e-10,-0.912719205425665,0.159,0.256,7.38787863182242e-06,"ZNF711","PD_vs_Ctrl","D1 medium spiny neuron"
2.53489943110601e-10,-0.548773073801334,0.284,0.405,7.54614211645949e-06,"AC008105.3","PD_vs_Ctrl","D1 medium spiny neuron"
2.58072215817587e-10,-0.523595660541786,0.311,0.434,7.68255179267373e-06,"NRSN2","PD_vs_Ctrl","D1 medium spiny neuron"
2.72016774031717e-10,-0.510766446746465,0.307,0.43,8.09766734615018e-06,"LRRTM2","PD_vs_Ctrl","D1 medium spiny neuron"
2.73973480029289e-10,-0.572817037405589,0.295,0.413,8.15591652699191e-06,"STX16-NPEPL1","PD_vs_Ctrl","D1 medium spiny neuron"
2.77132262327308e-10,-0.735525124801572,0.18,0.29,8.24995031722163e-06,"ZNFX1","PD_vs_Ctrl","D1 medium spiny neuron"
2.8027168041326e-10,-0.537255178657016,0.303,0.422,8.34340765422232e-06,"DCLK3","PD_vs_Ctrl","D1 medium spiny neuron"
3.0358166004131e-10,-0.526776754398148,0.339,0.461,9.03732243776977e-06,"CSRNP2","PD_vs_Ctrl","D1 medium spiny neuron"
3.21542988448664e-10,0.899179693908363,0.375,0.28,9.57201322312829e-06,"ABHD3","PD_vs_Ctrl","D1 medium spiny neuron"
3.3354256667132e-10,0.557589445414463,0.487,0.382,9.92922866723852e-06,"CNTNAP3B","PD_vs_Ctrl","D1 medium spiny neuron"
3.43843807899517e-10,0.680373742430167,0.395,0.286,1.02358863173607e-05,"FBXO17","PD_vs_Ctrl","D1 medium spiny neuron"
3.48208705184117e-10,-0.587827950415438,0.358,0.474,1.0365824944626e-05,"RPL3P4","PD_vs_Ctrl","D1 medium spiny neuron"
3.76642999850954e-10,-0.599049422959081,0.31,0.43,1.1212285462563e-05,"RPL13","PD_vs_Ctrl","D1 medium spiny neuron"
3.82309246811976e-10,-0.698525874364804,0.264,0.372,1.13809639683457e-05,"ZNF441","PD_vs_Ctrl","D1 medium spiny neuron"
4.28648296402152e-10,-0.589967456078771,0.406,0.51,1.27604311355957e-05,"SLC8A1-AS1","PD_vs_Ctrl","D1 medium spiny neuron"
4.38504139599428e-10,-0.602905005395832,0.21,0.324,1.30538297317354e-05,"CCDC85B","PD_vs_Ctrl","D1 medium spiny neuron"
4.54405274911814e-10,-0.552553486056287,0.315,0.43,1.35271906288498e-05,"RNF112","PD_vs_Ctrl","D1 medium spiny neuron"
4.65647989790373e-10,-0.674608652275356,0.23,0.341,1.38618750080696e-05,"FANCA","PD_vs_Ctrl","D1 medium spiny neuron"
4.6616082197006e-10,-0.721177346670925,0.283,0.396,1.38771415092267e-05,"MFSD13B","PD_vs_Ctrl","D1 medium spiny neuron"
5.09466815666366e-10,-0.615968281697354,0.247,0.362,1.5166317635572e-05,"TCTN3","PD_vs_Ctrl","D1 medium spiny neuron"
5.38177019420177e-10,-0.599747310661368,0.262,0.377,1.60209916911193e-05,"ABCA10","PD_vs_Ctrl","D1 medium spiny neuron"
5.38463240314282e-10,-0.683864864289515,0.2,0.309,1.60295122009159e-05,"ATP5G3","PD_vs_Ctrl","D1 medium spiny neuron"
5.43556972375132e-10,-0.730091321281731,0.214,0.32,1.61811475106353e-05,"CFAP100","PD_vs_Ctrl","D1 medium spiny neuron"
5.47156002983699e-10,0.811052508667181,0.313,0.207,1.62882870528217e-05,"CENPJ","PD_vs_Ctrl","D1 medium spiny neuron"
5.50380958169785e-10,-1.14307783782276,0.114,0.201,1.63842907437563e-05,"GRM5-AS1","PD_vs_Ctrl","D1 medium spiny neuron"
5.54201897047764e-10,-0.590291279041847,0.2,0.312,1.64980362732149e-05,"JAM2","PD_vs_Ctrl","D1 medium spiny neuron"
5.66019415656982e-10,1.1251259594679,0.206,0.113,1.68498319846927e-05,"AL591806.3","PD_vs_Ctrl","D1 medium spiny neuron"
5.7966667291042e-10,-0.6109005704844,0.192,0.304,1.72560971858703e-05,"ZNRF2","PD_vs_Ctrl","D1 medium spiny neuron"
5.79962814017798e-10,-0.733690904776173,0.165,0.267,1.72649130104958e-05,"CTSL","PD_vs_Ctrl","D1 medium spiny neuron"
5.92788860344051e-10,-0.700260630622243,0.201,0.308,1.76467315835821e-05,"ERH","PD_vs_Ctrl","D1 medium spiny neuron"
6.38648438637323e-10,0.541237308761421,0.519,0.422,1.90119253697945e-05,"SHC3","PD_vs_Ctrl","D1 medium spiny neuron"
6.89495140371446e-10,-0.606828749776712,0.213,0.322,2.05255808337176e-05,"GNPDA1","PD_vs_Ctrl","D1 medium spiny neuron"
6.93149913031032e-10,-0.944021086091444,0.112,0.202,2.06343797610208e-05,"FABP5","PD_vs_Ctrl","D1 medium spiny neuron"
6.99048990343274e-10,-0.51173483253619,0.347,0.467,2.08099893935289e-05,"GABARAPL2","PD_vs_Ctrl","D1 medium spiny neuron"
7.84087288915367e-10,-0.52450918224448,0.357,0.476,2.33414945037216e-05,"UBE2E1","PD_vs_Ctrl","D1 medium spiny neuron"
8.32262582915369e-10,-0.583276767887089,0.258,0.374,2.47756248308076e-05,"ZNF432","PD_vs_Ctrl","D1 medium spiny neuron"
8.88654348945824e-10,0.509916708179987,0.522,0.419,2.64543513137682e-05,"AC128689.1","PD_vs_Ctrl","D1 medium spiny neuron"
9.08655730775022e-10,-0.614440696918236,0.247,0.363,2.70497724494416e-05,"MFSD13A","PD_vs_Ctrl","D1 medium spiny neuron"
9.50175794411925e-10,-0.944192655597641,0.119,0.21,2.82857832238486e-05,"LINC00907","PD_vs_Ctrl","D1 medium spiny neuron"
1.00699102473723e-09,-0.511714734282998,0.284,0.407,2.99771158154026e-05,"ARMCX3","PD_vs_Ctrl","D1 medium spiny neuron"
1.05951130450646e-09,-0.531495289419846,0.344,0.469,3.15405920238527e-05,"DDX3X","PD_vs_Ctrl","D1 medium spiny neuron"
1.18573525164242e-09,-0.516974583573565,0.34,0.461,3.52981527061433e-05,"AC005482.1","PD_vs_Ctrl","D1 medium spiny neuron"
1.28531035010117e-09,-0.937238146049573,0.125,0.216,3.82624038121617e-05,"BHLHE40","PD_vs_Ctrl","D1 medium spiny neuron"
1.60534890300314e-09,-0.673913330095518,0.174,0.277,4.77896314935004e-05,"FIS1","PD_vs_Ctrl","D1 medium spiny neuron"
1.6364161685881e-09,-0.894868297824658,0.114,0.202,4.87144729226992e-05,"FIGNL1","PD_vs_Ctrl","D1 medium spiny neuron"
1.75603172376874e-09,-0.5362538197759,0.328,0.443,5.22753083848715e-05,"NUPL2","PD_vs_Ctrl","D1 medium spiny neuron"
1.75619291314757e-09,-0.500410620930328,0.358,0.469,5.228010683149e-05,"LINS1","PD_vs_Ctrl","D1 medium spiny neuron"
1.80317427243242e-09,-0.636508927955481,0.328,0.433,5.36786949160408e-05,"APH1B","PD_vs_Ctrl","D1 medium spiny neuron"
1.85127101083553e-09,-0.8083558723083,0.162,0.258,5.51104867215628e-05,"MRPL57","PD_vs_Ctrl","D1 medium spiny neuron"
1.86382725700496e-09,-0.525837634963418,0.367,0.48,5.54842736137805e-05,"FBXW2","PD_vs_Ctrl","D1 medium spiny neuron"
1.87883404316056e-09,-0.82125904106473,0.151,0.244,5.59310106308466e-05,"NUDT2","PD_vs_Ctrl","D1 medium spiny neuron"
1.93191817981426e-09,-0.600728843860994,0.279,0.391,5.75112722948907e-05,"RPS9","PD_vs_Ctrl","D1 medium spiny neuron"
2.09182418180889e-09,-0.805529724501935,0.126,0.217,6.22715140682688e-05,"CADPS2","PD_vs_Ctrl","D1 medium spiny neuron"
2.41169986500189e-09,-0.505299365127534,0.249,0.363,7.17938932812413e-05,"ST8SIA5","PD_vs_Ctrl","D1 medium spiny neuron"
2.56226435560529e-09,-0.645266141678972,0.234,0.341,7.6276047602014e-05,"WNT2B","PD_vs_Ctrl","D1 medium spiny neuron"
2.69345363429245e-09,-0.682238999788589,0.112,0.202,8.01814212392519e-05,"TCF7L1","PD_vs_Ctrl","D1 medium spiny neuron"
2.72403224227997e-09,-0.781028994703942,0.249,0.349,8.10917158204325e-05,"AC006387.1","PD_vs_Ctrl","D1 medium spiny neuron"
2.80454455577957e-09,-0.772667345590275,0.186,0.287,8.34884868810019e-05,"ELP6","PD_vs_Ctrl","D1 medium spiny neuron"
3.37174427461506e-09,-0.651690977838163,0.202,0.305,0.000100373455311016,"TSPAN9","PD_vs_Ctrl","D1 medium spiny neuron"
3.74510324804981e-09,0.598168537756762,0.446,0.35,0.000111487978591195,"FDFT1","PD_vs_Ctrl","D1 medium spiny neuron"
3.76059089021267e-09,-0.517121238764802,0.289,0.402,0.000111949030210741,"ACTR1B","PD_vs_Ctrl","D1 medium spiny neuron"
3.82460776281321e-09,-0.624751225409161,0.23,0.333,0.000113854748491186,"DNAJC19","PD_vs_Ctrl","D1 medium spiny neuron"
4.0304915859204e-09,-0.650827119372479,0.215,0.325,0.000119983704021264,"RPS16","PD_vs_Ctrl","D1 medium spiny neuron"
4.14550348170917e-09,-0.616805051636484,0.241,0.349,0.000123407493147,"TMED11P","PD_vs_Ctrl","D1 medium spiny neuron"
4.17714329019519e-09,-0.832847756822806,0.114,0.2,0.000124349378605821,"DPM2","PD_vs_Ctrl","D1 medium spiny neuron"
4.33905024650522e-09,-0.506819815201318,0.368,0.489,0.000129169186788214,"AP001825.1","PD_vs_Ctrl","D1 medium spiny neuron"
4.39237583119674e-09,-0.585917562565274,0.364,0.467,0.000130756636118896,"LRTM1","PD_vs_Ctrl","D1 medium spiny neuron"
4.43629302677474e-09,-0.654601976180831,0.204,0.306,0.000132064007114057,"COL6A1","PD_vs_Ctrl","D1 medium spiny neuron"
4.5310228750374e-09,-0.672785049186877,0.165,0.262,0.000134884019966988,"TNKS1BP1","PD_vs_Ctrl","D1 medium spiny neuron"
4.65422837546089e-09,-0.524874504805557,0.338,0.448,0.000138551724509095,"TRIM13","PD_vs_Ctrl","D1 medium spiny neuron"
4.68613372287369e-09,-0.767339754466254,0.158,0.253,0.000139501514796227,"BACH2","PD_vs_Ctrl","D1 medium spiny neuron"
4.8299591533781e-09,-0.548890729102129,0.321,0.433,0.000143783054036913,"JKAMP","PD_vs_Ctrl","D1 medium spiny neuron"
5.02284772649736e-09,-0.851291170891998,0.143,0.232,0.0001495251539701,"ADAMTS8","PD_vs_Ctrl","D1 medium spiny neuron"
5.509921404639e-09,-0.541310001886212,0.313,0.422,0.000164024850294699,"TRMT10B","PD_vs_Ctrl","D1 medium spiny neuron"
5.69613765324936e-09,-0.535722208986028,0.22,0.329,0.00016956832179958,"NDUFS3","PD_vs_Ctrl","D1 medium spiny neuron"
5.77316477462862e-09,-1.02425171442323,0.124,0.207,0.000171861342175919,"ENPP7P6","PD_vs_Ctrl","D1 medium spiny neuron"
6.04176093075311e-09,-0.619279184831689,0.286,0.391,0.000179857181147589,"ANKUB1","PD_vs_Ctrl","D1 medium spiny neuron"
6.06800158432972e-09,-0.586662929464119,0.187,0.289,0.000180638339163911,"CAMK2G","PD_vs_Ctrl","D1 medium spiny neuron"
6.07985137711283e-09,-0.717431524280066,0.243,0.337,0.000180991095645272,"AC091946.1","PD_vs_Ctrl","D1 medium spiny neuron"
6.52556418012516e-09,-0.518460348101183,0.315,0.423,0.000194259520078146,"ICAM5","PD_vs_Ctrl","D1 medium spiny neuron"
6.88416932470829e-09,-0.759996906080317,0.161,0.252,0.000204934836627241,"PTPRG-AS1","PD_vs_Ctrl","D1 medium spiny neuron"
7.10121468561285e-09,-0.618101521057726,0.192,0.291,0.000211396059976009,"CEBPG","PD_vs_Ctrl","D1 medium spiny neuron"
7.76256398192229e-09,0.61522747271714,0.477,0.407,0.000231083767177845,"HSPA4","PD_vs_Ctrl","D1 medium spiny neuron"
7.81562467087125e-09,-0.59057873480559,0.163,0.258,0.000232663330827166,"TTLL9","PD_vs_Ctrl","D1 medium spiny neuron"
8.25631727220471e-09,-0.531735110361687,0.301,0.415,0.000245782308876262,"DHDDS","PD_vs_Ctrl","D1 medium spiny neuron"
8.67608280979298e-09,-0.55194956998277,0.262,0.371,0.000258278309164727,"RAD23A","PD_vs_Ctrl","D1 medium spiny neuron"
9.66933199297571e-09,0.708434949245375,0.308,0.208,0.000287846344098894,"BRINP2","PD_vs_Ctrl","D1 medium spiny neuron"
1.01424763148083e-08,-0.789184288014944,0.149,0.237,0.000301931377415528,"RAPGEF6","PD_vs_Ctrl","D1 medium spiny neuron"
1.01624414139868e-08,-0.798132793314,0.185,0.276,0.000302525718452972,"RPL23AP49","PD_vs_Ctrl","D1 medium spiny neuron"
1.05568116122838e-08,-0.895914674029071,0.123,0.207,0.000314265724886076,"MAPKAPK5-AS1","PD_vs_Ctrl","D1 medium spiny neuron"
1.05756863819618e-08,-0.715398804699306,0.118,0.203,0.000314827607904622,"LYPLA2","PD_vs_Ctrl","D1 medium spiny neuron"
1.0885723001805e-08,-0.616840265972995,0.208,0.311,0.000324057088040733,"LINC01376","PD_vs_Ctrl","D1 medium spiny neuron"
1.10341924143243e-08,-0.688866237600534,0.232,0.33,0.000328476873982021,"STRADB","PD_vs_Ctrl","D1 medium spiny neuron"
1.11512255533682e-08,-0.755141523400406,0.161,0.253,0.000331960833498217,"OARD1","PD_vs_Ctrl","D1 medium spiny neuron"
1.15144179604062e-08,0.944378252681898,0.2,0.112,0.000342772708263332,"AP002991.1","PD_vs_Ctrl","D1 medium spiny neuron"
1.17771828077754e-08,-0.558053132663906,0.286,0.393,0.000350594955004666,"RPL41","PD_vs_Ctrl","D1 medium spiny neuron"
1.18117513908198e-08,-0.537318552626909,0.232,0.34,0.000351624027153315,"KIAA0895L","PD_vs_Ctrl","D1 medium spiny neuron"
1.1954469108262e-08,0.652174140648206,0.235,0.14,0.000355872590883852,"LRRK1","PD_vs_Ctrl","D1 medium spiny neuron"
1.20956855707149e-08,0.524534477341608,0.436,0.337,0.000360076463754612,"IPO5","PD_vs_Ctrl","D1 medium spiny neuron"
1.22370412659463e-08,-0.574124641183187,0.304,0.405,0.000364284481445957,"PFDN1","PD_vs_Ctrl","D1 medium spiny neuron"
1.27316430870624e-08,-0.547687973808739,0.135,0.228,0.000379008283058761,"SDR39U1","PD_vs_Ctrl","D1 medium spiny neuron"
1.40146559090568e-08,-0.759368511571453,0.13,0.217,0.000417202291756712,"ASB6","PD_vs_Ctrl","D1 medium spiny neuron"
1.63843164604021e-08,1.23999038930671,0.274,0.189,0.000487744716709711,"CRYAB","PD_vs_Ctrl","D1 medium spiny neuron"
1.69326102410571e-08,-0.656799578876973,0.271,0.37,0.00050406687426603,"AC002429.2","PD_vs_Ctrl","D1 medium spiny neuron"
1.76606237915441e-08,-0.62048501105826,0.227,0.33,0.000525739109650475,"RFC3","PD_vs_Ctrl","D1 medium spiny neuron"
1.80155192335047e-08,0.627952057161787,0.454,0.371,0.000536303992062201,"RBM14-RBM4","PD_vs_Ctrl","D1 medium spiny neuron"
1.80188879125504e-08,-0.605404838276139,0.332,0.429,0.000536404274268711,"LIX1-AS1","PD_vs_Ctrl","D1 medium spiny neuron"
1.81617715382456e-08,0.630939136468643,0.36,0.262,0.000540657776922035,"CRYBB2P1","PD_vs_Ctrl","D1 medium spiny neuron"
1.87015167959887e-08,0.558748968829959,0.278,0.175,0.000556725453499788,"ZNF727","PD_vs_Ctrl","D1 medium spiny neuron"
2.2987432894709e-08,-0.528352902232003,0.305,0.408,0.000684312889842594,"TRDMT1","PD_vs_Ctrl","D1 medium spiny neuron"
2.40526466515593e-08,0.57735571596457,0.404,0.309,0.00071602323817027,"GDA","PD_vs_Ctrl","D1 medium spiny neuron"
2.41425289008934e-08,-0.607166953367845,0.233,0.333,0.000718698942850695,"ILF3-AS1","PD_vs_Ctrl","D1 medium spiny neuron"
2.46036224854004e-08,-0.547041306475083,0.36,0.456,0.000732425237767886,"MTG2","PD_vs_Ctrl","D1 medium spiny neuron"
2.49471064406081e-08,0.533540750770396,0.405,0.305,0.000742650411630463,"AC069133.1","PD_vs_Ctrl","D1 medium spiny neuron"
2.52649299564567e-08,-0.601876537771732,0.196,0.291,0.000752111699873759,"ACAA1","PD_vs_Ctrl","D1 medium spiny neuron"
2.57938038731439e-08,0.587549240293404,0.393,0.298,0.00076785574749962,"HMGCS1","PD_vs_Ctrl","D1 medium spiny neuron"
2.75900873002118e-08,-0.597575187126315,0.174,0.27,0.000821329308840005,"COPS9","PD_vs_Ctrl","D1 medium spiny neuron"
2.87952000383683e-08,0.89866451405294,0.231,0.143,0.000857204309942187,"FAM27E3","PD_vs_Ctrl","D1 medium spiny neuron"
2.97641079231852e-08,-0.613394186649068,0.145,0.237,0.000886047728765302,"CRACR2A","PD_vs_Ctrl","D1 medium spiny neuron"
3.37185723265148e-08,-0.758034159666847,0.21,0.302,0.00100376817958802,"SPDYE3","PD_vs_Ctrl","D1 medium spiny neuron"
3.38757601040518e-08,-0.501210161346672,0.325,0.421,0.00100844750253752,"DLST","PD_vs_Ctrl","D1 medium spiny neuron"
3.4893319460825e-08,-0.81203979556183,0.227,0.315,0.0010387392270293,"AC011092.2","PD_vs_Ctrl","D1 medium spiny neuron"
3.49758055132211e-08,0.800556828314388,0.321,0.226,0.00104119475432308,"NRIP1","PD_vs_Ctrl","D1 medium spiny neuron"
3.51296472035034e-08,-0.804613002019088,0.155,0.242,0.00104577446760109,"NCBP2","PD_vs_Ctrl","D1 medium spiny neuron"
3.62071191468946e-08,-0.533906413436539,0.239,0.339,0.0010778497298839,"HCFC1R1","PD_vs_Ctrl","D1 medium spiny neuron"
3.89126125514423e-08,-0.525272201431502,0.262,0.369,0.00115838956304389,"PCBD2","PD_vs_Ctrl","D1 medium spiny neuron"
4.04349416352646e-08,-0.679068038374631,0.248,0.34,0.00120370777754019,"FILIP1L","PD_vs_Ctrl","D1 medium spiny neuron"
4.24428858558574e-08,-0.914113673599524,0.151,0.235,0.00126348226904302,"AC139720.1","PD_vs_Ctrl","D1 medium spiny neuron"
4.38018148557149e-08,-0.557508763125062,0.355,0.452,0.00130393622643978,"KDM4A","PD_vs_Ctrl","D1 medium spiny neuron"
4.56549825647194e-08,-0.59789639969029,0.207,0.305,0.00135910317596913,"CLUHP3","PD_vs_Ctrl","D1 medium spiny neuron"
4.61427576044203e-08,-0.528794694071278,0.213,0.313,0.00137362375112599,"RNH1","PD_vs_Ctrl","D1 medium spiny neuron"
4.63276268035316e-08,-0.784160810791724,0.185,0.274,0.00137912712231433,"DCLRE1C","PD_vs_Ctrl","D1 medium spiny neuron"
4.63718804850184e-08,-0.675166121720223,0.203,0.298,0.00138044451015851,"AKIP1","PD_vs_Ctrl","D1 medium spiny neuron"
4.73807169194e-08,-0.690340747136234,0.141,0.227,0.00141047656197362,"LYSMD4","PD_vs_Ctrl","D1 medium spiny neuron"
5.32593389547545e-08,0.889144290650498,0.264,0.178,0.00158547726134409,"RPS4Y1","PD_vs_Ctrl","D1 medium spiny neuron"
5.99176202007899e-08,-0.682910393891794,0.168,0.258,0.00178368763575732,"CACNB3","PD_vs_Ctrl","D1 medium spiny neuron"
6.25073058949001e-08,0.62674290730518,0.312,0.216,0.00186077998918528,"ADAL","PD_vs_Ctrl","D1 medium spiny neuron"
6.7868475507675e-08,-0.660197844385248,0.175,0.264,0.00202037664738798,"TMCO4","PD_vs_Ctrl","D1 medium spiny neuron"
6.82784424565542e-08,-0.772200204337256,0.13,0.213,0.00203258095348916,"AC244131.2","PD_vs_Ctrl","D1 medium spiny neuron"
7.49015785085923e-08,0.701208146229464,0.365,0.274,0.00222974509062229,"WDR6","PD_vs_Ctrl","D1 medium spiny neuron"
8.59142579733523e-08,0.53139999731942,0.518,0.457,0.00255758154560872,"CLK1","PD_vs_Ctrl","D1 medium spiny neuron"
9.81827725886893e-08,-0.730744344593504,0.143,0.226,0.00292280295719269,"SDCCAG3","PD_vs_Ctrl","D1 medium spiny neuron"
9.86609286947562e-08,-0.59449519818608,0.217,0.309,0.0029370371863142,"OGFR","PD_vs_Ctrl","D1 medium spiny neuron"
9.89619131726741e-08,-0.579541982878297,0.18,0.269,0.00294599719323734,"SPSB3","PD_vs_Ctrl","D1 medium spiny neuron"
1.00691332811965e-07,-0.611190526395224,0.153,0.243,0.00299748028647939,"ABCA6","PD_vs_Ctrl","D1 medium spiny neuron"
1.02720504229514e-07,-0.706105330761054,0.148,0.233,0.00305788669040839,"GLT8D1","PD_vs_Ctrl","D1 medium spiny neuron"
1.06454651090078e-07,-0.579155323273612,0.262,0.357,0.00316904850830054,"ARMC10","PD_vs_Ctrl","D1 medium spiny neuron"
1.11191723742362e-07,-0.57047195731711,0.225,0.321,0.00331006642408637,"PSMD7","PD_vs_Ctrl","D1 medium spiny neuron"
1.14254691307408e-07,-0.554391225258125,0.257,0.351,0.00340124790553022,"PHF7","PD_vs_Ctrl","D1 medium spiny neuron"
1.17313487640165e-07,0.582223150142805,0.418,0.338,0.00349230521356009,"GCNA","PD_vs_Ctrl","D1 medium spiny neuron"
1.20517330374152e-07,-0.615757846352918,0.149,0.238,0.00358768040790814,"NDUFB10","PD_vs_Ctrl","D1 medium spiny neuron"
1.25407106510694e-07,-0.972247036145584,0.14,0.216,0.00373324415371685,"MACROD2-AS1","PD_vs_Ctrl","D1 medium spiny neuron"
1.26998600465663e-07,-0.783410892163324,0.13,0.211,0.00378062133726233,"NLRX1","PD_vs_Ctrl","D1 medium spiny neuron"
1.3127961411837e-07,0.780099854739909,0.22,0.137,0.00390806283268974,"KITLG","PD_vs_Ctrl","D1 medium spiny neuron"
1.33194216405269e-07,0.506191293130346,0.505,0.429,0.00396505862816846,"COL24A1","PD_vs_Ctrl","D1 medium spiny neuron"
1.33306683528156e-07,-0.786838983728657,0.176,0.26,0.00396840666194969,"PAXIP1-AS1","PD_vs_Ctrl","D1 medium spiny neuron"
1.33463693869529e-07,-0.663992614179613,0.14,0.225,0.00397308070280202,"ESRRA","PD_vs_Ctrl","D1 medium spiny neuron"
1.39033426873509e-07,-0.581734188932236,0.165,0.251,0.00413888608459748,"POLR3F","PD_vs_Ctrl","D1 medium spiny neuron"
1.44371574941654e-07,-0.678652780807573,0.183,0.273,0.00429779741443809,"TMEM126B","PD_vs_Ctrl","D1 medium spiny neuron"
1.47209752683745e-07,-0.891847778106232,0.132,0.207,0.00438228712764239,"AC015971.1","PD_vs_Ctrl","D1 medium spiny neuron"
1.53588233532594e-07,0.828185135585668,0.239,0.156,0.0045721681240318,"TUBBP5","PD_vs_Ctrl","D1 medium spiny neuron"
1.57458773754599e-07,0.738996740459413,0.258,0.173,0.00468739023590066,"AP003469.4","PD_vs_Ctrl","D1 medium spiny neuron"
1.60102156179374e-07,-0.527277312977691,0.276,0.372,0.00476608108730377,"MIR193BHG","PD_vs_Ctrl","D1 medium spiny neuron"
1.66574432453525e-07,-0.785407837617595,0.19,0.273,0.00495875427970899,"LINC00937","PD_vs_Ctrl","D1 medium spiny neuron"
1.66959830355638e-07,-0.580438821259789,0.17,0.261,0.00497022718985698,"EME2","PD_vs_Ctrl","D1 medium spiny neuron"
1.68347871453357e-07,-0.52433552723859,0.235,0.332,0.00501154778529499,"SLC2A3","PD_vs_Ctrl","D1 medium spiny neuron"
1.83254794816387e-07,-0.57314413699887,0.147,0.233,0.00545531198688903,"COMMD4","PD_vs_Ctrl","D1 medium spiny neuron"
1.83358266021204e-07,-0.653036351270632,0.193,0.281,0.00545839222118521,"DUOX1","PD_vs_Ctrl","D1 medium spiny neuron"
1.87177579929386e-07,-0.620350576960056,0.18,0.269,0.00557208937691789,"SEC61B","PD_vs_Ctrl","D1 medium spiny neuron"
1.9965348308015e-07,-0.579140683731048,0.228,0.319,0.005943484537813,"GABRA6","PD_vs_Ctrl","D1 medium spiny neuron"
2.01377941898343e-07,0.552187623658394,0.326,0.23,0.00599481995237177,"AC010884.1","PD_vs_Ctrl","D1 medium spiny neuron"
2.05269678754167e-07,-0.5176678733839,0.27,0.367,0.0061106730668328,"AC098864.1","PD_vs_Ctrl","D1 medium spiny neuron"
2.10978330435336e-07,-0.675416804334522,0.239,0.328,0.00628061391872952,"RPS7","PD_vs_Ctrl","D1 medium spiny neuron"
2.20464051116317e-07,0.904550381581246,0.225,0.147,0.00656299433768165,"PLD5","PD_vs_Ctrl","D1 medium spiny neuron"
2.29358449582686e-07,-0.581789492249493,0.215,0.309,0.00682777168562699,"MAP1LC3A","PD_vs_Ctrl","D1 medium spiny neuron"
2.38258805550911e-07,-0.53535162010769,0.256,0.354,0.00709272638244508,"RIPK1","PD_vs_Ctrl","D1 medium spiny neuron"
2.39433073436108e-07,0.794277819587427,0.291,0.204,0.00712768316311951,"CYP27A1","PD_vs_Ctrl","D1 medium spiny neuron"
2.39793973425798e-07,-0.596778546918711,0.297,0.384,0.00713842679491259,"RORA-AS1","PD_vs_Ctrl","D1 medium spiny neuron"
2.42666413533681e-07,-0.551563886664713,0.241,0.33,0.00722393646448414,"ANAPC4","PD_vs_Ctrl","D1 medium spiny neuron"
2.57989501535041e-07,-0.652234131581458,0.164,0.248,0.00768008947119664,"LRRC39","PD_vs_Ctrl","D1 medium spiny neuron"
2.59891313922711e-07,-0.760304837270549,0.163,0.243,0.00773670452416518,"AC027018.1","PD_vs_Ctrl","D1 medium spiny neuron"
2.62594039959504e-07,-0.542490214610085,0.143,0.227,0.00781716197555448,"TDRD6","PD_vs_Ctrl","D1 medium spiny neuron"
2.69602521398438e-07,-0.507339388792724,0.299,0.396,0.00802579745951011,"SLC1A2","PD_vs_Ctrl","D1 medium spiny neuron"
2.74407742677087e-07,-0.510576718333728,0.212,0.306,0.00816884409175421,"PICK1","PD_vs_Ctrl","D1 medium spiny neuron"
2.8865112740115e-07,-0.709926874763582,0.177,0.262,0.00859285541160485,"POLL","PD_vs_Ctrl","D1 medium spiny neuron"
2.91408494778245e-07,0.66659060667035,0.247,0.16,0.00867493948105357,"SMC5-AS1","PD_vs_Ctrl","D1 medium spiny neuron"
2.93767159487784e-07,-0.749360419408219,0.126,0.202,0.00874515457079185,"RASSF7","PD_vs_Ctrl","D1 medium spiny neuron"
3.10946759236944e-07,-0.709230654476887,0.128,0.204,0.00925657407572458,"SLC46A3","PD_vs_Ctrl","D1 medium spiny neuron"
3.11460556978238e-07,-0.549431686139293,0.23,0.324,0.00927186932068516,"M6PR","PD_vs_Ctrl","D1 medium spiny neuron"
3.1693358379022e-07,-0.521080252513585,0.27,0.362,0.00943479585585106,"TFRC","PD_vs_Ctrl","D1 medium spiny neuron"
3.25615993110531e-07,0.640502545681818,0.282,0.195,0.00969326249890741,"LYPD8","PD_vs_Ctrl","D1 medium spiny neuron"
3.33720350381483e-07,-0.649811878020229,0.166,0.248,0.00993452111050636,"DSCAS","PD_vs_Ctrl","D1 medium spiny neuron"
3.41799159651511e-07,-0.563016668598444,0.161,0.245,0.0101750191836658,"CPPED1","PD_vs_Ctrl","D1 medium spiny neuron"
3.5019799772891e-07,-0.842840501785764,0.139,0.215,0.0104250441943919,"SCML1","PD_vs_Ctrl","D1 medium spiny neuron"
3.51737950054039e-07,-0.590459132841905,0.259,0.347,0.0104708870351587,"AC092574.2","PD_vs_Ctrl","D1 medium spiny neuron"
3.71279602864355e-07,-0.663751882496472,0.147,0.227,0.011052622497669,"TMEM72-AS1","PD_vs_Ctrl","D1 medium spiny neuron"
3.83584317496312e-07,-0.833146622017495,0.134,0.208,0.0114189215475477,"AC116366.3","PD_vs_Ctrl","D1 medium spiny neuron"
3.8434231053666e-07,0.631189649732754,0.41,0.33,0.0114414862423658,"RAB27B","PD_vs_Ctrl","D1 medium spiny neuron"
4.04225949422971e-07,-0.623084108433769,0.185,0.269,0.0120334022883724,"TMEM134","PD_vs_Ctrl","D1 medium spiny neuron"
4.06980817037818e-07,-0.775616678737607,0.135,0.212,0.0121154119423988,"NTNG1","PD_vs_Ctrl","D1 medium spiny neuron"
4.17801683814761e-07,-0.572238303187227,0.194,0.28,0.0124375383254816,"AP005202.1","PD_vs_Ctrl","D1 medium spiny neuron"
4.2269239854626e-07,-0.540668290119606,0.21,0.299,0.0125831300123236,"FAM104A","PD_vs_Ctrl","D1 medium spiny neuron"
4.30149798948313e-07,-0.798173833190422,0.162,0.238,0.0128051293648923,"SHISA6","PD_vs_Ctrl","D1 medium spiny neuron"
4.41514199499698e-07,-0.530363327055131,0.283,0.379,0.0131434362049065,"RPRML","PD_vs_Ctrl","D1 medium spiny neuron"
4.42903409583298e-07,-0.611674993582777,0.213,0.301,0.0131847915998852,"JAKMIP2-AS1","PD_vs_Ctrl","D1 medium spiny neuron"
4.42973526440762e-07,-0.518615546876243,0.268,0.364,0.013186878908615,"RINT1","PD_vs_Ctrl","D1 medium spiny neuron"
4.4409861992705e-07,-0.620566072498583,0.214,0.304,0.0132203718166084,"MRPS26","PD_vs_Ctrl","D1 medium spiny neuron"
4.45562506441059e-07,0.771089851310204,0.235,0.154,0.0132639502542439,"ZFY","PD_vs_Ctrl","D1 medium spiny neuron"
4.52326722312406e-07,-0.575039466888014,0.239,0.327,0.013465314196518,"EMCN","PD_vs_Ctrl","D1 medium spiny neuron"
4.68913102581294e-07,0.734948276261171,0.299,0.218,0.0139590741507425,"MSH4","PD_vs_Ctrl","D1 medium spiny neuron"
4.8428253513532e-07,0.784482444359352,0.247,0.167,0.0144166067884434,"BAG2","PD_vs_Ctrl","D1 medium spiny neuron"
5.23448293982905e-07,-0.659702125178197,0.171,0.252,0.0155825322635771,"C19orf25","PD_vs_Ctrl","D1 medium spiny neuron"
5.51435854402162e-07,-0.609785323142698,0.169,0.254,0.016415693949698,"MRPL34","PD_vs_Ctrl","D1 medium spiny neuron"
5.64630594150767e-07,-0.501076456138112,0.229,0.321,0.0168084881572742,"AC123768.3","PD_vs_Ctrl","D1 medium spiny neuron"
5.78025046780998e-07,-0.521188793147727,0.167,0.252,0.0172072276176235,"PTGES2","PD_vs_Ctrl","D1 medium spiny neuron"
6.09658502031555e-07,-0.533001393535274,0.224,0.314,0.0181489239469773,"NONO","PD_vs_Ctrl","D1 medium spiny neuron"
6.19688372327216e-07,-0.552591068696461,0.249,0.339,0.0184475031558089,"ANKRD20A8P","PD_vs_Ctrl","D1 medium spiny neuron"
6.24612175115393e-07,-0.663503140756288,0.132,0.208,0.0185940798410101,"STK33","PD_vs_Ctrl","D1 medium spiny neuron"
6.41583088234051e-07,-0.810021251723497,0.209,0.281,0.0190992869536395,"RHD","PD_vs_Ctrl","D1 medium spiny neuron"
6.51229969295754e-07,-0.601539821200953,0.196,0.279,0.0193864649559653,"RABL3","PD_vs_Ctrl","D1 medium spiny neuron"
6.64307916426027e-07,-0.647455482765091,0.167,0.248,0.0197757823640864,"ZNF7","PD_vs_Ctrl","D1 medium spiny neuron"
6.67307337031164e-07,-0.571379866516288,0.243,0.327,0.0198650721160807,"FAM200A","PD_vs_Ctrl","D1 medium spiny neuron"
6.88829679515352e-07,-0.677698031609077,0.138,0.214,0.0205057707294925,"COQ3","PD_vs_Ctrl","D1 medium spiny neuron"
6.95000028798775e-07,-0.510201875541859,0.139,0.22,0.0206894558573107,"LMF2","PD_vs_Ctrl","D1 medium spiny neuron"
7.02688116326173e-07,-0.615590560348755,0.18,0.263,0.0209183225349138,"TMEM128","PD_vs_Ctrl","D1 medium spiny neuron"
7.06649209885446e-07,0.501067631069289,0.406,0.325,0.0210362403290798,"HCN1","PD_vs_Ctrl","D1 medium spiny neuron"
7.20124147337228e-07,-0.789381396392348,0.16,0.237,0.0214373757420819,"NPY5R","PD_vs_Ctrl","D1 medium spiny neuron"
7.31277735307469e-07,-0.711822876493168,0.184,0.264,0.021769406902368,"C9orf41-AS1","PD_vs_Ctrl","D1 medium spiny neuron"
8.37997678531628e-07,1.03389119862284,0.252,0.178,0.024946352892208,"AHSA1","PD_vs_Ctrl","D1 medium spiny neuron"
8.54476358133941e-07,-0.540811966437228,0.221,0.308,0.0254369067052893,"NDUFAF4","PD_vs_Ctrl","D1 medium spiny neuron"
8.87292696675623e-07,0.692666007751406,0.265,0.183,0.0264138162873366,"FGF7P6","PD_vs_Ctrl","D1 medium spiny neuron"
8.95833161754436e-07,-0.82523603255681,0.132,0.205,0.0266680573922678,"SNHG8","PD_vs_Ctrl","D1 medium spiny neuron"
9.86480817288188e-07,0.761021995535946,0.286,0.207,0.0293665474498521,"ETV1","PD_vs_Ctrl","D1 medium spiny neuron"
1.01097177068625e-06,-0.553383704595261,0.184,0.273,0.0300956186415591,"CDKN2D","PD_vs_Ctrl","D1 medium spiny neuron"
1.01756051541909e-06,-0.502545581309854,0.241,0.332,0.0302917589835108,"ZNF583","PD_vs_Ctrl","D1 medium spiny neuron"
1.06789419946319e-06,-0.569593413389945,0.22,0.307,0.0317901424238198,"AC097515.1","PD_vs_Ctrl","D1 medium spiny neuron"
1.12102661567921e-06,-0.573063347087642,0.135,0.212,0.0333718413221544,"DDIT3","PD_vs_Ctrl","D1 medium spiny neuron"
1.14273938262277e-06,-0.529486734253251,0.167,0.249,0.0340182086812972,"C9orf16","PD_vs_Ctrl","D1 medium spiny neuron"
1.19218862876311e-06,-0.532103370799488,0.223,0.306,0.035490263289649,"ACBD5","PD_vs_Ctrl","D1 medium spiny neuron"
1.2215032203847e-06,-0.610058779915791,0.159,0.237,0.036362929367632,"HACD4","PD_vs_Ctrl","D1 medium spiny neuron"
1.22583588953448e-06,0.772219259411535,0.239,0.161,0.0364919085955519,"TTF2","PD_vs_Ctrl","D1 medium spiny neuron"
1.31525636869926e-06,-0.504844550213781,0.272,0.362,0.0391538668398082,"CATSPERE","PD_vs_Ctrl","D1 medium spiny neuron"
1.34464988536274e-06,-0.527868060306837,0.255,0.342,0.0400288824373635,"PKN2-AS1","PD_vs_Ctrl","D1 medium spiny neuron"
1.3939060356507e-06,-0.540199233304164,0.163,0.245,0.0414951887752857,"CEP170B","PD_vs_Ctrl","D1 medium spiny neuron"
1.41682192924566e-06,-0.838505458993599,0.141,0.213,0.0421773720117142,"ZNF658","PD_vs_Ctrl","D1 medium spiny neuron"
1.50223313289548e-06,-0.686002929278661,0.176,0.253,0.0447199781331654,"AC016582.3","PD_vs_Ctrl","D1 medium spiny neuron"
1.62212819731563e-06,0.567554782702604,0.38,0.302,0.0482891343058889,"ARHGEF26","PD_vs_Ctrl","D1 medium spiny neuron"
1.63876773802044e-06,-0.612063204342826,0.135,0.211,0.0487844767931306,"MIEN1","PD_vs_Ctrl","D1 medium spiny neuron"
1.64522231839913e-06,0.805290816126389,0.208,0.135,0.0489766231964236,"LIMS2","PD_vs_Ctrl","D1 medium spiny neuron"
1.65046725381536e-06,-0.79597289226372,0.135,0.207,0.0491327596788295,"CRISPLD1","PD_vs_Ctrl","D1 medium spiny neuron"
1.66099523900071e-06,-0.943035356092607,0.137,0.204,0.0494461672698123,"AC004039.1","PD_vs_Ctrl","D1 medium spiny neuron"
6.72747836455918e-127,-2.37981523338972,0.235,0.636,2.00270303434562e-122,"B2M","PD_vs_Ctrl","D2 medium spiny neuron"
2.92024649568374e-125,-4.02122630949036,0.057,0.417,8.69328179300094e-121,"IFI6","PD_vs_Ctrl","D2 medium spiny neuron"
4.36368523012226e-111,-2.13220232931956,0.226,0.622,1.2990254561551e-106,"APOE","PD_vs_Ctrl","D2 medium spiny neuron"
4.43175030860369e-110,-5.76746898340548,0.012,0.307,1.31928774936823e-105,"MTND1P23","PD_vs_Ctrl","D2 medium spiny neuron"
4.24893555290716e-99,-2.02223726952399,0.242,0.616,1.26486562474493e-94,"CST3","PD_vs_Ctrl","D2 medium spiny neuron"
2.66655244601704e-85,-5.84348895914087,0.002,0.226,7.93805997654813e-81,"LINC02470","PD_vs_Ctrl","D2 medium spiny neuron"
1.74995397169667e-84,2.2325767762568,0.471,0.146,5.20943797834381e-80,"SNX31","PD_vs_Ctrl","D2 medium spiny neuron"
1.96969395913992e-83,-4.46190965709979,0.017,0.256,5.86358194696361e-79,"LINC02133","PD_vs_Ctrl","D2 medium spiny neuron"
2.67402505400114e-77,0.505365716846764,0.884,0.776,7.960305183256e-73,"DSCAM","PD_vs_Ctrl","D2 medium spiny neuron"
3.83304560861594e-75,0.870232104939326,0.783,0.588,1.14105934722888e-70,"DPH6-AS1","PD_vs_Ctrl","D2 medium spiny neuron"
2.82904075490448e-74,0.826969953196308,0.804,0.623,8.42177142327514e-70,"UTRN","PD_vs_Ctrl","D2 medium spiny neuron"
9.21220254062366e-72,0.866281829760864,0.79,0.611,2.74238057431826e-67,"HIBCH","PD_vs_Ctrl","D2 medium spiny neuron"
1.45859205764806e-68,1.08339806004615,0.659,0.322,4.3420826964125e-64,"UTY","PD_vs_Ctrl","D2 medium spiny neuron"
3.43340957202212e-64,1.0158678820653,0.715,0.335,1.02209169549527e-59,"NLGN4Y","PD_vs_Ctrl","D2 medium spiny neuron"
8.90988895782495e-64,-1.41884041279048,0.185,0.483,2.65238484385491e-59,"XIST","PD_vs_Ctrl","D2 medium spiny neuron"
1.80792909146012e-62,1.0280614422647,0.691,0.337,5.38202411236762e-58,"TTTY14","PD_vs_Ctrl","D2 medium spiny neuron"
1.4032364733989e-61,-1.96421168321904,0.117,0.372,4.17729465766118e-57,"AC004551.1","PD_vs_Ctrl","D2 medium spiny neuron"
3.28227377534144e-60,1.05819392862286,0.629,0.316,9.77100080181395e-56,"USP9Y","PD_vs_Ctrl","D2 medium spiny neuron"
3.8910670656699e-59,1.07032894133724,0.643,0.373,1.15833175477927e-54,"BRINP3","PD_vs_Ctrl","D2 medium spiny neuron"
5.40898302937065e-59,-1.35417669453039,0.285,0.55,1.61020015801335e-54,"TRPC6","PD_vs_Ctrl","D2 medium spiny neuron"
8.96523521356723e-59,0.96627537328734,0.676,0.408,2.66886087072683e-54,"PDE1C","PD_vs_Ctrl","D2 medium spiny neuron"
2.80200055842445e-57,-3.14545507775286,0.066,0.281,8.34127546237374e-53,"ISG15","PD_vs_Ctrl","D2 medium spiny neuron"
1.83424326180199e-56,-1.08332132892427,0.558,0.767,5.46035876605833e-52,"FTH1","PD_vs_Ctrl","D2 medium spiny neuron"
2.46058981090102e-56,-1.4784100246935,0.205,0.47,7.32492980807123e-52,"LINC01588","PD_vs_Ctrl","D2 medium spiny neuron"
1.11104474282561e-55,0.520550599560096,0.886,0.747,3.30746909491757e-51,"GALNTL6","PD_vs_Ctrl","D2 medium spiny neuron"
9.96975316531621e-54,0.826903107632378,0.736,0.514,2.96789581978298e-49,"PRKG1","PD_vs_Ctrl","D2 medium spiny neuron"
1.66322436883211e-50,1.8037828493906,0.359,0.119,4.9512526235763e-46,"TOGARAM2","PD_vs_Ctrl","D2 medium spiny neuron"
1.66611887903749e-50,0.953223777308311,0.656,0.464,4.95986929100671e-46,"FAM182B","PD_vs_Ctrl","D2 medium spiny neuron"
7.48534311103373e-49,0.869959536427856,0.69,0.523,2.22831179072363e-44,"ZNF365","PD_vs_Ctrl","D2 medium spiny neuron"
8.85237127838477e-49,-2.17841808052981,0.125,0.338,2.63526240586236e-44,"STAT1","PD_vs_Ctrl","D2 medium spiny neuron"
1.28009627208681e-48,-1.68109644931879,0.139,0.369,3.81071859237522e-44,"AC010997.3","PD_vs_Ctrl","D2 medium spiny neuron"
1.48999960536653e-46,-0.914337102145691,0.551,0.775,4.43557982521561e-42,"FTL","PD_vs_Ctrl","D2 medium spiny neuron"
2.02907879286173e-46,-1.80453705850107,0.169,0.404,6.04036465847008e-42,"SPARCL1","PD_vs_Ctrl","D2 medium spiny neuron"
2.28856031573934e-46,0.587753277744374,0.812,0.658,6.81281520392445e-42,"ZNF804A","PD_vs_Ctrl","D2 medium spiny neuron"
1.77388664594025e-45,0.532381937283137,0.84,0.703,5.28068315629952e-41,"GRM1","PD_vs_Ctrl","D2 medium spiny neuron"
2.87990399661848e-44,0.694626739444596,0.73,0.6,8.57318620753355e-40,"SEMA3A","PD_vs_Ctrl","D2 medium spiny neuron"
7.18128839351094e-44,1.76719123651108,0.374,0.161,2.13779774186427e-39,"HSPA1A","PD_vs_Ctrl","D2 medium spiny neuron"
1.09186009051712e-43,1.58103506504049,0.381,0.162,3.25035830346042e-39,"DNAJB1","PD_vs_Ctrl","D2 medium spiny neuron"
6.00779923624827e-43,-2.17637443917297,0.09,0.285,1.78846175463875e-38,"HLA-A","PD_vs_Ctrl","D2 medium spiny neuron"
6.04208332810227e-43,-0.728480737420979,0.599,0.741,1.79866778594276e-38,"TAC1","PD_vs_Ctrl","D2 medium spiny neuron"
2.12008170202781e-42,0.580388266987627,0.828,0.67,6.31127121876658e-38,"CHST15","PD_vs_Ctrl","D2 medium spiny neuron"
3.27749089681899e-42,-1.39272949557292,0.179,0.397,9.75676265074046e-38,"AC127164.1","PD_vs_Ctrl","D2 medium spiny neuron"
1.0926392158076e-41,-2.70228825678565,0.053,0.219,3.25267768153765e-37,"AC073941.1","PD_vs_Ctrl","D2 medium spiny neuron"
1.70939705360419e-41,0.544043679403234,0.855,0.742,5.0887040888743e-37,"HSPH1","PD_vs_Ctrl","D2 medium spiny neuron"
3.71884292941504e-41,-1.70777630341494,0.109,0.306,1.10706235165756e-36,"AL512625.3","PD_vs_Ctrl","D2 medium spiny neuron"
3.86309055740691e-41,-1.84051388403252,0.067,0.248,1.15000342803446e-36,"AC068722.1","PD_vs_Ctrl","D2 medium spiny neuron"
1.57150493807916e-40,0.701288826516388,0.739,0.574,4.67821305016785e-36,"AC093523.1","PD_vs_Ctrl","D2 medium spiny neuron"
2.1659067760915e-40,1.27196547146048,0.484,0.279,6.4476878817468e-36,"PLCH1","PD_vs_Ctrl","D2 medium spiny neuron"
2.56725423358074e-40,0.94267646488889,0.629,0.46,7.64245912794651e-36,"PTGES3","PD_vs_Ctrl","D2 medium spiny neuron"
5.28503749608679e-40,-1.18231710510652,0.332,0.543,1.57330281221008e-35,"HES4","PD_vs_Ctrl","D2 medium spiny neuron"
1.21491229089938e-39,-1.09924261811637,0.254,0.489,3.61667239877837e-35,"ADCY1","PD_vs_Ctrl","D2 medium spiny neuron"
1.95324124915646e-39,0.599685385321222,0.769,0.604,5.81460387461385e-35,"MIAT","PD_vs_Ctrl","D2 medium spiny neuron"
2.24368910103289e-39,0.630011888530161,0.766,0.609,6.67923808486482e-35,"PTPN13","PD_vs_Ctrl","D2 medium spiny neuron"
4.0003106071872e-39,1.05837460592114,0.554,0.367,1.19085246465356e-34,"CHORDC1","PD_vs_Ctrl","D2 medium spiny neuron"
8.25564000794088e-39,-2.51239474718107,0.062,0.228,2.45762147396392e-34,"VIM","PD_vs_Ctrl","D2 medium spiny neuron"
8.62484550087426e-39,1.1546490218961,0.481,0.267,2.56753025715526e-34,"ARL17A","PD_vs_Ctrl","D2 medium spiny neuron"
1.15235878653759e-37,0.681696221413224,0.697,0.546,3.43045687164374e-33,"AC139887.2","PD_vs_Ctrl","D2 medium spiny neuron"
4.37799222388935e-37,1.2591150953766,0.446,0.244,1.30328450512962e-32,"ZDHHC11","PD_vs_Ctrl","D2 medium spiny neuron"
4.9389323680106e-37,0.532313512034819,0.76,0.637,1.47027077663307e-32,"INTU","PD_vs_Ctrl","D2 medium spiny neuron"
6.90059607289787e-37,-2.33855305072988,0.055,0.21,2.05423844494097e-32,"RPL10P9","PD_vs_Ctrl","D2 medium spiny neuron"
1.51634272086621e-36,-1.02382619892004,0.296,0.511,4.51400064574663e-32,"TESPA1","PD_vs_Ctrl","D2 medium spiny neuron"
1.55254858765613e-36,-1.29020971508867,0.223,0.443,4.62178189059353e-32,"TUBB2A","PD_vs_Ctrl","D2 medium spiny neuron"
2.31928273417116e-35,0.903192000065293,0.518,0.306,6.90427277135413e-31,"GRK3","PD_vs_Ctrl","D2 medium spiny neuron"
2.45128033064631e-35,0.720629453263979,0.668,0.521,7.29721641630101e-31,"CYB5R4","PD_vs_Ctrl","D2 medium spiny neuron"
2.93342054643093e-35,0.501261468434374,0.786,0.681,8.73249962467024e-31,"UBR2","PD_vs_Ctrl","D2 medium spiny neuron"
3.03461742410933e-35,0.607195965326143,0.758,0.639,9.03375260983107e-31,"CARMIL1","PD_vs_Ctrl","D2 medium spiny neuron"
8.1378345324005e-35,-0.571894485501473,0.723,0.794,2.42255196195031e-30,"PPP1R1B","PD_vs_Ctrl","D2 medium spiny neuron"
1.47128765021224e-34,1.00668541887496,0.503,0.306,4.37987620591683e-30,"LRRIQ1","PD_vs_Ctrl","D2 medium spiny neuron"
1.88134045396211e-34,1.44063648497687,0.369,0.174,5.60056239739981e-30,"AC022387.1","PD_vs_Ctrl","D2 medium spiny neuron"
3.4541739317529e-34,0.506179006284982,0.796,0.673,1.02827303774352e-29,"CAP2","PD_vs_Ctrl","D2 medium spiny neuron"
1.26078315338333e-33,0.714907818664269,0.668,0.508,3.75322536930682e-29,"HSPA4L","PD_vs_Ctrl","D2 medium spiny neuron"
2.63917134436437e-33,1.24500803333958,0.413,0.222,7.85654917503829e-29,"SEZ6L","PD_vs_Ctrl","D2 medium spiny neuron"
3.02784617332597e-33,0.648012251842078,0.678,0.53,9.01359527337407e-29,"MCTP2","PD_vs_Ctrl","D2 medium spiny neuron"
5.6377036730357e-33,-1.25287825060967,0.196,0.386,1.678288006426e-28,"AL355472.4","PD_vs_Ctrl","D2 medium spiny neuron"
9.34061860223287e-33,-0.76043758161894,0.345,0.578,2.7806087516987e-28,"EBF1","PD_vs_Ctrl","D2 medium spiny neuron"
2.1972102802688e-32,0.963597736875259,0.539,0.361,6.54087528333219e-28,"OVCH1","PD_vs_Ctrl","D2 medium spiny neuron"
2.90858100347706e-32,1.21321263804195,0.39,0.195,8.65855478925085e-28,"TBL1Y","PD_vs_Ctrl","D2 medium spiny neuron"
7.68959084626666e-32,1.44740942146086,0.29,0.117,2.28911429902512e-27,"HSPB1","PD_vs_Ctrl","D2 medium spiny neuron"
8.53479497448556e-32,0.676497624398697,0.646,0.498,2.54072311595461e-27,"CWF19L2","PD_vs_Ctrl","D2 medium spiny neuron"
9.64741271605569e-32,-1.0056223610801,0.29,0.483,2.87193829144262e-27,"AC018730.2","PD_vs_Ctrl","D2 medium spiny neuron"
3.00924663084727e-31,-1.1951867269654,0.331,0.521,8.95822629536924e-27,"RPL3P4","PD_vs_Ctrl","D2 medium spiny neuron"
9.21235240504965e-31,0.915920164299921,0.526,0.338,2.74242518745923e-26,"LINC00159","PD_vs_Ctrl","D2 medium spiny neuron"
1.24922868027327e-30,-0.897346727392709,0.241,0.449,3.71882885830549e-26,"HS3ST4","PD_vs_Ctrl","D2 medium spiny neuron"
1.57498920075114e-29,-0.923552805409142,0.302,0.489,4.68858535171607e-25,"C6orf141","PD_vs_Ctrl","D2 medium spiny neuron"
1.83164957971464e-29,-2.17801319439048,0.072,0.216,5.4526376338525e-25,"S100B","PD_vs_Ctrl","D2 medium spiny neuron"
2.39312863937476e-29,1.20212897977835,0.368,0.185,7.12410464655472e-25,"ARHGAP6","PD_vs_Ctrl","D2 medium spiny neuron"
2.82849164417727e-29,-1.0728401252094,0.297,0.475,8.42013677555132e-25,"PSMD5-AS1","PD_vs_Ctrl","D2 medium spiny neuron"
3.43837079461613e-29,-0.810435049076704,0.455,0.65,1.02356860184928e-24,"EIF1","PD_vs_Ctrl","D2 medium spiny neuron"
3.76944339650396e-29,0.839988581054028,0.577,0.418,1.12212560470527e-24,"AC005726.2","PD_vs_Ctrl","D2 medium spiny neuron"
5.46809311688205e-29,0.965488510323704,0.366,0.18,1.62779663996462e-24,"CAMK2D","PD_vs_Ctrl","D2 medium spiny neuron"
2.1343644200327e-28,1.35092220466975,0.371,0.2,6.35378944199535e-24,"ABHD3","PD_vs_Ctrl","D2 medium spiny neuron"
2.72625526901068e-28,-1.17616161461667,0.28,0.464,8.1157893103179e-24,"RPL29","PD_vs_Ctrl","D2 medium spiny neuron"
3.68700107112327e-28,-0.757869592610121,0.436,0.643,1.09758334886268e-23,"TMSB10","PD_vs_Ctrl","D2 medium spiny neuron"
4.44700674360949e-28,0.51844176489069,0.741,0.607,1.32382943750511e-23,"AP001347.1","PD_vs_Ctrl","D2 medium spiny neuron"
7.36601334584469e-28,-1.0474061511293,0.253,0.448,2.19278851292451e-23,"NEFM","PD_vs_Ctrl","D2 medium spiny neuron"
7.68253692269009e-28,-1.95991467080625,0.114,0.262,2.28701441651561e-23,"IFIT1","PD_vs_Ctrl","D2 medium spiny neuron"
8.68829745621947e-28,-0.887081801626212,0.186,0.375,2.58641926974197e-23,"FER1L6-AS2","PD_vs_Ctrl","D2 medium spiny neuron"
9.66915762133217e-28,-1.03552581157452,0.23,0.415,2.87841153229437e-23,"ETV6","PD_vs_Ctrl","D2 medium spiny neuron"
1.09446038432764e-27,-0.897058413823004,0.28,0.466,3.25809911810494e-23,"AL359232.1","PD_vs_Ctrl","D2 medium spiny neuron"
1.17317448138324e-27,-0.655150854460337,0.641,0.767,3.49242311362976e-23,"PEBP1","PD_vs_Ctrl","D2 medium spiny neuron"
1.37046171844538e-27,0.507249356427806,0.742,0.609,4.07972748964005e-23,"RAD9A","PD_vs_Ctrl","D2 medium spiny neuron"
1.69174373376055e-27,1.2485670478459,0.416,0.256,5.03615192103179e-23,"CFAP161","PD_vs_Ctrl","D2 medium spiny neuron"
2.27317055199769e-27,-0.824160903851251,0.439,0.603,6.76700141624192e-23,"NNAT","PD_vs_Ctrl","D2 medium spiny neuron"
3.09716915175152e-27,-1.30829262641117,0.135,0.3,9.2199628478491e-23,"IKBKE","PD_vs_Ctrl","D2 medium spiny neuron"
4.65187368932022e-27,-2.19003348031277,0.074,0.21,1.38481627857374e-22,"TUBB2B","PD_vs_Ctrl","D2 medium spiny neuron"
7.92949037691057e-27,0.534747320645947,0.709,0.576,2.36052999030251e-22,"XPO1","PD_vs_Ctrl","D2 medium spiny neuron"
1.76796052030175e-26,0.64788476394723,0.631,0.46,5.26304167288627e-22,"LRRN2","PD_vs_Ctrl","D2 medium spiny neuron"
3.41765108348081e-26,0.511544542378585,0.75,0.652,1.0174005510414e-21,"PGAP1","PD_vs_Ctrl","D2 medium spiny neuron"
3.48454316998775e-26,-0.863432244031212,0.263,0.443,1.03731365627365e-21,"FAM169B","PD_vs_Ctrl","D2 medium spiny neuron"
4.72611157930589e-26,-0.783222033886746,0.487,0.648,1.40691615604357e-21,"BEX3","PD_vs_Ctrl","D2 medium spiny neuron"
4.75854531374262e-26,1.12891780762899,0.38,0.206,1.41657135444804e-21,"KDM5D","PD_vs_Ctrl","D2 medium spiny neuron"
4.8007142593368e-26,0.524106897423154,0.751,0.612,1.42912462786197e-21,"ZDHHC14","PD_vs_Ctrl","D2 medium spiny neuron"
5.04110346686207e-26,-0.783893556194872,0.362,0.537,1.50068609105017e-21,"CNTN5","PD_vs_Ctrl","D2 medium spiny neuron"
5.54537047568697e-26,1.32142304210127,0.311,0.15,1.65080133690725e-21,"NREP","PD_vs_Ctrl","D2 medium spiny neuron"
7.31065907918431e-26,0.939694649363495,0.392,0.213,2.17631010128238e-21,"GYG2P1","PD_vs_Ctrl","D2 medium spiny neuron"
1.03798804337166e-25,1.0466073804539,0.395,0.225,3.08998660631309e-21,"AL591501.1","PD_vs_Ctrl","D2 medium spiny neuron"
2.35704720444191e-25,0.606579347149575,0.666,0.539,7.01669382290312e-21,"MCF2L","PD_vs_Ctrl","D2 medium spiny neuron"
2.69021488406073e-25,-0.796301846455995,0.502,0.657,8.00850068836038e-21,"TUBA1A","PD_vs_Ctrl","D2 medium spiny neuron"
5.20819757821576e-25,1.14190278553745,0.38,0.22,1.55042833705905e-20,"PTPN20","PD_vs_Ctrl","D2 medium spiny neuron"
6.84597821082239e-25,-1.01758853665101,0.324,0.495,2.03797925357972e-20,"RPS8","PD_vs_Ctrl","D2 medium spiny neuron"
7.27388834188645e-25,1.18444810126813,0.357,0.197,2.16536382049618e-20,"TTTY10","PD_vs_Ctrl","D2 medium spiny neuron"
8.01080766729874e-25,1.09943624617077,0.341,0.179,2.38473733447816e-20,"SLC24A4","PD_vs_Ctrl","D2 medium spiny neuron"
8.65895711783996e-25,-1.13339272481229,0.221,0.404,2.57768494440978e-20,"MT2A","PD_vs_Ctrl","D2 medium spiny neuron"
1.23411244546645e-24,1.14945257177323,0.367,0.204,3.67382933890906e-20,"BBOX1-AS1","PD_vs_Ctrl","D2 medium spiny neuron"
1.35486285028317e-24,-1.15888210246765,0.155,0.312,4.03329121900797e-20,"AC115622.1","PD_vs_Ctrl","D2 medium spiny neuron"
1.59074886778121e-24,0.563694694792465,0.68,0.545,4.7355003044979e-20,"CEP112","PD_vs_Ctrl","D2 medium spiny neuron"
8.12700263010141e-24,-0.94486411097922,0.232,0.404,2.41932741295489e-19,"GPC1","PD_vs_Ctrl","D2 medium spiny neuron"
1.00840261644448e-23,-0.808939769098243,0.341,0.505,3.00191374889358e-19,"GOLT1B","PD_vs_Ctrl","D2 medium spiny neuron"
1.04175722805794e-23,-0.984573649668758,0.205,0.373,3.10120709220568e-19,"LINC01359","PD_vs_Ctrl","D2 medium spiny neuron"
1.14308629334379e-23,-0.897128113859892,0.398,0.564,3.40285358665513e-19,"RPL15","PD_vs_Ctrl","D2 medium spiny neuron"
2.45102995301486e-23,0.823133806486536,0.507,0.351,7.29647106712993e-19,"NINL","PD_vs_Ctrl","D2 medium spiny neuron"
3.34459501052066e-23,-0.577560467128524,0.535,0.675,9.95652488681896e-19,"HGSNAT","PD_vs_Ctrl","D2 medium spiny neuron"
3.66529133996927e-23,-1.21389461024214,0.114,0.255,1.09112057899545e-18,"RBPMS","PD_vs_Ctrl","D2 medium spiny neuron"
6.18937062169171e-23,0.70773303894598,0.554,0.409,1.8425137403714e-18,"SCIN","PD_vs_Ctrl","D2 medium spiny neuron"
8.32438347537238e-23,0.994618111853926,0.373,0.213,2.4780857167836e-18,"JAZF1-AS1","PD_vs_Ctrl","D2 medium spiny neuron"
9.85637089755487e-23,-1.26414922579771,0.135,0.28,2.93414305249311e-18,"INHA","PD_vs_Ctrl","D2 medium spiny neuron"
1.31118809963671e-22,-0.87191508315088,0.27,0.44,3.90327585380853e-18,"NOXA1","PD_vs_Ctrl","D2 medium spiny neuron"
2.43879668500988e-22,0.94058480993861,0.428,0.274,7.2600538516059e-18,"KATNAL2","PD_vs_Ctrl","D2 medium spiny neuron"
2.7135262644116e-22,0.888449372014132,0.339,0.182,8.07789633652689e-18,"GRIA4","PD_vs_Ctrl","D2 medium spiny neuron"
2.79253626295257e-22,-1.29899601841257,0.154,0.294,8.31310120118351e-18,"CELF2-AS2","PD_vs_Ctrl","D2 medium spiny neuron"
3.64994566726173e-22,-0.952413980821912,0.278,0.452,1.08655232568714e-17,"RPS2","PD_vs_Ctrl","D2 medium spiny neuron"
3.72150759322204e-22,1.45139215138896,0.234,0.1,1.10785559542627e-17,"GDNF-AS1","PD_vs_Ctrl","D2 medium spiny neuron"
4.19214318253247e-22,-0.983362701666466,0.33,0.499,1.24795910400809e-17,"SRP14","PD_vs_Ctrl","D2 medium spiny neuron"
5.1702048149415e-22,1.32979529742252,0.243,0.107,1.53911827135994e-17,"GLRA3","PD_vs_Ctrl","D2 medium spiny neuron"
5.3562498074301e-22,-1.35329920809766,0.217,0.358,1.59450200517387e-17,"MX1","PD_vs_Ctrl","D2 medium spiny neuron"
5.67815104064038e-22,1.01402533437412,0.364,0.209,1.69032878328824e-17,"ANOS2P","PD_vs_Ctrl","D2 medium spiny neuron"
5.69014283464144e-22,0.837190399157436,0.478,0.329,1.69389862044441e-17,"KLHL1","PD_vs_Ctrl","D2 medium spiny neuron"
5.90386880226365e-22,-0.871658024503787,0.353,0.527,1.75752270374587e-17,"CIRBP","PD_vs_Ctrl","D2 medium spiny neuron"
6.85294835610622e-22,0.562557515051514,0.661,0.55,2.04005419612926e-17,"PRB2","PD_vs_Ctrl","D2 medium spiny neuron"
7.37859480065747e-22,-1.04025954385442,0.192,0.346,2.19653388620772e-17,"LINC01310","PD_vs_Ctrl","D2 medium spiny neuron"
8.818933766643e-22,-1.22316610545843,0.203,0.358,2.62530839299196e-17,"RPS4X","PD_vs_Ctrl","D2 medium spiny neuron"
1.02339523873591e-21,-0.781337658989049,0.382,0.532,3.04654528619295e-17,"AC034195.1","PD_vs_Ctrl","D2 medium spiny neuron"
2.02724716688488e-21,0.503816524381899,0.683,0.58,6.0349120910996e-17,"HPRT1","PD_vs_Ctrl","D2 medium spiny neuron"
2.18192920977537e-21,-0.994424777170521,0.223,0.379,6.49538506458029e-17,"TMEM179","PD_vs_Ctrl","D2 medium spiny neuron"
3.21253441721706e-21,-0.767972075915866,0.276,0.447,9.56339370661348e-17,"AC079760.1","PD_vs_Ctrl","D2 medium spiny neuron"
3.71632406391567e-21,0.562178920290493,0.62,0.484,1.10631251058706e-16,"AC009120.2","PD_vs_Ctrl","D2 medium spiny neuron"
3.75316909770576e-21,-0.889535711700703,0.41,0.588,1.11728090869603e-16,"MT3","PD_vs_Ctrl","D2 medium spiny neuron"
3.90790876808945e-21,-1.10986414298447,0.291,0.447,1.16334536117255e-16,"H3F3B","PD_vs_Ctrl","D2 medium spiny neuron"
4.51117360993462e-21,-0.758812921637983,0.395,0.562,1.34293127194144e-16,"BEX1","PD_vs_Ctrl","D2 medium spiny neuron"
4.86634651015449e-21,0.546585431602324,0.655,0.537,1.44866269260789e-16,"NAA16","PD_vs_Ctrl","D2 medium spiny neuron"
5.16590843329859e-21,-0.707383997804492,0.388,0.537,1.53783928150866e-16,"COA6","PD_vs_Ctrl","D2 medium spiny neuron"
5.83131601117253e-21,-0.786230423420182,0.357,0.506,1.73592446336595e-16,"DPP10","PD_vs_Ctrl","D2 medium spiny neuron"
7.12684675181202e-21,-1.02018167231351,0.169,0.316,2.12159100954692e-16,"AC087457.1","PD_vs_Ctrl","D2 medium spiny neuron"
7.30596119992793e-21,-0.945400122868334,0.357,0.508,2.17491158960655e-16,"RPS19","PD_vs_Ctrl","D2 medium spiny neuron"
1.37576896921233e-20,1.33733668086673,0.282,0.147,4.09552664444819e-16,"DDX3Y","PD_vs_Ctrl","D2 medium spiny neuron"
1.42205163520421e-20,1.02384661517863,0.336,0.193,4.23330551283943e-16,"GLIPR1L2","PD_vs_Ctrl","D2 medium spiny neuron"
1.52141191710105e-20,-1.02468406429554,0.266,0.403,4.5290911360181e-16,"DDX3P1","PD_vs_Ctrl","D2 medium spiny neuron"
1.58295031463493e-20,0.773498976554419,0.46,0.305,4.71228479163672e-16,"AL136040.1","PD_vs_Ctrl","D2 medium spiny neuron"
1.80323147249113e-20,-0.992851635717957,0.294,0.432,5.36803977045885e-16,"AC010127.1","PD_vs_Ctrl","D2 medium spiny neuron"
2.19685368025463e-20,-0.992805883952176,0.131,0.271,6.53981372075001e-16,"SH3RF3","PD_vs_Ctrl","D2 medium spiny neuron"
2.35114503113714e-20,-0.916432088198968,0.22,0.369,6.99912364319216e-16,"DPYS","PD_vs_Ctrl","D2 medium spiny neuron"
2.43986312269106e-20,0.787906249648964,0.478,0.329,7.26322852993903e-16,"AC108062.1","PD_vs_Ctrl","D2 medium spiny neuron"
3.04428412903914e-20,-0.610896281924634,0.498,0.643,9.06252942373662e-16,"LRPAP1","PD_vs_Ctrl","D2 medium spiny neuron"
3.13678995496053e-20,0.697573560470255,0.52,0.37,9.33791001692199e-16,"TMTC2","PD_vs_Ctrl","D2 medium spiny neuron"
4.42647120510284e-20,0.545559061045349,0.646,0.514,1.31771621304707e-15,"ARMCX5-GPRASP2","PD_vs_Ctrl","D2 medium spiny neuron"
4.46756529443426e-20,0.993990649242049,0.339,0.197,1.32994951250014e-15,"STIP1","PD_vs_Ctrl","D2 medium spiny neuron"
4.59817477879865e-20,0.509327711450162,0.652,0.572,1.36883064990057e-15,"CFAP54","PD_vs_Ctrl","D2 medium spiny neuron"
4.73622126802303e-20,-1.23996792277971,0.172,0.312,1.40992570927777e-15,"AC007969.1","PD_vs_Ctrl","D2 medium spiny neuron"
6.00432185886475e-20,0.640159877700145,0.508,0.339,1.78742657416545e-15,"PCDH17","PD_vs_Ctrl","D2 medium spiny neuron"
6.18460004420099e-20,0.937091067760209,0.412,0.27,1.84109358715819e-15,"LINC00862","PD_vs_Ctrl","D2 medium spiny neuron"
1.04398303515135e-19,0.925356796678708,0.373,0.223,3.10783309734205e-15,"TXLNGY","PD_vs_Ctrl","D2 medium spiny neuron"
1.06842105238297e-19,-1.03692835741139,0.254,0.408,3.18058263083886e-15,"CHCHD2","PD_vs_Ctrl","D2 medium spiny neuron"
1.10581244734319e-19,1.13695242121387,0.347,0.211,3.29189307449595e-15,"AC131009.2","PD_vs_Ctrl","D2 medium spiny neuron"
1.32755968664318e-19,0.778366982903407,0.472,0.334,3.95201243116807e-15,"STYXL1","PD_vs_Ctrl","D2 medium spiny neuron"
1.39640893039133e-19,-1.19413692492105,0.151,0.283,4.15696974488195e-15,"AL807742.1","PD_vs_Ctrl","D2 medium spiny neuron"
1.51050109936764e-19,-1.2874403480877,0.103,0.225,4.49661072270754e-15,"AL162726.3","PD_vs_Ctrl","D2 medium spiny neuron"
1.56763689316235e-19,0.799810124642934,0.47,0.328,4.66669826725499e-15,"FBXO17","PD_vs_Ctrl","D2 medium spiny neuron"
1.84100894881182e-19,-1.307394975186,0.091,0.209,5.48049953971791e-15,"LINC01811","PD_vs_Ctrl","D2 medium spiny neuron"
1.89494074660728e-19,0.518879262007461,0.66,0.553,5.64104910857521e-15,"PLPPR5","PD_vs_Ctrl","D2 medium spiny neuron"
2.32238607253998e-19,-0.756339858069752,0.391,0.528,6.91351109934427e-15,"AL138828.1","PD_vs_Ctrl","D2 medium spiny neuron"
3.28388512237923e-19,-1.17963457217355,0.127,0.256,9.77579762081072e-15,"KIAA1524","PD_vs_Ctrl","D2 medium spiny neuron"
3.28998637598113e-19,1.10072622896601,0.309,0.173,9.79396044265823e-15,"KNOP1","PD_vs_Ctrl","D2 medium spiny neuron"
5.41205195445746e-19,-0.813025897716299,0.314,0.453,1.61111374632244e-14,"NHLRC3","PD_vs_Ctrl","D2 medium spiny neuron"
9.88057734667417e-19,0.644907750863131,0.459,0.314,2.94134907033143e-14,"CCDC59","PD_vs_Ctrl","D2 medium spiny neuron"
1.07387550120372e-18,-0.786682175390789,0.348,0.495,3.19681997953335e-14,"SAT2","PD_vs_Ctrl","D2 medium spiny neuron"
1.18033024926619e-18,1.22025724824209,0.247,0.12,3.51372511904053e-14,"PAX8-AS1","PD_vs_Ctrl","D2 medium spiny neuron"
1.23762249825784e-18,-1.44528035885966,0.129,0.258,3.68427841506375e-14,"C1orf61","PD_vs_Ctrl","D2 medium spiny neuron"
1.24781053886006e-18,0.545122526929747,0.597,0.467,3.71460719313251e-14,"TARID","PD_vs_Ctrl","D2 medium spiny neuron"
1.36095666295076e-18,-0.939689450823058,0.288,0.44,4.05143188993813e-14,"RPL41","PD_vs_Ctrl","D2 medium spiny neuron"
1.47815198154637e-18,0.533716118953335,0.606,0.477,4.40031063386539e-14,"FAM153A","PD_vs_Ctrl","D2 medium spiny neuron"
1.68706306460906e-18,-0.712722722986296,0.374,0.543,5.02221803703471e-14,"PTMA","PD_vs_Ctrl","D2 medium spiny neuron"
1.74825871037119e-18,0.854240935454266,0.385,0.246,5.20439135490399e-14,"UNC13C","PD_vs_Ctrl","D2 medium spiny neuron"
2.24543670240963e-18,-0.989052462568285,0.172,0.308,6.68444051940323e-14,"PLA2R1","PD_vs_Ctrl","D2 medium spiny neuron"
2.96255099556165e-18,0.503935647917468,0.6,0.443,8.81921805868749e-14,"GRIN2A","PD_vs_Ctrl","D2 medium spiny neuron"
3.00842093548066e-18,-0.81821355771474,0.196,0.339,8.95576828283238e-14,"AC109830.1","PD_vs_Ctrl","D2 medium spiny neuron"
5.3449555145234e-18,0.698881085903872,0.498,0.375,1.59113980711847e-13,"LEPR","PD_vs_Ctrl","D2 medium spiny neuron"
5.42275279287788e-18,-0.746492510908615,0.38,0.53,1.61429927891182e-13,"BEX4","PD_vs_Ctrl","D2 medium spiny neuron"
7.21305775377704e-18,0.645431431186002,0.528,0.389,2.14725516272189e-13,"COX19","PD_vs_Ctrl","D2 medium spiny neuron"
8.6878882141194e-18,-1.1172008465901,0.147,0.277,2.58629744246121e-13,"MAP1LC3B2","PD_vs_Ctrl","D2 medium spiny neuron"
9.17048914335611e-18,-0.908411594195335,0.27,0.424,2.72996291308568e-13,"RPL19","PD_vs_Ctrl","D2 medium spiny neuron"
1.09075308523995e-17,-1.03659144534257,0.17,0.303,3.2470628594508e-13,"C19orf60","PD_vs_Ctrl","D2 medium spiny neuron"
1.11106569859441e-17,-1.12235035013211,0.18,0.311,3.3075314781457e-13,"RPL7AP6","PD_vs_Ctrl","D2 medium spiny neuron"
1.61572738739338e-17,0.533888846733604,0.502,0.371,4.80985885953135e-13,"HSPA4","PD_vs_Ctrl","D2 medium spiny neuron"
1.81878642837828e-17,1.25362543030458,0.302,0.178,5.41434531863929e-13,"NRIP1","PD_vs_Ctrl","D2 medium spiny neuron"
2.05899049987122e-17,0.809121914263859,0.407,0.271,6.12940881906665e-13,"AC093865.1","PD_vs_Ctrl","D2 medium spiny neuron"
2.47581808008363e-17,-1.11522523261028,0.113,0.23,7.37026284260096e-13,"AC013460.1","PD_vs_Ctrl","D2 medium spiny neuron"
3.57995128521969e-17,-0.890213306349838,0.245,0.376,1.06571569809705e-12,"CCDC144NL-AS1","PD_vs_Ctrl","D2 medium spiny neuron"
3.64400348656818e-17,-0.729869296133551,0.374,0.526,1.08478339791648e-12,"TUBA1B","PD_vs_Ctrl","D2 medium spiny neuron"
5.64702755369985e-17,-1.29393805518841,0.137,0.251,1.68106363246091e-12,"SPDYE2","PD_vs_Ctrl","D2 medium spiny neuron"
6.61020577753126e-17,-0.914413476670705,0.196,0.331,1.96779215791328e-12,"PTS","PD_vs_Ctrl","D2 medium spiny neuron"
8.51406008929323e-17,-0.815408605374035,0.278,0.41,2.5345505479817e-12,"TTN","PD_vs_Ctrl","D2 medium spiny neuron"
9.88591747663727e-17,-0.670352392958765,0.343,0.479,2.94293877362015e-12,"CPOX","PD_vs_Ctrl","D2 medium spiny neuron"
1.0008700050597e-16,-0.849782757248758,0.196,0.331,2.97948991806222e-12,"OPN4","PD_vs_Ctrl","D2 medium spiny neuron"
1.0836621377007e-16,0.651697846383509,0.417,0.274,3.22595381772122e-12,"GDA","PD_vs_Ctrl","D2 medium spiny neuron"
1.81014966907429e-16,-0.525687625473069,0.527,0.716,5.38863454986726e-12,"GAPDH","PD_vs_Ctrl","D2 medium spiny neuron"
2.23328678770892e-16,-0.752889809329841,0.313,0.438,6.6482714383307e-12,"AC007038.1","PD_vs_Ctrl","D2 medium spiny neuron"
2.23627942023249e-16,-1.07248672233067,0.095,0.205,6.6571802060901e-12,"ADAMTSL4-AS1","PD_vs_Ctrl","D2 medium spiny neuron"
2.26656760754454e-16,0.873767189880811,0.373,0.244,6.74734511089933e-12,"AHSA2","PD_vs_Ctrl","D2 medium spiny neuron"
2.29498156776217e-16,0.61506389650681,0.528,0.408,6.83193062907121e-12,"POR","PD_vs_Ctrl","D2 medium spiny neuron"
2.52659807802149e-16,-0.530182680018652,0.556,0.73,7.52142981846218e-12,"CLU","PD_vs_Ctrl","D2 medium spiny neuron"
3.23855110175134e-16,-0.798646293937394,0.25,0.381,9.64084277480356e-12,"STARD4-AS1","PD_vs_Ctrl","D2 medium spiny neuron"
3.96104788975248e-16,-1.00546348292945,0.261,0.39,1.17916434630042e-11,"AC073861.1","PD_vs_Ctrl","D2 medium spiny neuron"
4.01226919301008e-16,0.702385686627311,0.298,0.167,1.19441241606717e-11,"GNAI1","PD_vs_Ctrl","D2 medium spiny neuron"
4.31874169532128e-16,0.722934840561426,0.453,0.327,1.28564621528019e-11,"RBM41","PD_vs_Ctrl","D2 medium spiny neuron"
4.87733773932882e-16,0.523359821368163,0.604,0.499,1.4519346716208e-11,"PKNOX1","PD_vs_Ctrl","D2 medium spiny neuron"
5.15557865589948e-16,0.55847793267883,0.535,0.414,1.53476421007472e-11,"AC128689.1","PD_vs_Ctrl","D2 medium spiny neuron"
5.94245639684904e-16,-1.01827946175641,0.153,0.275,1.76900984477799e-11,"LRRC10B","PD_vs_Ctrl","D2 medium spiny neuron"
9.1470014604649e-16,-0.818923821439653,0.169,0.295,2.7229708647658e-11,"AL671511.2","PD_vs_Ctrl","D2 medium spiny neuron"
9.3490733292182e-16,-1.20045438901656,0.198,0.321,2.78312563937497e-11,"RPL13AP5","PD_vs_Ctrl","D2 medium spiny neuron"
1.10281902657237e-15,-0.791544911006721,0.296,0.447,3.28298196020328e-11,"GPX4","PD_vs_Ctrl","D2 medium spiny neuron"
1.11721845065791e-15,0.505384901376418,0.612,0.518,3.32584760576352e-11,"PARD3B","PD_vs_Ctrl","D2 medium spiny neuron"
1.21996248049231e-15,1.04858184047016,0.291,0.174,3.63170630817757e-11,"MSH4","PD_vs_Ctrl","D2 medium spiny neuron"
1.40688172765545e-15,1.34308551234494,0.216,0.108,4.18814621505750e-11,"PLOD3","PD_vs_Ctrl","D2 medium spiny neuron"
1.63626166174073e-15,-0.661251785656041,0.302,0.434,4.87098734083599e-11,"KIF26B","PD_vs_Ctrl","D2 medium spiny neuron"
1.79620114168118e-15,0.903643083681041,0.388,0.273,5.3471111786707e-11,"GCNA","PD_vs_Ctrl","D2 medium spiny neuron"
1.95300391544668e-15,-0.787116153434566,0.397,0.525,5.81389735589321e-11,"RPL14","PD_vs_Ctrl","D2 medium spiny neuron"
2.46640984686872e-15,-1.08113835261779,0.104,0.211,7.34225547314349e-11,"AC215219.1","PD_vs_Ctrl","D2 medium spiny neuron"
3.03535613383908e-15,-1.23545340656217,0.13,0.237,9.03595167482555e-11,"AC092979.1","PD_vs_Ctrl","D2 medium spiny neuron"
3.10933602681033e-15,-0.539893411151249,0.497,0.639,9.25618241821168e-11,"JUND","PD_vs_Ctrl","D2 medium spiny neuron"
4.58429144805045e-15,-1.38016617974704,0.109,0.216,1.36469772117014e-10,"AQP4","PD_vs_Ctrl","D2 medium spiny neuron"
4.72031569635419e-15,-0.923394951471961,0.285,0.418,1.40519077964768e-10,"RPS9","PD_vs_Ctrl","D2 medium spiny neuron"
5.77777756093795e-15,0.686744857271763,0.453,0.333,1.71998660211562e-10,"LINC02198","PD_vs_Ctrl","D2 medium spiny neuron"
6.55731650367024e-15,-0.890767776822577,0.221,0.349,1.95204754997759e-10,"PTN","PD_vs_Ctrl","D2 medium spiny neuron"
7.20090848448773e-15,-0.797050831872076,0.374,0.505,2.14363844674715e-10,"RPL28","PD_vs_Ctrl","D2 medium spiny neuron"
8.02316079211873e-15,-0.897622290817768,0.329,0.451,2.38841473620582e-10,"RPL13","PD_vs_Ctrl","D2 medium spiny neuron"
8.19710696054428e-15,0.954950580649908,0.273,0.155,2.44019677108443e-10,"MRVI1-AS1","PD_vs_Ctrl","D2 medium spiny neuron"
8.77841842578354e-15,-1.10064849610153,0.191,0.317,2.6132473811715e-10,"GFAP","PD_vs_Ctrl","D2 medium spiny neuron"
9.96219063321949e-15,0.971305753038271,0.225,0.114,2.96564452960311e-10,"ANO4","PD_vs_Ctrl","D2 medium spiny neuron"
9.99184068090801e-15,-1.33314796335607,0.124,0.231,2.97447105229951e-10,"TUBA4A","PD_vs_Ctrl","D2 medium spiny neuron"
1.01367231865374e-14,-1.05809444793279,0.115,0.221,3.01760112540031e-10,"ZNF449","PD_vs_Ctrl","D2 medium spiny neuron"
1.14818456170055e-14,-0.834304160337801,0.297,0.431,3.41803062172637e-10,"RPL18","PD_vs_Ctrl","D2 medium spiny neuron"
1.42982741665787e-14,-0.746545583406795,0.324,0.442,4.25645323664882e-10,"PGM5P2","PD_vs_Ctrl","D2 medium spiny neuron"
1.52263505817847e-14,0.542485465562751,0.53,0.424,4.5327323046915e-10,"CRELD1","PD_vs_Ctrl","D2 medium spiny neuron"
1.5281682875887e-14,-0.942640135870942,0.268,0.389,4.54920417532279e-10,"AC004453.1","PD_vs_Ctrl","D2 medium spiny neuron"
1.59034595854164e-14,-0.567560786637692,0.429,0.545,4.73430088398259e-10,"RNF34","PD_vs_Ctrl","D2 medium spiny neuron"
1.70291556203962e-14,-0.813970006814954,0.271,0.408,5.06940933663575e-10,"TCEAL2","PD_vs_Ctrl","D2 medium spiny neuron"
1.80410240679913e-14,-0.553450758114323,0.316,0.463,5.37063245480034e-10,"SPON1","PD_vs_Ctrl","D2 medium spiny neuron"
1.84152288516682e-14,-0.82780487771895,0.202,0.322,5.4820294768531e-10,"LINC00271","PD_vs_Ctrl","D2 medium spiny neuron"
1.92993823380641e-14,0.523347104218191,0.568,0.457,5.74523312821829e-10,"ZHX2","PD_vs_Ctrl","D2 medium spiny neuron"
2.69218649730057e-14,-0.770168712661645,0.345,0.475,8.01436998381405e-10,"GABARAPL2","PD_vs_Ctrl","D2 medium spiny neuron"
3.07800740328795e-14,-0.568626976355077,0.461,0.576,9.16292023884788e-10,"RSAD2","PD_vs_Ctrl","D2 medium spiny neuron"
3.4742988421636e-14,-0.729622877155232,0.306,0.433,1.03426402232368e-09,"ATP2B1-AS1","PD_vs_Ctrl","D2 medium spiny neuron"
3.6092708961868e-14,1.03916606053061,0.307,0.198,1.07444385308585e-09,"SLC39A8","PD_vs_Ctrl","D2 medium spiny neuron"
3.6532222002394e-14,-0.651743013798069,0.297,0.438,1.08752771678927e-09,"SNN","PD_vs_Ctrl","D2 medium spiny neuron"
3.84854349410809e-14,0.584457013406195,0.439,0.314,1.14567291276104e-09,"FDFT1","PD_vs_Ctrl","D2 medium spiny neuron"
4.84277357080926e-14,0.880097389299235,0.238,0.128,1.44164526429421e-09,"AL160314.2","PD_vs_Ctrl","D2 medium spiny neuron"
5.74810076384525e-14,-1.03171934872558,0.191,0.299,1.71115211638909e-09,"P2RY14","PD_vs_Ctrl","D2 medium spiny neuron"
6.92090045940799e-14,-0.687811767974806,0.28,0.41,2.06028285776117e-09,"OBSCN-AS1","PD_vs_Ctrl","D2 medium spiny neuron"
6.98383655603379e-14,0.86393892489802,0.287,0.172,2.0790183043657e-09,"LINC01833","PD_vs_Ctrl","D2 medium spiny neuron"
7.07951446457016e-14,-0.812493796206825,0.277,0.396,2.10750066095789e-09,"DYNLT1","PD_vs_Ctrl","D2 medium spiny neuron"
7.77178183135122e-14,0.556707998494481,0.5,0.396,2.31358173337494e-09,"C16orf87","PD_vs_Ctrl","D2 medium spiny neuron"
8.69151870845069e-14,-0.85865752427341,0.228,0.352,2.58737820431868e-09,"RPL8","PD_vs_Ctrl","D2 medium spiny neuron"
1.07589997590281e-13,0.89135919194133,0.301,0.188,3.20284663826508e-09,"TTTY15","PD_vs_Ctrl","D2 medium spiny neuron"
1.14138477714204e-13,-0.539353540251443,0.457,0.564,3.39778834307413e-09,"AC008591.1","PD_vs_Ctrl","D2 medium spiny neuron"
1.19892795389245e-13,-0.689092299146316,0.288,0.416,3.56908862594243e-09,"RHOT2","PD_vs_Ctrl","D2 medium spiny neuron"
1.24743707193819e-13,0.93938187381134,0.257,0.147,3.71349541945279e-09,"AC095032.1","PD_vs_Ctrl","D2 medium spiny neuron"
1.50484851622767e-13,-0.879281745915506,0.174,0.286,4.47978354795814e-09,"HDHD3","PD_vs_Ctrl","D2 medium spiny neuron"
1.55641284308992e-13,0.533385685817634,0.552,0.473,4.63328539259440e-09,"GARNL3","PD_vs_Ctrl","D2 medium spiny neuron"
1.64222434982825e-13,-1.12582828285702,0.212,0.317,4.88873766700372e-09,"HERC6","PD_vs_Ctrl","D2 medium spiny neuron"
1.64790905488817e-13,-1.18909882591005,0.213,0.327,4.9056604654966e-09,"PRDX1","PD_vs_Ctrl","D2 medium spiny neuron"
1.77842528953567e-13,1.05104318914896,0.237,0.132,5.29419424441873e-09,"RUNX2","PD_vs_Ctrl","D2 medium spiny neuron"
1.81986842126291e-13,-0.552647857264171,0.476,0.608,5.41756630325756e-09,"MAP1A","PD_vs_Ctrl","D2 medium spiny neuron"
2.02711712520981e-13,-0.595073092036012,0.328,0.449,6.03452497003708e-09,"PWRN3","PD_vs_Ctrl","D2 medium spiny neuron"
2.41420475836045e-13,-0.887350299431361,0.132,0.237,7.18684614516324e-09,"LINC00623","PD_vs_Ctrl","D2 medium spiny neuron"
2.4375914123455e-13,-0.700880159875596,0.214,0.333,7.25646587541131e-09,"ZNF441","PD_vs_Ctrl","D2 medium spiny neuron"
2.85554000595286e-13,0.544420874876629,0.532,0.424,8.50065704372106e-09,"EFCAB7","PD_vs_Ctrl","D2 medium spiny neuron"
2.98116714735558e-13,-1.03595122651673,0.216,0.329,8.87463648096282e-09,"AC073621.1","PD_vs_Ctrl","D2 medium spiny neuron"
3.77810298822844e-13,-1.11893550949349,0.106,0.201,1.12470347856572e-08,"ADAMTS8","PD_vs_Ctrl","D2 medium spiny neuron"
3.88860572495908e-13,-0.502588328189316,0.55,0.658,1.15759903826307e-08,"TOMM20","PD_vs_Ctrl","D2 medium spiny neuron"
4.02996486246298e-13,0.54307688789349,0.47,0.35,1.1996802399066e-08,"KLRD1","PD_vs_Ctrl","D2 medium spiny neuron"
4.3270414366522e-13,0.650970638233874,0.462,0.354,1.28811696527699e-08,"ACTR3C","PD_vs_Ctrl","D2 medium spiny neuron"
6.34769303865905e-13,-0.955578069486198,0.205,0.319,1.88964474067841e-08,"RPS11","PD_vs_Ctrl","D2 medium spiny neuron"
6.4839321537432e-13,-0.650673057141387,0.243,0.365,1.93020176284781e-08,"FGF9","PD_vs_Ctrl","D2 medium spiny neuron"
6.62792211874132e-13,-1.01902767167896,0.196,0.309,1.9730661355281e-08,"AP005202.1","PD_vs_Ctrl","D2 medium spiny neuron"
6.79451638619831e-13,0.803834934958042,0.31,0.196,2.02265958300738e-08,"BRINP2","PD_vs_Ctrl","D2 medium spiny neuron"
7.24632487171732e-13,-0.735198291818721,0.336,0.457,2.15715845106153e-08,"HINT1","PD_vs_Ctrl","D2 medium spiny neuron"
7.25753502638327e-13,-1.00225639593872,0.146,0.245,2.16049560200404e-08,"PHF11","PD_vs_Ctrl","D2 medium spiny neuron"
7.44316658850706e-13,-0.688105373647066,0.202,0.317,2.21575626173267e-08,"LINC02018","PD_vs_Ctrl","D2 medium spiny neuron"
7.63732252058913e-13,-1.04514892000747,0.169,0.279,2.27355454115418e-08,"SELENOK","PD_vs_Ctrl","D2 medium spiny neuron"
7.84203938298209e-13,-0.66984057076,0.299,0.416,2.33449670391994e-08,"C19orf66","PD_vs_Ctrl","D2 medium spiny neuron"
8.64543174852859e-13,-0.757142484296194,0.339,0.463,2.57365857721947e-08,"RPL35A","PD_vs_Ctrl","D2 medium spiny neuron"
1.16678566646983e-12,-1.38298577897945,0.127,0.217,3.47340425051405e-08,"DDX58","PD_vs_Ctrl","D2 medium spiny neuron"
1.19745173128958e-12,0.909220904912599,0.249,0.146,3.56469405887594e-08,"AP003469.4","PD_vs_Ctrl","D2 medium spiny neuron"
1.29311537054401e-12,-0.822908355120308,0.254,0.38,3.84947514657246e-08,"ATP6V0E2","PD_vs_Ctrl","D2 medium spiny neuron"
1.32060907421917e-12,0.893436979268005,0.285,0.18,3.93132115304306e-08,"CYP27A1","PD_vs_Ctrl","D2 medium spiny neuron"
1.45017710586875e-12,-0.763209466565052,0.317,0.439,4.31703222646067e-08,"GUK1","PD_vs_Ctrl","D2 medium spiny neuron"
1.45339709060238e-12,0.713564303751185,0.397,0.287,4.32661779901422e-08,"ARHGEF26","PD_vs_Ctrl","D2 medium spiny neuron"
1.51737409116805e-12,0.954369059678458,0.259,0.158,4.51707093199816e-08,"RPS4Y1","PD_vs_Ctrl","D2 medium spiny neuron"
1.53427514179067e-12,0.723260401208523,0.408,0.301,4.56738366959665e-08,"AC091167.7","PD_vs_Ctrl","D2 medium spiny neuron"
1.63387363117219e-12,-0.573518424453788,0.396,0.52,4.8638784126365e-08,"CHD4","PD_vs_Ctrl","D2 medium spiny neuron"
1.72716781070072e-12,-0.58986336711228,0.4,0.535,5.14160585567498e-08,"PPIA","PD_vs_Ctrl","D2 medium spiny neuron"
1.77684022576949e-12,-0.810337827317134,0.209,0.33,5.2894756680932e-08,"CSTB","PD_vs_Ctrl","D2 medium spiny neuron"
1.88684657058389e-12,0.553791916890874,0.523,0.415,5.61695355597119e-08,"DNAJC9","PD_vs_Ctrl","D2 medium spiny neuron"
2.0300737606838e-12,0.817615576156627,0.355,0.257,6.0433265781796e-08,"ASB18","PD_vs_Ctrl","D2 medium spiny neuron"
2.42712755283896e-12,0.564130644544856,0.5,0.404,7.22531601204631e-08,"CLK1","PD_vs_Ctrl","D2 medium spiny neuron"
2.72030083900591e-12,-0.741909300849257,0.183,0.292,8.0980635676367e-08,"GABRA6","PD_vs_Ctrl","D2 medium spiny neuron"
2.96087350362216e-12,0.876648121396886,0.27,0.166,8.8142243329328e-08,"CENPJ","PD_vs_Ctrl","D2 medium spiny neuron"
3.19585478970396e-12,-0.700905069778658,0.407,0.527,9.51374012346971e-08,"RPS3","PD_vs_Ctrl","D2 medium spiny neuron"
3.31886674524577e-12,0.522064418961028,0.565,0.49,9.87993441392214e-08,"AP005212.5","PD_vs_Ctrl","D2 medium spiny neuron"
3.33787451616102e-12,0.870566475933227,0.285,0.182,9.93651864715974e-08,"AHSA1","PD_vs_Ctrl","D2 medium spiny neuron"
3.3478657833382e-12,-1.00579946005539,0.127,0.224,9.9662616504195e-08,"ASRGL1","PD_vs_Ctrl","D2 medium spiny neuron"
3.34947834510706e-12,-0.712551649853863,0.207,0.321,9.97106208554921e-08,"EMCN","PD_vs_Ctrl","D2 medium spiny neuron"
3.54124601569101e-12,-0.765823442982176,0.342,0.459,1.05419352641106e-07,"EID1","PD_vs_Ctrl","D2 medium spiny neuron"
3.58284360138656e-12,-0.742376641173221,0.261,0.384,1.06657671169676e-07,"COX5B","PD_vs_Ctrl","D2 medium spiny neuron"
3.94280425991935e-12,-0.553405324820804,0.32,0.439,1.17373340013539e-07,"LINS1","PD_vs_Ctrl","D2 medium spiny neuron"
4.08086092554464e-12,0.904137725382033,0.249,0.149,1.21483148892538e-07,"TIPIN","PD_vs_Ctrl","D2 medium spiny neuron"
4.22009090440651e-12,0.665117845589136,0.413,0.309,1.25627886133278e-07,"AC004540.1","PD_vs_Ctrl","D2 medium spiny neuron"
4.50671722571574e-12,-0.824862986023073,0.273,0.373,1.34160465092332e-07,"AL049830.3","PD_vs_Ctrl","D2 medium spiny neuron"
4.59012593013391e-12,-0.788037274569379,0.173,0.279,1.36643458814156e-07,"PUDP","PD_vs_Ctrl","D2 medium spiny neuron"
5.87656365281752e-12,0.522474179368875,0.523,0.413,1.74939423380725e-07,"GABPB2","PD_vs_Ctrl","D2 medium spiny neuron"
5.97466262663905e-12,-0.635900633506119,0.24,0.355,1.77859731732418e-07,"ABCA10","PD_vs_Ctrl","D2 medium spiny neuron"
6.08671662563126e-12,0.941772300456408,0.246,0.148,1.81195467228417e-07,"FAM27E3","PD_vs_Ctrl","D2 medium spiny neuron"
6.12630981063676e-12,-0.939026089828209,0.147,0.252,1.82374116752846e-07,"CEBPD","PD_vs_Ctrl","D2 medium spiny neuron"
6.49911967849348e-12,-0.971087949502809,0.197,0.295,1.93472293709072e-07,"ENPP7P5","PD_vs_Ctrl","D2 medium spiny neuron"
6.81420199334361e-12,-0.797643129662784,0.337,0.445,2.02851979139846e-07,"LRRC75A-AS1","PD_vs_Ctrl","D2 medium spiny neuron"
8.26352865449204e-12,-0.932351748567149,0.153,0.251,2.45996984515574e-07,"THSD4","PD_vs_Ctrl","D2 medium spiny neuron"
9.78461944819543e-12,-0.51558060603006,0.522,0.638,2.9127833635333e-07,"EEF1A1","PD_vs_Ctrl","D2 medium spiny neuron"
1.02935681329693e-11,-1.1750185372499,0.122,0.21,3.06429229750364e-07,"GRM5-AS1","PD_vs_Ctrl","D2 medium spiny neuron"
1.0395381968952e-11,-0.847435508447249,0.314,0.425,3.09460125833733e-07,"SLC1A2","PD_vs_Ctrl","D2 medium spiny neuron"
1.09530946246034e-11,-0.556031602623539,0.443,0.561,3.26062673879819e-07,"BEX2","PD_vs_Ctrl","D2 medium spiny neuron"
1.20982006720732e-11,-0.587861196369413,0.254,0.369,3.60151335806947e-07,"STX16-NPEPL1","PD_vs_Ctrl","D2 medium spiny neuron"
1.32789148890095e-11,-0.870162545611902,0.226,0.323,3.95300017330924e-07,"DIAPH2-AS1","PD_vs_Ctrl","D2 medium spiny neuron"
1.41780427735045e-11,-0.817224160850597,0.121,0.216,4.22066155324454e-07,"RASSF7","PD_vs_Ctrl","D2 medium spiny neuron"
1.48295250899274e-11,0.678051784132697,0.261,0.159,4.41460132402048e-07,"VSNL1","PD_vs_Ctrl","D2 medium spiny neuron"
1.58882722894026e-11,-0.594956893113033,0.471,0.568,4.72977977783227e-07,"MGST1","PD_vs_Ctrl","D2 medium spiny neuron"
1.63959855551277e-11,-0.641922972670115,0.299,0.407,4.88092093990595e-07,"LRTM1","PD_vs_Ctrl","D2 medium spiny neuron"
1.68406416308168e-11,-0.997424407759089,0.12,0.21,5.01329060707786e-07,"C2orf72","PD_vs_Ctrl","D2 medium spiny neuron"
1.68450702552125e-11,-0.974398339269585,0.158,0.258,5.01460896427422e-07,"RPL10A","PD_vs_Ctrl","D2 medium spiny neuron"
1.68867958759859e-11,0.931748699935357,0.216,0.122,5.02703026432225e-07,"PIGP","PD_vs_Ctrl","D2 medium spiny neuron"
1.71185112087153e-11,0.755008135821241,0.318,0.217,5.09600960172247e-07,"TNFSF13B","PD_vs_Ctrl","D2 medium spiny neuron"
1.80784888140498e-11,0.873515772812845,0.301,0.201,5.38178533505448e-07,"PCDH11Y","PD_vs_Ctrl","D2 medium spiny neuron"
1.92616983251898e-11,0.578989483114252,0.428,0.319,5.73401497442576e-07,"AL049544.1","PD_vs_Ctrl","D2 medium spiny neuron"
1.94121520017695e-11,0.587991135681918,0.35,0.244,5.77880352940677e-07,"TSHZ1","PD_vs_Ctrl","D2 medium spiny neuron"
1.94996908374389e-11,0.843149559466793,0.23,0.135,5.80486296539718e-07,"LYPD8","PD_vs_Ctrl","D2 medium spiny neuron"
2.04189757346779e-11,-0.531716374671333,0.261,0.383,6.07852488645627e-07,"AC139795.1","PD_vs_Ctrl","D2 medium spiny neuron"
2.26181072889534e-11,1.00709187923649,0.266,0.171,6.73318435884854e-07,"AC069133.1","PD_vs_Ctrl","D2 medium spiny neuron"
2.40177588000864e-11,-0.736988779186955,0.264,0.381,7.14984661719771e-07,"RPS15","PD_vs_Ctrl","D2 medium spiny neuron"
2.6570070263538e-11,0.92682495647424,0.237,0.145,7.90964421675261e-07,"PARD6G-AS1","PD_vs_Ctrl","D2 medium spiny neuron"
2.74116441403654e-11,0.642401073133309,0.345,0.244,8.16017234414537e-07,"WDR6","PD_vs_Ctrl","D2 medium spiny neuron"
2.99618718938182e-11,-0.742150306568578,0.221,0.333,8.91934964407075e-07,"ATP6V1F","PD_vs_Ctrl","D2 medium spiny neuron"
3.02007514706663e-11,-0.788424676537871,0.268,0.368,8.99046170530265e-07,"AP002370.2","PD_vs_Ctrl","D2 medium spiny neuron"
3.14259506066838e-11,0.515427290628377,0.507,0.401,9.35519123610369e-07,"LRCH1","PD_vs_Ctrl","D2 medium spiny neuron"
3.55451638555515e-11,-0.549433410458491,0.402,0.516,1.05814398281591e-06,"NME3","PD_vs_Ctrl","D2 medium spiny neuron"
3.7928850090358e-11,0.53914226729788,0.464,0.361,1.12910393833987e-06,"MFAP3L","PD_vs_Ctrl","D2 medium spiny neuron"
3.83796062020267e-11,0.827788743495789,0.543,0.495,1.14252249702813e-06,"FP236383.1","PD_vs_Ctrl","D2 medium spiny neuron"
4.19300919581427e-11,-0.737051232738172,0.206,0.314,1.24821690750195e-06,"OGFR","PD_vs_Ctrl","D2 medium spiny neuron"
4.21587855643282e-11,-0.901305657678927,0.219,0.32,1.25502488746449e-06,"ZNF428","PD_vs_Ctrl","D2 medium spiny neuron"
4.23595251287119e-11,0.758018586325462,0.293,0.187,1.26100070355662e-06,"AC106779.1","PD_vs_Ctrl","D2 medium spiny neuron"
4.51721455037461e-11,0.768822709212062,0.345,0.244,1.34472959950102e-06,"ITFG2-AS1","PD_vs_Ctrl","D2 medium spiny neuron"
4.66348431359233e-11,0.528163287005699,0.484,0.38,1.3882726453133e-06,"NFATC3","PD_vs_Ctrl","D2 medium spiny neuron"
4.80684164366829e-11,0.92449045967148,0.27,0.175,1.43094868890361e-06,"PTP4A2","PD_vs_Ctrl","D2 medium spiny neuron"
5.32082441833635e-11,-0.869814896807692,0.142,0.235,1.58395622109455e-06,"DLG5","PD_vs_Ctrl","D2 medium spiny neuron"
5.391812428181e-11,0.879365623973774,0.243,0.148,1.6050886417452e-06,"CCDC62","PD_vs_Ctrl","D2 medium spiny neuron"
6.08187375813243e-11,-0.876893560237991,0.216,0.322,1.81051299905844e-06,"RPS16","PD_vs_Ctrl","D2 medium spiny neuron"
6.11124243721922e-11,0.525171494333686,0.521,0.426,1.81925576113579e-06,"AP000769.1","PD_vs_Ctrl","D2 medium spiny neuron"
6.11630576481112e-11,-0.57056963097392,0.331,0.447,1.82076306312662e-06,"MRPS21","PD_vs_Ctrl","D2 medium spiny neuron"
6.19964735442246e-11,-0.768419212464666,0.125,0.214,1.84557302093802e-06,"PNLDC1","PD_vs_Ctrl","D2 medium spiny neuron"
6.39777207901442e-11,0.598965909193648,0.433,0.337,1.9045527702018e-06,"Z93930.2","PD_vs_Ctrl","D2 medium spiny neuron"
6.68050690128468e-11,-0.691049647501059,0.311,0.428,1.98872009944344e-06,"TMA7","PD_vs_Ctrl","D2 medium spiny neuron"
7.56635980196015e-11,-0.536396999014534,0.491,0.581,2.25242964944552e-06,"FAM213A","PD_vs_Ctrl","D2 medium spiny neuron"
8.28909325585689e-11,-0.58058470582234,0.32,0.438,2.46758017133604e-06,"TMEM158","PD_vs_Ctrl","D2 medium spiny neuron"
8.85948332957892e-11,-0.903502491309599,0.169,0.262,2.63737959238235e-06,"AC073167.1","PD_vs_Ctrl","D2 medium spiny neuron"
9.80303879038163e-11,-1.10262130496522,0.115,0.204,2.91826661750871e-06,"DDIT3","PD_vs_Ctrl","D2 medium spiny neuron"
1.18749369468841e-10,-0.912191185335755,0.127,0.215,3.53504997971793e-06,"AC141586.1","PD_vs_Ctrl","D2 medium spiny neuron"
1.18858825018326e-10,0.516292658460359,0.495,0.404,3.53830836197054e-06,"FSTL5","PD_vs_Ctrl","D2 medium spiny neuron"
1.20413172402871e-10,-0.674475806297821,0.215,0.318,3.58457972926106e-06,"CYP20A1","PD_vs_Ctrl","D2 medium spiny neuron"
1.21166745460378e-10,-0.560350430811472,0.279,0.386,3.60701284561e-06,"RNF112","PD_vs_Ctrl","D2 medium spiny neuron"
1.53201629263303e-10,-0.573472523346081,0.325,0.442,4.56065930153925e-06,"MAP4K4","PD_vs_Ctrl","D2 medium spiny neuron"
1.71870467190032e-10,-0.598976992344948,0.223,0.329,5.11641193778005e-06,"AC123768.3","PD_vs_Ctrl","D2 medium spiny neuron"
1.72810328837017e-10,-0.684278540821012,0.171,0.271,5.14439067914916e-06,"RCSD1","PD_vs_Ctrl","D2 medium spiny neuron"
1.83496285123743e-10,-0.816480743949123,0.223,0.322,5.4625009118487e-06,"GNPDA1","PD_vs_Ctrl","D2 medium spiny neuron"
1.8454070891252e-10,0.537486551246484,0.462,0.367,5.49359236361679e-06,"LINC01182","PD_vs_Ctrl","D2 medium spiny neuron"
1.93661586938727e-10,-0.688599538366196,0.299,0.411,5.76511178157895e-06,"SRI","PD_vs_Ctrl","D2 medium spiny neuron"
1.95925368873531e-10,-0.875105545162925,0.116,0.2,5.83250230599614e-06,"FAM86HP","PD_vs_Ctrl","D2 medium spiny neuron"
1.99263779097682e-10,-0.95542748138359,0.164,0.252,5.9318834399589e-06,"AC020611.2","PD_vs_Ctrl","D2 medium spiny neuron"
2.04359912922572e-10,-0.569983917273093,0.432,0.524,6.08359024779205e-06,"PPA1","PD_vs_Ctrl","D2 medium spiny neuron"
2.06695902449301e-10,-0.863291884080358,0.219,0.31,6.15313032001324e-06,"AC090709.1","PD_vs_Ctrl","D2 medium spiny neuron"
2.39083996477123e-10,0.511507461099288,0.471,0.371,7.11729149112747e-06,"XRRA1","PD_vs_Ctrl","D2 medium spiny neuron"
2.58612073125289e-10,-0.819493024406341,0.134,0.222,7.69862280486673e-06,"ENPP7P7","PD_vs_Ctrl","D2 medium spiny neuron"
3.02405244836081e-10,-0.826166582509673,0.212,0.31,9.0023017335253e-06,"BAALC","PD_vs_Ctrl","D2 medium spiny neuron"
3.07585138070326e-10,-0.839736583909982,0.233,0.334,9.15650197521553e-06,"BTF3","PD_vs_Ctrl","D2 medium spiny neuron"
3.07771751183381e-10,0.671686912026788,0.394,0.303,9.16205726097808e-06,"RBM14-RBM4","PD_vs_Ctrl","D2 medium spiny neuron"
3.24589064671544e-10,-0.533148080429985,0.308,0.411,9.66269186620719e-06,"SMOC2","PD_vs_Ctrl","D2 medium spiny neuron"
3.53820673973991e-10,-0.554504638002093,0.413,0.504,1.05328876435317e-05,"NDUFV1","PD_vs_Ctrl","D2 medium spiny neuron"
3.84463191725223e-10,-0.661468224548347,0.185,0.285,1.14450847544682e-05,"BCAR3","PD_vs_Ctrl","D2 medium spiny neuron"
3.89598117775346e-10,-0.915515573125051,0.231,0.331,1.15979463680543e-05,"SAP18","PD_vs_Ctrl","D2 medium spiny neuron"
4.22054569716276e-10,-0.560584735695235,0.423,0.509,1.25641424858838e-05,"BAIAP2L2","PD_vs_Ctrl","D2 medium spiny neuron"
4.59338618311257e-10,0.655954164924214,0.227,0.135,1.36740513285078e-05,"SFT2D2","PD_vs_Ctrl","D2 medium spiny neuron"
4.77686638454805e-10,-0.680376380042102,0.216,0.316,1.42202535401611e-05,"RMND5B","PD_vs_Ctrl","D2 medium spiny neuron"
5.71382319217605e-10,0.536151095778072,0.387,0.294,1.70094802607889e-05,"CCT4","PD_vs_Ctrl","D2 medium spiny neuron"
5.8850396868668e-10,0.684972145374982,0.364,0.275,1.75191746438338e-05,"LMAN2L","PD_vs_Ctrl","D2 medium spiny neuron"
6.04862640314792e-10,-0.779620091911667,0.274,0.377,1.80061559395311e-05,"RPS14","PD_vs_Ctrl","D2 medium spiny neuron"
6.36521900266227e-10,-0.726396489562614,0.228,0.331,1.89486204490253e-05,"RPSA","PD_vs_Ctrl","D2 medium spiny neuron"
7.10330909762807e-10,-0.601040039864098,0.292,0.404,2.1145840852729e-05,"AP1S1","PD_vs_Ctrl","D2 medium spiny neuron"
7.31738214930669e-10,0.532862829784801,0.382,0.279,2.17831149202711e-05,"AK3","PD_vs_Ctrl","D2 medium spiny neuron"
7.72137352436859e-10,-0.867864089493885,0.127,0.212,2.29857568446929e-05,"DSCAS","PD_vs_Ctrl","D2 medium spiny neuron"
8.62593429831187e-10,-0.794784283163045,0.188,0.279,2.56785438126446e-05,"DUOX1","PD_vs_Ctrl","D2 medium spiny neuron"
9.10541337175538e-10,-0.707608101741982,0.251,0.355,2.71059050663786e-05,"RPRML","PD_vs_Ctrl","D2 medium spiny neuron"
9.43997615397325e-10,0.544863663693958,0.505,0.424,2.8101865012763e-05,"SLC26A3","PD_vs_Ctrl","D2 medium spiny neuron"
9.44013384794734e-10,-0.53724622072326,0.302,0.404,2.81023344519544e-05,"LOXHD1","PD_vs_Ctrl","D2 medium spiny neuron"
9.55321335979622e-10,0.673978770002921,0.294,0.201,2.84389608507774e-05,"TECR","PD_vs_Ctrl","D2 medium spiny neuron"
9.62801363864758e-10,0.785502142599405,0.299,0.209,2.866163380089e-05,"GPR89B","PD_vs_Ctrl","D2 medium spiny neuron"
9.62900657298209e-10,0.847858031230302,0.281,0.192,2.86645896671104e-05,"QRICH2","PD_vs_Ctrl","D2 medium spiny neuron"
9.77728920336597e-10,-0.768400714068529,0.239,0.343,2.91060122295001e-05,"TUBB","PD_vs_Ctrl","D2 medium spiny neuron"
1.00289517893807e-09,-0.570636070531867,0.346,0.438,2.98551865818075e-05,"LINC01572","PD_vs_Ctrl","D2 medium spiny neuron"
1.20494182081063e-09,0.732996916746158,0.315,0.225,3.58699130637117e-05,"GPR89A","PD_vs_Ctrl","D2 medium spiny neuron"
1.21917683057561e-09,-0.520236041280777,0.291,0.394,3.62936750694052e-05,"AGBL3","PD_vs_Ctrl","D2 medium spiny neuron"
1.22412104729209e-09,0.505180216361226,0.43,0.33,3.64408594568384e-05,"LGR4","PD_vs_Ctrl","D2 medium spiny neuron"
1.24558365479373e-09,-0.501739060959989,0.302,0.401,3.70797798195546e-05,"PTPN7","PD_vs_Ctrl","D2 medium spiny neuron"
1.27606037703878e-09,0.667747975664606,0.309,0.217,3.79870413640676e-05,"AC092910.3","PD_vs_Ctrl","D2 medium spiny neuron"
1.34807143006819e-09,0.580886620235891,0.401,0.312,4.01307384017e-05,"HERC2P9","PD_vs_Ctrl","D2 medium spiny neuron"
1.41534088101835e-09,0.600596670113144,0.439,0.354,4.21332826870352e-05,"MCU","PD_vs_Ctrl","D2 medium spiny neuron"
1.4539277875247e-09,-0.565176176770766,0.306,0.406,4.32819763068229e-05,"LINC01006","PD_vs_Ctrl","D2 medium spiny neuron"
1.50663356538019e-09,0.633868872786437,0.249,0.161,4.48509746078029e-05,"ARHGEF26-AS1","PD_vs_Ctrl","D2 medium spiny neuron"
1.53759357045894e-09,0.533269216815458,0.419,0.324,4.57726229989922e-05,"YAE1D1","PD_vs_Ctrl","D2 medium spiny neuron"
1.57062003686513e-09,-1.22591140583917,0.121,0.201,4.6755787877438e-05,"FABP5","PD_vs_Ctrl","D2 medium spiny neuron"
1.62775220216493e-09,0.561103911903872,0.338,0.244,4.84565553062477e-05,"AP006621.3","PD_vs_Ctrl","D2 medium spiny neuron"
1.81279835747605e-09,0.617605457364123,0.323,0.23,5.39651943037045e-05,"HCN1","PD_vs_Ctrl","D2 medium spiny neuron"
1.86365952256847e-09,0.524553773307793,0.428,0.342,5.54792803273407e-05,"RIMBP2","PD_vs_Ctrl","D2 medium spiny neuron"
1.94806199134468e-09,-0.706095724754239,0.168,0.259,5.79918574203398e-05,"CEBPG","PD_vs_Ctrl","D2 medium spiny neuron"
2.41723473865049e-09,-0.717504839302227,0.255,0.358,7.19586609348866e-05,"RPS27A","PD_vs_Ctrl","D2 medium spiny neuron"
2.45550516057835e-09,-0.738006297141875,0.209,0.297,7.3097933125257e-05,"AC130650.1","PD_vs_Ctrl","D2 medium spiny neuron"
2.48877671191729e-09,-0.638957320815932,0.206,0.299,7.40883939370657e-05,"NTNG1","PD_vs_Ctrl","D2 medium spiny neuron"
2.51606184118236e-09,-0.703508234120252,0.122,0.205,7.49006449501577e-05,"AC107983.2","PD_vs_Ctrl","D2 medium spiny neuron"
2.53479985924964e-09,-0.710626412762665,0.231,0.33,7.54584570100026e-05,"ILF3-AS1","PD_vs_Ctrl","D2 medium spiny neuron"
2.54088702476907e-09,-0.637756106578041,0.181,0.277,7.56396658403505e-05,"AC092073.1","PD_vs_Ctrl","D2 medium spiny neuron"
2.55225367551537e-09,-0.599847501698529,0.24,0.338,7.59780396664171e-05,"OSGEP","PD_vs_Ctrl","D2 medium spiny neuron"
2.84069708902233e-09,0.568111523109788,0.421,0.332,8.45647116431058e-05,"DNAI1","PD_vs_Ctrl","D2 medium spiny neuron"
2.88019191090876e-09,0.795748156280688,0.282,0.194,8.57404329958428e-05,"TUBA1C","PD_vs_Ctrl","D2 medium spiny neuron"
2.97266488531321e-09,-0.539498696352193,0.404,0.486,8.84932609708888e-05,"SLC8A1-AS1","PD_vs_Ctrl","D2 medium spiny neuron"
2.9907259476319e-09,0.575525175310785,0.268,0.174,8.90309207350541e-05,"ZNF727","PD_vs_Ctrl","D2 medium spiny neuron"
3.03405879221158e-09,-0.678136122358757,0.199,0.291,9.03208961853466e-05,"AC058791.1","PD_vs_Ctrl","D2 medium spiny neuron"
3.13162337296852e-09,0.616503826506505,0.368,0.277,9.32252961898997e-05,"AL590705.1","PD_vs_Ctrl","D2 medium spiny neuron"
3.76556536773003e-09,-0.516933008773888,0.273,0.371,0.000112097115431955,"RFX3-AS1","PD_vs_Ctrl","D2 medium spiny neuron"
3.87095997058259e-09,-0.526817509359601,0.442,0.552,0.000115234607364273,"NDUFA4","PD_vs_Ctrl","D2 medium spiny neuron"
3.94696970743044e-09,-0.531593088448958,0.356,0.466,0.000117497341220497,"NLRP1","PD_vs_Ctrl","D2 medium spiny neuron"
4.30532588154935e-09,0.658980500476647,0.334,0.247,0.000128165246167843,"AC004893.2","PD_vs_Ctrl","D2 medium spiny neuron"
4.32040878789387e-09,0.949203103761831,0.238,0.16,0.000128614249206813,"TUBBP5","PD_vs_Ctrl","D2 medium spiny neuron"
4.35160958710797e-09,-0.5096050845039,0.43,0.51,0.000129543065798617,"SLC6A1-AS1","PD_vs_Ctrl","D2 medium spiny neuron"
4.55480172671e-09,0.516638452502613,0.443,0.357,0.00013559189260243,"GPR135","PD_vs_Ctrl","D2 medium spiny neuron"
4.69511147244975e-09,0.603913642237634,0.357,0.272,0.000139768773423357,"GATB","PD_vs_Ctrl","D2 medium spiny neuron"
4.82265834158782e-09,0.871003028322378,0.223,0.14,0.000143565716170728,"MAP3K7CL","PD_vs_Ctrl","D2 medium spiny neuron"
4.90135217173667e-09,-0.613120231194832,0.28,0.373,0.000145908352800429,"MFSD13B","PD_vs_Ctrl","D2 medium spiny neuron"
5.02730935922012e-09,-0.545026536781452,0.422,0.514,0.000149657972314624,"CLTA","PD_vs_Ctrl","D2 medium spiny neuron"
5.03289653233874e-09,-0.540774855221893,0.126,0.212,0.000149824296871192,"HSD11B2","PD_vs_Ctrl","D2 medium spiny neuron"
5.08465254161995e-09,-0.725405736475951,0.217,0.302,0.000151365021511484,"AC093879.1","PD_vs_Ctrl","D2 medium spiny neuron"
5.15906179597715e-09,-0.903907738105225,0.226,0.315,0.000153580110604444,"RACK1","PD_vs_Ctrl","D2 medium spiny neuron"
5.31663340079684e-09,-0.593234475403909,0.172,0.26,0.000158270859708321,"ALG11","PD_vs_Ctrl","D2 medium spiny neuron"
5.38617020761364e-09,-0.782173745984323,0.207,0.299,0.00016034090091045,"EDF1","PD_vs_Ctrl","D2 medium spiny neuron"
5.71291811165181e-09,-0.812868665427981,0.264,0.362,0.000170067859265763,"PARK7","PD_vs_Ctrl","D2 medium spiny neuron"
6.05188244667297e-09,-0.786142539492081,0.226,0.317,0.000180158488555008,"RPS7","PD_vs_Ctrl","D2 medium spiny neuron"
6.14615010518397e-09,0.529310083091016,0.43,0.346,0.000182964742481222,"XRCC4","PD_vs_Ctrl","D2 medium spiny neuron"
6.37536412328704e-09,-0.538345236424562,0.236,0.33,0.000189788214586132,"RINT1","PD_vs_Ctrl","D2 medium spiny neuron"
6.40282770237728e-09,-0.623928503591011,0.207,0.301,0.000190605777872069,"ASPSCR1","PD_vs_Ctrl","D2 medium spiny neuron"
6.54701378858301e-09,-0.569673574460001,0.245,0.347,0.000194898053472327,"RAD23A","PD_vs_Ctrl","D2 medium spiny neuron"
6.82465359662134e-09,-0.735156773879853,0.231,0.329,0.000203163112917821,"CCDC85B","PD_vs_Ctrl","D2 medium spiny neuron"
6.88808621683431e-09,-0.854151368124317,0.198,0.287,0.000205051438588941,"COPS9","PD_vs_Ctrl","D2 medium spiny neuron"
6.99545574011422e-09,-0.898704611810384,0.127,0.202,0.00020824772192746,"BACH2","PD_vs_Ctrl","D2 medium spiny neuron"
6.9987854733946e-09,0.572698218031951,0.348,0.263,0.000208346844757484,"MRPL48","PD_vs_Ctrl","D2 medium spiny neuron"
7.00963027233029e-09,0.657421115409265,0.289,0.203,0.000208669683577,"DUSP19","PD_vs_Ctrl","D2 medium spiny neuron"
7.3699768211542e-09,-0.527553924025704,0.354,0.448,0.000219396839988939,"NLGN2","PD_vs_Ctrl","D2 medium spiny neuron"
7.40858746002494e-09,-0.643753575408955,0.331,0.441,0.000220546240097482,"SERF2","PD_vs_Ctrl","D2 medium spiny neuron"
7.59843641556221e-09,-0.637677008448044,0.13,0.213,0.000226197853654871,"FGFRL1","PD_vs_Ctrl","D2 medium spiny neuron"
7.75592365857083e-09,-0.839783214561583,0.144,0.225,0.000230886091391995,"ZNF7","PD_vs_Ctrl","D2 medium spiny neuron"
7.80985642335699e-09,-0.695576773531765,0.125,0.205,0.000232491615866914,"LINC01125","PD_vs_Ctrl","D2 medium spiny neuron"
8.14118905113326e-09,-0.512508878600985,0.331,0.432,0.000242355056863186,"GRASP","PD_vs_Ctrl","D2 medium spiny neuron"
8.15306095157441e-09,0.527056538601496,0.415,0.328,0.000242708471467419,"DGKG","PD_vs_Ctrl","D2 medium spiny neuron"
8.27882221592812e-09,0.505068925327989,0.446,0.359,0.000246452258545964,"RFX2","PD_vs_Ctrl","D2 medium spiny neuron"
8.45662356790696e-09,1.02722860940201,0.202,0.127,0.000251745226993022,"ADPRHL1","PD_vs_Ctrl","D2 medium spiny neuron"
8.61612250963791e-09,-0.553048381596595,0.252,0.346,0.000256493350989411,"AC098864.1","PD_vs_Ctrl","D2 medium spiny neuron"
9.3284131949555e-09,-0.687072911417461,0.306,0.404,0.00027769753240063,"RPL11","PD_vs_Ctrl","D2 medium spiny neuron"
1.04841595005451e-08,-0.614070837787758,0.348,0.449,0.000312102944171727,"AC016739.1","PD_vs_Ctrl","D2 medium spiny neuron"
1.07410951041416e-08,-0.804826998372358,0.169,0.252,0.000319751660155191,"LINC00937","PD_vs_Ctrl","D2 medium spiny neuron"
1.09552677138888e-08,-0.618773166065756,0.286,0.373,0.000326127364574755,"ENTPD3-AS1","PD_vs_Ctrl","D2 medium spiny neuron"
1.18934615924764e-08,0.743075753305416,0.285,0.203,0.000354056458146429,"SLC5A4-AS1","PD_vs_Ctrl","D2 medium spiny neuron"
1.21590436696033e-08,-0.510451949457544,0.307,0.405,0.00036196257100042,"DLST","PD_vs_Ctrl","D2 medium spiny neuron"
1.23950716311281e-08,-0.693133934577762,0.16,0.245,0.000368988887387051,"TMEM134","PD_vs_Ctrl","D2 medium spiny neuron"
1.30120639992961e-08,-0.558159871068423,0.343,0.432,0.000387356133195047,"AL353626.1","PD_vs_Ctrl","D2 medium spiny neuron"
1.36053604743096e-08,0.534770773515614,0.423,0.338,0.000405017975959723,"RAD52","PD_vs_Ctrl","D2 medium spiny neuron"
1.40792495246186e-08,-0.810652160201683,0.168,0.25,0.000419125179098371,"ICMT","PD_vs_Ctrl","D2 medium spiny neuron"
1.43048802313293e-08,-0.646096336864354,0.232,0.328,0.000425841979606441,"ATP5G3","PD_vs_Ctrl","D2 medium spiny neuron"
1.4863787537128e-08,0.67210697160858,0.281,0.196,0.000442480091192764,"ARHGEF28","PD_vs_Ctrl","D2 medium spiny neuron"
1.50974902192428e-08,0.805285035098371,0.2,0.122,0.00044943718633664,"AC096719.1","PD_vs_Ctrl","D2 medium spiny neuron"
1.58474836724357e-08,-0.500213877390232,0.247,0.346,0.000471763741444739,"WNT2B","PD_vs_Ctrl","D2 medium spiny neuron"
1.67706061304986e-08,-0.806408688583939,0.13,0.207,0.000499244173898813,"DPM2","PD_vs_Ctrl","D2 medium spiny neuron"
1.80225168661004e-08,-0.548886659784621,0.28,0.38,0.000536512304586943,"ARMCX3","PD_vs_Ctrl","D2 medium spiny neuron"
1.84301638337957e-08,-0.85627298732543,0.129,0.205,0.000548647547168263,"LINC02231","PD_vs_Ctrl","D2 medium spiny neuron"
1.96254528832446e-08,-0.576055610998859,0.213,0.299,0.000584230106881307,"AC024901.1","PD_vs_Ctrl","D2 medium spiny neuron"
1.970271274276e-08,-0.887661323320875,0.134,0.21,0.000586530055639221,"ANGPT2","PD_vs_Ctrl","D2 medium spiny neuron"
2.01549833399882e-08,-0.878561249034476,0.221,0.308,0.000599993699048108,"FAU","PD_vs_Ctrl","D2 medium spiny neuron"
2.01565146653751e-08,0.795888373005442,0.254,0.177,0.000600039285073551,"PLXDC1","PD_vs_Ctrl","D2 medium spiny neuron"
2.03513145770994e-08,-0.74806364747015,0.145,0.229,0.000605838283645673,"MIEN1","PD_vs_Ctrl","D2 medium spiny neuron"
2.10382357939228e-08,-0.595309085470545,0.343,0.441,0.000626287241349287,"COX7C","PD_vs_Ctrl","D2 medium spiny neuron"
2.32506351532421e-08,-0.525515351946117,0.322,0.412,0.000692148157876863,"ACTR1B","PD_vs_Ctrl","D2 medium spiny neuron"
2.41181862047999e-08,0.503720805581195,0.435,0.351,0.000717974285130689,"ACTL6B","PD_vs_Ctrl","D2 medium spiny neuron"
2.43333542470508e-08,-0.519848186572703,0.28,0.373,0.000724379622580456,"IGFBP5","PD_vs_Ctrl","D2 medium spiny neuron"
2.54937843658187e-08,0.687698990870541,0.234,0.158,0.000758924466786056,"FKBP4","PD_vs_Ctrl","D2 medium spiny neuron"
2.55203518460478e-08,0.733051787000726,0.219,0.142,0.000759715354104998,"AC096887.1","PD_vs_Ctrl","D2 medium spiny neuron"
2.61092199613555e-08,-0.84358751123768,0.197,0.282,0.000777245369029592,"ERH","PD_vs_Ctrl","D2 medium spiny neuron"
2.70978763769697e-08,0.685854807763904,0.257,0.173,0.00080667668186601,"TMEM202-AS1","PD_vs_Ctrl","D2 medium spiny neuron"
2.78472873557924e-08,-0.930306735394815,0.148,0.229,0.000828985897294584,"TUBB4B","PD_vs_Ctrl","D2 medium spiny neuron"
2.86310075304663e-08,-0.798689635185449,0.154,0.232,0.000852316463174451,"AC027018.1","PD_vs_Ctrl","D2 medium spiny neuron"
3.24349803007106e-08,-0.578121989728267,0.31,0.401,0.000965556928571853,"LIX1-AS1","PD_vs_Ctrl","D2 medium spiny neuron"
3.26354772996259e-08,-0.609122235425568,0.273,0.361,0.000971525523732563,"ORMDL1","PD_vs_Ctrl","D2 medium spiny neuron"
3.44086663754872e-08,-0.831812609349411,0.165,0.246,0.00102431158933188,"MRPL57","PD_vs_Ctrl","D2 medium spiny neuron"
3.68453957327923e-08,-0.529384285629276,0.371,0.463,0.00109685058556949,"AL669831.3","PD_vs_Ctrl","D2 medium spiny neuron"
3.99120463656401e-08,0.643307405085948,0.309,0.225,0.00118814170825874,"PIWIL4","PD_vs_Ctrl","D2 medium spiny neuron"
3.99988455216522e-08,-0.569289552503613,0.273,0.361,0.00119072563233406,"DHDDS","PD_vs_Ctrl","D2 medium spiny neuron"
4.30458203629075e-08,-0.753238530155902,0.209,0.299,0.00128143102638339,"PSMA7","PD_vs_Ctrl","D2 medium spiny neuron"
4.33096135676531e-08,0.530610563584593,0.286,0.199,0.00128928388629547,"GLRA2","PD_vs_Ctrl","D2 medium spiny neuron"
4.37596938990996e-08,-0.665612964060943,0.217,0.301,0.0013026823276823,"AC019197.1","PD_vs_Ctrl","D2 medium spiny neuron"
4.57071175168332e-08,-0.644899834103853,0.274,0.361,0.00136065518135861,"SRSF2","PD_vs_Ctrl","D2 medium spiny neuron"
5.16031554824925e-08,0.635474267451388,0.248,0.17,0.00153617433555832,"PELI2","PD_vs_Ctrl","D2 medium spiny neuron"
5.52654502326073e-08,0.860890983747316,0.209,0.135,0.00164519718797449,"C6orf118","PD_vs_Ctrl","D2 medium spiny neuron"
6.45605279064158e-08,0.87705949880767,0.248,0.174,0.00192190235524609,"NEAT1","PD_vs_Ctrl","D2 medium spiny neuron"
6.4642458492704e-08,0.877396305074296,0.226,0.153,0.00192434134686931,"MIR646HG","PD_vs_Ctrl","D2 medium spiny neuron"
6.89855378951253e-08,-0.62002299688944,0.173,0.256,0.00205363047759998,"WDR31","PD_vs_Ctrl","D2 medium spiny neuron"
6.96663413697924e-08,-0.891561619417318,0.134,0.203,0.00207389731623735,"AC004039.1","PD_vs_Ctrl","D2 medium spiny neuron"
7.15854536835087e-08,-0.555000898391203,0.218,0.299,0.00213102737070437,"ZIM2","PD_vs_Ctrl","D2 medium spiny neuron"
7.60654145254252e-08,-0.78099487217224,0.21,0.295,0.00226439132500738,"RPL7A","PD_vs_Ctrl","D2 medium spiny neuron"
7.69822102406667e-08,-0.918317267448281,0.139,0.211,0.00229168341665441,"TMEM179B","PD_vs_Ctrl","D2 medium spiny neuron"
8.06160237065807e-08,0.544665171461676,0.323,0.242,0.0023998584097212,"ECSIT","PD_vs_Ctrl","D2 medium spiny neuron"
8.82582988586273e-08,-0.751438758226193,0.224,0.299,0.00262736129872248,"FILIP1L","PD_vs_Ctrl","D2 medium spiny neuron"
9.64140670492767e-08,-0.557665653369527,0.281,0.373,0.00287015036198992,"ARF4","PD_vs_Ctrl","D2 medium spiny neuron"
9.67342836219061e-08,0.585055291278859,0.275,0.195,0.00287968288914052,"ADAL","PD_vs_Ctrl","D2 medium spiny neuron"
9.90993850661545e-08,-0.534339188670819,0.26,0.346,0.00295008959403435,"TRMT10B","PD_vs_Ctrl","D2 medium spiny neuron"
1.01561929410559e-07,-0.575550953850819,0.13,0.205,0.00302339707662294,"AL117190.1","PD_vs_Ctrl","D2 medium spiny neuron"
1.03379763961735e-07,-0.936298163334545,0.163,0.24,0.00307751219337688,"SELENOM","PD_vs_Ctrl","D2 medium spiny neuron"
1.07975622388214e-07,0.726082646787111,0.219,0.143,0.00321432630287473,"AC103923.1","PD_vs_Ctrl","D2 medium spiny neuron"
1.08416852833462e-07,0.852969989562677,0.207,0.136,0.00322746129199933,"BAG2","PD_vs_Ctrl","D2 medium spiny neuron"
1.09354725960384e-07,-0.609490050853168,0.303,0.388,0.00325538083711468,"STAT2","PD_vs_Ctrl","D2 medium spiny neuron"
1.14762799576063e-07,-0.55085597096627,0.144,0.224,0.00341637378057983,"JADE3","PD_vs_Ctrl","D2 medium spiny neuron"
1.21098354968602e-07,-0.608245831331946,0.161,0.243,0.00360497692906031,"LINC01435","PD_vs_Ctrl","D2 medium spiny neuron"
1.31885413938053e-07,-0.645807743966817,0.127,0.201,0.00392609688752189,"LYSMD4","PD_vs_Ctrl","D2 medium spiny neuron"
1.41067829494092e-07,-0.596305115177948,0.208,0.295,0.00419944821620962,"NDUFS3","PD_vs_Ctrl","D2 medium spiny neuron"
1.59738156027454e-07,0.510830188524974,0.377,0.3,0.00475524516678129,"PHF8","PD_vs_Ctrl","D2 medium spiny neuron"
1.66391523906725e-07,-0.568828118289438,0.261,0.346,0.0049533092751793,"TIMP3","PD_vs_Ctrl","D2 medium spiny neuron"
1.69669469160878e-07,-0.738904965055361,0.14,0.215,0.00505089042745016,"NUDT2","PD_vs_Ctrl","D2 medium spiny neuron"
1.75271642947263e-07,0.71278291440077,0.263,0.187,0.00521766153889707,"APTR","PD_vs_Ctrl","D2 medium spiny neuron"
1.80511761783508e-07,-0.732854453969105,0.131,0.202,0.00537365463653324,"MARCH9","PD_vs_Ctrl","D2 medium spiny neuron"
1.81283980248553e-07,-0.615080671114142,0.144,0.219,0.00539664280801917,"MYO1B","PD_vs_Ctrl","D2 medium spiny neuron"
1.8273775641087e-07,0.549515253050336,0.38,0.307,0.00543992027059519,"FAM227A","PD_vs_Ctrl","D2 medium spiny neuron"
1.84639398239124e-07,-0.53445686345195,0.327,0.411,0.00549653024618049,"DDX3X","PD_vs_Ctrl","D2 medium spiny neuron"
1.86820396327857e-07,-0.524537811702599,0.348,0.422,0.00556145637828396,"AC015923.1","PD_vs_Ctrl","D2 medium spiny neuron"
2.00729576641258e-07,-0.643503059317063,0.274,0.353,0.00597551876703361,"ANKUB1","PD_vs_Ctrl","D2 medium spiny neuron"
2.01484353328194e-07,-0.779639209753118,0.163,0.236,0.005997987714227,"SHISA6","PD_vs_Ctrl","D2 medium spiny neuron"
2.17919470635259e-07,-0.723067517459827,0.225,0.297,0.00648724472134103,"AL390783.1","PD_vs_Ctrl","D2 medium spiny neuron"
2.18793467248481e-07,-0.788751278207935,0.153,0.231,0.00651326272652004,"MYL6","PD_vs_Ctrl","D2 medium spiny neuron"
2.1883806152345e-07,-0.928651324754565,0.132,0.202,0.00651459025349159,"APEX1","PD_vs_Ctrl","D2 medium spiny neuron"
2.21705602248626e-07,-0.807775561700137,0.188,0.267,0.00659995407333935,"ABHD17A","PD_vs_Ctrl","D2 medium spiny neuron"
2.32917214740781e-07,-0.623985119570366,0.188,0.271,0.0069337125656183,"C9orf16","PD_vs_Ctrl","D2 medium spiny neuron"
2.58745611153415e-07,-0.538347003394202,0.207,0.291,0.00770259809842602,"AL159163.1","PD_vs_Ctrl","D2 medium spiny neuron"
2.68689893481515e-07,-0.980940689249081,0.14,0.21,0.00799862943905122,"NCBP2","PD_vs_Ctrl","D2 medium spiny neuron"
2.7343790512394e-07,-0.710980401111251,0.193,0.279,0.00813997299763458,"DYNLT3","PD_vs_Ctrl","D2 medium spiny neuron"
2.7898345964786e-07,-0.553134058378506,0.183,0.265,0.00830505861025714,"LINC01376","PD_vs_Ctrl","D2 medium spiny neuron"
2.83283121067375e-07,-0.748432508182782,0.143,0.211,0.00843305523105469,"AL118516.1","PD_vs_Ctrl","D2 medium spiny neuron"
3.01280723154032e-07,0.571747624922811,0.35,0.275,0.00896882584757238,"FLOT2","PD_vs_Ctrl","D2 medium spiny neuron"
3.08073878295045e-07,0.687089018586945,0.235,0.163,0.00917105128296519,"ATP2B4","PD_vs_Ctrl","D2 medium spiny neuron"
3.0924995009829e-07,-0.501669440463549,0.316,0.418,0.009206061764476,"ITM2C","PD_vs_Ctrl","D2 medium spiny neuron"
3.18046169696271e-07,-0.591203449068912,0.129,0.201,0.00946791642568828,"GLI3","PD_vs_Ctrl","D2 medium spiny neuron"
3.29966109964483e-07,-0.516096318473703,0.31,0.403,0.0098227611275327,"PIN1","PD_vs_Ctrl","D2 medium spiny neuron"
3.35019128883053e-07,-0.598906109170104,0.179,0.26,0.00997318444771961,"CDKN2D","PD_vs_Ctrl","D2 medium spiny neuron"
3.53843711604339e-07,0.57838140799012,0.348,0.279,0.0105335734507496,"BIN3","PD_vs_Ctrl","D2 medium spiny neuron"
3.56709700496495e-07,0.961709167279758,0.203,0.136,0.0106188910740802,"ACER2","PD_vs_Ctrl","D2 medium spiny neuron"
3.7084772721343e-07,-0.772588838368701,0.196,0.273,0.0110397659914166,"FIS1","PD_vs_Ctrl","D2 medium spiny neuron"
3.71601057441203e-07,0.667045053455555,0.209,0.138,0.0110621918789672,"NKAPP1","PD_vs_Ctrl","D2 medium spiny neuron"
3.78230218938129e-07,-0.59775417051468,0.26,0.34,0.0112595353875692,"AC002429.2","PD_vs_Ctrl","D2 medium spiny neuron"
3.80170675885921e-07,-0.506697290001375,0.241,0.326,0.011317300850448,"AC008537.1","PD_vs_Ctrl","D2 medium spiny neuron"
4.0557748315398e-07,-0.637888394688119,0.149,0.224,0.0120736360960108,"PGM1","PD_vs_Ctrl","D2 medium spiny neuron"
4.12545253365491e-07,-0.522639283889688,0.335,0.41,0.0122810596474373,"AP001831.1","PD_vs_Ctrl","D2 medium spiny neuron"
4.12960827066279e-07,0.510767314536919,0.21,0.135,0.0122934308609361,"ZNF208","PD_vs_Ctrl","D2 medium spiny neuron"
4.53577861626394e-07,-0.573381623012379,0.262,0.356,0.0135025593627561,"UBA52","PD_vs_Ctrl","D2 medium spiny neuron"
5.12335653236914e-07,-0.53951004411288,0.209,0.289,0.0152517200612097,"RTCA","PD_vs_Ctrl","D2 medium spiny neuron"
5.17549033012181e-07,-0.547333992353339,0.137,0.209,0.0154069171637396,"ISLR2","PD_vs_Ctrl","D2 medium spiny neuron"
5.21790381265311e-07,0.535926617304729,0.219,0.145,0.015533177859887,"MAML2","PD_vs_Ctrl","D2 medium spiny neuron"
5.41609496171736e-07,-0.51595843718522,0.248,0.333,0.0161231730915364,"HLA-F","PD_vs_Ctrl","D2 medium spiny neuron"
5.65010095644886e-07,-0.542811066440821,0.353,0.443,0.0168197855372526,"CD59","PD_vs_Ctrl","D2 medium spiny neuron"
5.70570072083582e-07,-0.594523492325535,0.161,0.236,0.0169853004758561,"SPSB3","PD_vs_Ctrl","D2 medium spiny neuron"
5.81489748705919e-07,-0.563398182371911,0.284,0.368,0.0173103683292265,"CHMP3","PD_vs_Ctrl","D2 medium spiny neuron"
6.00275026018693e-07,0.75999211279738,0.256,0.187,0.0178695872495505,"AC091948.1","PD_vs_Ctrl","D2 medium spiny neuron"
6.546960201634e-07,0.504511595430901,0.278,0.204,0.0194896458242442,"TIMMDC1","PD_vs_Ctrl","D2 medium spiny neuron"
6.66074035689815e-07,-0.559316569080401,0.303,0.398,0.0198283579684501,"PPDPF","PD_vs_Ctrl","D2 medium spiny neuron"
6.72249503479334e-07,-0.639514629240398,0.154,0.225,0.0200121954690763,"DNAH8","PD_vs_Ctrl","D2 medium spiny neuron"
6.88446715268614e-07,0.517468770245553,0.385,0.311,0.0204943702668314,"MCF2","PD_vs_Ctrl","D2 medium spiny neuron"
6.95302175691842e-07,0.606608045319706,0.25,0.177,0.0206984504681704,"METTL21A","PD_vs_Ctrl","D2 medium spiny neuron"
7.15090946642018e-07,-0.667946175128267,0.151,0.218,0.0212875423905862,"AC138649.1","PD_vs_Ctrl","D2 medium spiny neuron"
7.16782099435852e-07,-0.643976850864884,0.197,0.279,0.0213378863181059,"UBE2M","PD_vs_Ctrl","D2 medium spiny neuron"
7.29818608640704e-07,-0.514675781391632,0.448,0.536,0.0217259701606251,"COX4I1","PD_vs_Ctrl","D2 medium spiny neuron"
7.30365015090168e-07,-0.567851600847647,0.184,0.26,0.0217422361342192,"NPIPA1","PD_vs_Ctrl","D2 medium spiny neuron"
7.3158691996021e-07,-0.792854614640145,0.185,0.25,0.0217786110202955,"RHD","PD_vs_Ctrl","D2 medium spiny neuron"
7.93324764469681e-07,-0.567155239423989,0.217,0.292,0.0236164849134979,"ATP6V1E2","PD_vs_Ctrl","D2 medium spiny neuron"
8.47709196991901e-07,-0.546416745499115,0.232,0.315,0.0252354550852519,"ARMC10","PD_vs_Ctrl","D2 medium spiny neuron"
8.75423630137764e-07,0.665520511303227,0.219,0.15,0.0260604860455711,"MAPT-AS1","PD_vs_Ctrl","D2 medium spiny neuron"
8.91816501861483e-07,-0.647247668063282,0.263,0.337,0.0265484854439145,"C12orf40","PD_vs_Ctrl","D2 medium spiny neuron"
9.26297221964861e-07,0.524389988323026,0.245,0.174,0.0275749420006719,"GNB3","PD_vs_Ctrl","D2 medium spiny neuron"
9.61652269263098e-07,0.645216406701087,0.284,0.214,0.0286274264036932,"ZNF701","PD_vs_Ctrl","D2 medium spiny neuron"
1.12555577497675e-06,-0.659328176248261,0.17,0.248,0.033506669865283,"NDUFB10","PD_vs_Ctrl","D2 medium spiny neuron"
1.13314381196199e-06,-0.511652067843931,0.396,0.491,0.0337325581382966,"ATPIF1","PD_vs_Ctrl","D2 medium spiny neuron"
1.14651961039008e-06,-0.563367897232844,0.185,0.257,0.0341307422817022,"ZNFX1","PD_vs_Ctrl","D2 medium spiny neuron"
1.17331446054005e-06,-0.646583427931525,0.22,0.292,0.0349283981758167,"PSMD7","PD_vs_Ctrl","D2 medium spiny neuron"
1.17637625706735e-06,-0.69991063429525,0.166,0.238,0.0350195447966379,"RPS13","PD_vs_Ctrl","D2 medium spiny neuron"
1.18855681623412e-06,0.727845711242667,0.235,0.17,0.0353821478624736,"PREX2","PD_vs_Ctrl","D2 medium spiny neuron"
1.20689075498538e-06,-0.607652745984208,0.252,0.339,0.0359279308851598,"SET","PD_vs_Ctrl","D2 medium spiny neuron"
1.22191296527887e-06,-0.511407398102713,0.291,0.373,0.0363751270633867,"C2orf80","PD_vs_Ctrl","D2 medium spiny neuron"
1.28553928891692e-06,-0.644186446534746,0.247,0.323,0.0382692190917677,"ASB8","PD_vs_Ctrl","D2 medium spiny neuron"
1.3563264436719e-06,-0.762498772205303,0.235,0.315,0.0403764819016688,"MAP1LC3B","PD_vs_Ctrl","D2 medium spiny neuron"
1.36719593077257e-06,-0.644747441842911,0.146,0.212,0.0407000556631687,"MACROD2-AS1","PD_vs_Ctrl","D2 medium spiny neuron"
1.38508096211378e-06,-0.85901248358654,0.179,0.251,0.0412324751611652,"RPL35P5","PD_vs_Ctrl","D2 medium spiny neuron"
1.42566324533147e-06,-0.643728177296433,0.166,0.236,0.0424405691502724,"C19orf25","PD_vs_Ctrl","D2 medium spiny neuron"
1.4325883066242e-06,-0.53059500291008,0.293,0.368,0.0426467212998958,"B3GALNT1","PD_vs_Ctrl","D2 medium spiny neuron"
1.45486858425952e-06,-0.544070502317751,0.254,0.338,0.0433099828848217,"ARPC5","PD_vs_Ctrl","D2 medium spiny neuron"
1.51581786330368e-06,0.534526733000468,0.301,0.231,0.0451243819726871,"BHLHB9","PD_vs_Ctrl","D2 medium spiny neuron"
1.5301261348742e-06,-0.647797740403244,0.185,0.26,0.0455503249090701,"GSTM3","PD_vs_Ctrl","D2 medium spiny neuron"
1.55916640124897e-06,-0.645786337164653,0.196,0.271,0.0464148245987806,"SYNGR3","PD_vs_Ctrl","D2 medium spiny neuron"
1.57605120615185e-06,-0.886847272327183,0.149,0.216,0.0469174683559344,"SMDT1","PD_vs_Ctrl","D2 medium spiny neuron"
1.2389910606662e-21,-2.16537867337046,0.142,0.643,3.6883524884972e-17,"XIST","PD_vs_Ctrl","Eccentric medium spiny neuron"
2.45312682636897e-21,-2.68854037403382,0.193,0.62,7.30271324941778e-17,"APOE","PD_vs_Ctrl","Eccentric medium spiny neuron"
4.39274912929142e-19,1.63095533297265,0.794,0.372,1.30767748829876e-14,"DPH6-AS1","PD_vs_Ctrl","Eccentric medium spiny neuron"
1.04011414533583e-18,-2.24153467787666,0.219,0.643,3.09631579925024e-14,"CST3","PD_vs_Ctrl","Eccentric medium spiny neuron"
1.83459994870843e-18,-1.38449710881108,0.399,0.806,5.46142058731014e-14,"DCC","PD_vs_Ctrl","Eccentric medium spiny neuron"
2.43270802280464e-18,-5.36418320813752,0.009,0.318,7.24192851308712e-14,"MTND1P23","PD_vs_Ctrl","Eccentric medium spiny neuron"
2.29663995640966e-17,-2.22907312877194,0.313,0.651,6.83686748623593e-13,"B2M","PD_vs_Ctrl","Eccentric medium spiny neuron"
2.63245728489886e-16,1.55560707507093,0.742,0.279,7.83656209141543e-12,"NDST3","PD_vs_Ctrl","Eccentric medium spiny neuron"
2.34358736742957e-15,1.36622194302269,0.794,0.31,6.97662523410108e-11,"NLGN4Y","PD_vs_Ctrl","Eccentric medium spiny neuron"
2.39793230641676e-15,1.30777557002944,0.781,0.318,7.13840468297206e-11,"UTY","PD_vs_Ctrl","Eccentric medium spiny neuron"
3.09490370853675e-15,1.26982288702613,0.811,0.45,9.21321884994306e-11,"PCDH9","PD_vs_Ctrl","Eccentric medium spiny neuron"
3.73321881402236e-14,1.33406979576999,0.755,0.287,1.11134190874631e-09,"USP9Y","PD_vs_Ctrl","Eccentric medium spiny neuron"
4.25495586289644e-14,-3.34942813478815,0.086,0.388,1.26665781082564e-09,"IFI6","PD_vs_Ctrl","Eccentric medium spiny neuron"
7.65275444903156e-12,-4.76234607270422,0.004,0.202,2.2781484719322e-07,"MTCO1P12","PD_vs_Ctrl","Eccentric medium spiny neuron"
1.68936778573586e-11,1.84668844540172,0.536,0.186,5.02907896135708e-07,"TOGARAM2","PD_vs_Ctrl","Eccentric medium spiny neuron"
1.94882192335986e-11,1.09136003572009,0.794,0.349,5.80144798364996e-07,"TTTY14","PD_vs_Ctrl","Eccentric medium spiny neuron"
2.91986465952315e-11,1.50279111970531,0.567,0.186,8.69214510493448e-07,"ARL17A","PD_vs_Ctrl","Eccentric medium spiny neuron"
3.11186511775942e-11,-1.02347376551522,0.524,0.76,9.26371126905803e-07,"S100Z","PD_vs_Ctrl","Eccentric medium spiny neuron"
3.41130024441037e-11,2.00388019363938,0.459,0.109,1.01550996975852e-06,"SNX31","PD_vs_Ctrl","Eccentric medium spiny neuron"
1.11713291233144e-10,-1.45004297024163,0.262,0.566,3.32559296671947e-06,"SHROOM3","PD_vs_Ctrl","Eccentric medium spiny neuron"
2.89503698990463e-10,0.827391789564988,0.841,0.558,8.61823561524709e-06,"VAV3","PD_vs_Ctrl","Eccentric medium spiny neuron"
3.78901172920468e-10,2.48362982755063,0.373,0.07,1.12795090166694e-05,"NPNT","PD_vs_Ctrl","Eccentric medium spiny neuron"
4.40982711280225e-10,0.725552805188428,0.893,0.674,1.3127614332101e-05,"HSPH1","PD_vs_Ctrl","Eccentric medium spiny neuron"
5.70260838631786e-10,1.75057523545196,0.459,0.14,1.69760949052296e-05,"PTPN20","PD_vs_Ctrl","Eccentric medium spiny neuron"
7.80328415496158e-10,1.56613574484458,0.528,0.202,2.32295966009051e-05,"GRM1","PD_vs_Ctrl","Eccentric medium spiny neuron"
1.25469080792976e-09,1.2738534424661,0.571,0.217,3.73508906612612e-05,"GRK3","PD_vs_Ctrl","Eccentric medium spiny neuron"
1.90490744588483e-09,1.55427485061327,0.498,0.163,5.67071897565456e-05,"KDM5D","PD_vs_Ctrl","Eccentric medium spiny neuron"
2.27431480633253e-09,-0.858211860746445,0.506,0.767,6.77040774697131e-05,"HS6ST3","PD_vs_Ctrl","Eccentric medium spiny neuron"
2.38976412723502e-09,-0.982761037868238,0.476,0.713,7.11408883036594e-05,"FBXL21","PD_vs_Ctrl","Eccentric medium spiny neuron"
3.33189165812959e-09,0.510784484049655,0.948,0.791,9.91870827708597e-05,"HMGB1","PD_vs_Ctrl","Eccentric medium spiny neuron"
4.83707043646332e-09,1.18112760325216,0.627,0.295,0.000143994749823077,"CRELD1","PD_vs_Ctrl","Eccentric medium spiny neuron"
5.80408892187155e-09,0.674209124116081,0.88,0.643,0.000172781923115194,"SHISA9","PD_vs_Ctrl","Eccentric medium spiny neuron"
8.2651470406163e-09,-2.73789684118189,0.086,0.302,0.000246045162252107,"ISG15","PD_vs_Ctrl","Eccentric medium spiny neuron"
8.71992840751887e-09,-0.614386857529491,0.708,0.845,0.000259583548763429,"SGCZ","PD_vs_Ctrl","Eccentric medium spiny neuron"
9.08995365643552e-09,1.13361289322884,0.575,0.233,0.000270598830398429,"GYG2P1","PD_vs_Ctrl","Eccentric medium spiny neuron"
1.06200641635718e-08,1.5019599474491,0.489,0.202,0.00031614869008537,"LRRIQ1","PD_vs_Ctrl","Eccentric medium spiny neuron"
1.21465014153782e-08,2.78985874960474,0.288,0.039,0.000361589200634395,"LSAMP-AS1","PD_vs_Ctrl","Eccentric medium spiny neuron"
1.4920604452952e-08,0.899136813557348,0.738,0.488,0.000444171473959927,"TEKT4P2","PD_vs_Ctrl","Eccentric medium spiny neuron"
1.53775463243039e-08,-1.84947756054241,0.236,0.465,0.000457774176528202,"STAT1","PD_vs_Ctrl","Eccentric medium spiny neuron"
1.83672973222285e-08,0.967019897747799,0.7,0.419,0.000546776073985419,"ITGAV","PD_vs_Ctrl","Eccentric medium spiny neuron"
2.40415507896513e-08,1.12389674148128,0.618,0.31,0.000715692925457129,"GPC6","PD_vs_Ctrl","Eccentric medium spiny neuron"
2.41551262995094e-08,0.852434259623105,0.751,0.488,0.000719073954810096,"FAM182B","PD_vs_Ctrl","Eccentric medium spiny neuron"
2.53542123171892e-08,1.615132236964,0.429,0.14,0.000754769546470404,"JAZF1-AS1","PD_vs_Ctrl","Eccentric medium spiny neuron"
3.51829032156166e-08,-3.10328735780442,0.03,0.202,0.00104735984582569,"TSPAN2","PD_vs_Ctrl","Eccentric medium spiny neuron"
4.44665270646335e-08,-0.964142723552218,0.498,0.69,0.00132372404418707,"NPY1R","PD_vs_Ctrl","Eccentric medium spiny neuron"
5.9324223134432e-08,0.842849714828935,0.76,0.473,0.00176602279848891,"NTM","PD_vs_Ctrl","Eccentric medium spiny neuron"
6.01765705185622e-08,1.46030119610821,0.502,0.225,0.00179139632776708,"TMEM132D","PD_vs_Ctrl","Eccentric medium spiny neuron"
6.13294275372127e-08,-0.505374741571905,0.807,0.884,0.00182571572835528,"GPR149","PD_vs_Ctrl","Eccentric medium spiny neuron"
7.72257029196504e-08,1.57897211953113,0.391,0.109,0.00229893195021507,"TTTY15","PD_vs_Ctrl","Eccentric medium spiny neuron"
9.81940922647566e-08,-2.349537086345,0.086,0.287,0.00292313993262954,"CMAHP","PD_vs_Ctrl","Eccentric medium spiny neuron"
1.04688299803454e-07,1.32213470454536,0.502,0.217,0.00311646599684903,"U91319.1","PD_vs_Ctrl","Eccentric medium spiny neuron"
1.14665362775004e-07,1.12031272813525,0.605,0.326,0.00341347318444909,"CHORDC1","PD_vs_Ctrl","Eccentric medium spiny neuron"
1.15710585001597e-07,0.554772406486559,0.91,0.729,0.00344458840491255,"HIBCH","PD_vs_Ctrl","Eccentric medium spiny neuron"
1.58168762618946e-07,1.0995585408883,0.506,0.217,0.00470852589440341,"ATAD2","PD_vs_Ctrl","Eccentric medium spiny neuron"
1.71923714129442e-07,1.16761720526911,0.541,0.248,0.00511799704591936,"AC005726.2","PD_vs_Ctrl","Eccentric medium spiny neuron"
2.09702108210884e-07,0.860524712164479,0.682,0.38,0.0062426220593298,"HSPA4L","PD_vs_Ctrl","Eccentric medium spiny neuron"
2.35078974301807e-07,-1.00231639434259,0.416,0.628,0.0069980659859905,"PRLR","PD_vs_Ctrl","Eccentric medium spiny neuron"
2.52344656274713e-07,0.736897721710171,0.751,0.519,0.00751204807264192,"DPY19L2","PD_vs_Ctrl","Eccentric medium spiny neuron"
2.54641623573679e-07,0.85510756961626,0.682,0.349,0.00758042649216485,"PHTF1","PD_vs_Ctrl","Eccentric medium spiny neuron"
2.82603912197962e-07,1.02062303956792,0.485,0.186,0.00841283586222112,"TXLNGY","PD_vs_Ctrl","Eccentric medium spiny neuron"
3.11902506953852e-07,1.69157981014137,0.343,0.093,0.00928502572950921,"MPHOSPH10","PD_vs_Ctrl","Eccentric medium spiny neuron"
3.7460853216237e-07,0.764131122043429,0.751,0.457,0.0111517213939416,"TENM3","PD_vs_Ctrl","Eccentric medium spiny neuron"
3.88792872365662e-07,-2.20029615229369,0.064,0.248,0.0115739750174534,"HLA-B","PD_vs_Ctrl","Eccentric medium spiny neuron"
3.89336888890486e-07,1.35500126989476,0.365,0.109,0.0115901698453809,"TTTY10","PD_vs_Ctrl","Eccentric medium spiny neuron"
5.20121741192238e-07,0.929193508102196,0.618,0.341,0.0154835041135517,"RAVER2","PD_vs_Ctrl","Eccentric medium spiny neuron"
5.393802024475e-07,0.897795355756811,0.622,0.357,0.0160568092466596,"SLC6A1","PD_vs_Ctrl","Eccentric medium spiny neuron"
5.98534973895142e-07,0.563291177340117,0.828,0.674,0.0178177876378845,"RNF144A","PD_vs_Ctrl","Eccentric medium spiny neuron"
6.17785207755864e-07,-0.55385591847519,0.695,0.845,0.0183908478496843,"PTPRK","PD_vs_Ctrl","Eccentric medium spiny neuron"
6.5491790887968e-07,0.559687287713974,0.863,0.667,0.0194962512294392,"HP1BP3","PD_vs_Ctrl","Eccentric medium spiny neuron"
7.65550028199961e-07,-2.26292475717755,0.069,0.248,0.0227896587894846,"LINC01411","PD_vs_Ctrl","Eccentric medium spiny neuron"
7.71261909848883e-07,1.92616727209263,0.339,0.109,0.0229596957942914,"DACH2","PD_vs_Ctrl","Eccentric medium spiny neuron"
8.07242505778553e-07,0.613570754385158,0.798,0.597,0.0240308021545218,"RNF180","PD_vs_Ctrl","Eccentric medium spiny neuron"
8.59316630893063e-07,0.841921200881327,0.657,0.341,0.0255809967850556,"RPL37A","PD_vs_Ctrl","Eccentric medium spiny neuron"
9.66734796048251e-07,0.824889018927685,0.682,0.403,0.0287787281435604,"ZNF365","PD_vs_Ctrl","Eccentric medium spiny neuron"
1.00849304193521e-06,1.12137622963445,0.433,0.163,0.0300218293653691,"PTPRE","PD_vs_Ctrl","Eccentric medium spiny neuron"
1.06293454024621e-06,1.1403571012883,0.511,0.233,0.0316424983285893,"OVCH1","PD_vs_Ctrl","Eccentric medium spiny neuron"
1.07728252082783e-06,-2.21655329749676,0.077,0.256,0.0320696233625236,"NLRC5","PD_vs_Ctrl","Eccentric medium spiny neuron"
1.10291375424461e-06,1.44442283516847,0.382,0.14,0.0328326395501078,"AC004893.2","PD_vs_Ctrl","Eccentric medium spiny neuron"
1.19237798485182e-06,-0.890287322564283,0.481,0.643,0.0354959002310539,"CIRBP","PD_vs_Ctrl","Eccentric medium spiny neuron"
1.24265244376601e-06,-1.10755687348278,0.369,0.566,0.0369925205984702,"HES4","PD_vs_Ctrl","Eccentric medium spiny neuron"
1.27177731162156e-06,1.68297187005963,0.27,0.054,0.0378595387896622,"SYT6","PD_vs_Ctrl","Eccentric medium spiny neuron"
1.41416184006198e-06,-1.80033808860248,0.206,0.395,0.0420981838168051,"IFIT1","PD_vs_Ctrl","Eccentric medium spiny neuron"
1.52428576979065e-06,1.34743708454823,0.433,0.186,0.0453764630808977,"ZDHHC11","PD_vs_Ctrl","Eccentric medium spiny neuron"
1.57529394813106e-06,1.59146587005063,0.322,0.093,0.0468949255419134,"PELI2","PD_vs_Ctrl","Eccentric medium spiny neuron"
1.5881797758481e-06,-2.9209784017102,0.047,0.202,0.0472785237472222,"SKAP1","PD_vs_Ctrl","Eccentric medium spiny neuron"
9.34103764526446e-07,-2.31909266760081,0.171,0.735,0.0278073349661878,"APOE","PD_vs_Ctrl","Memory CD4 T cell"
9.65904378147666e-07,-2.30808909695886,0.143,0.765,0.0287540074330779,"CST3","PD_vs_Ctrl","Memory CD4 T cell"
3.83743859587507e-76,-2.13615989029063,0.22,0.704,1.14236709560605e-71,"IFI44L","PD_vs_Ctrl","Microglia"
2.16804222489218e-59,-2.03855394591273,0.189,0.634,6.45404489928152e-55,"CD163","PD_vs_Ctrl","Microglia"
1.12183418082452e-53,2.03256991701673,0.623,0.221,3.33958817289652e-49,"HSPH1","PD_vs_Ctrl","Microglia"
1.24312641608201e-47,-2.14613448401825,0.155,0.53,3.70066302803454e-43,"STAT1","PD_vs_Ctrl","Microglia"
3.35742158334487e-47,1.15910075594964,0.773,0.49,9.99470831145936e-43,"HSPA1A","PD_vs_Ctrl","Microglia"
2.08212184782049e-46,-3.50791315073456,0.041,0.372,6.19826852877682e-42,"IFI6","PD_vs_Ctrl","Microglia"
1.05778805563434e-45,-4.37104994118398,0.021,0.33,3.14892926281786e-41,"IFIT3","PD_vs_Ctrl","Microglia"
2.55091322514381e-44,1.83599070291468,0.574,0.208,7.5938135799306e-40,"HSPA1B","PD_vs_Ctrl","Microglia"
2.65663166152336e-44,-3.46228093668774,0.038,0.357,7.90852679318888e-40,"ISG15","PD_vs_Ctrl","Microglia"
1.97144256476109e-43,-1.28097771463968,0.367,0.697,5.86878737103729e-39,"PARP14","PD_vs_Ctrl","Microglia"
6.37013558505254e-41,-6.48508114769488,0.003,0.266,1.89632566231429e-36,"MTND1P23","PD_vs_Ctrl","Microglia"
1.40023129046174e-40,-0.518256361521588,0.804,0.89,4.16834852857554e-36,"FMNL2","PD_vs_Ctrl","Microglia"
6.24163981265737e-37,-1.48981427573036,0.194,0.594,1.85807375582997e-32,"XIST","PD_vs_Ctrl","Microglia"
1.56409282031837e-36,-1.7443439594754,0.186,0.517,4.65614791680575e-32,"MX1","PD_vs_Ctrl","Microglia"
4.17752672348651e-36,-4.06569434400709,0.016,0.269,1.2436079303147e-31,"IFIT1","PD_vs_Ctrl","Microglia"
6.81923942994638e-36,-1.075286547976,0.406,0.702,2.03001938590074e-31,"EPSTI1","PD_vs_Ctrl","Microglia"
1.03820947126007e-34,2.19676286921482,0.442,0.14,3.0906457749941e-30,"HSPB1","PD_vs_Ctrl","Microglia"
2.64551624989592e-34,-7.69645385574043,0,0.219,7.87543732431516e-30,"MTCO1P12","PD_vs_Ctrl","Microglia"
3.69622309860195e-34,-2.38789971663327,0.085,0.379,1.10032865422282e-29,"NUPR1","PD_vs_Ctrl","Microglia"
4.61948215611988e-34,-1.78785079913983,0.165,0.485,1.37517364305533e-29,"CLU","PD_vs_Ctrl","Microglia"
1.81064007259324e-33,-2.5065666924558,0.057,0.338,5.39009443210281e-29,"SIGLEC1","PD_vs_Ctrl","Microglia"
1.34630054723813e-32,-1.7011884354328,0.191,0.497,4.00780209907319e-28,"MT2A","PD_vs_Ctrl","Microglia"
3.90895260268618e-32,-1.84965486464123,0.131,0.436,1.16365610029365e-27,"AL162414.1","PD_vs_Ctrl","Microglia"
1.51547397452462e-31,-0.883217670733417,0.512,0.783,4.51141447476235e-27,"CST3","PD_vs_Ctrl","Microglia"
2.57874027274575e-31,1.06968370368045,0.698,0.436,7.67665191793683e-27,"P4HA1","PD_vs_Ctrl","Microglia"
9.94820306689008e-31,-2.34058102698113,0.086,0.357,2.96148057098251e-26,"AC008050.1","PD_vs_Ctrl","Microglia"
1.50278741984968e-30,-0.919841917515715,0.471,0.711,4.4736478701505e-26,"RNF213","PD_vs_Ctrl","Microglia"
2.32433899147583e-30,-1.95111504862434,0.122,0.411,6.91932474372441e-26,"SPARCL1","PD_vs_Ctrl","Microglia"
1.11193372185716e-29,-1.41636936367621,0.219,0.526,3.31011549659658e-25,"MT3","PD_vs_Ctrl","Microglia"
4.05632049693101e-29,1.7542729581975,0.455,0.176,1.20752604873139e-24,"CHORDC1","PD_vs_Ctrl","Microglia"
8.25276375721212e-29,0.920739774369796,0.71,0.442,2.45676524288448e-24,"MBNL2","PD_vs_Ctrl","Microglia"
1.11555963017546e-28,0.850377716109724,0.721,0.582,3.32090946306933e-24,"HSP90AA1","PD_vs_Ctrl","Microglia"
1.67123884448718e-27,-2.67012794072883,0.054,0.287,4.97511091615389e-23,"RSAD2","PD_vs_Ctrl","Microglia"
3.14139917476972e-27,-1.54716253040258,0.173,0.458,9.35163120337199e-23,"SAMD9L","PD_vs_Ctrl","Microglia"
5.54181384796926e-27,1.73852621643649,0.405,0.12,1.64974256440197e-22,"LINC00278","PD_vs_Ctrl","Microglia"
2.40513973580106e-26,-3.32593262382283,0.023,0.224,7.15986047950617e-22,"GBP1","PD_vs_Ctrl","Microglia"
3.22407183454796e-26,3.49705472086429,0.237,0.025,9.59773944426583e-22,"PAX8-AS1","PD_vs_Ctrl","Microglia"
3.48304325447513e-26,-2.52648964570868,0.049,0.273,1.0368671464247e-21,"OAS1","PD_vs_Ctrl","Microglia"
4.69576572796722e-26,-3.9338812731379,0.013,0.201,1.39788249955856e-21,"IFIT2","PD_vs_Ctrl","Microglia"
1.30591904882366e-25,1.44996711185045,0.467,0.172,3.88759041644316e-21,"UTY","PD_vs_Ctrl","Microglia"
7.49676346443933e-25,-1.35961902802601,0.196,0.478,2.23171151572894e-20,"IFI44","PD_vs_Ctrl","Microglia"
5.05587405049049e-24,-1.05829963021562,0.32,0.591,1.50508314609051e-19,"MAP3K8","PD_vs_Ctrl","Microglia"
6.66853103988357e-24,0.890282144438071,0.675,0.436,1.98515500526294e-19,"CPED1","PD_vs_Ctrl","Microglia"
9.15250256023573e-24,2.42944239107059,0.295,0.072,2.72460848715657e-19,"DNAJB1","PD_vs_Ctrl","Microglia"
3.84876326283984e-23,-1.82589658066227,0.114,0.348,1.14573833571479e-18,"PCP4","PD_vs_Ctrl","Microglia"
4.55575880738042e-23,0.920803330655301,0.644,0.409,1.35620383936908e-18,"CTTNBP2","PD_vs_Ctrl","Microglia"
4.57252488575243e-23,1.19677650149795,0.551,0.32,1.36119493323964e-18,"PTGES3","PD_vs_Ctrl","Microglia"
5.95189697747491e-23,-1.50345081996957,0.175,0.424,1.77182021122451e-18,"MX2","PD_vs_Ctrl","Microglia"
7.05208615863491e-23,-1.2943702743913,0.212,0.474,2.09933552856403e-18,"IFITM3","PD_vs_Ctrl","Microglia"
7.7514586517432e-23,0.865912456424985,0.664,0.422,2.30753172603743e-18,"SSBP2","PD_vs_Ctrl","Microglia"
9.43994975835022e-23,2.21864993450639,0.282,0.065,2.81017864356328e-18,"ARL17A","PD_vs_Ctrl","Microglia"
1.62157139781421e-22,-2.08455226866325,0.067,0.282,4.82725589415313e-18,"MCUB","PD_vs_Ctrl","Microglia"
1.79039140417204e-22,-1.4938001751045,0.163,0.413,5.32981617107975e-18,"PSTPIP2","PD_vs_Ctrl","Microglia"
2.39066615373957e-22,-2.64172906426451,0.041,0.233,7.11677407306733e-18,"GCH1","PD_vs_Ctrl","Microglia"
4.07611421373819e-22,-1.35796611520211,0.196,0.451,1.21341844028772e-17,"CKB","PD_vs_Ctrl","Microglia"
4.89592706805368e-22,-1.80365886541841,0.108,0.338,1.4574685288889e-17,"TNFSF10","PD_vs_Ctrl","Microglia"
7.34901463100337e-21,0.854563851271934,0.635,0.418,2.18772816550339e-16,"CPVL","PD_vs_Ctrl","Microglia"
1.62251110607674e-20,-1.9900100383674,0.067,0.269,4.83005331167986e-16,"VIM","PD_vs_Ctrl","Microglia"
2.63315238752169e-20,-2.67745748418697,0.036,0.21,7.83863134241333e-16,"HERC6","PD_vs_Ctrl","Microglia"
3.09649166571654e-20,-2.2550769416601,0.049,0.235,9.21794603967158e-16,"BCL2A1","PD_vs_Ctrl","Microglia"
3.89598257102027e-20,-0.569952159118712,0.594,0.768,1.15979505156702e-15,"DPYD","PD_vs_Ctrl","Microglia"
4.98088633739852e-20,-1.82147150609962,0.093,0.302,1.48276005378017e-15,"PCSK1N","PD_vs_Ctrl","Microglia"
6.89613548397674e-20,-1.20012244535306,0.228,0.47,2.05291057222503e-15,"MAFB","PD_vs_Ctrl","Microglia"
7.13886047980695e-20,1.07933873135027,0.517,0.253,2.12516737623373e-15,"DSCAM","PD_vs_Ctrl","Microglia"
8.90724770859843e-20,-1.02154532014954,0.294,0.544,2.65159857037267e-15,"PARP9","PD_vs_Ctrl","Microglia"
1.69267456221106e-19,-2.55654666835846,0.034,0.203,5.03892290424612e-15,"VAMP5","PD_vs_Ctrl","Microglia"
2.28931870888023e-19,-1.16888699954346,0.228,0.467,6.81507286446555e-15,"DDX60L","PD_vs_Ctrl","Microglia"
3.02384276438544e-19,1.66535088645906,0.32,0.102,9.00167752529903e-15,"USP9Y","PD_vs_Ctrl","Microglia"
3.46706950271725e-19,1.05980664675573,0.519,0.307,1.0321119202639e-14,"FXR1","PD_vs_Ctrl","Microglia"
7.14118721178868e-19,-0.914964873995405,0.372,0.589,2.12586002107737e-14,"CALM1","PD_vs_Ctrl","Microglia"
7.41859121861987e-19,-1.30294919070962,0.21,0.442,2.20844041987095e-14,"WARS","PD_vs_Ctrl","Microglia"
3.01572363775585e-18,-1.88866546121945,0.082,0.271,8.97750769723538e-14,"GBP2","PD_vs_Ctrl","Microglia"
3.12971827178562e-18,-1.49323467232482,0.127,0.341,9.31685832327861e-14,"APOL6","PD_vs_Ctrl","Microglia"
3.91667732588063e-18,-0.688996879014631,0.494,0.716,1.16595567314141e-13,"FP671120.1","PD_vs_Ctrl","Microglia"
8.25176215181397e-18,-2.07469095008381,0.059,0.235,2.4564670749735e-13,"SLC1A2","PD_vs_Ctrl","Microglia"
1.71192852544183e-17,-1.60044671658046,0.108,0.305,5.09624002738779e-13,"LINC01146","PD_vs_Ctrl","Microglia"
2.78206910327968e-17,-0.893248366185932,0.347,0.569,8.28194151355329e-13,"LIMK2","PD_vs_Ctrl","Microglia"
2.80232253194171e-17,-2.15006724380479,0.049,0.214,8.34223394533728e-13,"C1orf61","PD_vs_Ctrl","Microglia"
5.10872894148712e-17,2.37643417671668,0.219,0.052,1.5208175185913e-12,"FKBP4","PD_vs_Ctrl","Microglia"
5.99481298141371e-17,1.23411214598196,0.427,0.224,1.78459587643705e-12,"DNAJA1","PD_vs_Ctrl","Microglia"
9.35665811675194e-17,1.27401315411355,0.39,0.174,2.78538355477589e-12,"HSPA5","PD_vs_Ctrl","Microglia"
1.36171616300966e-16,0.867137431018338,0.545,0.32,4.05369284566346e-12,"MAF","PD_vs_Ctrl","Microglia"
1.49793766889858e-16,-0.74514979822748,0.517,0.675,4.45921064654418e-12,"TMSB10","PD_vs_Ctrl","Microglia"
1.55628615330471e-16,0.979094861469314,0.537,0.359,4.63290824977278e-12,"HSP90AB1","PD_vs_Ctrl","Microglia"
1.7315548328753e-16,1.39936908315258,0.325,0.118,5.15466558198649e-12,"TTTY14","PD_vs_Ctrl","Microglia"
1.7542334507104e-16,-0.92969001467473,0.297,0.522,5.22217755941979e-12,"TBC1D8","PD_vs_Ctrl","Microglia"
2.84102557989535e-16,1.17817159735798,0.44,0.255,8.45744904879047e-12,"HIBCH","PD_vs_Ctrl","Microglia"
4.74917021663346e-16,-1.40498465304467,0.134,0.33,1.41378048178961e-11,"GFAP","PD_vs_Ctrl","Microglia"
5.84396836381224e-16,-0.937401549668506,0.284,0.504,1.73969094222327e-11,"XAF1","PD_vs_Ctrl","Microglia"
9.65584615524362e-16,1.32434484223685,0.369,0.176,2.87444884195447e-11,"METTL21A","PD_vs_Ctrl","Microglia"
1.4279537325385e-15,1.8619713919835,0.246,0.077,4.25087546639385e-11,"CACYBP","PD_vs_Ctrl","Microglia"
1.45882172186695e-15,1.49743960218031,0.289,0.102,4.34276638382571e-11,"AL136040.1","PD_vs_Ctrl","Microglia"
2.15729160387338e-15,0.793559483438512,0.574,0.399,6.42204137557066e-11,"DNAJB6","PD_vs_Ctrl","Microglia"
3.70598195299029e-15,-0.690469516397056,0.436,0.65,1.10323376758568e-10,"RPS6KA2","PD_vs_Ctrl","Microglia"
3.9878640432712e-15,-1.26685737703098,0.144,0.339,1.1871472470414e-10,"SH3PXD2B","PD_vs_Ctrl","Microglia"
4.13974935599732e-15,-2.07045462455887,0.054,0.205,1.23236198578684e-10,"HERC5","PD_vs_Ctrl","Microglia"
6.19764221358643e-15,1.5490539182213,0.289,0.11,1.84497611056255e-10,"STIP1","PD_vs_Ctrl","Microglia"
9.52319472678988e-15,-0.816603020493377,0.323,0.539,2.83495983821808e-10,"ABCA1","PD_vs_Ctrl","Microglia"
9.88199857449896e-15,-1.54838773396559,0.1,0.275,2.94177215564259e-10,"CPE","PD_vs_Ctrl","Microglia"
1.08323454205643e-14,-1.66739589945459,0.067,0.228,3.22468090824779e-10,"AQP4","PD_vs_Ctrl","Microglia"
3.52767031587273e-14,-1.30838904401346,0.114,0.296,1.05015217633215e-09,"DDX60","PD_vs_Ctrl","Microglia"
4.65039128690227e-14,-1.40546651440399,0.126,0.3,1.38437498219794e-09,"DDX58","PD_vs_Ctrl","Microglia"
6.03413414348975e-14,-1.11782737746174,0.16,0.355,1.79630139317546e-09,"F13A1","PD_vs_Ctrl","Microglia"
6.578339398915e-14,-1.77875976287643,0.065,0.215,1.95830585566301e-09,"PPP1R1B","PD_vs_Ctrl","Microglia"
7.05965641289727e-14,-0.65116099474722,0.454,0.646,2.10158911755539e-09,"MSR1","PD_vs_Ctrl","Microglia"
7.07010203394411e-14,-1.32959166195395,0.131,0.307,2.10469867448482e-09,"SNX10","PD_vs_Ctrl","Microglia"
7.80677120154767e-14,0.80560717625809,0.542,0.354,2.32399771898872e-09,"FAM149A","PD_vs_Ctrl","Microglia"
1.12882393225331e-13,1.07204175492352,0.413,0.228,3.36039596392487e-09,"USP53","PD_vs_Ctrl","Microglia"
1.43504607875866e-13,0.536450297737854,0.729,0.575,4.27198867185664e-09,"ATP2C1","PD_vs_Ctrl","Microglia"
2.61345260181559e-13,-0.688523548950372,0.393,0.587,7.77998705034482e-09,"TRIM22","PD_vs_Ctrl","Microglia"
2.86058737700194e-13,-0.989901729152972,0.209,0.406,8.51568256259708e-09,"STAT2","PD_vs_Ctrl","Microglia"
3.34139276766497e-13,1.43869654153113,0.263,0.095,9.94699213006184e-09,"PRKY","PD_vs_Ctrl","Microglia"
3.36404160719617e-13,0.675724391820471,0.623,0.454,1.00144154604623e-08,"ABHD3","PD_vs_Ctrl","Microglia"
3.41242096871633e-13,1.20002636393842,0.37,0.197,1.01584359817717e-08,"CALR","PD_vs_Ctrl","Microglia"
3.66299106841276e-13,0.582018358920749,0.672,0.51,1.09043581115579e-08,"BNC2","PD_vs_Ctrl","Microglia"
4.02857658643715e-13,-1.3179834280875,0.113,0.28,1.19926696401647e-08,"RTN1","PD_vs_Ctrl","Microglia"
4.2544001161775e-13,-0.975483062396075,0.237,0.431,1.26649237058488e-08,"LGMN","PD_vs_Ctrl","Microglia"
4.38180188498868e-13,-0.58588208287843,0.498,0.655,1.30441860314228e-08,"SLC11A1","PD_vs_Ctrl","Microglia"
5.13996007554639e-13,1.43785110353116,0.289,0.124,1.53011471488941e-08,"TMEM243","PD_vs_Ctrl","Microglia"
8.92195239060638e-13,-0.521548031857713,0.55,0.688,2.65597600715961e-08,"JAK2","PD_vs_Ctrl","Microglia"
9.12666463570846e-13,-1.00352870698709,0.178,0.372,2.71691679540405e-08,"FAM20A","PD_vs_Ctrl","Microglia"
1.04866662252448e-12,-1.19492480839197,0.144,0.316,3.12177566859311e-08,"PARP12","PD_vs_Ctrl","Microglia"
1.07596528282237e-12,1.71957174092753,0.223,0.077,3.20304105043391e-08,"PPID","PD_vs_Ctrl","Microglia"
1.33095805262384e-12,-1.75072452514537,0.067,0.206,3.96212902685591e-08,"PPDPF","PD_vs_Ctrl","Microglia"
1.50113969622901e-12,1.01961431239686,0.406,0.239,4.46874276170413e-08,"BANP","PD_vs_Ctrl","Microglia"
1.76536486314722e-12,-1.55931032556771,0.078,0.224,5.25531466110297e-08,"IRF1","PD_vs_Ctrl","Microglia"
1.79010589718428e-12,-1.2701746644838,0.153,0.323,5.32896624532789e-08,"ID2","PD_vs_Ctrl","Microglia"
2.87055223683184e-12,1.18775340109528,0.334,0.169,8.5453469538247e-08,"HSPD1","PD_vs_Ctrl","Microglia"
4.8492205221691e-12,-1.61818369600679,0.073,0.212,1.44356445724452e-07,"S100A6","PD_vs_Ctrl","Microglia"
5.02608672340769e-12,-1.64184825989618,0.072,0.21,1.49621575669123e-07,"HPCA","PD_vs_Ctrl","Microglia"
5.20603702965369e-12,1.46069196750094,0.23,0.081,1.54978516335761e-07,"NLGN4Y","PD_vs_Ctrl","Microglia"
5.33729855287121e-12,0.968511936791212,0.432,0.266,1.58886040620423e-07,"HSP90B1","PD_vs_Ctrl","Microglia"
7.96617504569963e-12,1.27271838374531,0.308,0.153,2.37145064935432e-07,"CCT4","PD_vs_Ctrl","Microglia"
8.01068955390552e-12,-0.603969888091093,0.437,0.619,2.38470217330213e-07,"HLA-DRA","PD_vs_Ctrl","Microglia"
8.45499100017243e-12,-1.16126925582873,0.152,0.318,2.51696627084133e-07,"UQCR10","PD_vs_Ctrl","Microglia"
8.50466009153369e-12,-1.61115831543081,0.077,0.215,2.53175226264866e-07,"NRGN","PD_vs_Ctrl","Microglia"
9.43223076941661e-12,1.45349341823948,0.272,0.124,2.80788077774763e-07,"GATM","PD_vs_Ctrl","Microglia"
1.16381601274066e-11,-1.38279757898302,0.08,0.224,3.46456388832766e-07,"LINC01266","PD_vs_Ctrl","Microglia"
1.54854516878601e-11,-0.998652456703542,0.22,0.388,4.60986411295906e-07,"PEBP1","PD_vs_Ctrl","Microglia"
1.66553733978519e-11,-0.890412160090495,0.232,0.415,4.95813810680654e-07,"SNX6","PD_vs_Ctrl","Microglia"
2.07197714783522e-11,-1.23801336615829,0.091,0.241,6.16806877139066e-07,"IFIH1","PD_vs_Ctrl","Microglia"
2.22778236521278e-11,-1.51593966764458,0.07,0.205,6.63188532300191e-07,"TTC39C","PD_vs_Ctrl","Microglia"
4.70825517719581e-11,-1.40165034647348,0.085,0.223,1.40160048369942e-06,"RPL10P9","PD_vs_Ctrl","Microglia"
4.92768476881564e-11,-0.76201509032152,0.321,0.492,1.46692247882873e-06,"TMEM163","PD_vs_Ctrl","Microglia"
5.5530229028008e-11,0.954686505683787,0.418,0.276,1.65307938793477e-06,"MIB1","PD_vs_Ctrl","Microglia"
5.86156600053135e-11,0.641441744814751,0.564,0.409,1.74492958269818e-06,"RALGAPA2","PD_vs_Ctrl","Microglia"
6.67160196476836e-11,-1.30635167567829,0.101,0.244,1.98606918889189e-06,"DRAM1","PD_vs_Ctrl","Microglia"
8.43752268073565e-11,-1.40347745550973,0.075,0.208,2.5117661268282e-06,"FAM26F","PD_vs_Ctrl","Microglia"
1.0379041907574e-10,-0.829200526079604,0.25,0.424,3.08973698546569e-06,"PIK3CD","PD_vs_Ctrl","Microglia"
1.09622525302446e-10,-0.800629127011794,0.277,0.451,3.26335295572853e-06,"EIF2AK2","PD_vs_Ctrl","Microglia"
1.18010303586242e-10,0.691167869189751,0.515,0.375,3.51304872745885e-06,"ANAPC16","PD_vs_Ctrl","Microglia"
1.25260907447731e-10,-1.09007971760855,0.153,0.312,3.7288919538115e-06,"UNC93B1","PD_vs_Ctrl","Microglia"
1.37565216971489e-10,-1.2905910026417,0.098,0.237,4.09517894402426e-06,"KIFC3","PD_vs_Ctrl","Microglia"
1.40497049705265e-10,1.42878415740351,0.228,0.092,4.18245667267602e-06,"HPGDS","PD_vs_Ctrl","Microglia"
1.7749307867574e-10,0.540969987515554,0.61,0.465,5.28379145909809e-06,"ADK","PD_vs_Ctrl","Microglia"
2.76546037751414e-10,-0.613467732734862,0.385,0.557,8.23249899782185e-06,"FNBP1","PD_vs_Ctrl","Microglia"
2.99502958521526e-10,-1.08388177097978,0.147,0.296,8.9159035722273e-06,"NDUFA4","PD_vs_Ctrl","Microglia"
3.21985983958617e-10,-0.533531301954368,0.457,0.628,9.58520075646408e-06,"ARHGAP25","PD_vs_Ctrl","Microglia"
3.70856383695163e-10,-0.944007595150401,0.171,0.332,1.10400236862213e-05,"NHLRC3","PD_vs_Ctrl","Microglia"
4.09738905562818e-10,0.708438707400343,0.511,0.37,1.21975174796995e-05,"SPECC1","PD_vs_Ctrl","Microglia"
4.24231669256781e-10,-0.663566660841507,0.339,0.51,1.26289525621051e-05,"SAMD4A","PD_vs_Ctrl","Microglia"
4.39926242124304e-10,0.630833732746982,0.532,0.39,1.30961643017984e-05,"LAT2","PD_vs_Ctrl","Microglia"
5.10363305900005e-10,1.0601187620735,0.33,0.183,1.51930052533372e-05,"NAA16","PD_vs_Ctrl","Microglia"
5.73298832831594e-10,-1.15278124282228,0.117,0.259,1.70665329545637e-05,"S100B","PD_vs_Ctrl","Microglia"
5.74063231613275e-10,-1.20860039694799,0.103,0.241,1.70892883418956e-05,"IL15RA","PD_vs_Ctrl","Microglia"
6.80711510671783e-10,1.160791568406,0.294,0.154,2.02641009611883e-05,"CCT3","PD_vs_Ctrl","Microglia"
8.01964787396848e-10,-0.842873566492722,0.219,0.386,2.38736897560168e-05,"RPS4X","PD_vs_Ctrl","Microglia"
8.23563815613787e-10,-0.93922710403568,0.192,0.352,2.45166712270068e-05,"ARPP19","PD_vs_Ctrl","Microglia"
9.64636438407771e-10,1.10950336085917,0.321,0.183,2.87162621349609e-05,"PDIA6","PD_vs_Ctrl","Microglia"
1.23074491558184e-09,0.965568833372606,0.344,0.196,3.66380453919559e-05,"SREBF2","PD_vs_Ctrl","Microglia"
1.27068607636071e-09,-0.580263758927145,0.398,0.576,3.78270538071821e-05,"SAMHD1","PD_vs_Ctrl","Microglia"
1.28983130758971e-09,-1.17240912733299,0.124,0.262,3.83969881956382e-05,"TPRG1","PD_vs_Ctrl","Microglia"
1.58193238486682e-09,-1.27098912160089,0.119,0.251,4.70925451651005e-05,"TFRC","PD_vs_Ctrl","Microglia"
1.60837854745147e-09,1.19930777907898,0.269,0.136,4.78798209790827e-05,"CCT5","PD_vs_Ctrl","Microglia"
1.88761721273811e-09,-0.913926140615638,0.153,0.305,5.61924768060007e-05,"PLXNC1","PD_vs_Ctrl","Microglia"
1.93396409492945e-09,-0.758375442245659,0.238,0.408,5.75721771419548e-05,"C22orf34","PD_vs_Ctrl","Microglia"
2.06151234719287e-09,-1.33264531641549,0.088,0.212,6.13691610635845e-05,"SNAP25","PD_vs_Ctrl","Microglia"
2.29200350982392e-09,-0.829237893627665,0.184,0.348,6.82306524839484e-05,"MCTP1","PD_vs_Ctrl","Microglia"
2.30202882312976e-09,0.676306648672162,0.485,0.338,6.85290960357498e-05,"KCTD12","PD_vs_Ctrl","Microglia"
2.3512464185516e-09,-0.57055617699838,0.427,0.569,6.99942546338627e-05,"PCNX1","PD_vs_Ctrl","Microglia"
3.01684334923259e-09,0.979491693710773,0.305,0.158,8.98084096633049e-05,"RASGEF1C","PD_vs_Ctrl","Microglia"
3.0319923565302e-09,1.24502056865434,0.254,0.126,9.02593804615474e-05,"PRDM1","PD_vs_Ctrl","Microglia"
3.73887279009661e-09,-1.24702818701094,0.1,0.224,0.000111302504088386,"GABARAPL2","PD_vs_Ctrl","Microglia"
4.20000960160119e-09,-1.14981638350205,0.101,0.23,0.000125030085830066,"SERPING1","PD_vs_Ctrl","Microglia"
4.31237713923013e-09,-0.862241298392665,0.189,0.343,0.000128375155057742,"CD47","PD_vs_Ctrl","Microglia"
4.60263011825252e-09,0.937677218520561,0.341,0.203,0.000137015695990259,"TAPT1","PD_vs_Ctrl","Microglia"
5.61924030942128e-09,-0.594763661928685,0.374,0.531,0.000167279164771162,"TNFSF13B","PD_vs_Ctrl","Microglia"
6.65505961793028e-09,-1.21804691050636,0.086,0.206,0.000198114469766166,"PML","PD_vs_Ctrl","Microglia"
6.78056017439611e-09,0.717013527349312,0.427,0.271,0.000201850495831598,"B3GNT5","PD_vs_Ctrl","Microglia"
6.8449847265722e-09,-1.13708558537356,0.104,0.233,0.000203768350325328,"PSMB9","PD_vs_Ctrl","Microglia"
7.03550709281574e-09,0.534138730759518,0.576,0.465,0.000209440010646032,"ZC3HAV1","PD_vs_Ctrl","Microglia"
7.11863119966982e-09,-0.8166187484543,0.189,0.345,0.000211914532182971,"IL15","PD_vs_Ctrl","Microglia"
7.5937978001729e-09,-0.524313622788925,0.444,0.592,0.000226059766713347,"LCP2","PD_vs_Ctrl","Microglia"
7.79495701393692e-09,0.655276542366432,0.509,0.368,0.000232048075347888,"STARD13","PD_vs_Ctrl","Microglia"
8.20787295905384e-09,-0.572112349149427,0.37,0.546,0.000244340170118074,"GSAP","PD_vs_Ctrl","Microglia"
8.80552074649864e-09,-0.575792042468601,0.395,0.557,0.000262131547102518,"HLA-E","PD_vs_Ctrl","Microglia"
8.92230153091201e-09,0.923141616854204,0.338,0.197,0.00026560799427372,"CLIP2","PD_vs_Ctrl","Microglia"
1.17287036841958e-08,-0.882019806945365,0.173,0.318,0.000349151779974823,"PIM1","PD_vs_Ctrl","Microglia"
1.22414060680913e-08,0.613496882049722,0.509,0.381,0.00036441441724101,"HP1BP3","PD_vs_Ctrl","Microglia"
1.38948067915808e-08,-0.670062873557925,0.308,0.461,0.000413634503378568,"GAS7","PD_vs_Ctrl","Microglia"
1.4271530376121e-08,0.960642231178866,0.339,0.214,0.000424849187766747,"HSPA4","PD_vs_Ctrl","Microglia"
1.44863010414061e-08,-0.682004089253197,0.29,0.445,0.000431242695701619,"ACTG1","PD_vs_Ctrl","Microglia"
1.46219820051526e-08,1.18033959371801,0.254,0.131,0.000435281782311388,"NEK10","PD_vs_Ctrl","Microglia"
1.63608129351194e-08,0.935964557783893,0.331,0.203,0.00048704504026557,"AC139887.2","PD_vs_Ctrl","Microglia"
1.64205947425531e-08,-0.778416852620943,0.223,0.377,0.000488824684891063,"ITSN1","PD_vs_Ctrl","Microglia"
1.88886319231374e-08,0.993231697642027,0.295,0.165,0.000562295683719877,"MUM1","PD_vs_Ctrl","Microglia"
1.97452857393071e-08,-0.744334135958733,0.228,0.382,0.000587797411173433,"PTK2B","PD_vs_Ctrl","Microglia"
2.2531587407054e-08,-0.791225415641166,0.228,0.373,0.000670742825520592,"SRP14","PD_vs_Ctrl","Microglia"
2.49071791788315e-08,-0.594221706464724,0.346,0.508,0.000741461816974635,"SP110","PD_vs_Ctrl","Microglia"
2.54175542568781e-08,-0.789475595433928,0.197,0.346,0.000756655172673005,"B4GALT5","PD_vs_Ctrl","Microglia"
2.61713269204597e-08,-0.714552474664436,0.277,0.424,0.000779094231095166,"ARID5B","PD_vs_Ctrl","Microglia"
2.6691001700619e-08,-0.689430792728792,0.246,0.402,0.000794564429625727,"AC004453.1","PD_vs_Ctrl","Microglia"
2.67972486947796e-08,-0.639133229300533,0.3,0.463,0.000797727296394895,"RPL15","PD_vs_Ctrl","Microglia"
2.71306099008584e-08,0.953723871696362,0.341,0.221,0.000807651126138653,"ST13","PD_vs_Ctrl","Microglia"
3.35366701529769e-08,0.657595812459384,0.45,0.316,0.00099835313378397,"MEF2C-AS1","PD_vs_Ctrl","Microglia"
3.37100344294947e-08,-0.936800696246215,0.139,0.271,0.00100351401493163,"IQGAP2","PD_vs_Ctrl","Microglia"
3.39794296674088e-08,-0.635586536757847,0.294,0.454,0.00101153364176909,"APOC1","PD_vs_Ctrl","Microglia"
3.81558674019512e-08,1.30154330761325,0.202,0.092,0.00113586201668869,"AHSA1","PD_vs_Ctrl","Microglia"
3.93064095907129e-08,-1.02368521478762,0.114,0.239,0.00117011250710593,"ZNFX1","PD_vs_Ctrl","Microglia"
3.97609918795166e-08,1.28587420303917,0.212,0.099,0.00118364496726133,"ITGB3BP","PD_vs_Ctrl","Microglia"
4.52932740238666e-08,1.22196303758421,0.227,0.113,0.00134833547441649,"C12orf75","PD_vs_Ctrl","Microglia"
4.67640295323078e-08,-0.935360589665554,0.192,0.321,0.00139211839514727,"RPS20","PD_vs_Ctrl","Microglia"
4.72995271651167e-08,1.13583603560765,0.263,0.144,0.00140805962417836,"SYT6","PD_vs_Ctrl","Microglia"
4.92785280814289e-08,0.63569737346021,0.473,0.345,0.00146697250245606,"CACNA1D","PD_vs_Ctrl","Microglia"
5.22787710968465e-08,0.904849958436446,0.331,0.206,0.00155628673678202,"TEKT4P2","PD_vs_Ctrl","Microglia"
5.6952193218053e-08,0.601103375538753,0.507,0.397,0.00169540983990822,"TUBA1B","PD_vs_Ctrl","Microglia"
6.17669005487274e-08,-0.574136775975125,0.37,0.513,0.00183873886243506,"HLA-A","PD_vs_Ctrl","Microglia"
6.17827986635051e-08,-0.942970390654475,0.147,0.275,0.00183921213341388,"TSC22D4","PD_vs_Ctrl","Microglia"
6.22887332802865e-08,0.542772929070786,0.524,0.393,0.00185427330102085,"TTC3","PD_vs_Ctrl","Microglia"
6.30576415358909e-08,-1.04529456925276,0.119,0.239,0.00187716293088194,"CALM3","PD_vs_Ctrl","Microglia"
6.38054749508297e-08,0.716298814391412,0.437,0.327,0.00189942518381125,"SLC38A2","PD_vs_Ctrl","Microglia"
7.42354768221311e-08,-0.608131970005411,0.326,0.47,0.00220991590951802,"KCNK13","PD_vs_Ctrl","Microglia"
7.86744912777849e-08,-0.530562832001585,0.39,0.54,0.00234206093084838,"ADAP2","PD_vs_Ctrl","Microglia"
8.03609505784846e-08,0.594484595726747,0.478,0.357,0.00239226513777091,"TRA2B","PD_vs_Ctrl","Microglia"
1.07578132375514e-07,-0.643678140774134,0.281,0.427,0.00320249342268667,"PRKCE","PD_vs_Ctrl","Microglia"
1.12002923156772e-07,-1.06395527084069,0.101,0.215,0.00333421501945394,"UCHL1","PD_vs_Ctrl","Microglia"
1.18800959718503e-07,0.614061485597295,0.462,0.348,0.00353658576986012,"PAPOLA","PD_vs_Ctrl","Microglia"
1.3913017337604e-07,-0.616643813886881,0.318,0.463,0.00414176613123132,"MITF","PD_vs_Ctrl","Microglia"
1.43931186656358e-07,-1.14135978636555,0.096,0.206,0.00428468749557311,"ITM2C","PD_vs_Ctrl","Microglia"
1.51662022538725e-07,-0.562092003549867,0.382,0.51,0.00451482674895531,"XRN1","PD_vs_Ctrl","Microglia"
1.54083617691203e-07,-0.831770546488954,0.158,0.289,0.00458691521504942,"TOMM7","PD_vs_Ctrl","Microglia"
1.71271527672065e-07,-0.854007157445481,0.127,0.253,0.0050985821072697,"FRMD3","PD_vs_Ctrl","Microglia"
2.11057466753459e-07,-0.904113890759924,0.144,0.268,0.00628296972778373,"GUK1","PD_vs_Ctrl","Microglia"
2.11588266962734e-07,1.12607905101539,0.22,0.111,0.00629877111921362,"AC127502.1","PD_vs_Ctrl","Microglia"
2.3666604608787e-07,0.612982081911325,0.463,0.345,0.00704531152598981,"SNAP23","PD_vs_Ctrl","Microglia"
3.02508126353495e-07,1.04928338088684,0.237,0.124,0.00900536441341719,"LEPR","PD_vs_Ctrl","Microglia"
3.24986764073471e-07,1.07116898252234,0.228,0.118,0.00967453097970316,"TAL1","PD_vs_Ctrl","Microglia"
3.29814899632987e-07,-0.929007453927227,0.117,0.233,0.00981825974717438,"SCIMP","PD_vs_Ctrl","Microglia"
3.41703469911821e-07,-0.616251077306335,0.295,0.424,0.010172170595805,"VRK2","PD_vs_Ctrl","Microglia"
3.71503329008417e-07,-0.875647562694548,0.153,0.275,0.0110592826012516,"SCPEP1","PD_vs_Ctrl","Microglia"
3.88981679640439e-07,-0.713650366119834,0.212,0.35,0.0115795956212162,"CD226","PD_vs_Ctrl","Microglia"
3.91403700758558e-07,0.911667554297217,0.316,0.199,0.0116516967678815,"SESN3","PD_vs_Ctrl","Microglia"
4.16745139228853e-07,0.587756851289592,0.454,0.329,0.0124060860497037,"TM6SF1","PD_vs_Ctrl","Microglia"
4.58879909759143e-07,-1.01660137882662,0.096,0.203,0.0136603960336199,"PCBD2","PD_vs_Ctrl","Microglia"
4.63556389888397e-07,0.960867295010246,0.261,0.147,0.0137996101705877,"EFCAB13","PD_vs_Ctrl","Microglia"
4.66187538634874e-07,-0.501699037716712,0.372,0.526,0.0138779368376216,"FP236383.1","PD_vs_Ctrl","Microglia"
4.74113130823192e-07,-0.732509353095506,0.196,0.329,0.0141138737914756,"GLDN","PD_vs_Ctrl","Microglia"
4.79889241126824e-07,-0.682974049095709,0.237,0.373,0.0142858228191044,"SPPL2A","PD_vs_Ctrl","Microglia"
4.8296015333513e-07,0.920911172041563,0.295,0.183,0.0143772408046335,"DUSP16","PD_vs_Ctrl","Microglia"
6.37731217796796e-07,0.638203011985121,0.434,0.325,0.0189846206225928,"IRS2","PD_vs_Ctrl","Microglia"
6.58704830681478e-07,-0.665273397312584,0.308,0.433,0.0196089841045569,"SLC2A3","PD_vs_Ctrl","Microglia"
7.14655063413154e-07,-0.653518426107149,0.263,0.4,0.0212745665827462,"AC007969.1","PD_vs_Ctrl","Microglia"
7.79669058068508e-07,0.876295476951851,0.284,0.171,0.0232099681896414,"PGM5P2","PD_vs_Ctrl","Microglia"
9.10207507920053e-07,0.528320411456284,0.481,0.373,0.0270959673032721,"DNAJC3","PD_vs_Ctrl","Microglia"
1.0836836365928e-06,-0.796924412380247,0.178,0.298,0.032260178177731,"IL21R","PD_vs_Ctrl","Microglia"
1.32741330147302e-06,0.719459219010359,0.392,0.293,0.0395157665715504,"C9orf84","PD_vs_Ctrl","Microglia"
1.47077035497476e-06,-0.680319670185284,0.189,0.318,0.0437833626972436,"DECR1","PD_vs_Ctrl","Microglia"
1.48674133654109e-06,-0.605215857079866,0.246,0.377,0.0442588028474916,"TLR2","PD_vs_Ctrl","Microglia"
1.51605000303529e-06,-0.95744101203223,0.101,0.205,0.0451312925403575,"DDX24","PD_vs_Ctrl","Microglia"
1.52558091754646e-06,0.611395655572786,0.416,0.303,0.0454150183344406,"TMEM65","PD_vs_Ctrl","Microglia"
3.71171822703523e-304,-1.51415950855878,0.391,0.686,1.10494139900612e-299,"B2M","PD_vs_Ctrl","Oligodendrocyte"
9.69006105676513e-303,-2.08424668545715,0.107,0.455,2.88463427598841e-298,"XIST","PD_vs_Ctrl","Oligodendrocyte"
2.7593934700776e-299,1.75790337152895,0.604,0.251,8.21443842107401e-295,"HSPA1A","PD_vs_Ctrl","Oligodendrocyte"
3.25217481947678e-280,-4.84523142685833,0.014,0.249,9.68139922010043e-276,"ISG15","PD_vs_Ctrl","Oligodendrocyte"
1.78439942877437e-261,-2.2328246646325,0.133,0.428,5.31197865951843e-257,"HLA-A","PD_vs_Ctrl","Oligodendrocyte"
9.19929083129877e-250,-3.80243703924551,0.028,0.259,2.73853688756933e-245,"IFI6","PD_vs_Ctrl","Oligodendrocyte"
1.52270119893067e-225,-2.86817034262447,0.053,0.292,4.53292919909672e-221,"STAT1","PD_vs_Ctrl","Oligodendrocyte"
1.17164161425678e-209,2.1721844822729,0.402,0.105,3.487859921481e-205,"HSPA1B","PD_vs_Ctrl","Oligodendrocyte"
2.90577940255362e-201,-3.24464199031481,0.037,0.242,8.65021470346188e-197,"RARRES3","PD_vs_Ctrl","Oligodendrocyte"
1.99436697757332e-198,-1.436865682222,0.232,0.512,5.93703105553801e-194,"CST3","PD_vs_Ctrl","Oligodendrocyte"
3.98780797947076e-195,-1.56309179931996,0.203,0.474,1.18713055740865e-190,"APOE","PD_vs_Ctrl","Oligodendrocyte"
7.39658349449781e-189,-3.23140381372587,0.032,0.224,2.20188894047705e-184,"HLA-C","PD_vs_Ctrl","Oligodendrocyte"
3.93070287245678e-180,1.59042222231706,0.476,0.209,1.17013093810166e-175,"CHORDC1","PD_vs_Ctrl","Oligodendrocyte"
2.6955308817158e-173,-0.854125896957153,0.477,0.708,8.02432588177978e-169,"H3F3B","PD_vs_Ctrl","Oligodendrocyte"
2.80577527718823e-167,-1.41831948084393,0.208,0.458,8.35251242266164e-163,"TXNIP","PD_vs_Ctrl","Oligodendrocyte"
2.62052659310256e-163,1.10520863691682,0.583,0.347,7.801045615007e-159,"PTGES3","PD_vs_Ctrl","Oligodendrocyte"
1.69106766463209e-158,-0.67427963869245,0.542,0.784,5.03413933084326e-154,"LRP1B","PD_vs_Ctrl","Oligodendrocyte"
5.74948486046455e-151,-1.00290188183838,0.332,0.565,1.71156414811169e-146,"PDE1A","PD_vs_Ctrl","Oligodendrocyte"
5.495598406158e-145,-2.49029828447848,0.058,0.236,1.63598468952918e-140,"HLA-B","PD_vs_Ctrl","Oligodendrocyte"
1.39439542940575e-133,1.48697692097862,0.41,0.179,4.15097575379797e-129,"HSPH1","PD_vs_Ctrl","Oligodendrocyte"
3.33688974069964e-133,1.00148486869452,0.554,0.31,9.93358706908876e-129,"PIEZO2","PD_vs_Ctrl","Oligodendrocyte"
6.18836300837962e-127,2.19497629110809,0.278,0.076,1.84221378396453e-122,"HSPB1","PD_vs_Ctrl","Oligodendrocyte"
7.6849317252665e-127,0.67959903132329,0.695,0.527,2.28772732529458e-122,"HIBCH","PD_vs_Ctrl","Oligodendrocyte"
7.97840202358705e-121,0.994475316793352,0.526,0.282,2.37509049840163e-116,"UTY","PD_vs_Ctrl","Oligodendrocyte"
1.66593802922157e-112,1.72032899721804,0.312,0.113,4.95933091918969e-108,"DNAJB1","PD_vs_Ctrl","Oligodendrocyte"
7.18144569111287e-110,1.52103336204951,0.341,0.138,2.13784456778739e-105,"STIP1","PD_vs_Ctrl","Oligodendrocyte"
5.23015313430946e-109,1.84998585333175,0.287,0.098,1.55696428655258e-104,"HSPA4L","PD_vs_Ctrl","Oligodendrocyte"
1.02218419266499e-101,1.10858645651923,0.437,0.229,3.04294012314441e-97,"LINC00862","PD_vs_Ctrl","Oligodendrocyte"
2.31999465148047e-99,0.890562630879309,0.522,0.316,6.9063920779922e-95,"AC009063.2","PD_vs_Ctrl","Oligodendrocyte"
5.80942221571883e-93,-1.46598010940622,0.152,0.317,1.72940689939734e-88,"IFIT3","PD_vs_Ctrl","Oligodendrocyte"
1.51603095337782e-91,-0.945698266236222,0.301,0.485,4.51307254511043e-87,"MT2A","PD_vs_Ctrl","Oligodendrocyte"
9.47196118043225e-88,0.728410863858572,0.567,0.394,2.81970812380288e-83,"FXR1","PD_vs_Ctrl","Oligodendrocyte"
1.37331446623648e-87,0.845368024087894,0.512,0.321,4.08821983453937e-83,"ZNF365","PD_vs_Ctrl","Oligodendrocyte"
1.60469598224437e-82,0.712335634969412,0.567,0.403,4.77701946954325e-78,"ZDHHC20","PD_vs_Ctrl","Oligodendrocyte"
1.8459399949926e-78,-1.55638890102195,0.1,0.239,5.49517877109348e-74,"PCP4","PD_vs_Ctrl","Oligodendrocyte"
3.05227822494962e-76,-0.756515549335351,0.322,0.506,9.08632704785252e-72,"CIRBP","PD_vs_Ctrl","Oligodendrocyte"
1.25746553048628e-75,-1.12587677208911,0.176,0.333,3.74334913770459e-71,"SPARCL1","PD_vs_Ctrl","Oligodendrocyte"
4.1752872854086e-75,0.699861999261469,0.548,0.376,1.24294127199328e-70,"SLC39A11","PD_vs_Ctrl","Oligodendrocyte"
7.2685095591183e-75,1.49466807665789,0.265,0.113,2.16376261065393e-70,"PLOD3","PD_vs_Ctrl","Oligodendrocyte"
9.32798045871785e-70,0.551965030090548,0.628,0.459,2.77684650275572e-65,"CDK18","PD_vs_Ctrl","Oligodendrocyte"
1.32877427007893e-67,0.708542472579961,0.509,0.358,3.95562812459798e-63,"PAPOLA","PD_vs_Ctrl","Oligodendrocyte"
6.45944547844746e-67,-0.535515171418226,0.496,0.638,1.92291232447903e-62,"MIR219A2","PD_vs_Ctrl","Oligodendrocyte"
3.88808013572088e-65,0.910575023792433,0.387,0.22,1.15744257560275e-60,"SORBS1","PD_vs_Ctrl","Oligodendrocyte"
3.58660427839746e-61,1.26090572549965,0.267,0.128,1.06769622763614e-56,"CACYBP","PD_vs_Ctrl","Oligodendrocyte"
1.47896946089864e-60,1.29441530878695,0.258,0.12,4.40274418814916e-56,"FKBP4","PD_vs_Ctrl","Oligodendrocyte"
2.55804122516605e-58,0.894617908249184,0.383,0.237,7.61503292319681e-54,"DNAJA1","PD_vs_Ctrl","Oligodendrocyte"
2.98695636198851e-57,-0.763705674769429,0.273,0.418,8.8918703940036e-53,"RPL3P4","PD_vs_Ctrl","Oligodendrocyte"
3.07963772031323e-57,0.901536428069036,0.38,0.237,9.16777352960044e-53,"CDKL1","PD_vs_Ctrl","Oligodendrocyte"
4.60750261147398e-56,1.24449369518985,0.259,0.128,1.37160745240969e-51,"AHSA1","PD_vs_Ctrl","Oligodendrocyte"
1.22273423891493e-54,-1.01035361164217,0.156,0.287,3.63995755582585e-50,"AC092691.1","PD_vs_Ctrl","Oligodendrocyte"
2.17896557189806e-52,0.89670235403464,0.326,0.181,6.48656261098332e-48,"APOLD1","PD_vs_Ctrl","Oligodendrocyte"
1.60891680208418e-50,-0.936519330524977,0.161,0.289,4.7895844281244e-46,"LINC01572","PD_vs_Ctrl","Oligodendrocyte"
2.67216517454622e-50,0.794534566170672,0.39,0.256,7.95476850810663e-46,"SUGT1","PD_vs_Ctrl","Oligodendrocyte"
3.24668029280741e-50,0.530538638506886,0.564,0.466,9.66504256365838e-46,"HSP90AB1","PD_vs_Ctrl","Oligodendrocyte"
6.13595393187314e-50,0.562194559716027,0.533,0.403,1.82661212597932e-45,"XPO1","PD_vs_Ctrl","Oligodendrocyte"
7.57528753215415e-50,-1.01499594589918,0.131,0.253,2.25508734544697e-45,"NHLRC3","PD_vs_Ctrl","Oligodendrocyte"
8.584574251892e-49,-0.98623188404173,0.172,0.291,2.55554190904573e-44,"HIST1H4C","PD_vs_Ctrl","Oligodendrocyte"
2.48246712447455e-48,-0.897075254895333,0.181,0.306,7.3900563828483e-44,"NDUFA4","PD_vs_Ctrl","Oligodendrocyte"
3.76691441588799e-47,-0.691532836123948,0.26,0.4,1.12137275246569e-42,"RPL15","PD_vs_Ctrl","Oligodendrocyte"
7.02667408703284e-47,0.531615434280595,0.54,0.4,2.09177060896881e-42,"LAMA2","PD_vs_Ctrl","Oligodendrocyte"
1.03995494947003e-46,-0.527505971809041,0.39,0.532,3.09584188907734e-42,"GRIA2","PD_vs_Ctrl","Oligodendrocyte"
1.72739631114582e-46,0.552609042254523,0.515,0.376,5.14228607864998e-42,"CHN2","PD_vs_Ctrl","Oligodendrocyte"
2.27694273675569e-46,-1.0473994159149,0.149,0.262,6.77823083304803e-42,"TMSB10","PD_vs_Ctrl","Oligodendrocyte"
1.53187028252466e-45,-0.606160779519421,0.332,0.465,4.56022464404766e-41,"ACTG1","PD_vs_Ctrl","Oligodendrocyte"
1.64733179971271e-45,0.525805768046656,0.535,0.412,4.90394203456477e-41,"CCP110","PD_vs_Ctrl","Oligodendrocyte"
3.99889095032359e-45,-0.782383417489023,0.21,0.338,1.19042984700183e-40,"LRRTM4","PD_vs_Ctrl","Oligodendrocyte"
8.37476713299759e-45,0.771725820742796,0.331,0.192,2.49308442782205e-40,"NLGN4Y","PD_vs_Ctrl","Oligodendrocyte"
1.21013049363334e-44,0.67982361496483,0.428,0.306,3.60243746649709e-40,"DNAJB6","PD_vs_Ctrl","Oligodendrocyte"
1.54284811107339e-44,0.727368026661961,0.386,0.255,4.59290454185438e-40,"ST3GAL6","PD_vs_Ctrl","Oligodendrocyte"
3.19481668671126e-43,-0.700457420493783,0.265,0.385,9.51064979467074e-39,"PTN","PD_vs_Ctrl","Oligodendrocyte"
4.12623279654176e-43,-0.685869908871274,0.256,0.385,1.22833824120252e-38,"RPS9","PD_vs_Ctrl","Oligodendrocyte"
4.5331525086955e-43,-0.748291214943647,0.238,0.36,1.34947417031356e-38,"PPDPF","PD_vs_Ctrl","Oligodendrocyte"
5.50637899507287e-43,1.14826167358829,0.225,0.115,1.63919396304324e-38,"ARL17A","PD_vs_Ctrl","Oligodendrocyte"
4.47670567273839e-42,-0.951525921122446,0.149,0.259,1.33267051171749e-37,"LGALS3BP","PD_vs_Ctrl","Oligodendrocyte"
6.2329739866356e-42,0.60009811575991,0.458,0.342,1.85549402608155e-37,"MAP2K4","PD_vs_Ctrl","Oligodendrocyte"
7.17602549057017e-42,0.523008609987452,0.518,0.39,2.13623102828783e-37,"OSBP2","PD_vs_Ctrl","Oligodendrocyte"
6.69264778820606e-41,-1.00575450049859,0.123,0.226,1.99233432007106e-36,"ATP6V0E2","PD_vs_Ctrl","Oligodendrocyte"
1.57422127353631e-40,0.64860647388967,0.413,0.291,4.68629930919025e-36,"CLK1","PD_vs_Ctrl","Oligodendrocyte"
2.9373202791864e-40,0.58259511721265,0.462,0.335,8.74410873911e-36,"SPATS2L","PD_vs_Ctrl","Oligodendrocyte"
9.10719085372831e-40,-1.04986094238793,0.116,0.214,2.71111964524638e-35,"ETV6","PD_vs_Ctrl","Oligodendrocyte"
6.31195164046329e-39,0.564474867125887,0.457,0.331,1.87900488384952e-34,"PRKD1","PD_vs_Ctrl","Oligodendrocyte"
1.34661245605674e-38,-0.582668524646473,0.29,0.419,4.00873062043531e-34,"AL589740.1","PD_vs_Ctrl","Oligodendrocyte"
6.48166759689426e-38,0.553666707746666,0.465,0.352,1.92952762691945e-33,"MIB1","PD_vs_Ctrl","Oligodendrocyte"
6.59875513384774e-38,-0.681966689506641,0.228,0.347,1.96438341579513e-33,"EID1","PD_vs_Ctrl","Oligodendrocyte"
1.72841271017028e-37,-0.898552234283441,0.161,0.264,5.1453117969059e-33,"LINC02328","PD_vs_Ctrl","Oligodendrocyte"
1.77916916597442e-37,0.582177059750807,0.436,0.317,5.29640869018926e-33,"SOS1","PD_vs_Ctrl","Oligodendrocyte"
2.0574450568642e-37,0.846738603355868,0.297,0.188,6.12480818977905e-33,"AHSA2","PD_vs_Ctrl","Oligodendrocyte"
3.08900566980086e-37,-0.80643370049705,0.166,0.274,9.19566097843019e-33,"CPE","PD_vs_Ctrl","Oligodendrocyte"
5.11095729679144e-37,0.553849652515072,0.457,0.346,1.52148087768184e-32,"PWWP2A","PD_vs_Ctrl","Oligodendrocyte"
9.1441022209514e-37,0.659418207647994,0.373,0.254,2.72210779015502e-32,"AC106869.1","PD_vs_Ctrl","Oligodendrocyte"
1.52078960825909e-36,-0.911565337142562,0.157,0.257,4.52723858482649e-32,"PCSK1N","PD_vs_Ctrl","Oligodendrocyte"
8.12823758225537e-36,0.894518138604711,0.271,0.166,2.4196950458616e-31,"HSPD1","PD_vs_Ctrl","Oligodendrocyte"
1.98790118209526e-35,-0.54874768911502,0.316,0.434,5.91778302897939e-31,"RPS19","PD_vs_Ctrl","Oligodendrocyte"
3.58414909930876e-35,0.550218870357342,0.442,0.325,1.06696534537323e-30,"DNAJB2","PD_vs_Ctrl","Oligodendrocyte"
3.95802658420026e-35,0.670169106291908,0.361,0.245,1.17826493385058e-30,"NDUFAF6","PD_vs_Ctrl","Oligodendrocyte"
2.34051537506091e-34,-0.55172480263567,0.301,0.42,6.96748022001881e-30,"RPS3","PD_vs_Ctrl","Oligodendrocyte"
4.84760174608952e-34,-0.763352201584388,0.193,0.296,1.44308256379339e-29,"GSTP1","PD_vs_Ctrl","Oligodendrocyte"
6.3139329524568e-34,0.529839837156032,0.448,0.333,1.87959470061686e-29,"CHKA","PD_vs_Ctrl","Oligodendrocyte"
8.98054078357263e-34,0.615537421338278,0.399,0.291,2.67341718586174e-29,"CPOX","PD_vs_Ctrl","Oligodendrocyte"
1.00887603001608e-33,0.75663059470797,0.31,0.204,3.00332305375488e-29,"SNAP23","PD_vs_Ctrl","Oligodendrocyte"
1.01912454358401e-33,0.714581671801558,0.319,0.21,3.03383185379523e-29,"SEC14L5","PD_vs_Ctrl","Oligodendrocyte"
1.56865728263276e-33,-0.594352594531787,0.284,0.392,4.66973586466945e-29,"SRP14","PD_vs_Ctrl","Oligodendrocyte"
2.75031302043502e-33,-0.827140838734955,0.133,0.23,8.187406830533e-29,"ADAM12","PD_vs_Ctrl","Oligodendrocyte"
3.06299129035157e-33,0.797505927071745,0.274,0.168,9.11821877224758e-29,"ZCCHC2","PD_vs_Ctrl","Oligodendrocyte"
3.48690157918025e-33,-0.86442018501329,0.149,0.245,1.03801573110617e-28,"STAT2","PD_vs_Ctrl","Oligodendrocyte"
8.25374124269464e-33,-0.635283777371106,0.213,0.325,2.45705623053777e-28,"AC073861.1","PD_vs_Ctrl","Oligodendrocyte"
2.29806804033299e-32,-0.521538696686287,0.298,0.418,6.84111874926729e-28,"RPL41","PD_vs_Ctrl","Oligodendrocyte"
2.60276510020523e-32,-0.655547336812731,0.215,0.322,7.74817142680095e-28,"RPS2","PD_vs_Ctrl","Oligodendrocyte"
4.5901187261957e-32,-0.8690565507384,0.132,0.225,1.3664324436012e-27,"BCAN","PD_vs_Ctrl","Oligodendrocyte"
3.16180831987737e-31,0.95473820542521,0.207,0.115,9.41238718744293e-27,"ANOS2P","PD_vs_Ctrl","Oligodendrocyte"
5.75752277259401e-31,-0.660045276094443,0.21,0.314,1.71395695417351e-26,"COX4I1","PD_vs_Ctrl","Oligodendrocyte"
1.65262661516224e-30,0.945465016114416,0.204,0.114,4.91970417067648e-26,"TTTY14","PD_vs_Ctrl","Oligodendrocyte"
1.73197508196444e-30,-0.81988209076964,0.145,0.236,5.15591662149995e-26,"EDF1","PD_vs_Ctrl","Oligodendrocyte"
1.2979037514959e-29,0.6329086765096,0.34,0.237,3.86372967782814e-25,"OLMALINC","PD_vs_Ctrl","Oligodendrocyte"
3.3197475958079e-29,-0.825464358788697,0.114,0.2,9.88255661796053e-25,"FADS1","PD_vs_Ctrl","Oligodendrocyte"
4.14361752310807e-29,0.684343027490574,0.314,0.216,1.23351350045404e-24,"TBCD","PD_vs_Ctrl","Oligodendrocyte"
5.73554164380087e-29,0.781853835978219,0.258,0.163,1.70741339194308e-24,"HSPA4","PD_vs_Ctrl","Oligodendrocyte"
5.16906410880314e-28,0.698766196373022,0.293,0.197,1.53877869454961e-23,"RELN","PD_vs_Ctrl","Oligodendrocyte"
1.05293870166887e-27,0.608635786014667,0.331,0.229,3.13449322099805e-23,"CORO2B","PD_vs_Ctrl","Oligodendrocyte"
1.20005638960744e-27,0.521185903461328,0.406,0.309,3.57244786622238e-23,"BOK","PD_vs_Ctrl","Oligodendrocyte"
2.61589408027031e-27,0.742427590302907,0.252,0.16,7.78725508755667e-23,"LRRC63","PD_vs_Ctrl","Oligodendrocyte"
7.23613753295424e-27,0.739415137426654,0.257,0.166,2.15412578218515e-22,"GKAP1","PD_vs_Ctrl","Oligodendrocyte"
7.69413582277122e-27,-0.540543993763319,0.275,0.373,2.29046729308076e-22,"LARP6","PD_vs_Ctrl","Oligodendrocyte"
1.04050452466281e-26,0.571292630944528,0.379,0.29,3.09747791946872e-22,"NUFIP2","PD_vs_Ctrl","Oligodendrocyte"
1.31300456618358e-26,0.578383668530172,0.365,0.273,3.90868329307191e-22,"ST13","PD_vs_Ctrl","Oligodendrocyte"
1.34003211948873e-26,-0.66850019574471,0.192,0.282,3.98914161650599e-22,"CHCHD2","PD_vs_Ctrl","Oligodendrocyte"
2.36821962535052e-26,-0.800308774422374,0.131,0.212,7.04995300270596e-22,"MARCKS","PD_vs_Ctrl","Oligodendrocyte"
2.39410673681976e-26,0.789106770012375,0.254,0.167,7.12701634483874e-22,"HSPA5","PD_vs_Ctrl","Oligodendrocyte"
4.06633376852821e-26,-0.658290441182619,0.181,0.272,1.21050689955316e-21,"RPL13AP5","PD_vs_Ctrl","Oligodendrocyte"
5.45883178457649e-26,0.568687741116038,0.365,0.271,1.62503963395058e-21,"GRIN2A","PD_vs_Ctrl","Oligodendrocyte"
6.79858500042715e-26,0.659076183180389,0.296,0.203,2.02387076877716e-21,"GPR75-ASB3","PD_vs_Ctrl","Oligodendrocyte"
7.921516805823e-26,-0.724225031569309,0.154,0.239,2.35815633792545e-21,"DDX24","PD_vs_Ctrl","Oligodendrocyte"
1.16792405229981e-25,0.736050603342471,0.267,0.179,3.47679311129129e-21,"CCT4","PD_vs_Ctrl","Oligodendrocyte"
1.60235142668669e-25,-0.697348322698741,0.155,0.242,4.77003996210361e-21,"SELENOM","PD_vs_Ctrl","Oligodendrocyte"
2.2094332160874e-25,-0.502970293106612,0.273,0.372,6.57726174097058e-21,"VWA1","PD_vs_Ctrl","Oligodendrocyte"
4.01086109245113e-25,0.777359579812214,0.229,0.143,1.19399323861178e-20,"EEPD1","PD_vs_Ctrl","Oligodendrocyte"
4.91318467510078e-25,0.688672752417264,0.285,0.197,1.46260594593075e-20,"CCT3","PD_vs_Ctrl","Oligodendrocyte"
5.07757921909335e-25,-0.544836506893374,0.244,0.341,1.5115445577319e-20,"SECISBP2","PD_vs_Ctrl","Oligodendrocyte"
5.4350526075695e-25,-0.747800822527017,0.12,0.201,1.61796081074737e-20,"CFTR","PD_vs_Ctrl","Oligodendrocyte"
5.69947682245332e-25,-0.549780256200733,0.232,0.329,1.69667725527613e-20,"CD55","PD_vs_Ctrl","Oligodendrocyte"
6.66162220900754e-25,-0.550802178266531,0.24,0.335,1.98309831539945e-20,"PTMAP2","PD_vs_Ctrl","Oligodendrocyte"
2.75714279307391e-24,-0.659276419918889,0.17,0.255,8.20773838070171e-20,"CXADR","PD_vs_Ctrl","Oligodendrocyte"
4.33949421367425e-24,-0.601322464454634,0.176,0.265,1.29182403246869e-19,"DPH6","PD_vs_Ctrl","Oligodendrocyte"
6.92921536931842e-24,-0.750174727187199,0.136,0.214,2.0627581232924e-19,"NDUFB7","PD_vs_Ctrl","Oligodendrocyte"
8.48326633990662e-24,-0.68053046453684,0.131,0.212,2.5253835567268e-19,"PARD3","PD_vs_Ctrl","Oligodendrocyte"
1.15812044645665e-23,-0.551184495111031,0.23,0.321,3.44760875705679e-19,"RPL14","PD_vs_Ctrl","Oligodendrocyte"
1.54295877176066e-23,0.629287105005756,0.273,0.184,4.5932339676543e-19,"DPH6-AS1","PD_vs_Ctrl","Oligodendrocyte"
2.37171650450958e-23,0.805613803258645,0.218,0.139,7.06036286227456e-19,"UTP23","PD_vs_Ctrl","Oligodendrocyte"
1.06264677248083e-22,-0.693855026551303,0.145,0.223,3.16339317699819e-18,"ODF2L","PD_vs_Ctrl","Oligodendrocyte"
1.20087224042815e-22,-0.749736819946185,0.138,0.213,3.57487657253057e-18,"BEX1","PD_vs_Ctrl","Oligodendrocyte"
1.40536805516201e-22,-0.654823736069163,0.185,0.266,4.18364016341177e-18,"EGLN3","PD_vs_Ctrl","Oligodendrocyte"
1.56551142955138e-22,0.735673407457103,0.227,0.146,4.66037097463151e-18,"PLA2G4C","PD_vs_Ctrl","Oligodendrocyte"
1.98502044443722e-22,0.512831621812114,0.354,0.266,5.90920736104517e-18,"HIST1H2AC","PD_vs_Ctrl","Oligodendrocyte"
2.36008323838028e-22,-0.505849655223868,0.227,0.321,7.02573179233424e-18,"RPS27A","PD_vs_Ctrl","Oligodendrocyte"
2.826661942878e-22,0.632169351879634,0.285,0.201,8.41468993775352e-18,"PGAP1","PD_vs_Ctrl","Oligodendrocyte"
3.68321440090935e-22,0.751662572681131,0.214,0.136,1.0964560950067e-17,"ITGB3BP","PD_vs_Ctrl","Oligodendrocyte"
4.85173543138616e-22,-0.676777037450728,0.145,0.223,1.44431312056935e-17,"SPCS1","PD_vs_Ctrl","Oligodendrocyte"
1.10373475451476e-21,0.675267870402009,0.233,0.152,3.28570799071498e-17,"ADAMTSL3","PD_vs_Ctrl","Oligodendrocyte"
6.89547889011725e-21,0.619214990173084,0.259,0.176,2.052715110799e-16,"FBXO32","PD_vs_Ctrl","Oligodendrocyte"
7.8615777777673e-21,0.55584586591652,0.295,0.21,2.34031308866355e-16,"CCDC122","PD_vs_Ctrl","Oligodendrocyte"
8.41499704125551e-21,-0.646141263541935,0.17,0.247,2.50506046921135e-16,"COX5B","PD_vs_Ctrl","Oligodendrocyte"
1.15278495558673e-20,-0.556869885802284,0.183,0.266,3.43172553428612e-16,"PPIA","PD_vs_Ctrl","Oligodendrocyte"
1.54945888918907e-20,0.565026182434762,0.28,0.195,4.61258416722694e-16,"SLC5A11","PD_vs_Ctrl","Oligodendrocyte"
2.38776606422662e-20,0.664300931624582,0.233,0.155,7.10814079659623e-16,"ZNF281","PD_vs_Ctrl","Oligodendrocyte"
2.46749381617701e-20,0.785216592768082,0.201,0.13,7.34548234137734e-16,"NBPF1","PD_vs_Ctrl","Oligodendrocyte"
3.36139914732697e-20,0.613558479732754,0.277,0.2,1.00065491216777e-15,"HSPA9","PD_vs_Ctrl","Oligodendrocyte"
3.36595103636714e-20,-0.647893253167938,0.159,0.233,1.00200996401613e-15,"BTF3","PD_vs_Ctrl","Oligodendrocyte"
5.26603307612302e-20,-0.552912634600152,0.185,0.266,1.56764538643106e-15,"TOMM20","PD_vs_Ctrl","Oligodendrocyte"
5.81869818940218e-20,0.590833348922159,0.283,0.204,1.73216826400314e-15,"NAA16","PD_vs_Ctrl","Oligodendrocyte"
6.0624132730395e-20,0.502681706090057,0.34,0.259,1.80471980725113e-15,"ZNF397","PD_vs_Ctrl","Oligodendrocyte"
7.49340944630587e-20,-0.541341564221971,0.212,0.293,2.2307130580708e-15,"FAU","PD_vs_Ctrl","Oligodendrocyte"
8.60672521524389e-20,0.683664755119072,0.215,0.14,2.56213602932595e-15,"NEDD4L","PD_vs_Ctrl","Oligodendrocyte"
8.87968575261386e-20,0.610492070535611,0.257,0.179,2.64339365169562e-15,"ASAP2","PD_vs_Ctrl","Oligodendrocyte"
5.67567597832509e-19,-0.63913282204049,0.138,0.208,1.6895919819876e-14,"SLC25A3","PD_vs_Ctrl","Oligodendrocyte"
7.08809011911333e-19,-0.553924956431229,0.18,0.256,2.11005354755885e-14,"OLIG2","PD_vs_Ctrl","Oligodendrocyte"
9.61861241540581e-19,-0.576297841610457,0.183,0.256,2.86336472994215e-14,"GUK1","PD_vs_Ctrl","Oligodendrocyte"
1.00777349314038e-18,0.589598851133815,0.257,0.181,3.00004091172961e-14,"MTFR1","PD_vs_Ctrl","Oligodendrocyte"
1.63911501096797e-18,-0.584567304893979,0.173,0.246,4.87948147615056e-14,"CMTM5","PD_vs_Ctrl","Oligodendrocyte"
1.85984940770166e-18,0.684174239310221,0.203,0.134,5.53658570178706e-14,"AMPD3","PD_vs_Ctrl","Oligodendrocyte"
1.87351796380505e-18,-0.542267928726281,0.177,0.254,5.57727562645124e-14,"DSTN","PD_vs_Ctrl","Oligodendrocyte"
2.37497326933247e-18,-0.583291638165508,0.164,0.235,7.07005792547582e-14,"RPS4X","PD_vs_Ctrl","Oligodendrocyte"
4.2154380841778e-18,-0.511719242132284,0.215,0.291,1.25489376327889e-13,"TALDO1","PD_vs_Ctrl","Oligodendrocyte"
5.20256250701551e-18,-0.61403072175324,0.153,0.222,1.54875083271345e-13,"COX7C","PD_vs_Ctrl","Oligodendrocyte"
5.60001862705473e-18,0.550045508487032,0.256,0.179,1.66706954508792e-13,"LINC00854","PD_vs_Ctrl","Oligodendrocyte"
7.07716749988739e-18,-0.636483507631962,0.147,0.215,2.10680199304148e-13,"RPL7AP6","PD_vs_Ctrl","Oligodendrocyte"
8.49320739458433e-18,-0.51367175933251,0.214,0.289,2.52834290929381e-13,"ALDOA","PD_vs_Ctrl","Oligodendrocyte"
9.06567422457931e-18,0.582744210435794,0.26,0.188,2.69876055991501e-13,"ARHGAP22","PD_vs_Ctrl","Oligodendrocyte"
1.06026617401163e-17,-0.549064083420608,0.192,0.265,3.15630637341521e-13,"DBI","PD_vs_Ctrl","Oligodendrocyte"
1.33999784287704e-17,0.652112467488879,0.2,0.131,3.98903957846066e-13,"HTATIP2","PD_vs_Ctrl","Oligodendrocyte"
1.64574120922069e-17,0.652429214824146,0.216,0.147,4.89920700572906e-13,"AC069228.1","PD_vs_Ctrl","Oligodendrocyte"
2.02477481443421e-17,-0.577772322640058,0.164,0.233,6.02755214508921e-13,"GALNT7","PD_vs_Ctrl","Oligodendrocyte"
2.05068381402171e-17,0.536096159615101,0.262,0.187,6.10468064596123e-13,"DPYSL5","PD_vs_Ctrl","Oligodendrocyte"
2.06606988023912e-17,-0.547491985708688,0.169,0.241,6.15048342648383e-13,"KLF3","PD_vs_Ctrl","Oligodendrocyte"
2.25246467444645e-17,0.699333958217526,0.206,0.14,6.70536208935963e-13,"RANGAP1","PD_vs_Ctrl","Oligodendrocyte"
2.56452196241499e-17,0.517605774706399,0.297,0.223,7.63432542991319e-13,"C14orf37","PD_vs_Ctrl","Oligodendrocyte"
2.68725446679853e-17,0.508254100821369,0.3,0.226,7.99968782221255e-13,"IWS1","PD_vs_Ctrl","Oligodendrocyte"
3.79713761628589e-17,-0.543257380655883,0.198,0.268,1.13036989699215e-12,"PSMD5-AS1","PD_vs_Ctrl","Oligodendrocyte"
3.88697322023837e-17,0.609582246071158,0.243,0.175,1.15711305793276e-12,"FCHO1","PD_vs_Ctrl","Oligodendrocyte"
5.72084081278213e-17,-0.579421541501559,0.169,0.237,1.70303710155711e-12,"LHFPL3","PD_vs_Ctrl","Oligodendrocyte"
8.40322247432612e-17,-0.510668069076139,0.189,0.262,2.50155529838214e-12,"CMC2","PD_vs_Ctrl","Oligodendrocyte"
1.0802029282117e-16,-0.575147017751699,0.151,0.218,3.21565609699341e-12,"CENPP","PD_vs_Ctrl","Oligodendrocyte"
1.58267134693258e-16,0.631543741189197,0.22,0.153,4.71145433268359e-12,"ATG4B","PD_vs_Ctrl","Oligodendrocyte"
1.96159529162994e-16,0.518688603896588,0.307,0.241,5.83947302365317e-12,"HSPA8","PD_vs_Ctrl","Oligodendrocyte"
2.01323548213921e-16,0.579409770689666,0.235,0.165,5.99320070678023e-12,"PTP4A2","PD_vs_Ctrl","Oligodendrocyte"
2.63244702763406e-16,-0.52408669328897,0.162,0.231,7.83653155656383e-12,"AP001324.1","PD_vs_Ctrl","Oligodendrocyte"
3.59846877767419e-16,0.535527129693414,0.262,0.192,1.07122817042583e-11,"PLD5","PD_vs_Ctrl","Oligodendrocyte"
5.16849208197855e-16,-0.531491571826582,0.173,0.241,1.53860840788419e-11,"UBA52","PD_vs_Ctrl","Oligodendrocyte"
7.95607888281735e-16,0.616584537102927,0.221,0.156,2.3684451226259e-11,"NAALAD2","PD_vs_Ctrl","Oligodendrocyte"
1.31205868410738e-15,-0.549977995915341,0.178,0.243,3.90586749671926e-11,"LURAP1L-AS1","PD_vs_Ctrl","Oligodendrocyte"
1.65453021244046e-15,-0.501679603185974,0.193,0.261,4.92537098941401e-11,"PGRMC1","PD_vs_Ctrl","Oligodendrocyte"
1.94207882439543e-15,-0.575914686791851,0.153,0.216,5.78137445234275e-11,"PARK7","PD_vs_Ctrl","Oligodendrocyte"
3.16401819162652e-15,-0.531554780791861,0.144,0.208,9.41896575465298e-11,"AASS","PD_vs_Ctrl","Oligodendrocyte"
4.84705787893765e-15,-0.525604766660585,0.161,0.225,1.44292065998095e-10,"TARBP1","PD_vs_Ctrl","Oligodendrocyte"
5.00032408027773e-15,-0.579262221150172,0.166,0.227,1.48854647545788e-10,"SLC7A14","PD_vs_Ctrl","Oligodendrocyte"
5.37902003089839e-15,-0.529261539004801,0.154,0.218,1.60128047299814e-10,"SUB1","PD_vs_Ctrl","Oligodendrocyte"
6.91859326406983e-15,-0.528308212342292,0.176,0.239,2.05959602878095e-10,"HMGN2","PD_vs_Ctrl","Oligodendrocyte"
7.74151161101399e-15,-0.54727198942264,0.145,0.207,2.30457059148275e-10,"RPL5","PD_vs_Ctrl","Oligodendrocyte"
1.00595117071837e-14,0.635831909548278,0.2,0.14,2.99461604011151e-10,"PTOV1","PD_vs_Ctrl","Oligodendrocyte"
1.18549855699212e-14,-0.564175109976421,0.152,0.213,3.52911065430985e-10,"ARHGAP24","PD_vs_Ctrl","Oligodendrocyte"
1.66860680523902e-14,-0.561081430472938,0.141,0.201,4.96727559851603e-10,"ITM2C","PD_vs_Ctrl","Oligodendrocyte"
3.13178453164438e-14,0.538119449159559,0.243,0.181,9.32300937225216e-10,"TPRN","PD_vs_Ctrl","Oligodendrocyte"
4.90406530172487e-14,-0.517586745338552,0.177,0.239,1.45989119967048e-09,"APCDD1","PD_vs_Ctrl","Oligodendrocyte"
8.84981986956713e-14,-0.515259164173433,0.145,0.205,2.63450287697144e-09,"IMMP1L","PD_vs_Ctrl","Oligodendrocyte"
5.80542461254702e-12,-0.505459460942673,0.156,0.21,1.72821685290912e-07,"GPX4","PD_vs_Ctrl","Oligodendrocyte"
6.75546879008044e-12,-0.541127978521101,0.155,0.208,2.01103550411905e-07,"COX6C","PD_vs_Ctrl","Oligodendrocyte"
9.21054653013321e-12,0.51941196712473,0.229,0.174,2.74188759655536e-07,"ZNF83","PD_vs_Ctrl","Oligodendrocyte"
