"p_val","avg_log2FC","pct.1","pct.2","p_val_adj","gene","contrast","celltype"
2.9632708695069e-128,1.56819706764831,0.68,0.284,8.82136105143508e-124,"P2RY14","AD_vs_PD","Astrocyte"
5.20313687916709e-125,1.64432382472832,0.635,0.194,1.54892181755925e-120,"XIST","AD_vs_PD","Astrocyte"
2.55854615885183e-111,1.06989132651378,0.786,0.465,7.616536060286e-107,"HEPN1","AD_vs_PD","Astrocyte"
1.34542475257847e-103,-1.57899320945882,0.218,0.568,4.00519494595085e-99,"UTY","AD_vs_PD","Astrocyte"
2.24091695820528e-99,1.12460302424195,0.764,0.479,6.67098569288131e-95,"MT1G","AD_vs_PD","Astrocyte"
6.19767246124907e-93,0.850980332054212,0.836,0.601,1.84498511498924e-88,"MT1E","AD_vs_PD","Astrocyte"
1.27513788765267e-90,1.92812062577935,0.494,0.185,3.79595797775323e-86,"MT1H","AD_vs_PD","Astrocyte"
1.69304513689956e-89,0.637160698169958,0.943,0.751,5.04002606803631e-85,"MT2A","AD_vs_PD","Astrocyte"
8.95829796412736e-89,1.18826906725454,0.676,0.353,2.66679572094107e-84,"AC012404.1","AD_vs_PD","Astrocyte"
2.79704919463764e-87,0.996824108083105,0.732,0.436,8.3265357475168e-83,"LINC00513","AD_vs_PD","Astrocyte"
3.17640789576812e-84,1.01437188575127,0.742,0.447,9.45584866491212e-80,"MT1M","AD_vs_PD","Astrocyte"
1.8980890289234e-81,4.38654601831249,0.249,0.018,5.65042123020206e-77,"AC105402.3","AD_vs_PD","Astrocyte"
2.62810288566223e-80,1.10102470182076,0.725,0.464,7.82359948032789e-76,"PDK4","AD_vs_PD","Astrocyte"
1.28510455211704e-76,0.617319219908843,0.863,0.668,3.82562774119722e-72,"FKBP5","AD_vs_PD","Astrocyte"
2.72463640364418e-76,-1.57305368172123,0.188,0.474,8.11097011000836e-72,"TTTY14","AD_vs_PD","Astrocyte"
3.26872228125794e-73,1.01203810841061,0.693,0.404,9.73065935907676e-69,"AC079385.1","AD_vs_PD","Astrocyte"
1.18507150602498e-67,1.21052121847721,0.563,0.279,3.52783936628576e-63,"ZBTB20-AS5","AD_vs_PD","Astrocyte"
4.08945610507391e-66,1.16255359217101,0.612,0.348,1.21739018791945e-61,"ANGPTL4","AD_vs_PD","Astrocyte"
9.39977794634103e-62,0.975892069481973,0.635,0.351,2.79821989684626e-57,"AP000462.1","AD_vs_PD","Astrocyte"
9.05819050127364e-61,1.9429683741696,0.351,0.113,2.69653273032415e-56,"SRPX2","AD_vs_PD","Astrocyte"
1.7448632673777e-60,0.911853187542326,0.665,0.409,5.19428346065667e-56,"ID4","AD_vs_PD","Astrocyte"
1.88919227628392e-60,1.70951763677715,0.374,0.124,5.62393648726961e-56,"LRP4-AS1","AD_vs_PD","Astrocyte"
1.55818218957679e-59,1.08143206047334,0.573,0.298,4.63855256015115e-55,"GNG12-AS1","AD_vs_PD","Astrocyte"
2.29664281134473e-58,0.778996997018216,0.727,0.505,6.83687598509213e-54,"SRP14","AD_vs_PD","Astrocyte"
1.00549783096581e-57,2.36799347117124,0.27,0.061,2.99326649300213e-53,"AC023421.2","AD_vs_PD","Astrocyte"
1.56801988448796e-56,1.18697516136212,0.494,0.228,4.66783839413221e-52,"AC093879.1","AD_vs_PD","Astrocyte"
4.65233520917902e-56,1.0375747494069,0.569,0.306,1.3849536684205e-51,"LSAMP-AS1","AD_vs_PD","Astrocyte"
7.68842601210723e-55,1.0841803505328,0.545,0.286,2.2887675395442e-50,"RORA-AS1","AD_vs_PD","Astrocyte"
1.48673254553627e-54,1.35720458380904,0.445,0.199,4.42585411480693e-50,"AC058791.1","AD_vs_PD","Astrocyte"
5.25909734725859e-54,-0.693435232571934,0.587,0.728,1.56558068930541e-49,"COL5A3","AD_vs_PD","Astrocyte"
6.74241876248825e-54,1.50946513368878,0.413,0.184,2.00715064140513e-49,"MT2P1","AD_vs_PD","Astrocyte"
4.0877103825851e-53,1.94736055718737,0.306,0.094,1.21687050379176e-48,"GADD45G","AD_vs_PD","Astrocyte"
4.41061765219713e-52,-1.38616245934704,0.17,0.398,1.31299676888256e-47,"NLGN4Y","AD_vs_PD","Astrocyte"
8.02103663442262e-49,1.03037704240407,0.526,0.28,2.38778239570127e-44,"AP000311.1","AD_vs_PD","Astrocyte"
3.59846623120019e-48,-1.58142677361271,0.127,0.332,1.07122741236598e-43,"ANOS2P","AD_vs_PD","Astrocyte"
3.65726648420974e-48,1.12414778410177,0.469,0.226,1.0887316596844e-43,"AP002336.2","AD_vs_PD","Astrocyte"
5.79149221579671e-48,-1.87466452278523,0.099,0.288,1.72406931772052e-43,"SERPINH1","AD_vs_PD","Astrocyte"
8.7963864600185e-48,1.05806194521687,0.49,0.246,2.61859628528291e-43,"GLRX","AD_vs_PD","Astrocyte"
2.36949929107123e-47,1.29884289873642,0.416,0.191,7.05376243958996e-43,"ANKUB1","AD_vs_PD","Astrocyte"
8.086317182637e-47,1.12429169727939,0.49,0.256,2.40721576209921e-42,"GNA14-AS1","AD_vs_PD","Astrocyte"
2.26918636127466e-46,0.680914358135179,0.722,0.492,6.75514087887854e-42,"RHOB","AD_vs_PD","Astrocyte"
5.54300209481414e-45,1.20463660241531,0.417,0.194,1.65009629360522e-40,"AC104827.1","AD_vs_PD","Astrocyte"
8.20037428068701e-45,0.574954189877901,0.776,0.591,2.44116941961772e-40,"ITM2B","AD_vs_PD","Astrocyte"
8.75236094751676e-45,0.615284988235712,0.784,0.584,2.60549033046626e-40,"ITM2C","AD_vs_PD","Astrocyte"
2.3533482118815e-44,0.755747681436264,0.655,0.455,7.00568229195002e-40,"TMEM241","AD_vs_PD","Astrocyte"
1.07791237236232e-43,1.29580752449,0.405,0.194,3.2088373412854e-39,"JUNB","AD_vs_PD","Astrocyte"
2.59072960920474e-43,0.920956221784119,0.559,0.351,7.71234297364159e-39,"MT1F","AD_vs_PD","Astrocyte"
5.17117740441383e-43,1.2446659859217,0.39,0.175,1.53940780151995e-38,"A2ML1-AS1","AD_vs_PD","Astrocyte"
4.52464671875043e-42,0.588117462295201,0.786,0.564,1.34694208170482e-37,"GAPDH","AD_vs_PD","Astrocyte"
4.40035483753297e-41,-1.28125673959062,0.156,0.354,1.30994163158519e-36,"USP9Y","AD_vs_PD","Astrocyte"
1.8962212778375e-40,0.512946243981117,0.808,0.654,5.64486112199445e-36,"SLC14A1","AD_vs_PD","Astrocyte"
4.07397684793991e-40,-1.13735323380446,0.218,0.416,1.21278216786323e-35,"SPATA6L","AD_vs_PD","Astrocyte"
6.84060400918379e-40,1.55273377702651,0.307,0.124,2.03637940749392e-35,"MT1P3","AD_vs_PD","Astrocyte"
7.3913418055222e-40,1.05963476209831,0.445,0.232,2.2003285420859e-35,"HINT1","AD_vs_PD","Astrocyte"
2.34478788712934e-39,0.788736851848642,0.58,0.358,6.98019906119533e-35,"AC244669.1","AD_vs_PD","Astrocyte"
4.51478840956921e-39,1.64494645485883,0.27,0.094,1.34400736164466e-34,"AC007193.2","AD_vs_PD","Astrocyte"
1.93708771289974e-38,-0.927144898335829,0.467,0.557,5.76651641253125e-34,"HSPH1","AD_vs_PD","Astrocyte"
5.15412939348982e-37,1.23564333138474,0.375,0.187,1.53433277914798e-32,"RGCC","AD_vs_PD","Astrocyte"
1.06676425457362e-36,-0.765540305637678,0.53,0.613,3.1756505094402e-32,"BAG3","AD_vs_PD","Astrocyte"
1.45567477817622e-36,1.05928135094305,0.395,0.194,4.33339824715279e-32,"FN1","AD_vs_PD","Astrocyte"
1.6151629792863e-36,1.74868655747086,0.239,0.078,4.80817867303737e-32,"LINC00903","AD_vs_PD","Astrocyte"
3.3888178064552e-36,0.652339975727038,0.669,0.462,1.00881717280365e-31,"PCDH9-AS2","AD_vs_PD","Astrocyte"
3.71183433270719e-36,-0.801132968859247,0.373,0.561,1.1049759625036e-31,"ARHGAP24","AD_vs_PD","Astrocyte"
1.22010358692069e-35,0.538727715998929,0.78,0.57,3.63212636790421e-31,"CD81","AD_vs_PD","Astrocyte"
1.23442797902109e-35,0.647758744322599,0.653,0.468,3.67476865074788e-31,"CYSTM1","AD_vs_PD","Astrocyte"
2.41077460278345e-35,-1.23684385016794,0.283,0.436,7.17663491502606e-31,"SH3BGR","AD_vs_PD","Astrocyte"
4.70003873546113e-35,0.683659911134289,0.646,0.457,1.39915453115942e-30,"S100A1","AD_vs_PD","Astrocyte"
6.12403413322496e-35,0.726440439068692,0.605,0.413,1.82306372111974e-30,"SERF2","AD_vs_PD","Astrocyte"
6.55537332164119e-35,0.637941640111676,0.673,0.506,1.95146908411937e-30,"PRDX1","AD_vs_PD","Astrocyte"
1.19926832847028e-34,0.962451725084959,0.434,0.237,3.57010188702318e-30,"C1orf122","AD_vs_PD","Astrocyte"
1.58817898265098e-34,1.47461458953384,0.276,0.109,4.7278500134537e-30,"AC093305.1","AD_vs_PD","Astrocyte"
1.92782346111916e-34,-1.87724256065489,0.068,0.21,5.73893766140564e-30,"HSPE1-MOB4","AD_vs_PD","Astrocyte"
3.24930403070376e-34,1.62443466563245,0.243,0.085,9.67285316900201e-30,"ITPKB-AS1","AD_vs_PD","Astrocyte"
3.36978433368552e-34,1.14646825123765,0.356,0.169,1.00315109829484e-29,"DPP10-AS3","AD_vs_PD","Astrocyte"
4.059512312688e-34,0.994399646204991,0.423,0.228,1.20847622036409e-29,"GJB6","AD_vs_PD","Astrocyte"
6.00779100863673e-34,0.887983317855034,0.506,0.324,1.78845930536107e-29,"NDUFB2","AD_vs_PD","Astrocyte"
7.99888890361103e-34,1.30778916846534,0.316,0.142,2.38118923771597e-29,"AC093535.1","AD_vs_PD","Astrocyte"
9.17138317187216e-34,1.41801211761788,0.275,0.108,2.73022905643462e-29,"AC012085.2","AD_vs_PD","Astrocyte"
1.07418780636708e-33,-1.02262295418625,0.343,0.471,3.19774968077416e-29,"DNAJB1","AD_vs_PD","Astrocyte"
2.94195050574787e-33,0.814482773229216,0.557,0.386,8.75789246056083e-29,"DBI","AD_vs_PD","Astrocyte"
2.94963503650635e-33,-0.719155667686539,0.403,0.562,8.78076854017574e-29,"CERS6","AD_vs_PD","Astrocyte"
4.72328787662285e-33,-1.00321987292595,0.25,0.428,1.40607556799186e-28,"OSBPL3","AD_vs_PD","Astrocyte"
7.29388580470886e-33,0.731883629581556,0.559,0.368,2.17131686520378e-28,"PDXDC1","AD_vs_PD","Astrocyte"
1.02827728315911e-32,0.974690920325785,0.418,0.232,3.06107864423636e-28,"ERLEC1","AD_vs_PD","Astrocyte"
4.65831331927651e-32,1.1930450485185,0.356,0.186,1.38673329201542e-27,"TXNIP","AD_vs_PD","Astrocyte"
5.59589015787135e-32,0.613417038342662,0.657,0.46,1.66584054109672e-27,"RAB11A","AD_vs_PD","Astrocyte"
9.66925002172385e-32,1.28370614448637,0.299,0.131,2.87843903896697e-27,"STARD13-AS","AD_vs_PD","Astrocyte"
1.49962798098215e-31,0.838253609243671,0.461,0.258,4.46424253658576e-27,"PSMD5-AS1","AD_vs_PD","Astrocyte"
1.89479766955213e-31,0.763974038789617,0.56,0.388,5.64062318248973e-27,"ENHO","AD_vs_PD","Astrocyte"
2.26605549739449e-31,0.535374431207866,0.711,0.555,6.74582061019365e-27,"OSBPL11","AD_vs_PD","Astrocyte"
3.12480849599789e-31,1.31721095110905,0.303,0.141,9.30224241173613e-27,"ARMC3","AD_vs_PD","Astrocyte"
5.3768376689481e-31,0.797515629038602,0.488,0.293,1.60063080566916e-26,"FBXO2","AD_vs_PD","Astrocyte"
8.21783865132551e-31,0.806331998054096,0.493,0.296,2.44636838811309e-26,"PRKCA-AS1","AD_vs_PD","Astrocyte"
1.74944017953899e-30,1.34027708842345,0.261,0.103,5.20790847046962e-26,"IL7","AD_vs_PD","Astrocyte"
2.88407418251013e-30,0.788969349405459,0.502,0.305,8.58560043391442e-26,"PDE5A","AD_vs_PD","Astrocyte"
4.38041252137218e-30,0.611485546783299,0.619,0.432,1.30400500348728e-25,"HDDC2","AD_vs_PD","Astrocyte"
4.49489479634938e-30,0.660239785350755,0.594,0.411,1.33808523192525e-25,"SRI","AD_vs_PD","Astrocyte"
4.88779061513488e-30,0.603054518342937,0.638,0.453,1.4550463882195e-25,"RASSF4","AD_vs_PD","Astrocyte"
5.40315369362386e-30,1.33287557241144,0.278,0.122,1.60846482305489e-25,"AC018682.1","AD_vs_PD","Astrocyte"
5.53489243802213e-30,0.605055483028039,0.625,0.438,1.64768212987481e-25,"FRG1HP","AD_vs_PD","Astrocyte"
6.92785287705914e-30,1.16622266907189,0.329,0.165,2.06235252297174e-25,"MRPL34","AD_vs_PD","Astrocyte"
1.42126501390836e-29,0.919236603050773,0.409,0.23,4.23096381990381e-25,"COX5B","AD_vs_PD","Astrocyte"
1.59219869832171e-29,1.15822846509712,0.329,0.164,4.7398163050339e-25,"H2AFZ","AD_vs_PD","Astrocyte"
3.06814242240596e-29,0.614168333617436,0.624,0.465,9.1335531772603e-25,"MYBPC1","AD_vs_PD","Astrocyte"
1.02042482489545e-28,-0.628708684755475,0.489,0.615,3.03770266123127e-24,"EPHB1","AD_vs_PD","Astrocyte"
1.72599807618884e-28,1.10029793303655,0.33,0.169,5.13812367300655e-24,"AP000787.1","AD_vs_PD","Astrocyte"
2.34526690913864e-28,1.00889166569745,0.353,0.183,6.98162506181483e-24,"NFKBIA","AD_vs_PD","Astrocyte"
2.48846564839993e-28,0.69433417952087,0.568,0.394,7.40791338872175e-24,"COX4I1","AD_vs_PD","Astrocyte"
2.59055262316965e-28,0.907460879716842,0.406,0.235,7.71181610391373e-24,"SRSF7","AD_vs_PD","Astrocyte"
2.70811943267242e-28,0.712709979529924,0.532,0.357,8.06180073912253e-24,"NUPR1","AD_vs_PD","Astrocyte"
2.75650851781014e-28,0.550649810782533,0.657,0.494,8.20585020666902e-24,"EIF1","AD_vs_PD","Astrocyte"
3.00491196131402e-28,0.548071451552505,0.672,0.512,8.94532241763572e-24,"PTMA","AD_vs_PD","Astrocyte"
4.25896366314154e-28,0.910760302896951,0.434,0.266,1.26785089288061e-23,"JUND","AD_vs_PD","Astrocyte"
4.3329656290032e-28,-1.32391051904968,0.155,0.3,1.28988053809796e-23,"LINC00854","AD_vs_PD","Astrocyte"
1.29844335015954e-27,0.775220503854595,0.467,0.281,3.86533600908993e-23,"FAM13C","AD_vs_PD","Astrocyte"
1.35351739253107e-27,1.12598891821693,0.314,0.155,4.02928592582575e-23,"MAK","AD_vs_PD","Astrocyte"
1.37750238300101e-27,1.04201574474384,0.327,0.164,4.1006868439557e-23,"AP003086.2","AD_vs_PD","Astrocyte"
1.65367673377784e-27,0.774525538479176,0.487,0.317,4.92283026878325e-23,"S100A6","AD_vs_PD","Astrocyte"
1.71430880375402e-27,0.810689992713544,0.467,0.298,5.10332587789534e-23,"GABARAPL2","AD_vs_PD","Astrocyte"
3.84169385568405e-27,0.562019457674154,0.639,0.474,1.14363384389858e-22,"DECR1","AD_vs_PD","Astrocyte"
5.19538590146648e-27,1.24142221586569,0.278,0.128,1.54661442900756e-22,"KRT10","AD_vs_PD","Astrocyte"
5.27428842362773e-27,0.854271393600251,0.429,0.254,1.57010292082974e-22,"AL078459.1","AD_vs_PD","Astrocyte"
5.43696865405814e-27,0.577601818375004,0.59,0.396,1.61853119862657e-22,"SCRG1","AD_vs_PD","Astrocyte"
6.93534957966086e-27,0.547540572072145,0.64,0.472,2.06458421636924e-22,"HMGN3","AD_vs_PD","Astrocyte"
8.9607741328957e-27,-0.613601627292913,0.514,0.622,2.66753285162172e-22,"MEF2C-AS1","AD_vs_PD","Astrocyte"
1.32100624812366e-26,1.58501396701412,0.205,0.076,3.93250350003932e-22,"AC016716.2","AD_vs_PD","Astrocyte"
1.57888569619471e-26,0.984338430589803,0.357,0.196,4.70018482900203e-22,"PPIB","AD_vs_PD","Astrocyte"
3.04428934664824e-26,-0.852222391906508,0.343,0.472,9.06254495603714e-22,"HSPA4L","AD_vs_PD","Astrocyte"
3.41407981114281e-26,1.38067638724568,0.227,0.091,1.0163374189791e-21,"AC017101.1","AD_vs_PD","Astrocyte"
5.19006053924913e-26,-0.71476481997851,0.366,0.515,1.54502912192907e-21,"LTBP1","AD_vs_PD","Astrocyte"
6.38863055146524e-26,0.709187376814332,0.497,0.324,1.90183142886569e-21,"BEX3","AD_vs_PD","Astrocyte"
6.58919039226845e-26,0.588245653616011,0.592,0.42,1.9615360878744e-21,"MOB3B","AD_vs_PD","Astrocyte"
9.62281988515806e-26,0.745016822671741,0.473,0.305,2.8646172516127e-21,"CD63","AD_vs_PD","Astrocyte"
1.06016226371823e-25,1.53114635485897,0.201,0.075,3.15599704286281e-21,"AC027018.1","AD_vs_PD","Astrocyte"
1.54438828235591e-25,0.817215006526155,0.423,0.254,4.59748947774531e-21,"SH3RF3","AD_vs_PD","Astrocyte"
2.73931328480514e-25,0.909309555350355,0.394,0.237,8.15466171753643e-21,"PRDX5","AD_vs_PD","Astrocyte"
3.27497313031075e-25,0.725217786999548,0.474,0.303,9.74926751162208e-21,"SAT2","AD_vs_PD","Astrocyte"
3.78705575264578e-25,1.1322955467187,0.277,0.13,1.12736862700512e-20,"BCL2L14","AD_vs_PD","Astrocyte"
5.34770837630803e-25,0.723464677676052,0.467,0.29,1.59195930654314e-20,"AL138828.1","AD_vs_PD","Astrocyte"
7.34811367820703e-25,0.547352913453809,0.628,0.433,2.18745996086545e-20,"SYTL4","AD_vs_PD","Astrocyte"
9.87785426172765e-25,0.853623626523652,0.421,0.264,2.9405384351737e-20,"UQCRQ","AD_vs_PD","Astrocyte"
1.06341832457479e-24,1.20338343778218,0.279,0.139,3.16569001042669e-20,"SLC30A1","AD_vs_PD","Astrocyte"
1.07132914251425e-24,0.928898612209005,0.363,0.211,3.18923972435067e-20,"AC005332.7","AD_vs_PD","Astrocyte"
1.94493013376001e-24,0.658967937323267,0.5,0.32,5.78986251519017e-20,"CEBPD","AD_vs_PD","Astrocyte"
2.13821862478828e-24,1.40405115016318,0.229,0.099,6.36526302413222e-20,"ATP8B1","AD_vs_PD","Astrocyte"
4.13174728443937e-24,-0.91012413635802,0.212,0.36,1.22997984910476e-19,"RGN","AD_vs_PD","Astrocyte"
5.60003229103687e-24,1.05286170931876,0.296,0.15,1.66707361271877e-19,"PCP4","AD_vs_PD","Astrocyte"
7.80259967506088e-24,0.728381481729363,0.436,0.266,2.32275589726887e-19,"TMSB4X","AD_vs_PD","Astrocyte"
1.88383671869665e-23,1.20926735754415,0.252,0.118,5.60799352788805e-19,"JAKMIP2-AS1","AD_vs_PD","Astrocyte"
1.92506004287075e-23,-0.626696394586825,0.418,0.55,5.73071124162195e-19,"GRIN2C","AD_vs_PD","Astrocyte"
2.21508232453834e-23,0.52755821785495,0.619,0.459,6.5940785719182e-19,"TLR4","AD_vs_PD","Astrocyte"
3.16755859790586e-23,1.36985455135418,0.204,0.082,9.42950519010595e-19,"AC005237.1","AD_vs_PD","Astrocyte"
3.57547931367854e-23,0.67883402546852,0.47,0.312,1.06438443688896e-18,"RCN2","AD_vs_PD","Astrocyte"
3.64218744713765e-23,0.642194616790785,0.514,0.35,1.08424278113841e-18,"ATP6V0E1","AD_vs_PD","Astrocyte"
4.07520606150453e-23,0.684134878089591,0.486,0.319,1.21314809244928e-18,"CLYBL","AD_vs_PD","Astrocyte"
4.47077829767226e-23,0.897168596202404,0.342,0.19,1.33090599143405e-18,"ORMDL1","AD_vs_PD","Astrocyte"
5.54340366927495e-23,0.89499788680785,0.339,0.19,1.65021583830646e-18,"SSR3","AD_vs_PD","Astrocyte"
5.79743080936219e-23,1.13817146261267,0.252,0.117,1.72583717763903e-18,"AC058822.1","AD_vs_PD","Astrocyte"
8.57029523831982e-23,0.614053966243052,0.51,0.339,2.55129118949543e-18,"B2M","AD_vs_PD","Astrocyte"
8.84626158861579e-23,0.913201504989398,0.343,0.196,2.63344361231503e-18,"C9orf72","AD_vs_PD","Astrocyte"
9.07210531178759e-23,0.751359060314801,0.437,0.287,2.70067503026605e-18,"SRSF3","AD_vs_PD","Astrocyte"
1.68176392064688e-22,0.778609320570618,0.407,0.25,5.00644301537371e-18,"CRLF3","AD_vs_PD","Astrocyte"
1.72067457084348e-22,1.04377075042241,0.259,0.123,5.12227612994395e-18,"POLR2L","AD_vs_PD","Astrocyte"
2.18713090062184e-22,0.732004022999839,0.443,0.282,6.51086997806116e-18,"AC068587.6","AD_vs_PD","Astrocyte"
2.37584299713814e-22,0.921400753996244,0.308,0.164,7.07264701818054e-18,"TRDN","AD_vs_PD","Astrocyte"
2.38647162308551e-22,0.788203409401814,0.393,0.234,7.10428737476326e-18,"C9orf84","AD_vs_PD","Astrocyte"
2.678240117079e-22,-0.638082373967831,0.387,0.525,7.97285300453247e-18,"FAM66D","AD_vs_PD","Astrocyte"
2.74466315169097e-22,0.597064232661405,0.525,0.368,8.17058773626884e-18,"ZNF862","AD_vs_PD","Astrocyte"
3.40720319182134e-22,0.847341395558089,0.356,0.209,1.01429031817329e-17,"LAPTM4A","AD_vs_PD","Astrocyte"
3.73302499777625e-22,0.930614108761749,0.322,0.177,1.11128421158801e-17,"RAN","AD_vs_PD","Astrocyte"
4.67321355803897e-22,1.1690207444703,0.243,0.114,1.39116894409262e-17,"ENO4","AD_vs_PD","Astrocyte"
6.91984381929834e-22,0.668101639863894,0.508,0.354,2.05996830656692e-17,"PTTG1IP","AD_vs_PD","Astrocyte"
8.41057419146659e-22,1.06512922422121,0.262,0.128,2.50374383105769e-17,"USP3-AS1","AD_vs_PD","Astrocyte"
1.35348043628341e-21,0.741841193528005,0.444,0.302,4.02917591077209e-17,"MRPL33","AD_vs_PD","Astrocyte"
3.41401620127174e-21,0.916782775225287,0.278,0.141,1.01631848295658e-16,"CDH12","AD_vs_PD","Astrocyte"
3.52252071937454e-21,0.762531512484577,0.405,0.256,1.04861919295061e-16,"GTF3C6","AD_vs_PD","Astrocyte"
5.31727739788642e-21,0.742206764533781,0.43,0.284,1.58290030857681e-16,"PARK7","AD_vs_PD","Astrocyte"
5.42430238586802e-21,0.708317717249699,0.423,0.272,1.61476057724905e-16,"RAPH1","AD_vs_PD","Astrocyte"
6.27584549109086e-21,0.670827815136803,0.457,0.303,1.86825644424284e-16,"SELENOP","AD_vs_PD","Astrocyte"
8.35472422181335e-21,1.10500564211315,0.239,0.115,2.48711785359162e-16,"AC008731.1","AD_vs_PD","Astrocyte"
8.97000144216019e-21,0.524053682395799,0.582,0.437,2.67027972931667e-16,"SEC14L1","AD_vs_PD","Astrocyte"
1.17519552439266e-20,0.979661214008995,0.255,0.126,3.49843955656451e-16,"AL355974.2","AD_vs_PD","Astrocyte"
1.71362311958529e-20,1.16241922119834,0.208,0.09,5.10128466469345e-16,"AC092839.1","AD_vs_PD","Astrocyte"
1.87468120541989e-20,0.856873099502907,0.343,0.205,5.58073848041448e-16,"PTCH2","AD_vs_PD","Astrocyte"
2.01984788358914e-20,0.889819457090549,0.329,0.191,6.01288516465652e-16,"AC131571.1","AD_vs_PD","Astrocyte"
2.26038823912062e-20,0.662833178164542,0.446,0.286,6.72894974903817e-16,"AC008957.2","AD_vs_PD","Astrocyte"
3.46426387917212e-20,1.0247988750615,0.262,0.136,1.03127671419075e-15,"GGCX","AD_vs_PD","Astrocyte"
4.21302398592379e-20,0.855806868951964,0.305,0.165,1.25417511036965e-15,"AL512422.2","AD_vs_PD","Astrocyte"
4.24089691805162e-20,1.01222575835955,0.282,0.154,1.26247260353479e-15,"SERPINB9","AD_vs_PD","Astrocyte"
5.06244524403483e-20,0.91914632591884,0.32,0.187,1.50703932469673e-15,"C19orf53","AD_vs_PD","Astrocyte"
5.1208718120936e-20,1.03375492901642,0.266,0.141,1.52443232974214e-15,"C4orf47","AD_vs_PD","Astrocyte"
5.74149609743525e-20,1.27379948413181,0.202,0.09,1.7091859732455e-15,"RHBDL2","AD_vs_PD","Astrocyte"
5.92646430643351e-20,0.813985252245932,0.325,0.184,1.76424915938219e-15,"TOM1L1","AD_vs_PD","Astrocyte"
6.24153702790401e-20,1.16745530502025,0.231,0.112,1.85804315783675e-15,"RNF19B","AD_vs_PD","Astrocyte"
7.68906224241046e-20,0.509691086434958,0.59,0.433,2.28895693894317e-15,"AC245297.3","AD_vs_PD","Astrocyte"
1.00957258551045e-19,0.999803381896024,0.265,0.139,3.00539662980607e-15,"EMC7","AD_vs_PD","Astrocyte"
1.13716154405904e-19,-1.34234252770944,0.103,0.211,3.38521620050936e-15,"GALNT16","AD_vs_PD","Astrocyte"
1.48732811410031e-19,0.982765255296497,0.248,0.122,4.42762706286523e-15,"SYCP3","AD_vs_PD","Astrocyte"
1.4969728020314e-19,1.12972807692042,0.201,0.089,4.45633833436727e-15,"GADD45GIP1","AD_vs_PD","Astrocyte"
1.84152721566021e-19,0.506162089645631,0.595,0.455,5.48204236829888e-15,"SDC4","AD_vs_PD","Astrocyte"
2.06424883191336e-19,0.705739789192752,0.386,0.239,6.14506234772287e-15,"BEX4","AD_vs_PD","Astrocyte"
2.0760728232234e-19,0.954896528808855,0.273,0.145,6.18026118745373e-15,"NDUFB10","AD_vs_PD","Astrocyte"
2.16715550591587e-19,1.05293084968896,0.234,0.114,6.45140522556096e-15,"MRPL57","AD_vs_PD","Astrocyte"
2.79809687513715e-19,0.68385442262104,0.427,0.284,8.32965458759579e-15,"CLDN10","AD_vs_PD","Astrocyte"
3.34892981286576e-19,1.12107690329539,0.251,0.132,9.96942915992008e-15,"ADIRF","AD_vs_PD","Astrocyte"
3.43821752011261e-19,1.08930250585664,0.247,0.128,1.02352297356232e-14,"MORN2","AD_vs_PD","Astrocyte"
3.57453160322691e-19,0.770441187857178,0.357,0.217,1.06410231296462e-14,"RPS9","AD_vs_PD","Astrocyte"
3.90871182656785e-19,0.990406041034593,0.267,0.144,1.16358442365098e-14,"SLC17A5","AD_vs_PD","Astrocyte"
6.86056654138263e-19,0.744610228988681,0.36,0.222,2.0423220537042e-14,"RPL3P4","AD_vs_PD","Astrocyte"
7.23251925360742e-19,0.70762036181219,0.372,0.228,2.15304865660639e-14,"DANCR","AD_vs_PD","Astrocyte"
1.66803478385081e-18,0.595840613213821,0.478,0.334,4.96557274804547e-14,"TMEM59","AD_vs_PD","Astrocyte"
1.8234131186654e-18,0.970143809307635,0.259,0.137,5.42811851295502e-14,"GSTM3","AD_vs_PD","Astrocyte"
2.15014970126655e-18,0.938297186681981,0.293,0.169,6.40078064570039e-14,"SAP30","AD_vs_PD","Astrocyte"
3.04609727126165e-18,1.07449468282202,0.227,0.113,9.06792696681879e-14,"AC114491.1","AD_vs_PD","Astrocyte"
3.61160076157392e-18,0.99003433881228,0.239,0.122,1.07513743071294e-13,"BRK1","AD_vs_PD","Astrocyte"
4.52235293113963e-18,0.954303388776198,0.299,0.181,1.34625924407096e-13,"SH3BGRL3","AD_vs_PD","Astrocyte"
6.08717587387288e-18,0.868850285882987,0.297,0.171,1.81209138589322e-13,"NAA38","AD_vs_PD","Astrocyte"
6.46178006970795e-18,0.588083606002338,0.452,0.305,1.92360730895136e-13,"AL512662.2","AD_vs_PD","Astrocyte"
7.14651894392856e-18,0.872223938618425,0.301,0.177,2.12744722441809e-13,"CXCL14","AD_vs_PD","Astrocyte"
7.7657322165626e-18,0.59435499561512,0.48,0.343,2.31178082354852e-13,"EID1","AD_vs_PD","Astrocyte"
7.96506264067676e-18,0.996343827216978,0.246,0.131,2.37111949750307e-13,"RABAC1","AD_vs_PD","Astrocyte"
8.59211749099067e-18,0.681404708539513,0.388,0.252,2.55778745589301e-13,"MT1XP1","AD_vs_PD","Astrocyte"
8.81081913981924e-18,0.792544700423135,0.331,0.203,2.62289274973279e-13,"TRMT10B","AD_vs_PD","Astrocyte"
9.00152724372028e-18,-0.509866731945971,0.471,0.557,2.67966464518309e-13,"LINC00969","AD_vs_PD","Astrocyte"
9.01008533034001e-18,0.761211071235961,0.294,0.164,2.68221230198892e-13,"AC107021.1","AD_vs_PD","Astrocyte"
9.66564980562976e-18,-0.549298180369966,0.473,0.542,2.87736729063792e-13,"ABHD3","AD_vs_PD","Astrocyte"
1.06388850690407e-17,0.916780832152521,0.262,0.144,3.16708969620273e-13,"ANAPC11","AD_vs_PD","Astrocyte"
1.07874402288011e-17,0.755648293419289,0.372,0.243,3.21131308171179e-13,"HIST1H4C","AD_vs_PD","Astrocyte"
1.23445123140866e-17,1.02764672897837,0.241,0.127,3.67483787078043e-13,"AP001825.1","AD_vs_PD","Astrocyte"
1.46111601884224e-17,-1.12306561030974,0.135,0.243,4.34959627649146e-13,"AC115622.1","AD_vs_PD","Astrocyte"
1.50388287549045e-17,0.66636234931533,0.43,0.294,4.47690893204752e-13,"LRRC7","AD_vs_PD","Astrocyte"
1.53707472561615e-17,0.694821763967819,0.387,0.257,4.57571775068671e-13,"CEBPB","AD_vs_PD","Astrocyte"
1.67685467275666e-17,1.11229613210417,0.224,0.115,4.99182867532929e-13,"FILIP1L","AD_vs_PD","Astrocyte"
1.72669209813911e-17,-0.769706387196311,0.245,0.366,5.14018970695031e-13,"SLC24A3","AD_vs_PD","Astrocyte"
1.81753740484925e-17,0.818502086914841,0.288,0.162,5.41062710049574e-13,"PFDN1","AD_vs_PD","Astrocyte"
2.08093331669252e-17,-1.09757974683902,0.138,0.245,6.19473039046196e-13,"CA12","AD_vs_PD","Astrocyte"
2.13404300297867e-17,0.837615296316002,0.325,0.205,6.3528326155672e-13,"PPA1","AD_vs_PD","Astrocyte"
2.15713852063274e-17,0.937124272346235,0.265,0.147,6.42158566207161e-13,"ATP6V1F","AD_vs_PD","Astrocyte"
2.82812392282299e-17,0.783851298450359,0.334,0.209,8.41904210585175e-13,"EIF1B","AD_vs_PD","Astrocyte"
3.51916677113616e-17,1.00040225108766,0.234,0.122,1.04762075609952e-12,"CAMLG","AD_vs_PD","Astrocyte"
3.58796006189323e-17,0.546550072557421,0.526,0.395,1.06809983082499e-12,"S100A13","AD_vs_PD","Astrocyte"
4.61846869052114e-17,0.713535068581549,0.344,0.213,1.37487194448124e-12,"IGSF10","AD_vs_PD","Astrocyte"
5.48094224089976e-17,1.10056118932231,0.217,0.111,1.63162169569345e-12,"LINC01338","AD_vs_PD","Astrocyte"
5.55886432567397e-17,1.0233861483451,0.243,0.132,1.65481832110988e-12,"AC245297.1","AD_vs_PD","Astrocyte"
6.26561908242174e-17,0.762743611811745,0.321,0.198,1.86521214464613e-12,"HVCN1","AD_vs_PD","Astrocyte"
8.16445634182334e-17,1.00121317445336,0.22,0.111,2.43047700839739e-12,"AC211433.1","AD_vs_PD","Astrocyte"
9.43856372346417e-17,0.750457552600587,0.35,0.223,2.80976603483805e-12,"IFI27L2","AD_vs_PD","Astrocyte"
1.01478590878316e-16,0.609982144535397,0.443,0.309,3.02091617185659e-12,"SPAG1","AD_vs_PD","Astrocyte"
1.10082722460611e-16,0.609323122666411,0.425,0.288,3.27705256492993e-12,"RPL8","AD_vs_PD","Astrocyte"
1.55006261286901e-16,1.0072287580381,0.222,0.115,4.61438139224974e-12,"NUDCD2","AD_vs_PD","Astrocyte"
2.60139736868481e-16,0.982319496600276,0.219,0.112,7.74409982683781e-12,"AC020611.2","AD_vs_PD","Astrocyte"
2.69488194699486e-16,0.781528644488799,0.278,0.158,8.02239406800899e-12,"AP003025.1","AD_vs_PD","Astrocyte"
2.69706289651041e-16,-0.806304846580775,0.156,0.273,8.02888653662185e-12,"FAS","AD_vs_PD","Astrocyte"
2.82717126018266e-16,0.645972059496389,0.4,0.272,8.41620612443776e-12,"MYL6","AD_vs_PD","Astrocyte"
3.08834345251875e-16,0.604833249322141,0.405,0.27,9.19368962380306e-12,"RPS3","AD_vs_PD","Astrocyte"
3.36736590164718e-16,-0.522539599921684,0.436,0.534,1.00243115526135e-11,"CDH10","AD_vs_PD","Astrocyte"
3.48094355072877e-16,0.947837612329152,0.215,0.109,1.03624208561645e-11,"ZNF213","AD_vs_PD","Astrocyte"
3.79980347642899e-16,0.622467565424268,0.363,0.229,1.13116349689815e-11,"FLG-AS1","AD_vs_PD","Astrocyte"
4.39762005054117e-16,0.722133342268961,0.37,0.249,1.3091275128456e-11,"OST4","AD_vs_PD","Astrocyte"
4.5973460853231e-16,0.800239807042647,0.288,0.17,1.36858395613983e-11,"SELENOS","AD_vs_PD","Astrocyte"
4.83642824430834e-16,0.845422657603098,0.255,0.141,1.43975632404815e-11,"BIRC6-AS2","AD_vs_PD","Astrocyte"
5.12984709093817e-16,0.589336180229645,0.422,0.288,1.52710418050138e-11,"CMC2","AD_vs_PD","Astrocyte"
5.81731583831872e-16,-0.887690698153069,0.175,0.285,1.7317567519091e-11,"ARL17A","AD_vs_PD","Astrocyte"
6.66114864680415e-16,0.901564024502377,0.262,0.151,1.98295734066713e-11,"ADAM33","AD_vs_PD","Astrocyte"
7.51309878895881e-16,0.845363465746915,0.286,0.173,2.23657437848515e-11,"PGP","AD_vs_PD","Astrocyte"
7.53007515607464e-16,0.941443007063885,0.245,0.137,2.24162807321186e-11,"FIS1","AD_vs_PD","Astrocyte"
8.14858584175542e-16,0.965001901772101,0.22,0.114,2.42575251923217e-11,"TSHR","AD_vs_PD","Astrocyte"
8.73060264463992e-16,0.775071570203648,0.291,0.173,2.59901310128286e-11,"FAM196A","AD_vs_PD","Astrocyte"
1.01230218423221e-15,-1.09681757837034,0.12,0.218,3.01352237224085e-11,"DNAJA4","AD_vs_PD","Astrocyte"
1.27224251646227e-15,-0.921135097007166,0.245,0.341,3.78733874725653e-11,"AC098829.1","AD_vs_PD","Astrocyte"
1.47670875814098e-15,-0.689687732966434,0.27,0.388,4.39601430210988e-11,"MYOM1","AD_vs_PD","Astrocyte"
1.73290481846601e-15,0.938365779154159,0.231,0.126,5.15868435409148e-11,"AL360091.3","AD_vs_PD","Astrocyte"
1.80794564697822e-15,0.715445262673916,0.307,0.188,5.38207339648947e-11,"ATP5G3","AD_vs_PD","Astrocyte"
1.99091586808761e-15,0.542227587397237,0.459,0.324,5.92675744771e-11,"RPS27A","AD_vs_PD","Astrocyte"
2.25081061810668e-15,-0.697568955907272,0.273,0.381,6.70043812904176e-11,"STIP1","AD_vs_PD","Astrocyte"
2.32154046034348e-15,0.893216566018509,0.241,0.133,6.9109937963965e-11,"SLC25A5","AD_vs_PD","Astrocyte"
2.50931593022742e-15,0.948939086080563,0.213,0.111,7.46998259269402e-11,"TMEM14C","AD_vs_PD","Astrocyte"
3.32365101471052e-15,0.511536395522048,0.473,0.326,9.89417670569175e-11,"AL391807.1","AD_vs_PD","Astrocyte"
3.64976689065125e-15,0.564733986515174,0.427,0.3,1.08649910567797e-10,"TTC1","AD_vs_PD","Astrocyte"
3.95300859421291e-15,0.963018205359042,0.219,0.117,1.17677112841124e-10,"TMEM9B","AD_vs_PD","Astrocyte"
4.29773660651077e-15,0.790169807984517,0.275,0.161,1.27939321039219e-10,"AC010099.4","AD_vs_PD","Astrocyte"
4.34297290799532e-15,0.850843998607372,0.288,0.179,1.29285960498113e-10,"NUP210L","AD_vs_PD","Astrocyte"
4.39322267474285e-15,1.04510406454568,0.206,0.107,1.3078184580442e-10,"MRPL40","AD_vs_PD","Astrocyte"
5.18890774489135e-15,0.976874261022338,0.212,0.113,1.54468594657671e-10,"NDUFB9","AD_vs_PD","Astrocyte"
6.39681436871552e-15,0.649237063080316,0.351,0.23,1.90426766942292e-10,"TMCO1","AD_vs_PD","Astrocyte"
6.48230471797762e-15,1.01139093096298,0.201,0.104,1.92971729149476e-10,"RPS19BP1","AD_vs_PD","Astrocyte"
6.54242698236881e-15,0.52536609683643,0.483,0.363,1.94761508838137e-10,"VSIR","AD_vs_PD","Astrocyte"
7.25802782368388e-15,0.8045248272342,0.258,0.147,2.16064230283246e-10,"IPO9-AS1","AD_vs_PD","Astrocyte"
7.52041278567364e-15,-0.621900254720566,0.416,0.48,2.23875168216719e-10,"HSPD1","AD_vs_PD","Astrocyte"
7.78702960672241e-15,0.892199568228023,0.231,0.128,2.31812084362519e-10,"CYB5A","AD_vs_PD","Astrocyte"
9.16211439011108e-15,0.935011459855389,0.218,0.116,2.72746983279217e-10,"PCDH9-AS1","AD_vs_PD","Astrocyte"
9.60653710875604e-15,0.570794826639722,0.44,0.317,2.85977003190559e-10,"RPS14","AD_vs_PD","Astrocyte"
1.34093254521474e-14,0.99844395750111,0.2,0.104,3.99182209384977e-10,"AP003025.2","AD_vs_PD","Astrocyte"
1.43198364250976e-14,-0.609953460058676,0.369,0.464,4.2628721053873e-10,"MMD2","AD_vs_PD","Astrocyte"
1.5480457549093e-14,0.864675725226498,0.255,0.15,4.60837740778951e-10,"TRIR","AD_vs_PD","Astrocyte"
1.66248014563905e-14,0.957709510752226,0.235,0.134,4.94903714555289e-10,"SDS","AD_vs_PD","Astrocyte"
1.66635130426022e-14,0.637128077301874,0.353,0.233,4.96056119765226e-10,"BTF3","AD_vs_PD","Astrocyte"
1.7705863581622e-14,0.824547797864626,0.266,0.16,5.27085852961307e-10,"NHLRC3","AD_vs_PD","Astrocyte"
1.90772821498436e-14,0.773462330464698,0.289,0.181,5.67911612318693e-10,"TMEM126B","AD_vs_PD","Astrocyte"
1.92850674765971e-14,0.935224998950499,0.224,0.123,5.74097173710819e-10,"AC011092.2","AD_vs_PD","Astrocyte"
2.04760419855754e-14,0.527393836101087,0.435,0.301,6.09551293868595e-10,"RPL14","AD_vs_PD","Astrocyte"
2.10933553843452e-14,0.922643527045024,0.207,0.108,6.27928096436572e-10,"AC009163.1","AD_vs_PD","Astrocyte"
2.34903502252466e-14,0.544728221927325,0.424,0.298,6.99284235855366e-10,"SGPL1","AD_vs_PD","Astrocyte"
2.45252287406049e-14,0.752274379852521,0.303,0.192,7.30091534379068e-10,"DAD1","AD_vs_PD","Astrocyte"
3.18164144712125e-14,-0.761283428564452,0.222,0.325,9.47142842393524e-10,"SLC13A3","AD_vs_PD","Astrocyte"
3.2960413678226e-14,0.727499311260905,0.314,0.203,9.8119855478711e-10,"ZNF273","AD_vs_PD","Astrocyte"
3.33210622790711e-14,0.803329596160691,0.255,0.149,9.91934702985668e-10,"ZNF428","AD_vs_PD","Astrocyte"
3.36886406721126e-14,0.800289154381236,0.265,0.157,1.00287714416812e-09,"GEM","AD_vs_PD","Astrocyte"
3.82885635318104e-14,0.695038085138728,0.311,0.196,1.13981224777846e-09,"DDX3P1","AD_vs_PD","Astrocyte"
4.06993441778602e-14,0.630382254474847,0.347,0.227,1.21157877683072e-09,"MARCKSL1","AD_vs_PD","Astrocyte"
4.16703278625261e-14,0.743465160793956,0.283,0.174,1.24048399013954e-09,"SRSF2","AD_vs_PD","Astrocyte"
4.27489734531905e-14,0.843806528773972,0.225,0.124,1.27259419072803e-09,"AC244669.2","AD_vs_PD","Astrocyte"
4.46920501274143e-14,0.945481360903403,0.203,0.107,1.330437640243e-09,"TCEAL3","AD_vs_PD","Astrocyte"
4.53095718305443e-14,0.691031114379219,0.32,0.203,1.34882064382347e-09,"KLHL28","AD_vs_PD","Astrocyte"
4.8896734913813e-14,0.696213153646362,0.315,0.204,1.4556069016493e-09,"MKLN1-AS","AD_vs_PD","Astrocyte"
5.01762404681536e-14,0.776030469566952,0.275,0.17,1.49369650249647e-09,"PSMA7","AD_vs_PD","Astrocyte"
6.10163392354549e-14,-0.641431808246982,0.287,0.389,1.81639540270026e-09,"CCT4","AD_vs_PD","Astrocyte"
6.64796591945377e-14,-0.565525074575003,0.362,0.466,1.97903297456219e-09,"RBM5","AD_vs_PD","Astrocyte"
6.66410267860909e-14,-0.596142601862512,0.365,0.447,1.98383672639514e-09,"CHORDC1","AD_vs_PD","Astrocyte"
6.88073474108626e-14,0.716684610921922,0.284,0.173,2.04832592507397e-09,"PTMAP2","AD_vs_PD","Astrocyte"
8.82139179808028e-14,0.850416312656998,0.249,0.147,2.62604012437052e-09,"TUBB4B","AD_vs_PD","Astrocyte"
9.12111880673497e-14,0.922012319262701,0.211,0.116,2.71526585757693e-09,"DNAJC19","AD_vs_PD","Astrocyte"
9.91040998281506e-14,0.80082098529721,0.276,0.173,2.95022994778422e-09,"ZNF667-AS1","AD_vs_PD","Astrocyte"
1.07407627861502e-13,0.671135362928856,0.289,0.177,3.19741767380904e-09,"POLR2J","AD_vs_PD","Astrocyte"
1.21033845701431e-13,-0.698861670899174,0.259,0.361,3.60305655268591e-09,"MIAT","AD_vs_PD","Astrocyte"
1.26678769834042e-13,-0.951362691164086,0.124,0.217,3.77110029918959e-09,"SLC7A5","AD_vs_PD","Astrocyte"
1.28717147971416e-13,0.73160265516346,0.25,0.143,3.83178077796108e-09,"AC069228.1","AD_vs_PD","Astrocyte"
1.33271372634596e-13,0.730605765053853,0.303,0.196,3.96735549195927e-09,"COX7A2","AD_vs_PD","Astrocyte"
1.62868474832085e-13,0.584189025124797,0.393,0.275,4.84843162727634e-09,"CCND3","AD_vs_PD","Astrocyte"
1.79718949798366e-13,0.767912583542592,0.286,0.181,5.35005341654756e-09,"BANF1","AD_vs_PD","Astrocyte"
1.80450670170524e-13,0.776758021828656,0.252,0.15,5.37183600030632e-09,"TAF7","AD_vs_PD","Astrocyte"
2.19079671053735e-13,0.806813573263332,0.236,0.135,6.52178272759865e-09,"AC084033.3","AD_vs_PD","Astrocyte"
2.31458230306513e-13,-0.519477550958458,0.386,0.479,6.89028005799459e-09,"AEBP1","AD_vs_PD","Astrocyte"
2.38529259695008e-13,0.552929428454148,0.405,0.289,7.1007775318607e-09,"CYP2J2","AD_vs_PD","Astrocyte"
2.52650119204444e-13,0.666107949095022,0.348,0.241,7.52114139859709e-09,"ATP1B3","AD_vs_PD","Astrocyte"
2.74922021420376e-13,0.805637644685924,0.265,0.163,8.18415365566319e-09,"ACKR3","AD_vs_PD","Astrocyte"
2.78130489742566e-13,0.911375521963906,0.239,0.142,8.27966654914644e-09,"SET","AD_vs_PD","Astrocyte"
2.78578015292799e-13,0.556622530760016,0.434,0.322,8.29298893725135e-09,"LINC00844","AD_vs_PD","Astrocyte"
3.03459398513427e-13,0.924031647990291,0.216,0.122,9.03368283434622e-09,"CGRRF1","AD_vs_PD","Astrocyte"
3.41572194983394e-13,0.693479831763469,0.306,0.199,1.01682626724606e-08,"PAQR3","AD_vs_PD","Astrocyte"
3.420284526757e-13,0.783253465716465,0.246,0.145,1.01818450077029e-08,"ZNF814","AD_vs_PD","Astrocyte"
3.76497852421548e-13,0.709677263083826,0.278,0.171,1.12079645687371e-08,"LAMTOR5","AD_vs_PD","Astrocyte"
4.97395362556604e-13,0.715082649454784,0.303,0.2,1.48069625479475e-08,"CKMT2","AD_vs_PD","Astrocyte"
5.65678534868678e-13,0.572953186914985,0.372,0.264,1.68396843045057e-08,"CCNC","AD_vs_PD","Astrocyte"
6.78133434038967e-13,-0.550539532659153,0.427,0.483,2.0187354197906e-08,"FP236383.1","AD_vs_PD","Astrocyte"
8.5460716232181e-13,0.643651618801716,0.32,0.211,2.5440800615158e-08,"BBOF1","AD_vs_PD","Astrocyte"
1.00163067194415e-12,0.848727738452985,0.202,0.11,2.98175434731053e-08,"AL136311.1","AD_vs_PD","Astrocyte"
1.01687234224454e-12,0.725185704589835,0.287,0.185,3.02712727562778e-08,"NQO1","AD_vs_PD","Astrocyte"
1.1603885071184e-12,0.791525029838591,0.248,0.152,3.45436054684075e-08,"ETFB","AD_vs_PD","Astrocyte"
1.32867032102481e-12,0.915735158526369,0.222,0.131,3.95531867865875e-08,"SNCG","AD_vs_PD","Astrocyte"
1.40251857517633e-12,0.65144477566691,0.315,0.209,4.17515754644241e-08,"SPSB3","AD_vs_PD","Astrocyte"
1.48281083668944e-12,0.733034213636987,0.229,0.132,4.41417957974079e-08,"LINC01088","AD_vs_PD","Astrocyte"
1.67418936819521e-12,0.856655321615041,0.213,0.121,4.98389433018033e-08,"RASD1","AD_vs_PD","Astrocyte"
1.73073190118592e-12,-0.607768485852546,0.343,0.418,5.15221579664037e-08,"JDP2","AD_vs_PD","Astrocyte"
1.76148197215854e-12,0.515799557642324,0.386,0.266,5.24375568291876e-08,"GNPTAB","AD_vs_PD","Astrocyte"
1.86612722355765e-12,-0.642047938390132,0.255,0.356,5.55527413180877e-08,"MAPK8IP3","AD_vs_PD","Astrocyte"
2.0459671906502e-12,0.660533654232913,0.336,0.235,6.09063972984657e-08,"GMNN","AD_vs_PD","Astrocyte"
2.44552866775114e-12,0.723951661739938,0.247,0.148,7.28009429102838e-08,"MIR193BHG","AD_vs_PD","Astrocyte"
2.53643739021584e-12,0.707422738756954,0.246,0.148,7.55072046693353e-08,"SYNC","AD_vs_PD","Astrocyte"
2.53861062629406e-12,0.669958628384951,0.281,0.181,7.55718997341478e-08,"SSB","AD_vs_PD","Astrocyte"
2.62112558335032e-12,0.770788431318659,0.23,0.135,7.80282874907558e-08,"ARHGAP29","AD_vs_PD","Astrocyte"
2.77557173991696e-12,0.639401305171727,0.306,0.202,8.2625995125588e-08,"ADI1","AD_vs_PD","Astrocyte"
2.88432853234876e-12,0.701117513277354,0.266,0.167,8.58635760794903e-08,"PPIL6","AD_vs_PD","Astrocyte"
2.94075638222325e-12,0.515063193915009,0.397,0.28,8.75433767424039e-08,"SPCS2","AD_vs_PD","Astrocyte"
3.12465443503365e-12,0.515557053816475,0.466,0.368,9.30178378765169e-08,"CFAP54","AD_vs_PD","Astrocyte"
3.19230938625019e-12,0.671379453337613,0.329,0.225,9.5031858119282e-08,"PDIA6","AD_vs_PD","Astrocyte"
3.25233777670341e-12,0.786515604017166,0.215,0.122,9.68188432746839e-08,"PRMT9","AD_vs_PD","Astrocyte"
3.63598810643853e-12,0.875028659246597,0.213,0.124,1.08239729940569e-07,"HSBP1L1","AD_vs_PD","Astrocyte"
3.8444464953678e-12,0.755427931756178,0.233,0.138,1.14445327720604e-07,"SEC13","AD_vs_PD","Astrocyte"
3.96117924739515e-12,0.612899670284667,0.333,0.226,1.17920345015706e-07,"MZT2B","AD_vs_PD","Astrocyte"
4.36743219902681e-12,-0.667163408363229,0.242,0.339,1.30014089132829e-07,"AKT2","AD_vs_PD","Astrocyte"
4.69462623263595e-12,0.984826999275808,0.212,0.128,1.3975432831934e-07,"RGR","AD_vs_PD","Astrocyte"
4.79213652557391e-12,-0.61147526698603,0.237,0.336,1.4265711222981e-07,"RBFOX1","AD_vs_PD","Astrocyte"
5.44218785754499e-12,0.778533251791049,0.224,0.131,1.62008490331257e-07,"DHRS7","AD_vs_PD","Astrocyte"
5.64546182125926e-12,0.773754007760462,0.238,0.143,1.68059752957067e-07,"FAM229B","AD_vs_PD","Astrocyte"
6.14364339154267e-12,0.686558990777511,0.248,0.151,1.82890120122834e-07,"RPS3AP6","AD_vs_PD","Astrocyte"
6.80511388107291e-12,0.753178769182213,0.234,0.139,2.0258143512566e-07,"DDX18","AD_vs_PD","Astrocyte"
7.04850205494654e-12,0.858789705962055,0.208,0.122,2.09826857673704e-07,"DEGS1","AD_vs_PD","Astrocyte"
8.11861225168059e-12,0.626806376154945,0.367,0.266,2.41682968120279e-07,"KCNQ3","AD_vs_PD","Astrocyte"
8.94316749128396e-12,0.530023757791738,0.393,0.279,2.66229153048032e-07,"CHCHD2","AD_vs_PD","Astrocyte"
9.1760534630257e-12,0.605694160776174,0.295,0.19,2.73161935540812e-07,"DIAPH2","AD_vs_PD","Astrocyte"
1.02432384709336e-11,0.703629062577936,0.275,0.179,3.04930966041222e-07,"NDUFA8","AD_vs_PD","Astrocyte"
1.08271193922927e-11,0.701863890242912,0.281,0.184,3.22312517189162e-07,"ATP6V1G1","AD_vs_PD","Astrocyte"
1.11183942502071e-11,0.7100292360552,0.233,0.139,3.30983478434414e-07,"NOP10","AD_vs_PD","Astrocyte"
1.14725662029614e-11,-0.717602439543654,0.184,0.277,3.41526823295957e-07,"GARS","AD_vs_PD","Astrocyte"
1.21214243563603e-11,0.755852566491357,0.227,0.135,3.60842681664491e-07,"INTS12","AD_vs_PD","Astrocyte"
1.26489273594324e-11,0.766333971563878,0.247,0.154,3.76545918562943e-07,"CRLF1","AD_vs_PD","Astrocyte"
1.63740729812436e-11,0.688847425165422,0.284,0.188,4.87439778578641e-07,"VDAC2","AD_vs_PD","Astrocyte"
1.74961853822751e-11,-0.949209948891763,0.132,0.217,5.20843942644946e-07,"CADPS","AD_vs_PD","Astrocyte"
1.80060193026884e-11,0.698824135366616,0.241,0.148,5.3602118862173e-07,"MYL12A","AD_vs_PD","Astrocyte"
1.90216445226996e-11,0.606861377944937,0.31,0.208,5.66255335796244e-07,"ISCU","AD_vs_PD","Astrocyte"
1.93609553197817e-11,0.776386925940474,0.22,0.132,5.76356278914582e-07,"HSPA2","AD_vs_PD","Astrocyte"
1.94850380540957e-11,0.563638578564629,0.321,0.215,5.80050097832375e-07,"REEP5","AD_vs_PD","Astrocyte"
2.02283016274547e-11,0.570942905353924,0.326,0.224,6.02176311147699e-07,"HDHD3","AD_vs_PD","Astrocyte"
2.02744215604e-11,0.591485296383,0.31,0.209,6.03549255431548e-07,"PKIG","AD_vs_PD","Astrocyte"
2.13543732229765e-11,0.570076695218712,0.316,0.216,6.35698336474787e-07,"GOLGA8A","AD_vs_PD","Astrocyte"
2.23751226632052e-11,0.830677321476111,0.208,0.123,6.66085026560956e-07,"UQCRFS1","AD_vs_PD","Astrocyte"
2.48850027468047e-11,0.614011057897143,0.298,0.201,7.40801646769629e-07,"COMMD2","AD_vs_PD","Astrocyte"
2.65234302052737e-11,0.675181884352708,0.347,0.247,7.89575993780792e-07,"TOB1","AD_vs_PD","Astrocyte"
2.69040306908048e-11,0.656220436658869,0.296,0.201,8.00906089634568e-07,"COTL1","AD_vs_PD","Astrocyte"
2.80730760188795e-11,0.500949728458869,0.41,0.306,8.35707400006024e-07,"SRSF10","AD_vs_PD","Astrocyte"
2.90610696025458e-11,0.601416630804522,0.312,0.21,8.65118980998187e-07,"CALM3","AD_vs_PD","Astrocyte"
2.93738344058682e-11,0.592290779406675,0.33,0.233,8.74429676428291e-07,"BRI3","AD_vs_PD","Astrocyte"
3.05449187119416e-11,0.62978679129936,0.221,0.128,9.09291685135789e-07,"ATE1-AS1","AD_vs_PD","Astrocyte"
3.23402473939676e-11,0.756396091838685,0.239,0.148,9.62736824671023e-07,"SNU13","AD_vs_PD","Astrocyte"
3.74593282916942e-11,0.668562590983642,0.274,0.177,1.11512674391544e-06,"LINC01572","AD_vs_PD","Astrocyte"
3.75738550970152e-11,0.670224115855634,0.269,0.174,1.11853609238305e-06,"SHISA6","AD_vs_PD","Astrocyte"
3.81860998438512e-11,0.591176306508105,0.289,0.188,1.13676200625161e-06,"MRFAP1","AD_vs_PD","Astrocyte"
4.93361958862358e-11,0.543124933004755,0.352,0.249,1.46868921533735e-06,"EDF1","AD_vs_PD","Astrocyte"
5.09669230372696e-11,0.61963813145845,0.275,0.178,1.51723433189648e-06,"OTUD6B-AS1","AD_vs_PD","Astrocyte"
5.19452335808861e-11,0.569265338091646,0.321,0.217,1.5463576584694e-06,"MAP1LC3B","AD_vs_PD","Astrocyte"
5.35167252399312e-11,0.677333357069548,0.237,0.145,1.59313939366751e-06,"AC026202.2","AD_vs_PD","Astrocyte"
5.81862848994759e-11,0.738644282069438,0.227,0.139,1.7321475151725e-06,"PSMD7","AD_vs_PD","Astrocyte"
6.06496560435141e-11,0.584819611041804,0.328,0.233,1.80547961075937e-06,"KLF9","AD_vs_PD","Astrocyte"
6.62737814884999e-11,0.581021159492414,0.305,0.206,1.97290420113115e-06,"CLTA","AD_vs_PD","Astrocyte"
6.65092296591333e-11,0.712991577739869,0.208,0.122,1.97991325772274e-06,"SMDT1","AD_vs_PD","Astrocyte"
6.69577655543096e-11,0.552907596802885,0.358,0.258,1.99326572278624e-06,"SUB1","AD_vs_PD","Astrocyte"
6.85303809823307e-11,0.853438447321428,0.201,0.12,2.040080911463e-06,"LINC00116","AD_vs_PD","Astrocyte"
7.04053801269365e-11,-0.809329204140931,0.192,0.273,2.09589776099877e-06,"AC138627.1","AD_vs_PD","Astrocyte"
7.37535434230942e-11,0.653036768363584,0.256,0.166,2.19556923416209e-06,"SYPL1","AD_vs_PD","Astrocyte"
7.41462030104799e-11,0.684348795924484,0.242,0.154,2.20725831741898e-06,"NPC2","AD_vs_PD","Astrocyte"
7.51262997488242e-11,0.845712633769403,0.213,0.131,2.23643481722275e-06,"COA6","AD_vs_PD","Astrocyte"
8.40833000701386e-11,-0.557057098278775,0.274,0.37,2.50307575978795e-06,"RAPGEF3","AD_vs_PD","Astrocyte"
8.49195232402684e-11,-0.960322322185118,0.136,0.215,2.52796928733955e-06,"MROH7-TTC4","AD_vs_PD","Astrocyte"
9.10695191501628e-11,0.714955696744902,0.247,0.159,2.7110485155812e-06,"CNOT7","AD_vs_PD","Astrocyte"
1.00752653153073e-10,0.726944907484568,0.208,0.124,2.99930573171384e-06,"TMEM176B","AD_vs_PD","Astrocyte"
1.03858293382049e-10,0.510088787093836,0.415,0.319,3.09175753569022e-06,"COX6B1","AD_vs_PD","Astrocyte"
1.08068294533859e-10,0.51554409545329,0.379,0.28,3.21708505997846e-06,"DSTN","AD_vs_PD","Astrocyte"
1.16144447801261e-10,0.594218825883011,0.302,0.203,3.45750406659574e-06,"CHST9","AD_vs_PD","Astrocyte"
1.18057593663353e-10,0.564337262540547,0.312,0.214,3.51445650576436e-06,"SPCS1","AD_vs_PD","Astrocyte"
1.18582507524104e-10,0.735477856873517,0.222,0.137,3.53008266648504e-06,"ATOX1","AD_vs_PD","Astrocyte"
1.19367791238015e-10,0.788546652787903,0.202,0.12,3.55345977736447e-06,"C19orf70","AD_vs_PD","Astrocyte"
1.26536882153892e-10,0.588752208728468,0.305,0.209,3.76687644483922e-06,"DCXR","AD_vs_PD","Astrocyte"
1.3199581769911e-10,0.583927554172767,0.302,0.206,3.92938349708479e-06,"NDUFB5","AD_vs_PD","Astrocyte"
1.40420903557994e-10,0.772138120579553,0.219,0.135,4.18018987801793e-06,"TMEM179B","AD_vs_PD","Astrocyte"
1.43870135351224e-10,0.852417422677548,0.241,0.158,4.28287005927059e-06,"ID3","AD_vs_PD","Astrocyte"
1.44294675884818e-10,0.542008849194506,0.365,0.272,4.29550820641514e-06,"CNBP","AD_vs_PD","Astrocyte"
1.46492695731781e-10,0.586241438553901,0.289,0.194,4.36094105923938e-06,"BHMT2","AD_vs_PD","Astrocyte"
1.47410026530042e-10,-0.818791426763073,0.128,0.209,4.38824907977281e-06,"RANGAP1","AD_vs_PD","Astrocyte"
1.47660727314466e-10,0.585654716994898,0.345,0.254,4.39571219142433e-06,"NDUFS6","AD_vs_PD","Astrocyte"
1.63476942460435e-10,0.560553347798951,0.285,0.187,4.8665451001047e-06,"ENPP7P4","AD_vs_PD","Astrocyte"
1.74604040762367e-10,0.612609512945909,0.26,0.167,5.1977876894549e-06,"LRRN3","AD_vs_PD","Astrocyte"
1.8363448239898e-10,0.580328960235006,0.315,0.219,5.46661490653525e-06,"TMED5","AD_vs_PD","Astrocyte"
1.91374165255826e-10,0.545470097873643,0.31,0.213,5.6970175255007e-06,"C1orf54","AD_vs_PD","Astrocyte"
1.92756878267562e-10,-0.671562022177378,0.242,0.326,5.73817950914704e-06,"C1orf228","AD_vs_PD","Astrocyte"
2.08279461374315e-10,0.572487539393488,0.328,0.237,6.20027128565199e-06,"STK17B","AD_vs_PD","Astrocyte"
2.24871865368624e-10,0.521068772919006,0.34,0.24,6.69421056015858e-06,"MAOA","AD_vs_PD","Astrocyte"
2.33808043179017e-10,0.730450941940448,0.226,0.142,6.96023163739617e-06,"UNC50","AD_vs_PD","Astrocyte"
2.50769352434774e-10,0.739152643478414,0.221,0.137,7.4651528526308e-06,"LINC01322","AD_vs_PD","Astrocyte"
2.60446043740755e-10,0.68158349955803,0.218,0.132,7.75321827611854e-06,"PIGZ","AD_vs_PD","Astrocyte"
2.6926065862532e-10,0.549679331398867,0.33,0.235,8.01562054661714e-06,"GPX4","AD_vs_PD","Astrocyte"
2.76698886880386e-10,0.567923379448362,0.309,0.213,8.23704916354221e-06,"KIF27","AD_vs_PD","Astrocyte"
2.82485544452454e-10,0.519408745268114,0.349,0.249,8.4093121728051e-06,"SMIM14","AD_vs_PD","Astrocyte"
2.97853242384913e-10,-0.696778366843058,0.229,0.312,8.86679317255647e-06,"MXD1","AD_vs_PD","Astrocyte"
3.20073427829689e-10,0.58360472976498,0.308,0.213,9.528265873062e-06,"ERH","AD_vs_PD","Astrocyte"
3.26772059530424e-10,0.589942790920287,0.296,0.205,9.72767744016119e-06,"SAR1B","AD_vs_PD","Astrocyte"
3.8610668994976e-10,0.811533816211397,0.204,0.124,1.14940100531144e-05,"C1QBP","AD_vs_PD","Astrocyte"
3.91134113185787e-10,0.695874324365836,0.248,0.161,1.16436714154277e-05,"GADD45B","AD_vs_PD","Astrocyte"
4.04289509296975e-10,0.684731789671132,0.216,0.133,1.20352944022616e-05,"ENPP5","AD_vs_PD","Astrocyte"
4.26469259400318e-10,0.577534329506547,0.288,0.196,1.26955633830881e-05,"MCFD2","AD_vs_PD","Astrocyte"
4.64495591803611e-10,0.692128687722961,0.245,0.16,1.38275692724017e-05,"PFDN2","AD_vs_PD","Astrocyte"
5.05622782842672e-10,0.657971442614216,0.233,0.147,1.50518846224435e-05,"AC012358.3","AD_vs_PD","Astrocyte"
5.70975341421588e-10,-0.72900785980588,0.193,0.275,1.69973649387793e-05,"KLKB1","AD_vs_PD","Astrocyte"
5.82855930892929e-10,0.585954925207734,0.248,0.159,1.73510382067516e-05,"TMEM258","AD_vs_PD","Astrocyte"
6.6222278518654e-10,0.725303878728104,0.209,0.128,1.97137100922181e-05,"SPATA1","AD_vs_PD","Astrocyte"
6.64364221209188e-10,0.57147648095114,0.307,0.216,1.97774585011763e-05,"NDUFA6","AD_vs_PD","Astrocyte"
6.6797275169156e-10,0.590012967829594,0.259,0.169,1.9884880845106e-05,"AC092802.1","AD_vs_PD","Astrocyte"
6.6915413556158e-10,0.618042269679326,0.233,0.145,1.99200494615327e-05,"RBMS3-AS3","AD_vs_PD","Astrocyte"
8.03707229328194e-10,0.509844220688578,0.342,0.244,2.3925560509871e-05,"STK32A","AD_vs_PD","Astrocyte"
8.6253751755659e-10,-0.729420606196375,0.141,0.22,2.56768793601421e-05,"NID1","AD_vs_PD","Astrocyte"
9.97423750166215e-10,0.635594808260879,0.246,0.16,2.9692307618698e-05,"TEFM","AD_vs_PD","Astrocyte"
1.1935889506458e-09,0.544675168016813,0.255,0.164,3.55319494717748e-05,"ITPR1","AD_vs_PD","Astrocyte"
1.25271048903312e-09,-0.523691245869099,0.305,0.386,3.72919385480269e-05,"PHLDB1","AD_vs_PD","Astrocyte"
1.25317155250678e-09,0.594957137093165,0.282,0.194,3.73056639465744e-05,"TMSB10","AD_vs_PD","Astrocyte"
1.2946994828133e-09,0.636532459328996,0.28,0.198,3.85419089038691e-05,"UBL5","AD_vs_PD","Astrocyte"
1.30702345768816e-09,0.61350814901517,0.242,0.155,3.89087813119188e-05,"MAP9","AD_vs_PD","Astrocyte"
1.46055254784062e-09,0.587761924781767,0.349,0.264,4.34791887966676e-05,"TUBB2A","AD_vs_PD","Astrocyte"
1.5231936192177e-09,0.573780902648166,0.279,0.192,4.53439508504918e-05,"SEC61B","AD_vs_PD","Astrocyte"
1.67461152639681e-09,0.694745797275136,0.206,0.128,4.98515105293067e-05,"COPRS","AD_vs_PD","Astrocyte"
1.77211309745871e-09,0.556338629353501,0.285,0.197,5.27540347982483e-05,"LGALS1","AD_vs_PD","Astrocyte"
1.98908000556192e-09,0.533992737413636,0.328,0.236,5.92129226855729e-05,"KLHDC2","AD_vs_PD","Astrocyte"
2.0184023403753e-09,-0.650084974799658,0.204,0.286,6.00858192706322e-05,"EEPD1","AD_vs_PD","Astrocyte"
2.06768018840522e-09,0.712133997683795,0.227,0.148,6.15527715286349e-05,"IDH1","AD_vs_PD","Astrocyte"
2.1695202074812e-09,-0.625719745987826,0.215,0.294,6.45844470565079e-05,"DDR2","AD_vs_PD","Astrocyte"
2.17959736850565e-09,-0.56929661333007,0.251,0.336,6.48844340630448e-05,"AC005261.2","AD_vs_PD","Astrocyte"
2.43147880575815e-09,0.670545136821367,0.206,0.128,7.23826925686143e-05,"IFT20","AD_vs_PD","Astrocyte"
2.46043669598671e-09,0.566750645097141,0.28,0.192,7.32447400028284e-05,"ELOB","AD_vs_PD","Astrocyte"
2.55271807747792e-09,0.664053883976471,0.234,0.152,7.59918644484402e-05,"PRKX","AD_vs_PD","Astrocyte"
2.73259421139047e-09,0.726608150002157,0.205,0.128,8.13465970788829e-05,"GYG1","AD_vs_PD","Astrocyte"
2.7470371828172e-09,0.547281154678551,0.259,0.17,8.17765498952853e-05,"COX5A","AD_vs_PD","Astrocyte"
2.77209159894425e-09,0.562558739578592,0.252,0.165,8.25223948089713e-05,"RHOU","AD_vs_PD","Astrocyte"
2.82937027485373e-09,0.618556473700666,0.225,0.143,8.42275237121208e-05,"SMIM19","AD_vs_PD","Astrocyte"
2.8551295793208e-09,0.641862738708736,0.236,0.154,8.49943524468009e-05,"AMZ2P1","AD_vs_PD","Astrocyte"
3.17889452139923e-09,-0.515160032145514,0.277,0.363,9.46325110075337e-05,"FAM102A","AD_vs_PD","Astrocyte"
3.20100862175047e-09,-0.538248342040769,0.245,0.328,9.52908256608897e-05,"UNC80","AD_vs_PD","Astrocyte"
3.32316502667479e-09,0.504542942565613,0.319,0.232,9.89272996790819e-05,"HERC2P2","AD_vs_PD","Astrocyte"
3.34437896253799e-09,-0.642304444901071,0.195,0.277,9.95588173357933e-05,"MYH9","AD_vs_PD","Astrocyte"
3.44299481258612e-09,0.54022268308617,0.296,0.207,0.000102494512575876,"YBX1","AD_vs_PD","Astrocyte"
3.87085586235661e-09,0.718625879889027,0.213,0.134,0.000115231508166494,"ST7-AS2","AD_vs_PD","Astrocyte"
4.04465951585976e-09,0.605953980372466,0.233,0.151,0.000120405469127629,"STRADB","AD_vs_PD","Astrocyte"
4.30833061980535e-09,0.63809976197438,0.248,0.17,0.000128254694220985,"AL669831.3","AD_vs_PD","Astrocyte"
4.81592720188477e-09,0.565983612219734,0.265,0.18,0.000143365336872908,"OMG","AD_vs_PD","Astrocyte"
4.9457521600999e-09,0.571995635569934,0.25,0.166,0.000147230096054014,"EPB42","AD_vs_PD","Astrocyte"
5.03779586956619e-09,0.504973800815484,0.291,0.201,0.000149970145241116,"ATP6AP2","AD_vs_PD","Astrocyte"
5.28623515298279e-09,0.500853101919979,0.36,0.275,0.000157365934269145,"MRPL20","AD_vs_PD","Astrocyte"
5.34209205727296e-09,-0.688500813974539,0.224,0.298,0.000159028738452959,"KCNMB2-AS1","AD_vs_PD","Astrocyte"
5.6004514351739e-09,0.53967355328487,0.261,0.176,0.000166719838773692,"TET1","AD_vs_PD","Astrocyte"
5.6276084775297e-09,0.561789284031326,0.283,0.198,0.000167528276767582,"SELENOT","AD_vs_PD","Astrocyte"
7.0739312887781e-09,0.608235566216137,0.241,0.162,0.000210583860535635,"DCDC1","AD_vs_PD","Astrocyte"
7.41968505980271e-09,0.675012521050403,0.241,0.164,0.000220876604545267,"PHPT1","AD_vs_PD","Astrocyte"
7.62939031126475e-09,0.661313034388174,0.252,0.171,0.00022711932017604,"HES1","AD_vs_PD","Astrocyte"
8.08050971543405e-09,0.652006314907332,0.205,0.129,0.000240548693718756,"LINC00909","AD_vs_PD","Astrocyte"
8.54130625142298e-09,0.521310919260507,0.277,0.191,0.000254266145798611,"TMEM167A","AD_vs_PD","Astrocyte"
9.19266981396402e-09,-0.5701626383025,0.218,0.3,0.000273656587691895,"MAP3K14","AD_vs_PD","Astrocyte"
9.27277507444764e-09,-0.616818094995873,0.238,0.314,0.000276041241191232,"AC008014.1","AD_vs_PD","Astrocyte"
9.27327122045149e-09,0.587272959392243,0.244,0.163,0.00027605601096162,"IQCG","AD_vs_PD","Astrocyte"
9.49303214280129e-09,-0.629585881382051,0.153,0.23,0.000282598073859052,"GFM2","AD_vs_PD","Astrocyte"
1.00333166054727e-08,0.591729578820635,0.218,0.14,0.000298681802028316,"RUVBL1","AD_vs_PD","Astrocyte"
1.00877485232072e-08,0.545929112493653,0.319,0.235,0.000300302185787355,"CALR","AD_vs_PD","Astrocyte"
1.08411172778271e-08,0.70880004804825,0.202,0.128,0.000322729220243636,"MLF1","AD_vs_PD","Astrocyte"
1.09443989470747e-08,-0.731493619011423,0.146,0.218,0.000325803812255468,"MAN2C1","AD_vs_PD","Astrocyte"
1.14971865479953e-08,0.547961153208103,0.314,0.23,0.000342259746347273,"NOL7","AD_vs_PD","Astrocyte"
1.21376829819562e-08,-0.739911947606806,0.131,0.201,0.000361326684689856,"ATP13A5","AD_vs_PD","Astrocyte"
1.22643029046865e-08,0.5771007576812,0.216,0.137,0.000365096033169612,"TCEAL4","AD_vs_PD","Astrocyte"
1.24125813974532e-08,0.58300313527205,0.237,0.158,0.000369510135620783,"C19orf25","AD_vs_PD","Astrocyte"
1.28487076928148e-08,0.598626036620259,0.215,0.139,0.000382493179307402,"ISCA1","AD_vs_PD","Astrocyte"
1.28836982106041e-08,-0.554492008372532,0.278,0.351,0.000383534812031475,"RBMS3","AD_vs_PD","Astrocyte"
1.35523472340577e-08,0.582684482794529,0.21,0.133,0.000403439824810665,"MRPL27","AD_vs_PD","Astrocyte"
1.3984713277809e-08,0.543827303879349,0.247,0.164,0.000416310929567096,"C4orf19","AD_vs_PD","Astrocyte"
1.3987934772053e-08,-0.578540858435719,0.239,0.317,0.000416406830229244,"AC108062.1","AD_vs_PD","Astrocyte"
1.7538007592521e-08,0.618691391471716,0.251,0.177,0.000522088948021759,"TSC22D3","AD_vs_PD","Astrocyte"
1.81152767151678e-08,-0.620570374656466,0.13,0.204,0.000539273672533829,"RPS4Y1","AD_vs_PD","Astrocyte"
1.85345035772383e-08,0.593940362919061,0.247,0.167,0.000551753636990808,"AC073941.1","AD_vs_PD","Astrocyte"
1.89604657600598e-08,0.658829052968347,0.214,0.139,0.000564434105211219,"RGS6","AD_vs_PD","Astrocyte"
1.94859376391621e-08,0.507002897620698,0.28,0.196,0.000580076877580217,"PCMT1","AD_vs_PD","Astrocyte"
2.00410259619348e-08,0.522753709242381,0.324,0.244,0.000596601301860836,"CDS1","AD_vs_PD","Astrocyte"
2.06624543703077e-08,0.631278838275585,0.228,0.15,0.00061510060414969,"ADH5","AD_vs_PD","Astrocyte"
2.19834905964364e-08,0.582794969398784,0.229,0.15,0.000654426531565316,"STUB1","AD_vs_PD","Astrocyte"
2.24439854919894e-08,0.536487752362951,0.249,0.167,0.000668135004111034,"STK17A","AD_vs_PD","Astrocyte"
2.5146618446378e-08,-0.5382617021864,0.26,0.337,0.000748589684530226,"SEPT9","AD_vs_PD","Astrocyte"
2.53653209802582e-08,0.594639928317661,0.218,0.143,0.000755100240261306,"NENF","AD_vs_PD","Astrocyte"
2.67919817924633e-08,0.610499586694905,0.246,0.171,0.00079757050597984,"ATP6V0B","AD_vs_PD","Astrocyte"
3.14008702519705e-08,0.515340076861432,0.301,0.216,0.00093477250653091,"BHLHE40","AD_vs_PD","Astrocyte"
3.41003275871293e-08,0.602655965932606,0.253,0.177,0.00101513265194125,"GTF2H5","AD_vs_PD","Astrocyte"
3.48298382525327e-08,0.511163242668561,0.324,0.245,0.00103684945493965,"DDX24","AD_vs_PD","Astrocyte"
3.5310063870285e-08,0.549193060387791,0.225,0.15,0.00105114529135451,"C5orf64","AD_vs_PD","Astrocyte"
3.68463250664811e-08,0.681765358385089,0.201,0.129,0.00109687825090408,"SBDS","AD_vs_PD","Astrocyte"
3.73189916946422e-08,0.660220134701669,0.249,0.177,0.0011109490637578,"LRPAP1","AD_vs_PD","Astrocyte"
3.77190517634944e-08,0.526100535442275,0.264,0.182,0.00112285845194747,"BEX2","AD_vs_PD","Astrocyte"
3.8001909086753e-08,0.544717740925718,0.265,0.185,0.00113127883160355,"PRKD3","AD_vs_PD","Astrocyte"
3.96961963480322e-08,0.55511545228164,0.259,0.182,0.00118171606908457,"AGFG2","AD_vs_PD","Astrocyte"
4.00371056030359e-08,0.583491453748316,0.205,0.13,0.00119186459669678,"MYL12B","AD_vs_PD","Astrocyte"
4.37838023396865e-08,0.561722683089928,0.27,0.194,0.00130340001185013,"CFAP44","AD_vs_PD","Astrocyte"
4.70137154359806e-08,-0.541813044604294,0.162,0.24,0.00139955129481371,"AC006994.2","AD_vs_PD","Astrocyte"
4.7765095529576e-08,0.557631641297389,0.213,0.139,0.00142191912881995,"TTLL7","AD_vs_PD","Astrocyte"
5.00555501073437e-08,0.640467480567904,0.221,0.148,0.00149010367114552,"COX17","AD_vs_PD","Astrocyte"
5.6375812838959e-08,0.68394484899869,0.206,0.136,0.00167825157240297,"MRPS33","AD_vs_PD","Astrocyte"
5.64643008996277e-08,0.550074117789594,0.253,0.177,0.00168088577348102,"SNHG9","AD_vs_PD","Astrocyte"
6.1337439301407e-08,-0.560685099805067,0.208,0.281,0.00182595423056359,"NKAIN4","AD_vs_PD","Astrocyte"
6.67309043671862e-08,0.53815653757814,0.273,0.197,0.00198651229210677,"TMX1","AD_vs_PD","Astrocyte"
6.99395279592276e-08,0.507152873337585,0.306,0.229,0.00208202980781825,"ACAA1","AD_vs_PD","Astrocyte"
7.06313555016686e-08,-0.533140667892859,0.201,0.279,0.00210262482192917,"TLE3","AD_vs_PD","Astrocyte"
8.27023124369154e-08,-0.530122163238306,0.238,0.313,0.00246196513893453,"CLASRP","AD_vs_PD","Astrocyte"
8.93062445254952e-08,0.605998686422025,0.202,0.131,0.00265855759327947,"LINC01535","AD_vs_PD","Astrocyte"
8.95166507978921e-08,0.556908640774655,0.225,0.152,0.00266482117760245,"RPP38","AD_vs_PD","Astrocyte"
9.27783482614097e-08,0.54450882194381,0.24,0.164,0.0027619186493939,"CWC15","AD_vs_PD","Astrocyte"
9.40024266595651e-08,0.566070030694455,0.239,0.165,0.00279835823922859,"RBMS1","AD_vs_PD","Astrocyte"
1.11619772814686e-07,-0.515828226886867,0.228,0.305,0.0033228090169204,"AL683813.1","AD_vs_PD","Astrocyte"
1.29818966231449e-07,0.616288352606262,0.206,0.138,0.00386458080574402,"FAM96B","AD_vs_PD","Astrocyte"
1.46495601986613e-07,-0.501146628727651,0.256,0.329,0.00436102757553949,"AZIN1-AS1","AD_vs_PD","Astrocyte"
1.48789170282186e-07,0.572183189186602,0.219,0.147,0.0044293048101304,"C14orf166","AD_vs_PD","Astrocyte"
1.62132665741139e-07,0.522937347985234,0.22,0.147,0.00482652732644797,"COX7A2L","AD_vs_PD","Astrocyte"
1.63620656979557e-07,-0.534933521112501,0.232,0.303,0.00487082333762443,"AC009690.1","AD_vs_PD","Astrocyte"
1.64890979783004e-07,-0.726004690562638,0.164,0.229,0.00490863957716023,"TRIM66","AD_vs_PD","Astrocyte"
1.75188260734472e-07,0.515464341460196,0.232,0.159,0.00521517933380449,"PTGR1","AD_vs_PD","Astrocyte"
1.93607196559736e-07,0.58746200789981,0.225,0.156,0.00576349263438679,"MYL6B","AD_vs_PD","Astrocyte"
1.95483123698391e-07,0.550026971704113,0.202,0.133,0.00581933710937741,"RPL7L1","AD_vs_PD","Astrocyte"
1.99189419796923e-07,0.533950198902199,0.217,0.146,0.0059296698379346,"PPP1R42","AD_vs_PD","Astrocyte"
2.11065593220615e-07,-0.658367163426147,0.178,0.243,0.00628321164458448,"IL33","AD_vs_PD","Astrocyte"
2.27844807571767e-07,0.569455443413586,0.227,0.157,0.00678271207660393,"FAM45A","AD_vs_PD","Astrocyte"
2.39340365475311e-07,0.547597708067189,0.212,0.141,0.00712492333983453,"ZC4H2","AD_vs_PD","Astrocyte"
2.45787814556327e-07,-0.592767583935475,0.152,0.22,0.0073168574515273,"SCARB1","AD_vs_PD","Astrocyte"
2.52865165078052e-07,-0.523701894447957,0.235,0.307,0.00752754309920853,"AL357153.2","AD_vs_PD","Astrocyte"
2.55424448239609e-07,0.582391639423069,0.201,0.132,0.00760373039964492,"PTRH2","AD_vs_PD","Astrocyte"
2.67224669624673e-07,0.525435489569757,0.248,0.177,0.00795501119005691,"LSM7","AD_vs_PD","Astrocyte"
2.80759163955674e-07,-0.564002369148524,0.236,0.305,0.00835791955179646,"CRY2","AD_vs_PD","Astrocyte"
2.94156539067085e-07,0.509592773943283,0.26,0.187,0.00875674601148806,"ZNF790","AD_vs_PD","Astrocyte"
3.38975485179734e-07,0.578365669028525,0.216,0.149,0.0100909612183155,"CHST12","AD_vs_PD","Astrocyte"
3.58803549476691e-07,0.573655284889117,0.21,0.142,0.0106812228643716,"CREBL2","AD_vs_PD","Astrocyte"
3.65797677359883e-07,0.524409617981918,0.232,0.16,0.0108894310573264,"DNAJC3-AS1","AD_vs_PD","Astrocyte"
3.75496780350811e-07,-0.639364991606288,0.139,0.203,0.0111781636542633,"SGO1-AS1","AD_vs_PD","Astrocyte"
4.27183353181882e-07,-0.517152774262336,0.257,0.326,0.0127168212408715,"PKNOX2","AD_vs_PD","Astrocyte"
4.82872487946609e-07,0.57135312007194,0.224,0.158,0.0143746310936826,"PCBD1","AD_vs_PD","Astrocyte"
5.61017468079141e-07,0.559025110944469,0.201,0.135,0.0167009290072479,"FBXO33","AD_vs_PD","Astrocyte"
5.95973820963487e-07,0.560185834340793,0.215,0.15,0.017741544676262,"MFSD10","AD_vs_PD","Astrocyte"
7.523243786798e-07,0.644914072196002,0.202,0.141,0.022395944428919,"SYF2","AD_vs_PD","Astrocyte"
7.74722315787005e-07,0.531014816713315,0.246,0.178,0.0230627086186634,"ARF4","AD_vs_PD","Astrocyte"
7.95975474780321e-07,0.53072512972523,0.225,0.158,0.0236953939087354,"LSM8","AD_vs_PD","Astrocyte"
8.14646957344087e-07,0.526795995833548,0.217,0.15,0.0242512252731761,"WDR12","AD_vs_PD","Astrocyte"
8.23570733473731e-07,0.534117878644563,0.247,0.179,0.0245168771647795,"LCA5","AD_vs_PD","Astrocyte"
9.58382804763868e-07,0.552898764117458,0.224,0.16,0.0285300977150156,"YIPF6","AD_vs_PD","Astrocyte"
1.10731935614576e-06,0.552695498785038,0.23,0.165,0.0329637899131031,"AC005480.1","AD_vs_PD","Astrocyte"
1.3722959451031e-06,0.517178207874375,0.208,0.144,0.0408518779897743,"RBM4B","AD_vs_PD","Astrocyte"
1.40348438188851e-06,0.577357220199398,0.205,0.143,0.0417803265644389,"OSTC","AD_vs_PD","Astrocyte"
1.50248871532607e-06,-0.567641294698973,0.179,0.244,0.0447275865665419,"DMPK","AD_vs_PD","Astrocyte"
2.72284820198829e-41,1.11946336969944,0.724,0.47,8.10564681249893e-37,"MT1E","AD_vs_PD","Capillary EC"
5.24141646972646e-37,-1.20655672377682,0.375,0.681,1.56031726887287e-32,"HSPA1B","AD_vs_PD","Capillary EC"
1.66043153865812e-35,4.57704355157691,0.273,0.021,4.94293864743135e-31,"AC105402.3","AD_vs_PD","Capillary EC"
1.7885472313544e-30,0.789884982221194,0.76,0.555,5.32432625301892e-26,"FKBP5","AD_vs_PD","Capillary EC"
2.28416779805913e-30,-0.75597844876784,0.633,0.834,6.79973911804222e-26,"HSPA1A","AD_vs_PD","Capillary EC"
5.15572556840492e-29,1.38677286374662,0.525,0.234,1.53480794445846e-24,"MT1G","AD_vs_PD","Capillary EC"
9.67423526012514e-26,-0.857994683279079,0.487,0.712,2.87992309458665e-21,"HSPH1","AD_vs_PD","Capillary EC"
1.62820238624737e-25,1.2345131191481,0.527,0.265,4.84699568361981e-21,"PDK4","AD_vs_PD","Capillary EC"
8.43630558558629e-25,1.03317169193356,0.607,0.367,2.51140380977318e-20,"SLC16A1","AD_vs_PD","Capillary EC"
1.00291730908546e-22,-1.4925474495359,0.26,0.478,2.98558453741652e-18,"SAMD4A","AD_vs_PD","Capillary EC"
6.67204650029057e-22,1.59008722277157,0.386,0.159,1.9862015226715e-17,"ANGPTL4","AD_vs_PD","Capillary EC"
1.40467300023565e-21,0.94839984503329,0.594,0.35,4.18157105440151e-17,"SMIM3","AD_vs_PD","Capillary EC"
1.92230148430747e-20,1.29778090846647,0.412,0.175,5.72249928863492e-16,"XIST","AD_vs_PD","Capillary EC"
8.59177411814856e-20,0.566522976046496,0.767,0.624,2.55768523723165e-15,"HERPUD1","AD_vs_PD","Capillary EC"
6.24700120593319e-19,0.579807120302445,0.729,0.601,1.85966978899425e-14,"SLC9A3R2","AD_vs_PD","Capillary EC"
1.63974634173873e-18,0.598029146088944,0.752,0.579,4.88136088472203e-14,"ZBTB16","AD_vs_PD","Capillary EC"
3.07564237268608e-18,-0.508171865936166,0.71,0.782,9.1558797792492e-14,"CRIM1","AD_vs_PD","Capillary EC"
6.03609382659014e-18,-1.29349086440795,0.192,0.392,1.79688477123762e-13,"LDLR","AD_vs_PD","Capillary EC"
6.85887880194722e-18,0.847652211783958,0.603,0.432,2.04181963055167e-13,"S100A10","AD_vs_PD","Capillary EC"
3.36287953614277e-17,-0.998639312938713,0.399,0.565,1.00109560911434e-12,"DNAJB1","AD_vs_PD","Capillary EC"
5.27308545070777e-17,0.822410285432913,0.583,0.407,1.5697448078212e-12,"GIMAP7","AD_vs_PD","Capillary EC"
5.52270621941624e-17,0.846815985580905,0.567,0.364,1.64405441445802e-12,"TMEM204","AD_vs_PD","Capillary EC"
9.93638267218158e-17,-1.16365149194312,0.286,0.464,2.95796175768173e-12,"BAG3","AD_vs_PD","Capillary EC"
3.96232418148577e-16,0.61292297198616,0.709,0.558,1.1795442855865e-11,"RGCC","AD_vs_PD","Capillary EC"
7.86721156553804e-16,0.888176311468018,0.543,0.359,2.34199021094502e-11,"BTNL9","AD_vs_PD","Capillary EC"
1.51008608019482e-15,0.955556193882848,0.48,0.282,4.49537525213195e-11,"MXRA7","AD_vs_PD","Capillary EC"
2.93457637908948e-15,-2.02803741774582,0.064,0.206,8.73594042291149e-11,"HLA-DRB1","AD_vs_PD","Capillary EC"
5.5323324990766e-15,-0.544831076117283,0.607,0.718,1.64692006165011e-10,"SVIL","AD_vs_PD","Capillary EC"
6.22688963085094e-15,-0.778187986834538,0.402,0.582,1.85368277420802e-10,"COL4A2","AD_vs_PD","Capillary EC"
9.24462768887602e-15,-0.776260215456536,0.452,0.6,2.7520332167015e-10,"HSPA5","AD_vs_PD","Capillary EC"
4.13732034569895e-14,-1.08295530647681,0.178,0.359,1.23163889371112e-09,"UTY","AD_vs_PD","Capillary EC"
6.95013761294234e-14,1.11345943861888,0.377,0.194,2.0689864659968e-09,"RIPOR3","AD_vs_PD","Capillary EC"
7.06360286105344e-14,-0.728569280687444,0.417,0.584,2.102763935707e-09,"SERPINH1","AD_vs_PD","Capillary EC"
1.2714517777276e-13,0.951067582089857,0.453,0.276,3.78498479711729e-09,"MT2P1","AD_vs_PD","Capillary EC"
1.77038976301388e-13,0.673784784063684,0.582,0.397,5.27027328551603e-09,"MOB3B","AD_vs_PD","Capillary EC"
1.80590726016157e-13,1.15683492175686,0.366,0.194,5.37600532277499e-09,"PRX","AD_vs_PD","Capillary EC"
4.81543964293953e-13,0.576173193978659,0.649,0.499,1.43350822730667e-08,"GUK1","AD_vs_PD","Capillary EC"
5.89715274553853e-13,1.00001247898723,0.382,0.201,1.75552340081936e-08,"AKR1C1","AD_vs_PD","Capillary EC"
6.37908898727531e-13,0.625395579504145,0.614,0.445,1.89899100062199e-08,"S100A11","AD_vs_PD","Capillary EC"
7.77015589475477e-13,0.893113554281045,0.458,0.288,2.31309770830955e-08,"SNHG7","AD_vs_PD","Capillary EC"
1.12371133953238e-12,1.68949863236525,0.229,0.087,3.34517628665395e-08,"CCDC144NL-AS1","AD_vs_PD","Capillary EC"
1.30205722350533e-12,1.51935099852959,0.241,0.094,3.87609414865302e-08,"AC058791.1","AD_vs_PD","Capillary EC"
1.39887630295506e-12,1.24263319151033,0.314,0.149,4.16431486626692e-08,"MT1P3","AD_vs_PD","Capillary EC"
1.4021229168362e-12,0.544216679855985,0.674,0.508,4.17397971112969e-08,"BRI3","AD_vs_PD","Capillary EC"
2.13667091743195e-12,0.596571924749098,0.621,0.432,6.36065565410316e-08,"H2AFZ","AD_vs_PD","Capillary EC"
3.17094144216315e-12,0.543961012768443,0.67,0.503,9.43957557917548e-08,"MT1M","AD_vs_PD","Capillary EC"
3.22323454508198e-12,0.705607239194996,0.554,0.388,9.59524691725455e-08,"CCND3","AD_vs_PD","Capillary EC"
3.52544728499249e-12,1.16911250784482,0.43,0.286,1.04949040226941e-07,"GBP4","AD_vs_PD","Capillary EC"
3.72083364709761e-12,-0.528801471109162,0.637,0.718,1.10765496840449e-07,"HSPB1","AD_vs_PD","Capillary EC"
3.89449018069924e-12,1.40172773632925,0.261,0.111,1.15935078189236e-07,"RANBP3L","AD_vs_PD","Capillary EC"
4.49166043619809e-12,1.18646105219838,0.294,0.135,1.33712239525181e-07,"CDKN2D","AD_vs_PD","Capillary EC"
6.65117110845107e-12,-0.512653319387109,0.562,0.683,1.9799871272748e-07,"MAP4K4","AD_vs_PD","Capillary EC"
7.68099569586739e-12,-1.0940916405405,0.194,0.348,2.28655560870276e-07,"NR4A1","AD_vs_PD","Capillary EC"
1.25034636166184e-11,-0.747923684625062,0.346,0.506,3.72215608403114e-07,"PRKD1","AD_vs_PD","Capillary EC"
1.25266386911357e-11,-1.35729658419971,0.147,0.288,3.7290550719642e-07,"RGS6","AD_vs_PD","Capillary EC"
2.09580407169869e-11,-0.950866439667099,0.243,0.397,6.23899914103984e-07,"SLC4A7","AD_vs_PD","Capillary EC"
2.10757015955259e-11,0.590700709675136,0.587,0.419,6.27402560797211e-07,"LDHA","AD_vs_PD","Capillary EC"
2.13115548601298e-11,1.32033260796134,0.249,0.107,6.34423676631205e-07,"A2ML1-AS1","AD_vs_PD","Capillary EC"
2.29512624128463e-11,-1.06834879311111,0.178,0.328,6.83236130768021e-07,"TTTY14","AD_vs_PD","Capillary EC"
2.44588006058502e-11,1.3211932183636,0.277,0.132,7.28114035235554e-07,"DNAH11","AD_vs_PD","Capillary EC"
2.53313972036585e-11,0.531869952450041,0.633,0.497,7.5409036335571e-07,"MXI1","AD_vs_PD","Capillary EC"
3.32043542679507e-11,1.54174814584686,0.21,0.08,9.88460422202624e-07,"LINC02172","AD_vs_PD","Capillary EC"
3.78292604758459e-11,0.617488185910218,0.578,0.44,1.12613925510546e-06,"CD9","AD_vs_PD","Capillary EC"
3.89607277728755e-11,-1.34182485707817,0.11,0.243,1.15982190507073e-06,"GNA14","AD_vs_PD","Capillary EC"
3.95399465002901e-11,1.04621824987776,0.373,0.22,1.17706466736714e-06,"RBMS3-AS2","AD_vs_PD","Capillary EC"
5.4793087919653e-11,1.1742156737511,0.303,0.154,1.63113543428015e-06,"AP001011.1","AD_vs_PD","Capillary EC"
5.77436999162492e-11,-0.864237885968481,0.28,0.435,1.71897220280682e-06,"ADAMTS1","AD_vs_PD","Capillary EC"
6.78752969184968e-11,-1.34156455409475,0.118,0.251,2.02057971396673e-06,"CYR61","AD_vs_PD","Capillary EC"
7.80396208690696e-11,-0.736594351650435,0.361,0.508,2.32316147365133e-06,"MIR4435-2HG","AD_vs_PD","Capillary EC"
1.16744859202398e-10,-1.42477788814083,0.114,0.241,3.47537771359617e-06,"CXCL12","AD_vs_PD","Capillary EC"
1.24582638631919e-10,-0.843118923021367,0.29,0.437,3.70870056943359e-06,"FOS","AD_vs_PD","Capillary EC"
1.43479714471504e-10,0.517111599098089,0.631,0.484,4.27124762010219e-06,"TSC22D3","AD_vs_PD","Capillary EC"
1.80984367129504e-10,0.72163744106782,0.507,0.362,5.38772362507821e-06,"HYAL2","AD_vs_PD","Capillary EC"
1.82619013678169e-10,-1.06221184224314,0.158,0.3,5.43638541818541e-06,"PRKY","AD_vs_PD","Capillary EC"
3.02336292078458e-10,0.54086857562507,0.617,0.459,9.00024907888361e-06,"TUBB4B","AD_vs_PD","Capillary EC"
3.21151561053038e-10,-0.654682553185834,0.487,0.584,9.56036082098788e-06,"HSPD1","AD_vs_PD","Capillary EC"
3.3618414949028e-10,0.525468752762392,0.605,0.464,1.00078659461761e-05,"MGST3","AD_vs_PD","Capillary EC"
4.2443794611257e-10,-0.734869403011633,0.357,0.504,1.26350932178251e-05,"COL4A1","AD_vs_PD","Capillary EC"
6.08927703754899e-10,0.792163699748231,0.406,0.246,1.81271688130796e-05,"MT1F","AD_vs_PD","Capillary EC"
6.10106478898052e-10,0.528672031448501,0.618,0.478,1.81622597703161e-05,"NDRG2","AD_vs_PD","Capillary EC"
7.75216218806206e-10,0.578490992580681,0.578,0.433,2.30774116176419e-05,"LGALS3","AD_vs_PD","Capillary EC"
7.77240455837865e-10,-0.699330460025877,0.346,0.494,2.31376711298374e-05,"CHORDC1","AD_vs_PD","Capillary EC"
8.3895717092503e-10,1.18150845591684,0.245,0.113,2.49749160212672e-05,"HRCT1","AD_vs_PD","Capillary EC"
1.32522705524187e-09,-0.502470677204317,0.512,0.636,3.94506842074952e-05,"FOSL2","AD_vs_PD","Capillary EC"
1.36310563821338e-09,0.6331542751158,0.539,0.412,4.0578291743974e-05,"PRELP","AD_vs_PD","Capillary EC"
1.51209896835311e-09,1.20328184806759,0.233,0.106,4.50136741889039e-05,"PCP4","AD_vs_PD","Capillary EC"
1.6261585922757e-09,0.779821573034718,0.432,0.293,4.84091151334552e-05,"VSIR","AD_vs_PD","Capillary EC"
1.65744446850235e-09,0.691937465065859,0.477,0.322,4.93404643828463e-05,"DBI","AD_vs_PD","Capillary EC"
1.71620533469447e-09,-0.702662612184224,0.389,0.513,5.10897166085196e-05,"VCL","AD_vs_PD","Capillary EC"
2.40199089058259e-09,-0.673060189010253,0.375,0.508,7.15048668217532e-05,"TSC22D2","AD_vs_PD","Capillary EC"
2.49088375672172e-09,0.640197664099214,0.511,0.354,7.41511185538488e-05,"CKB","AD_vs_PD","Capillary EC"
2.5644012921892e-09,-1.16964755391078,0.097,0.213,7.63396620671802e-05,"USP9Y","AD_vs_PD","Capillary EC"
3.15686809639169e-09,-0.674844226333666,0.351,0.49,9.39768063614843e-05,"TMEM87B","AD_vs_PD","Capillary EC"
3.90747808995668e-09,0.698853699223161,0.489,0.364,0.000116321715259921,"CPM","AD_vs_PD","Capillary EC"
4.05178746068871e-09,-0.69391997458865,0.335,0.466,0.000120617660917242,"PCAT19","AD_vs_PD","Capillary EC"
4.44756526056466e-09,0.935122814799751,0.335,0.199,0.000132399570241749,"PLIN2","AD_vs_PD","Capillary EC"
5.53637044946578e-09,0.942744628703547,0.312,0.175,0.000164812211910147,"PLLP","AD_vs_PD","Capillary EC"
5.54743355209964e-09,0.572689801263,0.535,0.406,0.000165141549412454,"C1orf64","AD_vs_PD","Capillary EC"
7.03514574135754e-09,1.03035697650525,0.267,0.137,0.000209429253574473,"NTAN1","AD_vs_PD","Capillary EC"
1.31641847650567e-08,0.662334184658393,0.449,0.312,0.000391884616270974,"YPEL3","AD_vs_PD","Capillary EC"
1.47884516080043e-08,1.15170703893625,0.236,0.116,0.000440237415918681,"SEMA3F","AD_vs_PD","Capillary EC"
1.59613978512218e-08,-0.667562952986048,0.369,0.496,0.000475154852633022,"SSH1","AD_vs_PD","Capillary EC"
1.69315161822854e-08,-0.664767135728445,0.399,0.51,0.000504034305230455,"GPCPD1","AD_vs_PD","Capillary EC"
1.7013232009443e-08,0.664519724390098,0.445,0.314,0.000506466903689108,"ATP5G3","AD_vs_PD","Capillary EC"
2.00387871063027e-08,0.556505257757552,0.519,0.374,0.000596534653367525,"MXD4","AD_vs_PD","Capillary EC"
2.58975141896327e-08,0.902097787181041,0.296,0.168,0.000770943099911176,"FTH1P8","AD_vs_PD","Capillary EC"
2.62463402280007e-08,-0.534098493749346,0.438,0.562,0.000781327302247352,"SUSD6","AD_vs_PD","Capillary EC"
3.06255570297195e-08,-0.885110520934358,0.251,0.367,0.000911692207217719,"SREBF2","AD_vs_PD","Capillary EC"
3.23644888732358e-08,0.649150665524793,0.429,0.281,0.000963458469267355,"CSRP1","AD_vs_PD","Capillary EC"
3.29478129394648e-08,1.31167144609144,0.205,0.097,0.000980823443394929,"LINC00472","AD_vs_PD","Capillary EC"
3.39025093439264e-08,0.613229679262161,0.466,0.333,0.00100924380065935,"MAOA","AD_vs_PD","Capillary EC"
3.40189788657994e-08,0.66882791325085,0.414,0.279,0.00101271098185598,"MAGED2","AD_vs_PD","Capillary EC"
3.45720040529941e-08,0.86915049445907,0.377,0.258,0.00102917398865358,"GBP2","AD_vs_PD","Capillary EC"
3.54909009647331e-08,0.633732675950263,0.469,0.343,0.00105652863081914,"OPTN","AD_vs_PD","Capillary EC"
4.00242850665006e-08,-0.630274935843704,0.373,0.489,0.00119148294214466,"STIP1","AD_vs_PD","Capillary EC"
5.3606803769724e-08,0.889732337091293,0.323,0.196,0.00159582094142091,"CDKN1C","AD_vs_PD","Capillary EC"
5.9467899372671e-08,-1.03522710981605,0.165,0.279,0.00177029989642504,"CYTOR","AD_vs_PD","Capillary EC"
6.52767218824652e-08,0.8096737177451,0.324,0.196,0.00194322273371911,"TMEM47","AD_vs_PD","Capillary EC"
9.49386166092222e-08,0.800422091925411,0.386,0.265,0.00282622767783994,"LINC00513","AD_vs_PD","Capillary EC"
9.80840164577975e-08,-1.22721585447116,0.119,0.222,0.00291986308593217,"CD93","AD_vs_PD","Capillary EC"
1.04072569638467e-07,0.727905953577971,0.42,0.302,0.00309813632556751,"CLEC14A","AD_vs_PD","Capillary EC"
1.26653533116772e-07,0.558619379995862,0.488,0.359,0.00377034902735317,"CPT1A","AD_vs_PD","Capillary EC"
1.26785489357044e-07,0.914555084269954,0.279,0.159,0.00377427723266985,"AP000787.1","AD_vs_PD","Capillary EC"
1.27928376341522e-07,-0.514953470102466,0.481,0.588,0.00380829983531076,"ADAMTS9","AD_vs_PD","Capillary EC"
1.92036899213246e-07,-0.822666860877286,0.19,0.31,0.00571674645267913,"XBP1","AD_vs_PD","Capillary EC"
2.15483628736817e-07,-0.608124817143793,0.327,0.444,0.0064147321438663,"DUSP16","AD_vs_PD","Capillary EC"
2.18688573170341e-07,1.01276560262988,0.264,0.153,0.00651014013470789,"SAMM50","AD_vs_PD","Capillary EC"
2.2835457788697e-07,0.615689968690482,0.445,0.331,0.00679788742911722,"STUB1","AD_vs_PD","Capillary EC"
2.34458516225877e-07,-0.76961869245021,0.252,0.369,0.00697959556952814,"TNXB","AD_vs_PD","Capillary EC"
2.36002780054674e-07,0.920830583519459,0.28,0.165,0.00702556675944758,"MGST1","AD_vs_PD","Capillary EC"
2.39211038867253e-07,1.03562568661904,0.264,0.154,0.00712107341603924,"ARF5","AD_vs_PD","Capillary EC"
2.72783094987374e-07,1.15094874330417,0.228,0.125,0.00812047995467914,"RARRES3","AD_vs_PD","Capillary EC"
2.74846493185629e-07,-0.658801770173546,0.349,0.458,0.00818190525564299,"MIDN","AD_vs_PD","Capillary EC"
2.80392945499298e-07,0.605610513028981,0.438,0.31,0.00834701759456859,"RNH1","AD_vs_PD","Capillary EC"
2.85614733517541e-07,-0.673947139557419,0.319,0.435,0.00850246500208369,"KCTD8","AD_vs_PD","Capillary EC"
2.90119545420798e-07,0.571183443170863,0.48,0.357,0.00863656874763172,"PLA2G16","AD_vs_PD","Capillary EC"
2.97565925605805e-07,0.596280597728984,0.465,0.341,0.00885824003935922,"BCAM","AD_vs_PD","Capillary EC"
3.3958745954726e-07,0.603750244442509,0.48,0.345,0.0101091790832624,"NTRK3","AD_vs_PD","Capillary EC"
3.45309055480327e-07,1.02488624327057,0.231,0.125,0.0102795052725938,"OMD","AD_vs_PD","Capillary EC"
3.72973915233591e-07,0.705212276383765,0.358,0.234,0.0111030604825888,"MAF1","AD_vs_PD","Capillary EC"
3.73594359174499e-07,-0.504486587880221,0.495,0.558,0.0111215304782657,"ZSWIM6","AD_vs_PD","Capillary EC"
4.27753454982163e-07,0.666293144918921,0.414,0.296,0.012733792601364,"NET1","AD_vs_PD","Capillary EC"
4.56911323755915e-07,-0.693823241628953,0.252,0.371,0.0136017931968898,"HSPA4L","AD_vs_PD","Capillary EC"
5.00648891815478e-07,0.876804125490235,0.256,0.146,0.014903816860455,"GBA3","AD_vs_PD","Capillary EC"
5.44656117666554e-07,-0.539480749096288,0.414,0.516,0.0162138679668157,"JUN","AD_vs_PD","Capillary EC"
6.01429064809193e-07,-0.698404530414938,0.229,0.352,0.0179039418303049,"CLIC2","AD_vs_PD","Capillary EC"
6.17082355347518e-07,0.543673554671843,0.458,0.328,0.0183699246363403,"KRT10","AD_vs_PD","Capillary EC"
6.51042015381222e-07,-0.601311273340014,0.294,0.419,0.0193808697558836,"PDE4B","AD_vs_PD","Capillary EC"
7.29329730311397e-07,0.717217914058095,0.273,0.156,0.02171141674164,"AKR1C3","AD_vs_PD","Capillary EC"
7.35050808113844e-07,0.847138686240978,0.24,0.13,0.021881727506741,"RASSF4","AD_vs_PD","Capillary EC"
7.53071156758292e-07,0.8273304166119,0.303,0.192,0.0224181752655376,"MFSD10","AD_vs_PD","Capillary EC"
7.84932298391238e-07,0.56580209097088,0.444,0.322,0.0233666495908088,"PIK3R1","AD_vs_PD","Capillary EC"
7.87408692807938e-07,-0.729535370997385,0.292,0.397,0.0234403693761995,"EDN1","AD_vs_PD","Capillary EC"
8.1679127306139e-07,0.521986678903231,0.483,0.364,0.0243150594077645,"CTDSPL","AD_vs_PD","Capillary EC"
8.40999349593611e-07,0.999845311876177,0.216,0.114,0.0250357096380522,"GSTM3","AD_vs_PD","Capillary EC"
8.42536331052393e-07,0.668528023921464,0.394,0.284,0.0250814640390987,"VDAC2","AD_vs_PD","Capillary EC"
9.29106364900451e-07,0.916578096524629,0.244,0.137,0.0276585673767215,"FBXO2","AD_vs_PD","Capillary EC"
9.2913345821292e-07,0.861871047222007,0.264,0.154,0.0276593739175404,"FAM32A","AD_vs_PD","Capillary EC"
9.33391673690505e-07,0.502000962597794,0.497,0.385,0.0277861367340926,"SELENOP","AD_vs_PD","Capillary EC"
1.01149424753756e-06,0.776187255599871,0.304,0.189,0.0301111722549456,"MRPL34","AD_vs_PD","Capillary EC"
1.02887975136645e-06,0.786455977613418,0.273,0.161,0.0306287213184279,"EMC6","AD_vs_PD","Capillary EC"
1.04675427996132e-06,0.788798900052318,0.296,0.184,0.0311608281601685,"PSMB9","AD_vs_PD","Capillary EC"
1.1272718791813e-06,0.763997816530661,0.306,0.192,0.0335577565713482,"WTIP","AD_vs_PD","Capillary EC"
1.2914699566869e-06,-1.0139807985644,0.154,0.251,0.0384457691406123,"TLR4","AD_vs_PD","Capillary EC"
1.47088331151662e-06,0.633979168315913,0.397,0.279,0.0437867253005384,"HIF3A","AD_vs_PD","Capillary EC"
1.48846630863499e-06,0.685368736423022,0.335,0.22,0.0443101535417551,"ECH1","AD_vs_PD","Capillary EC"
2.41076830108279e-175,1.53647325993607,0.843,0.459,7.17661615549335e-171,"LINC00513","AD_vs_PD","D1 medium spiny neuron"
1.4266492353435e-142,1.24861908740963,0.856,0.518,4.24699210869407e-138,"MGST1","AD_vs_PD","D1 medium spiny neuron"
2.43572420478971e-134,1.65890265505829,0.728,0.329,7.2509073852385e-130,"AC027288.3","AD_vs_PD","D1 medium spiny neuron"
5.39809370815312e-120,1.29066724042774,0.796,0.456,1.6069585159801e-115,"AL138828.1","AD_vs_PD","D1 medium spiny neuron"
2.41698129754119e-117,1.09118413913595,0.855,0.529,7.19511162465037e-113,"SNAP25-AS1","AD_vs_PD","D1 medium spiny neuron"
1.4186462040644e-114,0.505112126437412,0.979,0.879,4.22316788487932e-110,"LONRF2","AD_vs_PD","D1 medium spiny neuron"
2.53178023175222e-111,1.87544416846266,0.611,0.243,7.53685657190319e-107,"AC090709.1","AD_vs_PD","D1 medium spiny neuron"
1.21480738823661e-110,1.18011775936427,0.808,0.445,3.61636011404155e-106,"CTNNA3","AD_vs_PD","D1 medium spiny neuron"
2.02852322290707e-108,2.00635857770091,0.555,0.19,6.03871078227207e-104,"AC058791.1","AD_vs_PD","D1 medium spiny neuron"
4.6228145666944e-106,1.03088485159114,0.827,0.539,1.37616566835926e-101,"SRSF7","AD_vs_PD","D1 medium spiny neuron"
5.25965657672763e-106,1.83767378267446,0.609,0.249,1.56574716632605e-101,"AC006387.1","AD_vs_PD","D1 medium spiny neuron"
5.7672645470558e-105,1.01834699346122,0.872,0.564,1.71685698301304e-100,"PDE5A","AD_vs_PD","D1 medium spiny neuron"
1.13784387374877e-103,1.42174283864584,0.715,0.382,3.38724742776271e-99,"AC015923.1","AD_vs_PD","D1 medium spiny neuron"
2.46638315428602e-103,1.04637875702224,0.857,0.535,7.34217601199405e-99,"FTH1","AD_vs_PD","D1 medium spiny neuron"
1.98947680480659e-101,1.67162045074773,0.637,0.289,5.92247350022874e-97,"AC012404.1","AD_vs_PD","D1 medium spiny neuron"
1.52045431330922e-100,1.64844110191405,0.61,0.252,4.52624044529021e-96,"AP000787.1","AD_vs_PD","D1 medium spiny neuron"
4.59966225771191e-99,1.10759436222958,0.81,0.492,1.36927345749826e-94,"AC069437.1","AD_vs_PD","D1 medium spiny neuron"
5.33970844717993e-97,1.3696059652207,0.686,0.347,1.58957780764099e-92,"AC006059.1","AD_vs_PD","D1 medium spiny neuron"
6.85746046477984e-97,1.96949601471918,0.526,0.181,2.04139740576031e-92,"OVCH1-AS1","AD_vs_PD","D1 medium spiny neuron"
4.2447560701077e-96,1.84666988850616,0.547,0.202,1.26362143451036e-91,"AC130650.1","AD_vs_PD","D1 medium spiny neuron"
5.4825535250973e-96,2.34565832576504,0.408,0.081,1.63210135888622e-91,"AC217777.1","AD_vs_PD","D1 medium spiny neuron"
3.17906266033823e-94,1.61704367676738,0.571,0.181,9.46375163356087e-90,"XIST","AD_vs_PD","D1 medium spiny neuron"
5.89673547330504e-94,1.59087479196937,0.607,0.266,1.75539918304818e-89,"NUP210L","AD_vs_PD","D1 medium spiny neuron"
3.35227123414762e-93,2.09201951761113,0.49,0.16,9.97937623693405e-89,"CELF2-AS2","AD_vs_PD","D1 medium spiny neuron"
4.40196990160863e-93,1.44308262154684,0.673,0.357,1.31042242000987e-88,"AP001831.1","AD_vs_PD","D1 medium spiny neuron"
1.89289159706067e-92,2.8222853986506,0.389,0.084,5.63494899528991e-88,"AC105402.3","AD_vs_PD","D1 medium spiny neuron"
1.65484427519679e-90,1.78327010054993,0.54,0.203,4.92630592283331e-86,"P2RY14","AD_vs_PD","D1 medium spiny neuron"
3.18473421559425e-90,1.00803012944371,0.812,0.508,9.48063528640253e-86,"AL117190.2","AD_vs_PD","D1 medium spiny neuron"
2.8378195302957e-89,1.52376476481321,0.604,0.265,8.44790495973726e-85,"AC103974.1","AD_vs_PD","D1 medium spiny neuron"
7.86221400944311e-86,1.49605695893219,0.607,0.275,2.34050248847112e-81,"AP002370.2","AD_vs_PD","D1 medium spiny neuron"
6.22514120199289e-84,0.869197452106277,0.847,0.577,1.85316228442126e-79,"CRLF3","AD_vs_PD","D1 medium spiny neuron"
9.96912272415434e-82,2.12366918762367,0.43,0.13,2.96770814375351e-77,"DLGAP1-AS4","AD_vs_PD","D1 medium spiny neuron"
1.2761534422781e-79,1.11919040021883,0.715,0.406,3.79898118231767e-75,"SLC8A1-AS1","AD_vs_PD","D1 medium spiny neuron"
2.58031874118034e-76,1.31434029029521,0.659,0.371,7.68135086061976e-72,"AL450384.2","AD_vs_PD","D1 medium spiny neuron"
8.72580123399277e-76,0.772823363124356,0.861,0.619,2.59758376934731e-71,"RAB11A","AD_vs_PD","D1 medium spiny neuron"
5.2603719871724e-75,-1.00156228757785,0.397,0.695,1.56596013686135e-70,"UTY","AD_vs_PD","D1 medium spiny neuron"
6.25833128475838e-75,1.50115078994486,0.565,0.27,1.86304264015972e-70,"AL390783.1","AD_vs_PD","D1 medium spiny neuron"
6.47888596017886e-74,1.57967452693298,0.55,0.252,1.92869956148565e-69,"DIAPH2-AS1","AD_vs_PD","D1 medium spiny neuron"
7.76205571112134e-74,-0.947147135447719,0.413,0.726,2.31068636464371e-69,"TTTY14","AD_vs_PD","D1 medium spiny neuron"
6.11736115112896e-73,1.39523748456931,0.555,0.24,1.82107724107958e-68,"DNAH11","AD_vs_PD","D1 medium spiny neuron"
2.39043150255041e-72,1.43193973756803,0.549,0.245,7.11607553994232e-68,"AC019197.1","AD_vs_PD","D1 medium spiny neuron"
4.58113083561001e-72,0.598665960645306,0.944,0.74,1.36375683845275e-67,"GPR88","AD_vs_PD","D1 medium spiny neuron"
7.04733174923767e-72,1.47055531034119,0.555,0.256,2.09792018843056e-67,"C12orf40","AD_vs_PD","D1 medium spiny neuron"
4.34905795281755e-71,0.866464730686631,0.797,0.529,1.29467106197426e-66,"FBXW8","AD_vs_PD","D1 medium spiny neuron"
4.91802348432983e-71,1.33282193616531,0.591,0.286,1.46404641105015e-66,"ANKUB1","AD_vs_PD","D1 medium spiny neuron"
7.35924968551969e-71,1.6388597907273,0.485,0.196,2.19077503888236e-66,"CACNA2D3-AS1","AD_vs_PD","D1 medium spiny neuron"
1.13557771922113e-70,1.58345270636481,0.5,0.204,3.38050131234939e-66,"AC093879.1","AD_vs_PD","D1 medium spiny neuron"
1.13673571909256e-70,-0.915069999185644,0.412,0.738,3.38394856216663e-66,"NLGN4Y","AD_vs_PD","D1 medium spiny neuron"
1.29669222278813e-70,1.23537385735379,0.6,0.292,3.860123078018e-66,"RPL10","AD_vs_PD","D1 medium spiny neuron"
2.42186087497482e-70,2.03052538650224,0.388,0.113,7.20963763871254e-66,"FN1","AD_vs_PD","D1 medium spiny neuron"
1.05234828692516e-68,1.18380559413869,0.523,0.2,3.13273561534751e-64,"JAM2","AD_vs_PD","D1 medium spiny neuron"
1.3860360327131e-67,0.840049355888239,0.795,0.533,4.12609066578363e-63,"LRP4","AD_vs_PD","D1 medium spiny neuron"
1.62587453314765e-67,1.43883573286873,0.513,0.223,4.84006589772723e-63,"AC069228.1","AD_vs_PD","D1 medium spiny neuron"
3.09086280252312e-67,0.861716237622613,0.742,0.42,9.20118947683107e-63,"GPR12","AD_vs_PD","D1 medium spiny neuron"
4.06414568946341e-67,1.56537417847125,0.453,0.165,1.20985553029636e-62,"HDHD3","AD_vs_PD","D1 medium spiny neuron"
3.45542290998301e-66,1.30503855007617,0.561,0.271,1.02864484607284e-61,"AC002429.2","AD_vs_PD","D1 medium spiny neuron"
1.45772739900964e-65,1.68113618018914,0.458,0.186,4.33950869411179e-61,"AC073167.1","AD_vs_PD","D1 medium spiny neuron"
1.32812736822868e-64,0.862591603059544,0.767,0.475,3.95370236247996e-60,"NNAT","AD_vs_PD","D1 medium spiny neuron"
2.29949216414591e-64,0.854115631937853,0.759,0.529,6.84535822344595e-60,"HERC2P2","AD_vs_PD","D1 medium spiny neuron"
6.73543007577157e-64,1.63816888956395,0.454,0.185,2.00507017925644e-59,"AC010275.1","AD_vs_PD","D1 medium spiny neuron"
8.05714817721221e-63,1.29057944646937,0.543,0.26,2.3985324408743e-58,"ANGPTL1","AD_vs_PD","D1 medium spiny neuron"
2.2104258635177e-62,1.27602415740567,0.558,0.283,6.58021675310585e-58,"MFSD13B","AD_vs_PD","D1 medium spiny neuron"
2.59580839559623e-62,1.71128491139493,0.422,0.159,7.72746201285042e-58,"AC104827.1","AD_vs_PD","D1 medium spiny neuron"
2.98639604060126e-61,0.525602014551297,0.93,0.757,8.89020237326588e-57,"PDIA6","AD_vs_PD","D1 medium spiny neuron"
1.00005985169127e-60,1.88856501129527,0.391,0.14,2.97707817249974e-56,"MACROD2-AS1","AD_vs_PD","D1 medium spiny neuron"
2.13324173639635e-60,1.25810873183939,0.61,0.355,6.35044732507829e-56,"AC010127.1","AD_vs_PD","D1 medium spiny neuron"
7.53648871690731e-59,1.05199973182767,0.63,0.354,2.24353732613614e-54,"SAT2","AD_vs_PD","D1 medium spiny neuron"
5.20338659206886e-58,0.658594905213686,0.835,0.534,1.54899615459298e-53,"FTL","AD_vs_PD","D1 medium spiny neuron"
1.00821847356534e-57,0.894290454560344,0.693,0.422,3.00136557395666e-53,"LINC01572","AD_vs_PD","D1 medium spiny neuron"
2.30845537036834e-57,1.27688300215708,0.437,0.163,6.8720407920495e-53,"GAREM1","AD_vs_PD","D1 medium spiny neuron"
3.46746103279865e-57,0.72901407020009,0.811,0.586,1.03222847485383e-52,"RAPH1","AD_vs_PD","D1 medium spiny neuron"
1.18380652816438e-56,2.12559795094105,0.298,0.076,3.52407365369256e-52,"AC007192.2","AD_vs_PD","D1 medium spiny neuron"
1.38146887113499e-56,1.09868516317187,0.564,0.282,4.11249468248176e-52,"TDRD9","AD_vs_PD","D1 medium spiny neuron"
1.51626553159975e-56,0.962643909872424,0.674,0.425,4.51377086101929e-52,"SLC38A11","AD_vs_PD","D1 medium spiny neuron"
2.26448198685017e-56,0.525207269909067,0.925,0.715,6.74113642665428e-52,"ATP1A1","AD_vs_PD","D1 medium spiny neuron"
3.16112676958493e-56,1.08334446200463,0.623,0.364,9.41035828037738e-52,"LRTM1","AD_vs_PD","D1 medium spiny neuron"
8.92062135066879e-56,1.09167615950516,0.587,0.316,2.65557976988059e-51,"AC007038.1","AD_vs_PD","D1 medium spiny neuron"
8.99041049467171e-56,2.12703481301278,0.303,0.081,2.67635530015882e-51,"LSAMP-AS1","AD_vs_PD","D1 medium spiny neuron"
1.14202619618291e-55,1.10225316875303,0.576,0.299,3.3996977834169e-51,"MAK","AD_vs_PD","D1 medium spiny neuron"
1.34898537368892e-55,2.17633509741102,0.302,0.081,4.01579455893454e-51,"OR2H2","AD_vs_PD","D1 medium spiny neuron"
1.71147615220125e-55,1.43392409448258,0.446,0.187,5.09489335748791e-51,"AP000462.1","AD_vs_PD","D1 medium spiny neuron"
1.72253290973396e-55,1.20685144521328,0.55,0.285,5.12780821898702e-51,"TIMP3","AD_vs_PD","D1 medium spiny neuron"
8.54931519734412e-55,1.78333491814118,0.361,0.125,2.54504564109737e-50,"DLGAP1-AS5","AD_vs_PD","D1 medium spiny neuron"
1.56958162004479e-54,1.4073917286473,0.381,0.128,4.67248752471132e-50,"MRAP2","AD_vs_PD","D1 medium spiny neuron"
2.17207692451935e-54,1.7363332828269,0.38,0.143,6.46605579660165e-50,"AC096576.2","AD_vs_PD","D1 medium spiny neuron"
4.53614214249558e-54,1.27089693377784,0.484,0.22,1.35036415439951e-49,"AC244669.1","AD_vs_PD","D1 medium spiny neuron"
5.78173714445871e-54,2.75924762133441,0.206,0.025,1.72116533053391e-49,"NPIPB15","AD_vs_PD","D1 medium spiny neuron"
6.31088774699064e-54,0.761053762936383,0.756,0.461,1.87868817340164e-49,"SCG2","AD_vs_PD","D1 medium spiny neuron"
1.39053921832238e-53,1.23666146927236,0.548,0.297,4.13949619902389e-49,"RORA-AS1","AD_vs_PD","D1 medium spiny neuron"
7.21207037398384e-53,0.728825560636739,0.744,0.485,2.14696122963125e-48,"IP6K2","AD_vs_PD","D1 medium spiny neuron"
1.81674730146131e-52,1.9267477702261,0.337,0.116,5.40827504172019e-48,"AC013640.1","AD_vs_PD","D1 medium spiny neuron"
3.03772308517745e-52,0.558272571598162,0.862,0.588,9.04299785226474e-48,"TSPAN7","AD_vs_PD","D1 medium spiny neuron"
3.93007388674462e-52,0.522400412812448,0.878,0.618,1.16994369534501e-47,"THY1","AD_vs_PD","D1 medium spiny neuron"
5.5931584946031e-52,1.62966589977829,0.37,0.137,1.6650273522584e-47,"PRKD3","AD_vs_PD","D1 medium spiny neuron"
9.79468946198206e-52,1.67545476363855,0.382,0.149,2.91578110593744e-47,"AC025580.2","AD_vs_PD","D1 medium spiny neuron"
1.15851740230093e-51,0.660844899782588,0.815,0.561,3.44879045490963e-47,"LAMP5","AD_vs_PD","D1 medium spiny neuron"
1.39925158182617e-50,0.705623548210319,0.774,0.515,4.16543203393833e-46,"PCSK1N","AD_vs_PD","D1 medium spiny neuron"
1.77440502953256e-50,1.45696234948743,0.387,0.147,5.28222633241548e-46,"PAWR","AD_vs_PD","D1 medium spiny neuron"
3.11108014986819e-50,1.40987814611995,0.449,0.209,9.26137449814263e-46,"LINC02143","AD_vs_PD","D1 medium spiny neuron"
3.99431613929085e-50,-0.860506877143755,0.394,0.654,1.18906797150549e-45,"USP9Y","AD_vs_PD","D1 medium spiny neuron"
7.69899383849661e-50,2.15102719612407,0.268,0.069,2.29191347578206e-45,"AC103770.1","AD_vs_PD","D1 medium spiny neuron"
8.200605514889e-50,1.26857711021975,0.47,0.224,2.44123825572731e-45,"PGM5P2","AD_vs_PD","D1 medium spiny neuron"
2.0630101749087e-49,0.954882471683559,0.632,0.381,6.1413749896857e-45,"CCDC65","AD_vs_PD","D1 medium spiny neuron"
2.39244383145472e-49,1.43980644867113,0.389,0.151,7.12206604185757e-45,"AC010168.1","AD_vs_PD","D1 medium spiny neuron"
2.82521174589416e-49,0.936521521372571,0.623,0.358,8.41037284635232e-45,"RPL3P4","AD_vs_PD","D1 medium spiny neuron"
5.35511297339616e-49,0.949047359914499,0.628,0.368,1.5941635810503e-44,"AP001825.1","AD_vs_PD","D1 medium spiny neuron"
5.85839558732336e-49,1.73068842571397,0.339,0.122,1.74398578239029e-44,"AC017101.1","AD_vs_PD","D1 medium spiny neuron"
8.67576678836896e-49,1.2544109882469,0.447,0.2,2.58268901522956e-44,"AL035685.1","AD_vs_PD","D1 medium spiny neuron"
2.04178853631852e-48,1.61720890448734,0.36,0.137,6.07820029376662e-44,"AC004039.1","AD_vs_PD","D1 medium spiny neuron"
2.10349855977512e-48,1.19762476050653,0.487,0.236,6.26190486259455e-44,"RHBDL2","AD_vs_PD","D1 medium spiny neuron"
2.23946355581484e-48,1.29952661807387,0.468,0.227,6.66665905930521e-44,"AC011092.2","AD_vs_PD","D1 medium spiny neuron"
3.19191985712274e-48,0.818480995204961,0.624,0.348,9.50202622266868e-44,"BEX4","AD_vs_PD","D1 medium spiny neuron"
3.25073275856881e-48,0.860139663586366,0.584,0.321,9.6771063489835e-44,"SLC38A2","AD_vs_PD","D1 medium spiny neuron"
6.00402491564365e-48,0.763390076018189,0.709,0.43,1.78733817713796e-43,"TMSB10","AD_vs_PD","D1 medium spiny neuron"
3.06099986901323e-47,0.817614661677728,0.669,0.407,9.11229051006548e-43,"KLHL28","AD_vs_PD","D1 medium spiny neuron"
3.53020429781126e-47,1.17550080645211,0.494,0.249,1.05090651741543e-42,"THSD4","AD_vs_PD","D1 medium spiny neuron"
1.57383270444837e-46,1.91398520204288,0.307,0.104,4.68514257787236e-42,"AL139147.1","AD_vs_PD","D1 medium spiny neuron"
2.76321615519462e-46,1.02276069079585,0.48,0.227,8.22581817239885e-42,"GAB2","AD_vs_PD","D1 medium spiny neuron"
2.81278118224887e-46,1.55151719693271,0.371,0.151,8.37336830143667e-42,"AC139720.1","AD_vs_PD","D1 medium spiny neuron"
3.36540596273347e-46,1.70912865002991,0.332,0.122,1.00184770104613e-41,"AC096576.3","AD_vs_PD","D1 medium spiny neuron"
3.51461120901287e-46,0.824705098778659,0.632,0.362,1.04626461081104e-41,"HOOK2","AD_vs_PD","D1 medium spiny neuron"
3.53784965414486e-46,1.23496664842827,0.471,0.237,1.05318246354238e-41,"AC023590.1","AD_vs_PD","D1 medium spiny neuron"
6.78732854676511e-46,0.861125245116387,0.527,0.252,2.0205198350865e-41,"ITM2C","AD_vs_PD","D1 medium spiny neuron"
1.06659502646207e-45,1.34877015920847,0.427,0.198,3.17514673427493e-41,"BIRC6-AS2","AD_vs_PD","D1 medium spiny neuron"
2.92407884109879e-45,1.39007029338391,0.433,0.213,8.70469030206698e-41,"AC016723.1","AD_vs_PD","D1 medium spiny neuron"
3.17886220161176e-45,1.3162057997936,0.421,0.195,9.46315488797805e-41,"AC211433.1","AD_vs_PD","D1 medium spiny neuron"
3.31623616317227e-45,1.3406016239202,0.352,0.128,9.87210343414752e-41,"CEBPD","AD_vs_PD","D1 medium spiny neuron"
3.32317542652191e-45,1.14725134596527,0.507,0.268,9.89276092721309e-41,"AL049830.3","AD_vs_PD","D1 medium spiny neuron"
4.82902895706936e-45,1.01386534753229,0.495,0.246,1.43755363022998e-40,"RPL29","AD_vs_PD","D1 medium spiny neuron"
5.79805128467079e-45,0.579491913590114,0.844,0.631,1.72602188693365e-40,"PDXDC1","AD_vs_PD","D1 medium spiny neuron"
8.10290770834011e-45,2.06102752905342,0.233,0.054,2.41215459569577e-40,"Z99774.1","AD_vs_PD","D1 medium spiny neuron"
1.0279984943196e-44,0.698455463755633,0.733,0.492,3.06024871774003e-40,"BEX3","AD_vs_PD","D1 medium spiny neuron"
1.47900504854062e-44,0.966033313781858,0.561,0.318,4.40285012900058e-40,"H2AFZ","AD_vs_PD","D1 medium spiny neuron"
1.52191672321771e-44,1.0509638859818,0.49,0.241,4.53059389334679e-40,"C2orf88","AD_vs_PD","D1 medium spiny neuron"
2.24466851162372e-44,1.09017769614317,0.505,0.264,6.68215369225266e-40,"RPL19","AD_vs_PD","D1 medium spiny neuron"
2.69723783276787e-44,0.994779161150859,0.532,0.287,8.02940730436666e-40,"AL357055.3","AD_vs_PD","D1 medium spiny neuron"
2.95409537620049e-44,1.22956137586234,0.472,0.248,8.79404652541125e-40,"FILIP1L","AD_vs_PD","D1 medium spiny neuron"
3.15388230455713e-44,1.50487062870415,0.336,0.124,9.38879223243613e-40,"ATP1A1-AS1","AD_vs_PD","D1 medium spiny neuron"
3.56931938045507e-44,1.4405750916635,0.381,0.163,1.06255068636767e-39,"AC027018.1","AD_vs_PD","D1 medium spiny neuron"
1.04447851337696e-43,1.04133960113657,0.496,0.249,3.10930808647187e-39,"RPL18","AD_vs_PD","D1 medium spiny neuron"
1.05449790049658e-43,0.85506055263463,0.559,0.304,3.13913479998828e-39,"RBM48","AD_vs_PD","D1 medium spiny neuron"
1.50462666916887e-43,0.634959086347919,0.773,0.52,4.47912313144882e-39,"GPR6","AD_vs_PD","D1 medium spiny neuron"
1.55009964610796e-43,0.761098337378691,0.69,0.443,4.61449163649879e-39,"DPP10","AD_vs_PD","D1 medium spiny neuron"
1.7987419418162e-43,0.737632023788842,0.7,0.448,5.35467488659265e-39,"BAIAP2L2","AD_vs_PD","D1 medium spiny neuron"
3.10066258411501e-43,1.5942991240717,0.329,0.123,9.23036244665197e-39,"MAPKAPK5-AS1","AD_vs_PD","D1 medium spiny neuron"
3.78377528061541e-43,1.2653658888982,0.426,0.205,1.1263920632864e-38,"C9orf84","AD_vs_PD","D1 medium spiny neuron"
8.73496493098684e-43,1.51984336319558,0.341,0.135,2.60031171030547e-38,"AC008731.1","AD_vs_PD","D1 medium spiny neuron"
8.91732082627471e-43,1.44765103296322,0.362,0.152,2.65459723677372e-38,"AC011511.1","AD_vs_PD","D1 medium spiny neuron"
1.22054929471764e-42,0.59047555673509,0.806,0.568,3.63345319544493e-38,"TOMM20","AD_vs_PD","D1 medium spiny neuron"
1.79236156585208e-42,1.74565276065728,0.291,0.098,5.33568114538506e-38,"ZBTB20-AS5","AD_vs_PD","D1 medium spiny neuron"
2.14638481314206e-42,0.65977410965189,0.681,0.427,6.38957295024261e-38,"HMOX2","AD_vs_PD","D1 medium spiny neuron"
4.72783435667357e-42,1.50328832776827,0.356,0.15,1.40742900963816e-37,"AC131571.1","AD_vs_PD","D1 medium spiny neuron"
5.24802860560185e-42,1.45153747649608,0.372,0.164,1.56228563560162e-37,"AL139184.1","AD_vs_PD","D1 medium spiny neuron"
5.43849962246603e-42,1.52860733803079,0.36,0.155,1.61898695261191e-37,"KIZ-AS1","AD_vs_PD","D1 medium spiny neuron"
7.23246261172139e-42,1.82172472416884,0.28,0.092,2.15303179488334e-37,"IL7","AD_vs_PD","D1 medium spiny neuron"
1.02028991459012e-41,0.566776111769589,0.759,0.464,3.03730104674333e-37,"SFMBT2","AD_vs_PD","D1 medium spiny neuron"
1.40720101869763e-41,1.14784237543873,0.464,0.237,4.18909671256096e-37,"RPP38","AD_vs_PD","D1 medium spiny neuron"
2.10653325956914e-41,1.36588680718951,0.377,0.168,6.27093886041136e-37,"LINC02281","AD_vs_PD","D1 medium spiny neuron"
2.14284576711192e-41,0.671867092793344,0.702,0.461,6.37903756411547e-37,"KLF5","AD_vs_PD","D1 medium spiny neuron"
2.40166932843805e-41,1.13294133251336,0.441,0.214,7.14952942382723e-37,"AC005037.1","AD_vs_PD","D1 medium spiny neuron"
3.08773964638778e-41,0.824661297738663,0.588,0.336,9.1918921533318e-37,"PPP2R3A","AD_vs_PD","D1 medium spiny neuron"
4.79292436740327e-41,1.09688262276285,0.451,0.223,1.42680565493228e-36,"AC104123.1","AD_vs_PD","D1 medium spiny neuron"
8.39423721568872e-41,0.792897786019765,0.611,0.375,2.49888047673837e-36,"ZNF862","AD_vs_PD","D1 medium spiny neuron"
9.2743467776694e-41,1.22049342652985,0.395,0.174,2.7608802922444e-36,"COPS9","AD_vs_PD","D1 medium spiny neuron"
2.04832359569342e-40,2.28459709762036,0.242,0.07,6.09765451201974e-36,"LINC01060","AD_vs_PD","D1 medium spiny neuron"
2.35628180077102e-40,1.53555596274913,0.335,0.138,7.01441529271525e-36,"AL359317.2","AD_vs_PD","D1 medium spiny neuron"
2.55836722485907e-40,1.94121853851735,0.252,0.077,7.61600339168295e-36,"AP001439.1","AD_vs_PD","D1 medium spiny neuron"
3.39172795811187e-40,0.537593562999761,0.837,0.65,1.00968349585032e-35,"C4orf47","AD_vs_PD","D1 medium spiny neuron"
3.9308229790604e-40,1.2806796828216,0.35,0.145,1.17016669263649e-35,"LRRC10B","AD_vs_PD","D1 medium spiny neuron"
4.82355373724492e-40,1.38692319882525,0.352,0.146,1.43592371204044e-35,"ANGPT2","AD_vs_PD","D1 medium spiny neuron"
5.47710541113304e-40,0.972218381668518,0.532,0.301,1.63047950984019e-35,"AP000311.1","AD_vs_PD","D1 medium spiny neuron"
6.77102493891727e-40,1.14266876711247,0.443,0.22,2.01566641406628e-35,"AP002336.2","AD_vs_PD","D1 medium spiny neuron"
7.50679519164467e-40,1.68502548070805,0.31,0.12,2.2346978606007e-35,"DEFB109A","AD_vs_PD","D1 medium spiny neuron"
7.74911873275514e-40,0.521293375672733,0.836,0.64,2.30683515555388e-35,"JCAD","AD_vs_PD","D1 medium spiny neuron"
1.11942098978286e-39,1.47540592740292,0.362,0.163,3.3324043444846e-35,"CHRM3-AS2","AD_vs_PD","D1 medium spiny neuron"
1.12879499195293e-39,0.567254371869587,0.806,0.589,3.36030981154467e-35,"SF1","AD_vs_PD","D1 medium spiny neuron"
1.53281430106739e-39,0.609737166694281,0.748,0.527,4.56303489284752e-35,"AC074032.1","AD_vs_PD","D1 medium spiny neuron"
1.79755840765607e-39,1.0188467486478,0.438,0.21,5.35115162375137e-35,"CCDC85B","AD_vs_PD","D1 medium spiny neuron"
1.97716893991303e-39,0.922809508911002,0.447,0.212,5.88583421722709e-35,"CNIH2","AD_vs_PD","D1 medium spiny neuron"
2.14199610683633e-39,1.24519385713899,0.375,0.167,6.37650821044107e-35,"AC011476.3","AD_vs_PD","D1 medium spiny neuron"
2.53378113115891e-39,0.753549267811315,0.623,0.379,7.54281304934695e-35,"AL669831.3","AD_vs_PD","D1 medium spiny neuron"
2.84816075498673e-39,1.43565325096306,0.37,0.17,8.47868975152001e-35,"AC020611.2","AD_vs_PD","D1 medium spiny neuron"
4.20811025115478e-39,1.22900509752559,0.427,0.219,1.25271234066627e-34,"AC063944.1","AD_vs_PD","D1 medium spiny neuron"
4.84855411801261e-39,0.654003758135691,0.717,0.479,1.44336607539117e-34,"PTGR1","AD_vs_PD","D1 medium spiny neuron"
9.38196877422696e-39,0.726247800954811,0.606,0.35,2.79291828439962e-34,"AC021439.1","AD_vs_PD","D1 medium spiny neuron"
1.01334090598497e-38,1.50826452111378,0.313,0.122,3.01661454302665e-34,"AL512422.2","AD_vs_PD","D1 medium spiny neuron"
1.02724389487092e-38,1.57229588635877,0.294,0.107,3.05800235064125e-34,"AC005009.2","AD_vs_PD","D1 medium spiny neuron"
1.80526750597226e-38,1.19223985246189,0.41,0.198,5.37410083852882e-34,"PIGC","AD_vs_PD","D1 medium spiny neuron"
1.95294178569225e-38,0.606672352603866,0.724,0.507,5.81371240182727e-34,"ZNF189","AD_vs_PD","D1 medium spiny neuron"
2.03220965425731e-38,1.32382320406178,0.404,0.204,6.0496849197586e-34,"ANP32AP1","AD_vs_PD","D1 medium spiny neuron"
2.30736900066572e-38,1.22336916910593,0.41,0.197,6.86880677808179e-34,"BTG1","AD_vs_PD","D1 medium spiny neuron"
2.51592965310129e-38,1.30941391702588,0.387,0.184,7.48967098431722e-34,"AC008056.1","AD_vs_PD","D1 medium spiny neuron"
2.59350371741713e-38,1.70754656677564,0.298,0.116,7.72060121637906e-34,"AC092839.1","AD_vs_PD","D1 medium spiny neuron"
2.68455281934296e-38,-0.93993065152315,0.404,0.576,7.99164528790205e-34,"MCTP2","AD_vs_PD","D1 medium spiny neuron"
2.91979668932599e-38,-1.23785314226602,0.244,0.445,8.69194276445453e-34,"TBL1Y","AD_vs_PD","D1 medium spiny neuron"
3.43675366362316e-38,0.965752006137723,0.547,0.327,1.02308719812398e-33,"AC018816.1","AD_vs_PD","D1 medium spiny neuron"
3.58848970368414e-38,0.945315548915259,0.518,0.301,1.06825749988973e-33,"AC058822.1","AD_vs_PD","D1 medium spiny neuron"
8.39907469829578e-38,1.67814264029178,0.254,0.081,2.50032054693567e-33,"AC104461.1","AD_vs_PD","D1 medium spiny neuron"
9.48753596813703e-38,0.552733310430206,0.74,0.469,2.82434458235471e-33,"JUND","AD_vs_PD","D1 medium spiny neuron"
9.58317185532305e-38,0.652907571840999,0.714,0.492,2.85281442961112e-33,"TUBA1A","AD_vs_PD","D1 medium spiny neuron"
9.7677819446035e-38,1.40612974646182,0.335,0.141,2.90777100708901e-33,"AP001011.1","AD_vs_PD","D1 medium spiny neuron"
1.57733359442757e-37,1.51598417341663,0.238,0.067,4.69556437725144e-33,"ITGA10","AD_vs_PD","D1 medium spiny neuron"
1.61191346744095e-37,1.40546744805861,0.352,0.155,4.79850520122497e-33,"RARRES1","AD_vs_PD","D1 medium spiny neuron"
1.87092863334403e-37,0.827280770327968,0.576,0.351,5.56956744860184e-33,"PHF6","AD_vs_PD","D1 medium spiny neuron"
1.91230246179105e-37,1.1659647306637,0.391,0.184,5.69273319850576e-33,"C9orf41-AS1","AD_vs_PD","D1 medium spiny neuron"
3.97150887943222e-37,1.05216477652315,0.474,0.265,1.18227847831818e-32,"DDX3P1","AD_vs_PD","D1 medium spiny neuron"
4.74193584987174e-37,0.974093408631441,0.484,0.26,1.41162688314832e-32,"AC008267.3","AD_vs_PD","D1 medium spiny neuron"
5.51769638868841e-37,1.86244218469057,0.226,0.064,1.64256303794865e-32,"AC023905.1","AD_vs_PD","D1 medium spiny neuron"
6.45219221556764e-37,1.42859621756836,0.321,0.132,1.92075310065233e-32,"AC015971.1","AD_vs_PD","D1 medium spiny neuron"
9.28967650685753e-37,1.54993376363026,0.293,0.111,2.76544379932642e-32,"ST7-AS2","AD_vs_PD","D1 medium spiny neuron"
9.87670825001541e-37,0.729265373817283,0.586,0.347,2.94019727894709e-32,"GABARAPL2","AD_vs_PD","D1 medium spiny neuron"
9.90292939542165e-37,0.899990718881277,0.528,0.311,2.94800305172307e-32,"DYNLT1","AD_vs_PD","D1 medium spiny neuron"
1.23801294286891e-36,0.500971961912343,0.854,0.656,3.68544072962647e-32,"LINC00486","AD_vs_PD","D1 medium spiny neuron"
1.60789895497184e-36,0.995356611860919,0.432,0.218,4.78655439905566e-32,"RPSA","AD_vs_PD","D1 medium spiny neuron"
1.80528922242893e-36,0.835255161274528,0.538,0.31,5.37416548624868e-32,"RPL13","AD_vs_PD","D1 medium spiny neuron"
2.11245791675704e-36,0.594487404761264,0.705,0.467,6.28857597239403e-32,"HRH3","AD_vs_PD","D1 medium spiny neuron"
2.68608150177295e-36,1.71630966321697,0.254,0.086,7.99619602262789e-32,"LARGE-AS1","AD_vs_PD","D1 medium spiny neuron"
3.68157993625637e-36,1.76648765466052,0.263,0.092,1.09596953122416e-31,"AC015849.3","AD_vs_PD","D1 medium spiny neuron"
3.70357637163054e-36,1.16468950769983,0.386,0.184,1.1025176500707e-31,"HTR2A","AD_vs_PD","D1 medium spiny neuron"
3.9334168125767e-36,0.692249610761624,0.657,0.435,1.17093885093596e-31,"NSUN3","AD_vs_PD","D1 medium spiny neuron"
4.35167124837126e-36,0.831967178951554,0.549,0.328,1.29544901392764e-31,"NEIL1","AD_vs_PD","D1 medium spiny neuron"
5.08536373969137e-36,1.06774016397566,0.413,0.204,1.51386193166872e-31,"COL6A1","AD_vs_PD","D1 medium spiny neuron"
5.25725435771737e-36,0.819409977451135,0.565,0.345,1.56503204974888e-31,"TCHP","AD_vs_PD","D1 medium spiny neuron"
6.34833107455073e-36,0.661186135301512,0.692,0.471,1.88983467758301e-31,"KCNA4","AD_vs_PD","D1 medium spiny neuron"
6.52656341886216e-36,1.64165177999447,0.26,0.091,1.94289266416108e-31,"AC023906.4","AD_vs_PD","D1 medium spiny neuron"
6.72988823937377e-36,1.99987966249096,0.225,0.068,2.00342042997918e-31,"ERICH3-AS1","AD_vs_PD","D1 medium spiny neuron"
7.06542840181734e-36,1.9964531358744,0.2,0.051,2.103307380937e-31,"AL136298.1","AD_vs_PD","D1 medium spiny neuron"
8.42137201058538e-36,1.67440098086724,0.258,0.089,2.50695823383116e-31,"AL049869.3","AD_vs_PD","D1 medium spiny neuron"
1.54505768527602e-35,1.89742433861041,0.204,0.052,4.59948222329818e-31,"LRRC37A","AD_vs_PD","D1 medium spiny neuron"
1.9002462199585e-35,0.690211366642262,0.619,0.384,5.65684297219445e-31,"FAM84A","AD_vs_PD","D1 medium spiny neuron"
2.12574314250018e-35,0.776754722559156,0.504,0.272,6.32812476090879e-31,"RPS2","AD_vs_PD","D1 medium spiny neuron"
2.13342249218741e-35,-0.955895573111077,0.395,0.552,6.3509854169927e-31,"LEPR","AD_vs_PD","D1 medium spiny neuron"
2.23781303815429e-35,1.54764690705878,0.271,0.098,6.66174563328151e-31,"RPS3AP6","AD_vs_PD","D1 medium spiny neuron"
2.97579247952166e-35,1.05357094761063,0.379,0.173,8.85863663228804e-31,"PCDH8","AD_vs_PD","D1 medium spiny neuron"
3.03817141834689e-35,1.92465263649741,0.23,0.072,9.04433249527684e-31,"SUCLA2P3","AD_vs_PD","D1 medium spiny neuron"
3.65496364399822e-35,-1.30358836716758,0.187,0.377,1.08804612718183e-30,"TTTY10","AD_vs_PD","D1 medium spiny neuron"
3.74885917078751e-35,1.29030349260706,0.351,0.16,1.11599788655173e-30,"AL158801.3","AD_vs_PD","D1 medium spiny neuron"
4.84481219259578e-35,0.837503380580127,0.489,0.265,1.44225214161384e-30,"CHCHD2","AD_vs_PD","D1 medium spiny neuron"
9.01179074314068e-35,0.647001750016669,0.738,0.566,2.68271998632555e-30,"FAM153C","AD_vs_PD","D1 medium spiny neuron"
1.03380054199665e-34,1.20780506358163,0.348,0.154,3.07752083346982e-30,"AC004551.1","AD_vs_PD","D1 medium spiny neuron"
1.25485342920596e-34,0.571232257005643,0.754,0.546,3.73557317340321e-30,"CALCOCO1","AD_vs_PD","D1 medium spiny neuron"
1.31551359907587e-34,1.57910591817121,0.266,0.096,3.91615243308897e-30,"AC090138.1","AD_vs_PD","D1 medium spiny neuron"
1.46407431733054e-34,-1.04166726217429,0.295,0.483,4.35840283526129e-30,"GYG2P1","AD_vs_PD","D1 medium spiny neuron"
2.11240877794713e-34,0.81785403192405,0.518,0.307,6.2884296910708e-30,"PTRH2","AD_vs_PD","D1 medium spiny neuron"
2.66293985198202e-34,1.38503536146521,0.309,0.129,7.92730564536528e-30,"BCL2L14","AD_vs_PD","D1 medium spiny neuron"
3.25703561731988e-34,0.756529509058137,0.58,0.354,9.69586932919956e-30,"HINT1","AD_vs_PD","D1 medium spiny neuron"
3.34900830779051e-34,0.666106785700479,0.638,0.414,9.96966283146156e-30,"AF228730.7","AD_vs_PD","D1 medium spiny neuron"
3.62160778324241e-34,1.73144330523076,0.25,0.088,1.07811642099343e-29,"AC008067.1","AD_vs_PD","D1 medium spiny neuron"
5.18736591790534e-34,1.44978717774734,0.281,0.108,1.54422696010124e-29,"AC141586.1","AD_vs_PD","D1 medium spiny neuron"
1.17659810874728e-33,0.720000455834288,0.535,0.304,3.50261490992977e-29,"GUK1","AD_vs_PD","D1 medium spiny neuron"
1.74208316040511e-33,1.38409354460405,0.297,0.121,5.18600736020997e-29,"AL139294.1","AD_vs_PD","D1 medium spiny neuron"
1.90632765017692e-33,0.936305641514221,0.443,0.233,5.67494678181167e-29,"ADCY1","AD_vs_PD","D1 medium spiny neuron"
2.09896158927481e-33,0.631099402789304,0.703,0.496,6.24839875511219e-29,"ZNF302","AD_vs_PD","D1 medium spiny neuron"
2.2258883817937e-33,0.509264707257558,0.806,0.604,6.62624712376166e-29,"CCNI","AD_vs_PD","D1 medium spiny neuron"
2.64322677765046e-33,0.917316123174682,0.552,0.36,7.86862179438764e-29,"AL353626.1","AD_vs_PD","D1 medium spiny neuron"
2.68177627940747e-33,1.35308370823775,0.25,0.084,7.98337980616811e-29,"PAXX","AD_vs_PD","D1 medium spiny neuron"
2.68811300818587e-33,1.51983906680171,0.29,0.118,8.00224361406853e-29,"AC131934.1","AD_vs_PD","D1 medium spiny neuron"
2.92081749497954e-33,0.631582601074916,0.632,0.379,8.6949816008046e-29,"SPON1","AD_vs_PD","D1 medium spiny neuron"
3.11110742648973e-33,1.52131852999118,0.248,0.086,9.26145569791728e-29,"SCRG1","AD_vs_PD","D1 medium spiny neuron"
3.46189215291157e-33,0.667496351321436,0.651,0.42,1.03057067500025e-28,"RPL14","AD_vs_PD","D1 medium spiny neuron"
4.43737696989441e-33,0.547462305908327,0.462,0.223,1.32096275016787e-28,"MT2A","AD_vs_PD","D1 medium spiny neuron"
5.11276518607783e-33,1.44496420586894,0.274,0.104,1.52201906824351e-28,"AC004448.4","AD_vs_PD","D1 medium spiny neuron"
7.69293453999419e-33,0.960912269063298,0.452,0.25,2.29010968321087e-28,"AL359706.1","AD_vs_PD","D1 medium spiny neuron"
1.05562327643593e-32,1.44678197717419,0.289,0.116,3.14248493162213e-28,"FLJ20021","AD_vs_PD","D1 medium spiny neuron"
1.23850115264274e-32,1.27444020157617,0.318,0.139,3.68689408130216e-28,"RPL10A","AD_vs_PD","D1 medium spiny neuron"
1.77521778578829e-32,1.05879262611641,0.337,0.149,5.28464582651316e-28,"HSD11B2","AD_vs_PD","D1 medium spiny neuron"
2.04400391946454e-32,1.62899027254163,0.25,0.091,6.08479526785399e-28,"AL391839.1","AD_vs_PD","D1 medium spiny neuron"
2.26571961509607e-32,1.70186610262032,0.241,0.085,6.74482072217949e-28,"ENPP7P2","AD_vs_PD","D1 medium spiny neuron"
2.49517176322384e-32,1.0742801557351,0.407,0.213,7.42787682194106e-28,"JAKMIP2-AS1","AD_vs_PD","D1 medium spiny neuron"
3.28734191975303e-32,0.630752970604499,0.655,0.428,9.78608816091279e-28,"CYHR1","AD_vs_PD","D1 medium spiny neuron"
4.01721338907511e-32,1.8689212861694,0.217,0.07,1.19588425379377e-27,"OPA1-AS1","AD_vs_PD","D1 medium spiny neuron"
6.50031566988971e-32,1.38253506828346,0.308,0.135,1.93507897176947e-27,"AL136311.1","AD_vs_PD","D1 medium spiny neuron"
6.72884997667503e-32,0.806602786439726,0.497,0.286,2.00311134955639e-27,"RPL41","AD_vs_PD","D1 medium spiny neuron"
6.83473062386532e-32,0.782227744505378,0.52,0.305,2.03463095941847e-27,"MRPS16","AD_vs_PD","D1 medium spiny neuron"
7.6263427765509e-32,0.692856232355788,0.554,0.332,2.27028598115144e-27,"RUNDC1","AD_vs_PD","D1 medium spiny neuron"
8.26015320894181e-32,1.88850440384366,0.21,0.065,2.45896500876989e-27,"AC113404.1","AD_vs_PD","D1 medium spiny neuron"
1.05277839375056e-31,1.47146053884872,0.252,0.093,3.13401600035604e-27,"CHDH","AD_vs_PD","D1 medium spiny neuron"
1.20735450218303e-31,1.06000231450591,0.408,0.217,3.59417361754868e-27,"AC092338.2","AD_vs_PD","D1 medium spiny neuron"
1.42745100156086e-31,0.996298522853227,0.377,0.185,4.24937888654651e-27,"B2M","AD_vs_PD","D1 medium spiny neuron"
1.67747887047117e-31,0.816039527935249,0.493,0.279,4.99368684950562e-27,"HERPUD1","AD_vs_PD","D1 medium spiny neuron"
2.2568157875047e-31,0.671279130842113,0.524,0.297,6.71831491782274e-27,"YPEL3","AD_vs_PD","D1 medium spiny neuron"
2.3492508001123e-31,0.626340839478391,0.632,0.412,6.99348470685432e-27,"EIF5","AD_vs_PD","D1 medium spiny neuron"
2.4502670967514e-31,0.602966550334108,0.646,0.433,7.29420012031924e-27,"LRRC37A2","AD_vs_PD","D1 medium spiny neuron"
2.7859595732887e-31,0.782467715258539,0.495,0.286,8.29352305372312e-27,"NFKBIZ","AD_vs_PD","D1 medium spiny neuron"
3.13728543248466e-31,0.693488280398894,0.65,0.451,9.33938500396359e-27,"SPEF1","AD_vs_PD","D1 medium spiny neuron"
4.39866787262818e-31,1.015960643115,0.33,0.144,1.30943943900268e-26,"EPHA5","AD_vs_PD","D1 medium spiny neuron"
4.5505440580106e-31,0.928865573845548,0.397,0.2,1.35465146062917e-26,"HIST1H2AC","AD_vs_PD","D1 medium spiny neuron"
5.22704230743564e-31,0.545774788879246,0.731,0.515,1.55603822450052e-26,"ARHGEF3","AD_vs_PD","D1 medium spiny neuron"
5.22741081701022e-31,0.838423271515449,0.437,0.233,1.55614792611577e-26,"ILF3-AS1","AD_vs_PD","D1 medium spiny neuron"
5.62751617171286e-31,0.916546573450782,0.443,0.25,1.6752552891572e-26,"RNF213","AD_vs_PD","D1 medium spiny neuron"
6.82001699524669e-31,0.507473523625528,0.785,0.57,2.03025085931499e-26,"SH3RF2","AD_vs_PD","D1 medium spiny neuron"
8.64448599069664e-31,0.933030972268546,0.397,0.198,2.57337703457048e-26,"COX5B","AD_vs_PD","D1 medium spiny neuron"
9.81013019384074e-31,0.635128601187365,0.646,0.425,2.92037765740445e-26,"DLD","AD_vs_PD","D1 medium spiny neuron"
1.13450736338327e-30,1.63061427262871,0.232,0.083,3.37731497005565e-26,"SYNPR-AS1","AD_vs_PD","D1 medium spiny neuron"
1.21283527546701e-30,0.523178920288576,0.747,0.539,3.61048933153773e-26,"CAND1","AD_vs_PD","D1 medium spiny neuron"
1.58136534799584e-30,0.52673567553218,0.755,0.543,4.70756650444882e-26,"PGP","AD_vs_PD","D1 medium spiny neuron"
1.62509123562086e-30,0.693704827436383,0.558,0.338,4.83773409931974e-26,"SRP14","AD_vs_PD","D1 medium spiny neuron"
1.67946449747192e-30,1.34193198945835,0.314,0.146,4.99959786252417e-26,"AC008534.1","AD_vs_PD","D1 medium spiny neuron"
2.15483415853723e-30,1.27137432308839,0.302,0.132,6.41472580654949e-26,"AP001442.1","AD_vs_PD","D1 medium spiny neuron"
2.39174427781513e-30,0.883614365402909,0.42,0.215,7.11998354062786e-26,"RPS16","AD_vs_PD","D1 medium spiny neuron"
3.02034020782193e-30,0.534608288660354,0.727,0.533,8.99125076466511e-26,"PRPF39","AD_vs_PD","D1 medium spiny neuron"
3.63391980958853e-30,0.625979354882249,0.627,0.416,1.08178158811641e-25,"CPVL","AD_vs_PD","D1 medium spiny neuron"
4.00806378317902e-30,1.32715997311105,0.273,0.112,1.19316050761456e-25,"AC119868.2","AD_vs_PD","D1 medium spiny neuron"
4.2193817623041e-30,0.795715578635529,0.49,0.285,1.25606775682031e-25,"ORMDL1","AD_vs_PD","D1 medium spiny neuron"
4.46800014457797e-30,1.46897949885264,0.26,0.104,1.33007896303941e-25,"FMO5","AD_vs_PD","D1 medium spiny neuron"
4.68059479332328e-30,0.93457938720223,0.381,0.189,1.39336626402441e-25,"UBASH3B","AD_vs_PD","D1 medium spiny neuron"
5.21820236129017e-30,1.60873626168238,0.238,0.088,1.55340666093247e-25,"AL024508.1","AD_vs_PD","D1 medium spiny neuron"
5.95847697042354e-30,1.01584381853459,0.416,0.232,1.77377900932538e-25,"STRADB","AD_vs_PD","D1 medium spiny neuron"
6.38668737637997e-30,0.541776472574802,0.707,0.496,1.90125296507455e-25,"EXTL2","AD_vs_PD","D1 medium spiny neuron"
7.62644495568931e-30,0.621597708668365,0.603,0.392,2.27031639885915e-25,"PPP1R10","AD_vs_PD","D1 medium spiny neuron"
7.95166953881734e-30,1.35138594801598,0.271,0.114,2.36713250501053e-25,"CEACAM22P","AD_vs_PD","D1 medium spiny neuron"
9.33520673839992e-30,0.898306295754292,0.418,0.221,2.77899769395427e-25,"NDUFAF4","AD_vs_PD","D1 medium spiny neuron"
9.62314223503371e-30,0.580278544653694,0.709,0.501,2.86471321194719e-25,"OPRM1","AD_vs_PD","D1 medium spiny neuron"
1.35306349959547e-29,1.45676491971203,0.246,0.095,4.02793473194577e-25,"ENO4","AD_vs_PD","D1 medium spiny neuron"
1.44510894968906e-29,0.85750510042461,0.442,0.246,4.30194483232937e-25,"FAT1","AD_vs_PD","D1 medium spiny neuron"
1.46625320744307e-29,0.649703685592756,0.603,0.399,4.36488917323728e-25,"TMEM64","AD_vs_PD","D1 medium spiny neuron"
1.58462566324202e-29,1.04835235524135,0.403,0.219,4.71727213690516e-25,"PCDH9-AS2","AD_vs_PD","D1 medium spiny neuron"
1.63608850582422e-29,1.15594236762567,0.31,0.141,4.87047187298812e-25,"FAM201A","AD_vs_PD","D1 medium spiny neuron"
1.81031378698893e-29,1.2176478172653,0.287,0.121,5.38912311248736e-25,"SMCR5","AD_vs_PD","D1 medium spiny neuron"
1.95743260193407e-29,0.837835655236177,0.466,0.27,5.82708111269753e-25,"COPS6","AD_vs_PD","D1 medium spiny neuron"
2.02057594989697e-29,0.907564959869972,0.39,0.199,6.01505254524828e-25,"OPRK1","AD_vs_PD","D1 medium spiny neuron"
2.21603484248688e-29,0.537002423616181,0.709,0.467,6.5969141225992e-25,"DYNLL1","AD_vs_PD","D1 medium spiny neuron"
2.27737807189692e-29,0.931742778003101,0.411,0.22,6.77952678222993e-25,"CCDC144NL-AS1","AD_vs_PD","D1 medium spiny neuron"
2.78411364775474e-29,0.924991280613717,0.425,0.238,8.28802791800108e-25,"SPDYA","AD_vs_PD","D1 medium spiny neuron"
3.00743811552178e-29,1.71516309415769,0.219,0.077,8.9528425260968e-25,"ARHGAP26-AS1","AD_vs_PD","D1 medium spiny neuron"
3.27839611334852e-29,0.860648207101848,0.428,0.233,9.75945738982721e-25,"RNF7","AD_vs_PD","D1 medium spiny neuron"
3.68928186991455e-29,0.620275463906139,0.592,0.37,1.09826231985486e-24,"ARL14EP","AD_vs_PD","D1 medium spiny neuron"
3.77631075605353e-29,0.58288522395414,0.617,0.399,1.12416994896958e-24,"NME3","AD_vs_PD","D1 medium spiny neuron"
3.89228559350893e-29,0.946047254755035,0.365,0.182,1.15869449833167e-24,"FAM89A","AD_vs_PD","D1 medium spiny neuron"
4.01513921591125e-29,0.635151624381487,0.638,0.44,1.19526679318462e-24,"C6orf141","AD_vs_PD","D1 medium spiny neuron"
4.13716761143201e-29,0.716490207738786,0.512,0.311,1.2315934262472e-24,"AC009237.3","AD_vs_PD","D1 medium spiny neuron"
4.229137904175e-29,1.55492827354811,0.242,0.094,1.25897206269386e-24,"P4HA3","AD_vs_PD","D1 medium spiny neuron"
5.69300704236923e-29,0.862084245786491,0.385,0.194,1.69475126644289e-24,"AC073621.1","AD_vs_PD","D1 medium spiny neuron"
6.43195665321957e-29,1.65025822689669,0.216,0.074,1.91472917609694e-24,"MTCP1","AD_vs_PD","D1 medium spiny neuron"
6.43977352490247e-29,0.770943203924169,0.511,0.309,1.91705618062822e-24,"MIR2052HG","AD_vs_PD","D1 medium spiny neuron"
6.55042146024231e-29,1.03305827340122,0.337,0.161,1.94999496449953e-24,"RPL7AP6","AD_vs_PD","D1 medium spiny neuron"
6.78514822515371e-29,0.622081426983783,0.596,0.383,2.01987077514601e-24,"CGGBP1","AD_vs_PD","D1 medium spiny neuron"
7.97475728543184e-29,-0.952711034489027,0.316,0.485,2.3740054963002e-24,"SOX9-AS1","AD_vs_PD","D1 medium spiny neuron"
8.12377943185785e-29,1.06045227419274,0.366,0.185,2.41836789906976e-24,"MIR181A2HG","AD_vs_PD","D1 medium spiny neuron"
9.98884215462019e-29,0.962564500632721,0.388,0.202,2.97357842100889e-24,"SMIM19","AD_vs_PD","D1 medium spiny neuron"
1.04335845582577e-28,0.621007612356634,0.634,0.418,3.10597378714773e-24,"C14orf2","AD_vs_PD","D1 medium spiny neuron"
1.300313729116e-28,1.1589798362762,0.331,0.162,3.87090394020541e-24,"SHISA6","AD_vs_PD","D1 medium spiny neuron"
1.40403813188501e-28,1.01926137201216,0.335,0.159,4.1796811148085e-24,"HACD4","AD_vs_PD","D1 medium spiny neuron"
1.50667047284939e-28,0.684729424677051,0.544,0.338,4.48520733062536e-24,"GFRA1","AD_vs_PD","D1 medium spiny neuron"
1.51721851564036e-28,0.786013949602025,0.501,0.305,4.51660779920977e-24,"RPLP2","AD_vs_PD","D1 medium spiny neuron"
1.57093433171017e-28,0.760986947628134,0.365,0.18,4.67651441206799e-24,"SPRED2","AD_vs_PD","D1 medium spiny neuron"
1.58744104408163e-28,-1.29724727104691,0.197,0.359,4.72565324412661e-24,"NCAN","AD_vs_PD","D1 medium spiny neuron"
1.7302132195567e-28,1.53192071620282,0.235,0.09,5.15067173329833e-24,"AC023906.3","AD_vs_PD","D1 medium spiny neuron"
1.98508845666532e-28,1.24837859475926,0.287,0.127,5.90940982664698e-24,"TH2LCRR","AD_vs_PD","D1 medium spiny neuron"
2.10248212960686e-28,1.00483824713674,0.37,0.19,6.25887905162667e-24,"AP002075.1","AD_vs_PD","D1 medium spiny neuron"
2.26469832807609e-28,1.25265703121364,0.294,0.132,6.7417804528497e-24,"SNHG8","AD_vs_PD","D1 medium spiny neuron"
2.26625013442352e-28,-0.744784848212769,0.53,0.631,6.74640002516538e-24,"MRPL41","AD_vs_PD","D1 medium spiny neuron"
3.19330585942619e-28,0.914142481850224,0.426,0.241,9.50615221292582e-24,"TMED11P","AD_vs_PD","D1 medium spiny neuron"
4.3569373113158e-28,1.10025402488929,0.354,0.186,1.2970166682056e-23,"GPSM2","AD_vs_PD","D1 medium spiny neuron"
6.168643904338e-28,0.557335891160649,0.705,0.501,1.83634360388238e-23,"TOM1L1","AD_vs_PD","D1 medium spiny neuron"
6.91416843712947e-28,0.594795129843541,0.64,0.424,2.05827880204907e-23,"BEX1","AD_vs_PD","D1 medium spiny neuron"
6.98859248412149e-28,0.510965994551185,0.738,0.57,2.08043409659813e-23,"NRSN1","AD_vs_PD","D1 medium spiny neuron"
7.00483689918724e-28,0.514779190410544,0.613,0.377,2.08526989651905e-23,"PTMA","AD_vs_PD","D1 medium spiny neuron"
7.66615053021986e-28,0.751521753121209,0.48,0.28,2.28213635134115e-23,"ATP5J","AD_vs_PD","D1 medium spiny neuron"
7.74393325782232e-28,1.00413551800245,0.37,0.194,2.30529149152113e-23,"AP005202.1","AD_vs_PD","D1 medium spiny neuron"
8.6026634169212e-28,0.609579929046639,0.63,0.438,2.56092687258327e-23,"ZNF814","AD_vs_PD","D1 medium spiny neuron"
8.99618390928173e-28,1.44764566832226,0.241,0.096,2.67807398795408e-23,"DPYD-AS1","AD_vs_PD","D1 medium spiny neuron"
1.06674983924503e-27,0.729936084963454,0.464,0.266,3.17560759644853e-23,"AC135782.1","AD_vs_PD","D1 medium spiny neuron"
1.22112817127264e-27,1.35912323300351,0.27,0.116,3.63517645306153e-23,"AL139021.1","AD_vs_PD","D1 medium spiny neuron"
1.22713213734811e-27,1.16668192587292,0.273,0.116,3.65304965967159e-23,"KRT10","AD_vs_PD","D1 medium spiny neuron"
1.71261469500448e-27,0.744577738975682,0.468,0.273,5.09828268555883e-23,"TCEAL2","AD_vs_PD","D1 medium spiny neuron"
2.1717762522204e-27,0.586396305918973,0.588,0.368,6.46516072523492e-23,"RPS19","AD_vs_PD","D1 medium spiny neuron"
2.29304572613781e-27,0.764079332846273,0.428,0.233,6.82616782213964e-23,"SS18L2","AD_vs_PD","D1 medium spiny neuron"
2.37618593715027e-27,1.00095900099374,0.366,0.19,7.07366791630264e-23,"ZNF213","AD_vs_PD","D1 medium spiny neuron"
2.56146313321388e-27,0.935772651601191,0.323,0.152,7.6252196012644e-23,"AC007969.1","AD_vs_PD","D1 medium spiny neuron"
2.60210645219015e-27,0.670594727026682,0.493,0.297,7.74621069752485e-23,"CLDN11","AD_vs_PD","D1 medium spiny neuron"
2.7228280571621e-27,0.759452625106311,0.472,0.278,8.10558684336587e-23,"SSB","AD_vs_PD","D1 medium spiny neuron"
3.09750593929319e-27,0.893654557029782,0.4,0.219,9.22096543068188e-23,"BTF3","AD_vs_PD","D1 medium spiny neuron"
3.5781732468719e-27,0.600960685836845,0.603,0.384,1.0651863938613e-22,"ATPIF1","AD_vs_PD","D1 medium spiny neuron"
3.7559002516659e-27,1.02467559582051,0.353,0.184,1.11809394591842e-22,"DENND6A-AS1","AD_vs_PD","D1 medium spiny neuron"
4.42969375983125e-27,0.706618028702573,0.501,0.296,1.31867553536416e-22,"RPS25","AD_vs_PD","D1 medium spiny neuron"
4.80254873674484e-27,0.605634777715714,0.608,0.401,1.42967073344157e-22,"RPL15","AD_vs_PD","D1 medium spiny neuron"
5.07899921736106e-27,0.685122855464,0.536,0.338,1.51196727701622e-22,"TRIM13","AD_vs_PD","D1 medium spiny neuron"
5.16573641047e-27,0.741680793816583,0.515,0.315,1.53778807203282e-22,"EIF1B","AD_vs_PD","D1 medium spiny neuron"
5.21792035885692e-27,1.37707648495247,0.254,0.107,1.55332271162812e-22,"SNAI3","AD_vs_PD","D1 medium spiny neuron"
5.91041735988482e-27,0.807483902393253,0.456,0.268,1.75947214386411e-22,"FAM227B","AD_vs_PD","D1 medium spiny neuron"
6.04585892448292e-27,1.54865350501249,0.211,0.075,1.79979174322932e-22,"ATP8B1","AD_vs_PD","D1 medium spiny neuron"
6.18270311099856e-27,0.828473101235141,0.449,0.268,1.84052888911316e-22,"TXNDC15","AD_vs_PD","D1 medium spiny neuron"
6.93722984329306e-27,0.507231868621169,0.628,0.41,2.06514395204991e-22,"PTMS","AD_vs_PD","D1 medium spiny neuron"
7.55184515938664e-27,1.18709312463875,0.291,0.133,2.24810878549781e-22,"TMEM179B","AD_vs_PD","D1 medium spiny neuron"
7.69142534209955e-27,1.20608766875936,0.243,0.095,2.28966041008961e-22,"AP001783.1","AD_vs_PD","D1 medium spiny neuron"
8.84301948349103e-27,0.948099718699311,0.327,0.157,2.63247847004044e-22,"HAX1","AD_vs_PD","D1 medium spiny neuron"
9.17036933570789e-27,1.63519711052732,0.212,0.077,2.72992724754688e-22,"PPFIA2-AS1","AD_vs_PD","D1 medium spiny neuron"
1.0063355257669e-26,1.17084073923894,0.305,0.146,2.99576022665548e-22,"DEFB109F","AD_vs_PD","D1 medium spiny neuron"
1.00686130060816e-26,0.569447071049381,0.609,0.417,2.99732540578043e-22,"ZNF493","AD_vs_PD","D1 medium spiny neuron"
1.02913320565966e-26,0.55675254045715,0.636,0.434,3.06362663992825e-22,"UROS","AD_vs_PD","D1 medium spiny neuron"
1.12905352718397e-26,1.29718033352948,0.289,0.135,3.36107944507395e-22,"AC011369.1","AD_vs_PD","D1 medium spiny neuron"
1.23505259406957e-26,1.08516884438454,0.271,0.117,3.6766280672857e-22,"C19orf53","AD_vs_PD","D1 medium spiny neuron"
1.27162518352365e-26,0.682706996585361,0.516,0.324,3.78550100883154e-22,"KCNG3","AD_vs_PD","D1 medium spiny neuron"
1.2780140137486e-26,1.21427817880257,0.29,0.135,3.80451991752821e-22,"CBR3","AD_vs_PD","D1 medium spiny neuron"
1.46388563660097e-26,1.50166083660023,0.22,0.082,4.35784115159743e-22,"RPL10P16","AD_vs_PD","D1 medium spiny neuron"
1.84575195702836e-26,0.708534407441249,0.546,0.35,5.49461900087772e-22,"AL138752.2","AD_vs_PD","D1 medium spiny neuron"
1.93980890187736e-26,0.700820079006948,0.508,0.307,5.77461711999872e-22,"DUSP19","AD_vs_PD","D1 medium spiny neuron"
1.94326475842475e-26,1.53174170400381,0.22,0.084,5.78490485935465e-22,"CLEC20A","AD_vs_PD","D1 medium spiny neuron"
2.27507509805778e-26,0.683819563630379,0.507,0.312,6.77267105940821e-22,"FEM1C","AD_vs_PD","D1 medium spiny neuron"
2.74074527557693e-26,0.689733561391467,0.522,0.321,8.15892461086496e-22,"JKAMP","AD_vs_PD","D1 medium spiny neuron"
3.51987172742334e-26,1.47262182335815,0.211,0.077,1.04783061453665e-21,"AC016168.2","AD_vs_PD","D1 medium spiny neuron"
3.63399011305855e-26,1.09290855660546,0.336,0.173,1.0818025167564e-21,"KCTD4","AD_vs_PD","D1 medium spiny neuron"
3.67317889399413e-26,1.40254392329302,0.246,0.102,1.09346862495311e-21,"AC026202.2","AD_vs_PD","D1 medium spiny neuron"
4.29879813042116e-26,0.809076373232471,0.424,0.237,1.27970921544507e-21,"AC125613.1","AD_vs_PD","D1 medium spiny neuron"
4.77268046829178e-26,1.01987087089497,0.275,0.12,1.42077924860578e-21,"C1orf122","AD_vs_PD","D1 medium spiny neuron"
4.80221188660667e-26,0.59064123583778,0.656,0.478,1.42957045652394e-21,"LINC01902","AD_vs_PD","D1 medium spiny neuron"
5.53550392333165e-26,0.677619869100817,0.474,0.279,1.6478641629366e-21,"SLC25A4","AD_vs_PD","D1 medium spiny neuron"
5.93428677075064e-26,0.670391247734381,0.482,0.286,1.76657782878476e-21,"AP1S1","AD_vs_PD","D1 medium spiny neuron"
6.29238123333541e-26,0.669203320530782,0.528,0.341,1.87317896935162e-21,"AC245297.3","AD_vs_PD","D1 medium spiny neuron"
7.66360176220037e-26,0.903833977774924,0.391,0.213,2.28137760858943e-21,"NUDCD2","AD_vs_PD","D1 medium spiny neuron"
8.36803095389661e-26,0.593375804283237,0.53,0.324,2.49107913466548e-21,"INTS4P1","AD_vs_PD","D1 medium spiny neuron"
9.39759934835989e-26,1.38402411610162,0.232,0.093,2.79757135001325e-21,"AC008115.2","AD_vs_PD","D1 medium spiny neuron"
1.01822153572228e-25,0.606955963440654,0.559,0.363,3.03114368969164e-21,"DPF2","AD_vs_PD","D1 medium spiny neuron"
1.18832977259526e-25,0.720890636663767,0.472,0.284,3.53753890003882e-21,"OTUD6B-AS1","AD_vs_PD","D1 medium spiny neuron"
1.2764645508015e-25,1.00419205452954,0.321,0.161,3.79990732128098e-21,"FRG1BP","AD_vs_PD","D1 medium spiny neuron"
1.50461354927167e-25,0.805346111627188,0.393,0.213,4.47908407482682e-21,"ENPP6","AD_vs_PD","D1 medium spiny neuron"
1.56363090073586e-25,1.18161776399411,0.237,0.094,4.65477282840059e-21,"EYS","AD_vs_PD","D1 medium spiny neuron"
1.59120350325249e-25,0.555990601153471,0.606,0.406,4.73685370883234e-21,"RSAD1","AD_vs_PD","D1 medium spiny neuron"
1.70772740881471e-25,1.24504615306156,0.265,0.118,5.0837337233005e-21,"AC113386.1","AD_vs_PD","D1 medium spiny neuron"
1.77548879523659e-25,0.985889660076446,0.314,0.153,5.28545259453982e-21,"MEF2C","AD_vs_PD","D1 medium spiny neuron"
1.80611271147111e-25,1.16215648941379,0.275,0.124,5.37661693077835e-21,"RHCE","AD_vs_PD","D1 medium spiny neuron"
1.9542200650307e-25,0.849752864097186,0.404,0.225,5.81751771158989e-21,"PSMD7","AD_vs_PD","D1 medium spiny neuron"
2.07698495351509e-25,0.976195857814605,0.323,0.161,6.18297650811906e-21,"TMEM219","AD_vs_PD","D1 medium spiny neuron"
2.6796217286092e-25,0.800749278957746,0.437,0.255,7.97696592389673e-21,"BRK1","AD_vs_PD","D1 medium spiny neuron"
2.85838856843738e-25,0.900627760163843,0.406,0.237,8.50913692938123e-21,"MKRN2OS","AD_vs_PD","D1 medium spiny neuron"
3.9954238466316e-25,0.584689106016896,0.51,0.308,1.18939772490376e-20,"PTN","AD_vs_PD","D1 medium spiny neuron"
4.13695412449041e-25,0.631784388681931,0.521,0.317,1.23152987331955e-20,"TMEM158","AD_vs_PD","D1 medium spiny neuron"
4.65587299022817e-25,1.51272194227843,0.2,0.072,1.38600683046102e-20,"HIST3H2A","AD_vs_PD","D1 medium spiny neuron"
4.68811037775809e-25,0.717868540875935,0.481,0.296,1.3956035783548e-20,"RPS14","AD_vs_PD","D1 medium spiny neuron"
5.35024315465081e-25,0.841081268108783,0.406,0.233,1.592713884708e-20,"DANCR","AD_vs_PD","D1 medium spiny neuron"
5.80028673259208e-25,0.598165992797771,0.567,0.373,1.72668735742534e-20,"FAM200B","AD_vs_PD","D1 medium spiny neuron"
6.12832838935583e-25,1.17191009329757,0.273,0.125,1.82434207822734e-20,"AC091887.1","AD_vs_PD","D1 medium spiny neuron"
6.42144104783584e-25,1.05697019243353,0.356,0.195,1.91159878553025e-20,"ABHD15-AS1","AD_vs_PD","D1 medium spiny neuron"
6.66589742839603e-25,0.724562535537504,0.47,0.279,1.98437100545921e-20,"RPS9","AD_vs_PD","D1 medium spiny neuron"
6.93241169627938e-25,1.39282317904747,0.224,0.09,2.06370963786541e-20,"EFCAB13","AD_vs_PD","D1 medium spiny neuron"
8.57270991431894e-25,0.905612862558277,0.497,0.346,2.5520100143936e-20,"ENTPD3-AS1","AD_vs_PD","D1 medium spiny neuron"
1.1284719131804e-24,1.35853061848476,0.257,0.116,3.35934803834674e-20,"LINC02231","AD_vs_PD","D1 medium spiny neuron"
1.23547403088813e-24,1.43922136617845,0.202,0.075,3.67788264255089e-20,"TTC3-AS1","AD_vs_PD","D1 medium spiny neuron"
1.26882554329574e-24,0.573667615001675,0.557,0.37,3.77716675983709e-20,"MSANTD2","AD_vs_PD","D1 medium spiny neuron"
1.31060281030406e-24,0.784997156167186,0.457,0.283,3.90153350599415e-20,"RPRML","AD_vs_PD","D1 medium spiny neuron"
1.48013891615089e-24,1.25932918850164,0.254,0.112,4.40622553948957e-20,"AC068533.3","AD_vs_PD","D1 medium spiny neuron"
1.5298022319734e-24,0.626815784751568,0.555,0.356,4.55406826436162e-20,"AC016739.1","AD_vs_PD","D1 medium spiny neuron"
1.68784800697421e-24,0.701412551935396,0.487,0.304,5.02455473196152e-20,"PFDN1","AD_vs_PD","D1 medium spiny neuron"
2.01142175519605e-24,0.625450347840004,0.55,0.352,5.98780142304311e-20,"NHLRC3","AD_vs_PD","D1 medium spiny neuron"
2.06579361867849e-24,0.76639009834814,0.478,0.303,6.14966102344398e-20,"CDH10","AD_vs_PD","D1 medium spiny neuron"
2.28663671178637e-24,1.67020057096051,0.205,0.081,6.80708882731686e-20,"AC090579.1","AD_vs_PD","D1 medium spiny neuron"
2.36733081500551e-24,0.508360053396011,0.636,0.442,7.0473071031899e-20,"SOCS5","AD_vs_PD","D1 medium spiny neuron"
2.41135451491278e-24,0.912039306626033,0.378,0.213,7.17836125544385e-20,"ENPP7P5","AD_vs_PD","D1 medium spiny neuron"
2.52375135008157e-24,0.694773480785722,0.462,0.276,7.51295539405783e-20,"NAA38","AD_vs_PD","D1 medium spiny neuron"
2.90038510885886e-24,1.15363155039766,0.251,0.107,8.63415643056195e-20,"AC130364.1","AD_vs_PD","D1 medium spiny neuron"
2.97466893329381e-24,0.567826021793952,0.594,0.396,8.85529194752233e-20,"NBPF9","AD_vs_PD","D1 medium spiny neuron"
3.66929672467953e-24,1.37909177744527,0.228,0.095,1.09231294196985e-19,"MYOT","AD_vs_PD","D1 medium spiny neuron"
3.80623303918035e-24,0.783405822528507,0.389,0.216,1.1330775134336e-19,"UQCRFS1","AD_vs_PD","D1 medium spiny neuron"
3.81418478301434e-24,1.33638644088052,0.273,0.132,1.13544466805554e-19,"MME-AS1","AD_vs_PD","D1 medium spiny neuron"
3.84020489116986e-24,1.18148492725066,0.241,0.1,1.14319059405235e-19,"AL512625.3","AD_vs_PD","D1 medium spiny neuron"
4.00223663470859e-24,0.926023612278283,0.331,0.169,1.1914258237864e-19,"MRPL34","AD_vs_PD","D1 medium spiny neuron"
4.07585389909535e-24,0.835820066182913,0.408,0.24,1.21334094722169e-19,"COX20","AD_vs_PD","D1 medium spiny neuron"
4.67916957857762e-24,0.777787966908082,0.356,0.188,1.39294199184677e-19,"LY6E","AD_vs_PD","D1 medium spiny neuron"
4.74287157214688e-24,1.09819639360444,0.206,0.075,1.41190543831241e-19,"TTC9B","AD_vs_PD","D1 medium spiny neuron"
4.87388640220553e-24,0.748319159780414,0.391,0.215,1.45090724307257e-19,"SLC2A12","AD_vs_PD","D1 medium spiny neuron"
5.68113270481238e-24,0.538270130473258,0.657,0.477,1.6912163948956e-19,"MCCC2","AD_vs_PD","D1 medium spiny neuron"
6.62512457407849e-24,1.49764976126571,0.224,0.094,1.97223333445742e-19,"AL513164.1","AD_vs_PD","D1 medium spiny neuron"
7.23876583988054e-24,0.803998007321341,0.386,0.214,2.15490820287404e-19,"RPL8","AD_vs_PD","D1 medium spiny neuron"
7.41493897552783e-24,1.13398383240526,0.26,0.117,2.20735318362488e-19,"AL118516.1","AD_vs_PD","D1 medium spiny neuron"
7.62786813782204e-24,0.691516616720258,0.462,0.284,2.27074006594824e-19,"FLOT1","AD_vs_PD","D1 medium spiny neuron"
7.94740021922125e-24,0.785257992138618,0.393,0.225,2.36586157125997e-19,"DHFR","AD_vs_PD","D1 medium spiny neuron"
8.45893382059505e-24,0.667502382114465,0.43,0.247,2.51814000905294e-19,"RPS15","AD_vs_PD","D1 medium spiny neuron"
8.81219843365381e-24,0.515669110279233,0.59,0.384,2.6233033517144e-19,"DTX3","AD_vs_PD","D1 medium spiny neuron"
8.86884404381495e-24,0.751581561245711,0.464,0.293,2.64016618340327e-19,"AC022146.2","AD_vs_PD","D1 medium spiny neuron"
9.47617551530751e-24,0.755765238987832,0.427,0.25,2.82096268915189e-19,"DLEU1","AD_vs_PD","D1 medium spiny neuron"
9.51096983582255e-24,0.701932261469163,0.383,0.204,2.83132061042601e-19,"CEBPB","AD_vs_PD","D1 medium spiny neuron"
9.5808763784639e-24,0.95476260662055,0.338,0.182,2.85213108910492e-19,"AC010632.1","AD_vs_PD","D1 medium spiny neuron"
9.67138230971339e-24,0.860769999232871,0.366,0.2,2.87907379977858e-19,"DDX54","AD_vs_PD","D1 medium spiny neuron"
1.44413673143763e-23,0.699687137146222,0.453,0.271,4.29905063581668e-19,"AP1S2","AD_vs_PD","D1 medium spiny neuron"
1.51930310550122e-23,0.621523064444771,0.555,0.383,4.52281341476659e-19,"DDRGK1","AD_vs_PD","D1 medium spiny neuron"
1.57665385886814e-23,0.90046289612195,0.368,0.208,4.69354087246456e-19,"AL355472.4","AD_vs_PD","D1 medium spiny neuron"
1.79149716357543e-23,1.1678722776974,0.256,0.116,5.33310790624769e-19,"TIMM8B","AD_vs_PD","D1 medium spiny neuron"
1.85363162869572e-23,1.02535526776479,0.272,0.128,5.5180759954643e-19,"AC083798.2","AD_vs_PD","D1 medium spiny neuron"
2.35627392304047e-23,0.702731367888307,0.368,0.199,7.01439184149918e-19,"RPS11","AD_vs_PD","D1 medium spiny neuron"
2.57043091903892e-23,0.529351218467887,0.631,0.44,7.65191580288696e-19,"NDUFA4","AD_vs_PD","D1 medium spiny neuron"
2.60797216418254e-23,0.567391131745778,0.564,0.386,7.763672335555e-19,"DSEL","AD_vs_PD","D1 medium spiny neuron"
2.79094801016423e-23,1.3050148377065,0.239,0.105,8.30837313145789e-19,"AC021351.1","AD_vs_PD","D1 medium spiny neuron"
2.94750688117622e-23,1.30750506277674,0.213,0.085,8.77443323457348e-19,"AL138787.2","AD_vs_PD","D1 medium spiny neuron"
4.00757491749381e-23,0.625006578909434,0.516,0.325,1.19301497718873e-18,"ISCU","AD_vs_PD","D1 medium spiny neuron"
4.35952672408675e-23,0.991810965313152,0.314,0.162,1.29778751049338e-18,"FRG1CP","AD_vs_PD","D1 medium spiny neuron"
4.39893286380059e-23,0.998203370694901,0.34,0.185,1.3095183242248e-18,"DCLRE1C","AD_vs_PD","D1 medium spiny neuron"
4.72313645636048e-23,0.506822610519682,0.608,0.412,1.40603049169395e-18,"NCOA5","AD_vs_PD","D1 medium spiny neuron"
5.0561367521038e-23,0.636284539138212,0.428,0.25,1.50516134973378e-18,"ABHD10","AD_vs_PD","D1 medium spiny neuron"
5.54042073850027e-23,1.14282830298285,0.257,0.118,1.64932784964415e-18,"TMEM41A","AD_vs_PD","D1 medium spiny neuron"
5.81347642644436e-23,1.19918740838066,0.256,0.118,1.73061379738822e-18,"WDR54","AD_vs_PD","D1 medium spiny neuron"
6.18845634762275e-23,0.530495357867324,0.568,0.366,1.84224157012382e-18,"TSHR","AD_vs_PD","D1 medium spiny neuron"
6.67892517701785e-23,0.623061946174946,0.539,0.352,1.98824923594644e-18,"HES4","AD_vs_PD","D1 medium spiny neuron"
6.85212068414218e-23,0.699652583318694,0.435,0.252,2.03980780646229e-18,"RFK","AD_vs_PD","D1 medium spiny neuron"
7.51923056271852e-23,1.28392621741415,0.244,0.11,2.23839974621568e-18,"AC018682.1","AD_vs_PD","D1 medium spiny neuron"
8.06914581628978e-23,0.580438687402368,0.536,0.344,2.4021040180513e-18,"AOAH","AD_vs_PD","D1 medium spiny neuron"
1.0064782682241e-22,1.05384203460149,0.318,0.173,2.99618515667632e-18,"LINC00710","AD_vs_PD","D1 medium spiny neuron"
1.02097864042073e-22,0.942598408282329,0.331,0.176,3.03935131466848e-18,"PAXIP1-AS1","AD_vs_PD","D1 medium spiny neuron"
1.05060305323656e-22,0.748188075175607,0.451,0.286,3.12754022917992e-18,"NEB","AD_vs_PD","D1 medium spiny neuron"
1.06080839863509e-22,1.16326480649099,0.277,0.135,3.15792052189679e-18,"SCIMP","AD_vs_PD","D1 medium spiny neuron"
1.0776455400104e-22,1.02377380189845,0.229,0.095,3.20804300805696e-18,"WASHC1","AD_vs_PD","D1 medium spiny neuron"
1.23957941688542e-22,0.63786479474946,0.519,0.346,3.69010396612621e-18,"EPB42","AD_vs_PD","D1 medium spiny neuron"
1.4027493866829e-22,1.19491123617951,0.285,0.146,4.17584464921633e-18,"ENPP7P10","AD_vs_PD","D1 medium spiny neuron"
1.62013591652303e-22,0.637459741385634,0.455,0.274,4.8229826098974e-18,"SRSF3","AD_vs_PD","D1 medium spiny neuron"
2.45972823197335e-22,0.915073053763297,0.3,0.149,7.32236497376146e-18,"NDUFB10","AD_vs_PD","D1 medium spiny neuron"
2.52583152690761e-22,0.978291101175237,0.291,0.145,7.51914787245126e-18,"RPS5","AD_vs_PD","D1 medium spiny neuron"
2.90677602385543e-22,0.637808422612252,0.457,0.284,8.65318154541523e-18,"SLC36A1","AD_vs_PD","D1 medium spiny neuron"
3.23049941800322e-22,0.518484663382258,0.619,0.441,9.61687371745379e-18,"FLG-AS1","AD_vs_PD","D1 medium spiny neuron"
3.65219015476528e-22,0.577050723148836,0.532,0.339,1.08722048717208e-17,"PPP2R5B","AD_vs_PD","D1 medium spiny neuron"
4.3089684441149e-22,0.86755738317384,0.346,0.19,1.28273681612856e-17,"AC025034.1","AD_vs_PD","D1 medium spiny neuron"
4.89268920611081e-22,0.758311456411041,0.364,0.201,1.45650464976713e-17,"ATP6V1F","AD_vs_PD","D1 medium spiny neuron"
5.01845502192217e-22,0.531714263393397,0.545,0.366,1.49394387547601e-17,"EFNB2","AD_vs_PD","D1 medium spiny neuron"
5.48500537259386e-22,0.672308113152923,0.422,0.255,1.63283124936747e-17,"ZBED4","AD_vs_PD","D1 medium spiny neuron"
5.92768627110377e-22,0.981970081322966,0.294,0.147,1.76461292604488e-17,"RPL7P9","AD_vs_PD","D1 medium spiny neuron"
6.44526945133995e-22,0.612849099392636,0.52,0.34,1.91869226296939e-17,"CDO1","AD_vs_PD","D1 medium spiny neuron"
7.51350607610818e-22,1.23655557558758,0.247,0.116,2.23669562379664e-17,"LMO7-AS1","AD_vs_PD","D1 medium spiny neuron"
7.63437850577466e-22,0.61298464980951,0.462,0.283,2.27267813738406e-17,"REEP3","AD_vs_PD","D1 medium spiny neuron"
7.74882714362222e-22,0.580269857276798,0.453,0.272,2.3067483523849e-17,"SPP1","AD_vs_PD","D1 medium spiny neuron"
7.82949648488676e-22,0.686301205767987,0.55,0.385,2.33076280858594e-17,"RFX4","AD_vs_PD","D1 medium spiny neuron"
8.01237471307379e-22,0.646479587863569,0.445,0.272,2.38520382833494e-17,"YARS2","AD_vs_PD","D1 medium spiny neuron"
8.07731859687754e-22,0.779107188651597,0.317,0.163,2.40453697310447e-17,"NDUFV2-AS1","AD_vs_PD","D1 medium spiny neuron"
8.49036405175925e-22,0.583012855535402,0.528,0.338,2.52749647456821e-17,"PHYKPL","AD_vs_PD","D1 medium spiny neuron"
8.78618461261931e-22,1.07468855620571,0.262,0.125,2.61555929733064e-17,"BHLHE40","AD_vs_PD","D1 medium spiny neuron"
8.93648635033682e-22,0.555643286401394,0.541,0.356,2.66030262163177e-17,"FBXL3","AD_vs_PD","D1 medium spiny neuron"
9.31887001214072e-22,1.45610411554005,0.211,0.089,2.77413441391417e-17,"AC015853.3","AD_vs_PD","D1 medium spiny neuron"
1.02639165857649e-21,0.766397508518784,0.377,0.213,3.05546532841635e-17,"AC022431.1","AD_vs_PD","D1 medium spiny neuron"
1.24389738241472e-21,0.563777144174252,0.567,0.391,3.70295811771038e-17,"CCDC144B","AD_vs_PD","D1 medium spiny neuron"
1.27691954733069e-21,0.532900749390059,0.486,0.305,3.80126180044874e-17,"CNTN5","AD_vs_PD","D1 medium spiny neuron"
1.35143696946927e-21,0.874162853900575,0.335,0.184,4.02309271441308e-17,"CHGB","AD_vs_PD","D1 medium spiny neuron"
1.38160393127854e-21,0.832743571004653,0.333,0.179,4.11289674302308e-17,"STUB1","AD_vs_PD","D1 medium spiny neuron"
1.53847824543359e-21,0.629370821342079,0.499,0.317,4.57989588883126e-17,"TMA7","AD_vs_PD","D1 medium spiny neuron"
1.71966091360189e-21,0.975073883122954,0.313,0.169,5.11925857370145e-17,"POLE2","AD_vs_PD","D1 medium spiny neuron"
1.95230045530618e-21,0.585213104908642,0.414,0.231,5.81180322540097e-17,"RASD1","AD_vs_PD","D1 medium spiny neuron"
1.95911452395333e-21,0.501130964059401,0.619,0.433,5.83208802635667e-17,"RCN2","AD_vs_PD","D1 medium spiny neuron"
2.30808600846455e-21,0.850805193187242,0.359,0.204,6.87094123859811e-17,"COL1A1","AD_vs_PD","D1 medium spiny neuron"
2.36316947411032e-21,0.58586488798132,0.425,0.246,7.03491920747901e-17,"HSPA8","AD_vs_PD","D1 medium spiny neuron"
2.5012792487048e-21,0.552412899587146,0.537,0.356,7.44605819546932e-17,"CES4A","AD_vs_PD","D1 medium spiny neuron"
2.91215472527187e-21,1.07256320176148,0.26,0.124,8.66919340166182e-17,"TRPM3","AD_vs_PD","D1 medium spiny neuron"
2.92199162740047e-21,0.557448409216809,0.542,0.359,8.69847687560845e-17,"NLRP1","AD_vs_PD","D1 medium spiny neuron"
3.01676681484247e-21,1.01894324239853,0.269,0.132,8.98061313110454e-17,"LINC02471","AD_vs_PD","D1 medium spiny neuron"
3.19517762046173e-21,1.07584439304808,0.228,0.1,9.51172425835251e-17,"H2AFJ","AD_vs_PD","D1 medium spiny neuron"
3.7154629715711e-21,0.995859616770382,0.295,0.153,1.106056172007e-16,"TCEAL1","AD_vs_PD","D1 medium spiny neuron"
3.88592915560575e-21,0.750965580097434,0.35,0.194,1.15680225033228e-16,"TSPAN31","AD_vs_PD","D1 medium spiny neuron"
3.93164433709102e-21,0.545765803968417,0.563,0.389,1.17041120270863e-16,"AC006453.2","AD_vs_PD","D1 medium spiny neuron"
4.37351718768423e-21,0.768063420367821,0.387,0.227,1.30195233160172e-16,"RPL6","AD_vs_PD","D1 medium spiny neuron"
4.39762439361015e-21,0.843549727509521,0.315,0.167,1.30912880573381e-16,"C9orf16","AD_vs_PD","D1 medium spiny neuron"
4.60287660671049e-21,0.545347199260702,0.524,0.344,1.37023033705165e-16,"DDX3X","AD_vs_PD","D1 medium spiny neuron"
4.70912478137034e-21,0.637063805683684,0.466,0.297,1.40185935616614e-16,"SLIRP","AD_vs_PD","D1 medium spiny neuron"
4.71530512641551e-21,0.520153451415819,0.593,0.404,1.40369918308263e-16,"ZNF714","AD_vs_PD","D1 medium spiny neuron"
4.81593596933586e-21,0.946043573320069,0.338,0.192,1.43365597871159e-16,"SPATA1","AD_vs_PD","D1 medium spiny neuron"
5.11539849309007e-21,1.20619746225644,0.225,0.1,1.52280297740798e-16,"AL360181.5","AD_vs_PD","D1 medium spiny neuron"
5.75215128804677e-21,0.647541709870141,0.455,0.286,1.71235791693864e-16,"LARP6","AD_vs_PD","D1 medium spiny neuron"
5.83243078902589e-21,0.901428290770252,0.353,0.207,1.73625632158512e-16,"RPL13AP5","AD_vs_PD","D1 medium spiny neuron"
7.55774801064243e-21,0.616384083905935,0.447,0.276,2.24986600528814e-16,"MZT1","AD_vs_PD","D1 medium spiny neuron"
8.20392119181774e-21,1.34435415313412,0.214,0.094,2.44222529959222e-16,"SPAG5-AS1","AD_vs_PD","D1 medium spiny neuron"
8.81424996328019e-21,1.06908277306083,0.256,0.122,2.62391407156888e-16,"RPL9P9","AD_vs_PD","D1 medium spiny neuron"
1.18542071483575e-20,0.657599452530412,0.383,0.219,3.52887892599454e-16,"PWRN4","AD_vs_PD","D1 medium spiny neuron"
1.34885776703447e-20,0.791608689627089,0.396,0.239,4.01541468668491e-16,"RPL23A","AD_vs_PD","D1 medium spiny neuron"
1.35931761083697e-20,0.721090639638219,0.401,0.243,4.04655259570058e-16,"FAM200A","AD_vs_PD","D1 medium spiny neuron"
1.4167466361165e-20,1.25488404365215,0.204,0.086,4.21751306105521e-16,"TMEM44-AS1","AD_vs_PD","D1 medium spiny neuron"
1.47748332828338e-20,1.03272729840532,0.274,0.135,4.3983201199668e-16,"NTNG1","AD_vs_PD","D1 medium spiny neuron"
1.52494271321464e-20,0.884397583665599,0.337,0.191,4.53960196296867e-16,"ARF5","AD_vs_PD","D1 medium spiny neuron"
1.74857342314061e-20,1.04811880241786,0.254,0.122,5.20532822334729e-16,"BTBD6","AD_vs_PD","D1 medium spiny neuron"
1.90925837827969e-20,0.698093011733706,0.481,0.323,5.68367126630081e-16,"KCNIP2-AS1","AD_vs_PD","D1 medium spiny neuron"
2.03486216752095e-20,0.518581775331045,0.604,0.426,6.05758118649311e-16,"ZFAND1","AD_vs_PD","D1 medium spiny neuron"
2.06488263664558e-20,0.844808325780423,0.302,0.159,6.14694912103022e-16,"RPS13","AD_vs_PD","D1 medium spiny neuron"
2.33842127343321e-20,0.560525940745192,0.513,0.337,6.96124628888332e-16,"RPS8","AD_vs_PD","D1 medium spiny neuron"
2.41992219725066e-20,0.588274531409547,0.462,0.292,7.20386638899549e-16,"NDUFB2","AD_vs_PD","D1 medium spiny neuron"
2.47884726839606e-20,0.606542199197434,0.475,0.305,7.37928043328824e-16,"PINK1","AD_vs_PD","D1 medium spiny neuron"
2.9779122563628e-20,0.582882353275832,0.476,0.301,8.86494699596641e-16,"ARPC5","AD_vs_PD","D1 medium spiny neuron"
3.1576048001471e-20,0.773469209259991,0.304,0.159,9.39987372955789e-16,"ANKRD24","AD_vs_PD","D1 medium spiny neuron"
3.44097304461507e-20,0.691473445185166,0.421,0.256,1.02434326565146e-15,"G2E3-AS1","AD_vs_PD","D1 medium spiny neuron"
4.00508619328036e-20,0.654380230780576,0.388,0.223,1.19227410887763e-15,"LY6H","AD_vs_PD","D1 medium spiny neuron"
4.05527465447472e-20,0.703521079255096,0.408,0.247,1.20721471189058e-15,"GML","AD_vs_PD","D1 medium spiny neuron"
4.20861393992423e-20,0.544092093696256,0.491,0.317,1.25286228377604e-15,"ACADVL","AD_vs_PD","D1 medium spiny neuron"
4.31747207702475e-20,0.710867329549743,0.397,0.241,1.2852682626095e-15,"DPY19L2P4","AD_vs_PD","D1 medium spiny neuron"
4.53957597118986e-20,1.16146946653123,0.209,0.089,1.35138637086351e-15,"AC107068.2","AD_vs_PD","D1 medium spiny neuron"
4.88105115299974e-20,0.808079022103492,0.34,0.191,1.45304011773649e-15,"A2ML1-AS1","AD_vs_PD","D1 medium spiny neuron"
4.89661652224547e-20,0.628669193483658,0.411,0.241,1.45767377250725e-15,"PPP1R1A","AD_vs_PD","D1 medium spiny neuron"
5.02494249194701e-20,0.734096555835214,0.392,0.232,1.4958751304277e-15,"COMMD2","AD_vs_PD","D1 medium spiny neuron"
5.21289252660965e-20,1.13126347742912,0.263,0.134,1.55182597624643e-15,"AC022872.1","AD_vs_PD","D1 medium spiny neuron"
5.26289979335949e-20,0.926422645670291,0.329,0.188,1.56671263948519e-15,"TTN","AD_vs_PD","D1 medium spiny neuron"
5.49998217447557e-20,0.936605812324065,0.353,0.21,1.63728969351963e-15,"EYA4","AD_vs_PD","D1 medium spiny neuron"
6.12545700538229e-20,0.764448507070835,0.35,0.2,1.82348729593225e-15,"RPS28","AD_vs_PD","D1 medium spiny neuron"
6.54512668368861e-20,0.503630622397661,0.572,0.389,1.94841876246726e-15,"RPL30","AD_vs_PD","D1 medium spiny neuron"
6.75041916965823e-20,0.773683798096361,0.304,0.163,2.00953228261556e-15,"ABCB1","AD_vs_PD","D1 medium spiny neuron"
7.7763095542744e-20,0.679327728115513,0.433,0.27,2.31492959121195e-15,"GPR1","AD_vs_PD","D1 medium spiny neuron"
8.378777780344e-20,0.741055625549047,0.339,0.189,2.49427835743061e-15,"TTC12","AD_vs_PD","D1 medium spiny neuron"
8.9192886283184e-20,0.719944770467272,0.386,0.23,2.6551830317641e-15,"ATE1-AS1","AD_vs_PD","D1 medium spiny neuron"
9.68260563956666e-20,1.01644783032463,0.273,0.141,2.8824148728426e-15,"ZNF658","AD_vs_PD","D1 medium spiny neuron"
1.23487249888841e-19,0.598247056223484,0.393,0.229,3.6760919419409e-15,"COX7A2","AD_vs_PD","D1 medium spiny neuron"
1.34755388156302e-19,1.13074610375979,0.221,0.1,4.01153315002496e-15,"DPH3","AD_vs_PD","D1 medium spiny neuron"
1.39066138391694e-19,1.11686547310081,0.226,0.106,4.13985987378233e-15,"AC011933.4","AD_vs_PD","D1 medium spiny neuron"
1.4282755680709e-19,0.533701616919258,0.457,0.285,4.25183353859026e-15,"KDM7A","AD_vs_PD","D1 medium spiny neuron"
1.76974117369186e-19,0.867586583125673,0.335,0.193,5.26834249996331e-15,"DUOX1","AD_vs_PD","D1 medium spiny neuron"
1.89471966207758e-19,-0.919012669989021,0.296,0.424,5.64039096203876e-15,"RFLNA","AD_vs_PD","D1 medium spiny neuron"
1.97891647097973e-19,0.547173241365441,0.42,0.254,5.89103644245955e-15,"CDK5R1","AD_vs_PD","D1 medium spiny neuron"
2.15225408509073e-19,0.696596483148204,0.369,0.215,6.40704518590659e-15,"HEY1","AD_vs_PD","D1 medium spiny neuron"
2.23110053587926e-19,0.733362887265198,0.382,0.229,6.64176318525898e-15,"MKRN2","AD_vs_PD","D1 medium spiny neuron"
2.3662578339046e-19,0.768464347996968,0.318,0.174,7.0441129457506e-15,"FIS1","AD_vs_PD","D1 medium spiny neuron"
2.42530343669242e-19,0.575467204023777,0.482,0.31,7.21988580068967e-15,"IKZF2","AD_vs_PD","D1 medium spiny neuron"
2.44720045911124e-19,0.570582246003757,0.441,0.274,7.28507104672825e-15,"ANKRD55","AD_vs_PD","D1 medium spiny neuron"
2.60600192253159e-19,0.838679821927754,0.327,0.182,7.7578071231843e-15,"AC005258.1","AD_vs_PD","D1 medium spiny neuron"
2.6553819914118e-19,0.74493732738536,0.344,0.197,7.90480665023379e-15,"GSTK1","AD_vs_PD","D1 medium spiny neuron"
2.73131959716275e-19,0.657694406369704,0.334,0.18,8.13086530879378e-15,"SNTG2","AD_vs_PD","D1 medium spiny neuron"
2.77268837155115e-19,0.990939677652172,0.271,0.141,8.25401601327063e-15,"RPA3","AD_vs_PD","D1 medium spiny neuron"
3.04920608306594e-19,0.571826100038346,0.466,0.302,9.07718158867901e-15,"CYSTM1","AD_vs_PD","D1 medium spiny neuron"
3.46624669276005e-19,0.812249934096286,0.341,0.201,1.03186697796774e-14,"RBM4B","AD_vs_PD","D1 medium spiny neuron"
3.64729963302201e-19,0.703777349335261,0.362,0.212,1.08576462775432e-14,"TUBB2A","AD_vs_PD","D1 medium spiny neuron"
3.87209385166546e-19,0.573332036906852,0.442,0.28,1.15268361870229e-14,"KLHDC3","AD_vs_PD","D1 medium spiny neuron"
3.96185706723017e-19,0.584035159460544,0.477,0.312,1.17940523034375e-14,"FOXRED1","AD_vs_PD","D1 medium spiny neuron"
4.1641237428639e-19,0.758367160353822,0.36,0.213,1.23961799701316e-14,"OMG","AD_vs_PD","D1 medium spiny neuron"
4.41798422076461e-19,0.63815172460816,0.417,0.256,1.31518972267942e-14,"PDK2","AD_vs_PD","D1 medium spiny neuron"
4.47927905285778e-19,0.667941449589335,0.44,0.282,1.33343658124523e-14,"ATAD5","AD_vs_PD","D1 medium spiny neuron"
4.59208484287905e-19,0.786351571535201,0.255,0.124,1.36701773687666e-14,"PRDX5","AD_vs_PD","D1 medium spiny neuron"
4.68393157017527e-19,0.52914388004956,0.546,0.378,1.39435958912548e-14,"ECI2","AD_vs_PD","D1 medium spiny neuron"
4.7614830610823e-19,1.10606915331499,0.267,0.141,1.41744589245359e-14,"AL139095.4","AD_vs_PD","D1 medium spiny neuron"
4.86854796344388e-19,0.538640470043911,0.558,0.394,1.44931804323761e-14,"SAT1","AD_vs_PD","D1 medium spiny neuron"
5.1175205209232e-19,0.779424443233927,0.31,0.169,1.52343468387363e-14,"SELENOK","AD_vs_PD","D1 medium spiny neuron"
6.91680668849583e-19,0.646774186069341,0.429,0.267,2.05906418309832e-14,"LSM5","AD_vs_PD","D1 medium spiny neuron"
7.32806014443599e-19,0.765953057605193,0.345,0.197,2.18149022439715e-14,"COL19A1","AD_vs_PD","D1 medium spiny neuron"
8.04280198676595e-19,0.63591397181133,0.445,0.289,2.39426172344036e-14,"ANKRD49","AD_vs_PD","D1 medium spiny neuron"
8.29066105735054e-19,0.601335178484646,0.457,0.29,2.46804689016268e-14,"H3F3B","AD_vs_PD","D1 medium spiny neuron"
8.73313321670319e-19,0.752469794699802,0.306,0.164,2.59976642728037e-14,"TAF7","AD_vs_PD","D1 medium spiny neuron"
9.27383709339921e-19,-0.943068574457935,0.24,0.376,2.76072856433401e-14,"ANOS2P","AD_vs_PD","D1 medium spiny neuron"
9.43251113737525e-19,0.928960786500811,0.277,0.147,2.80796424048524e-14,"SMDT1","AD_vs_PD","D1 medium spiny neuron"
1.04223756894269e-18,0.685860929339777,0.401,0.247,3.1026370189855e-14,"MFSD13A","AD_vs_PD","D1 medium spiny neuron"
1.56021153833419e-18,0.618967951710781,0.362,0.205,4.64459372846706e-14,"C4orf3","AD_vs_PD","D1 medium spiny neuron"
1.5961686002687e-18,1.25716575372331,0.204,0.093,4.7516343061399e-14,"MIS12","AD_vs_PD","D1 medium spiny neuron"
1.61305746421212e-18,0.552344940663102,0.523,0.358,4.80191076521307e-14,"HIPK4","AD_vs_PD","D1 medium spiny neuron"
1.72374894697971e-18,0.710982149099945,0.385,0.237,5.13142824026389e-14,"FAU","AD_vs_PD","D1 medium spiny neuron"
1.88899750960398e-18,0.683595117541649,0.339,0.19,5.6233566863401e-14,"ZRANB2-AS2","AD_vs_PD","D1 medium spiny neuron"
1.96279899632082e-18,0.516768953516791,0.447,0.278,5.84305633214744e-14,"POU3F4","AD_vs_PD","D1 medium spiny neuron"
2.0218887856425e-18,0.510595799691907,0.445,0.276,6.01896072597916e-14,"SNN","AD_vs_PD","D1 medium spiny neuron"
2.10139994657823e-18,1.04580846817855,0.258,0.135,6.25565750096874e-14,"SPDYE2","AD_vs_PD","D1 medium spiny neuron"
2.18875410232116e-18,0.50041365475334,0.54,0.372,6.51570208719986e-14,"HIF1A","AD_vs_PD","D1 medium spiny neuron"
2.33318795233597e-18,0.899526717121741,0.291,0.158,6.94566721530894e-14,"BACH2","AD_vs_PD","D1 medium spiny neuron"
2.5606743708999e-18,0.630481705886471,0.41,0.256,7.62287153473192e-14,"TMEM242","AD_vs_PD","D1 medium spiny neuron"
2.76584601904124e-18,0.660664984042989,0.356,0.21,8.23364701408385e-14,"ATP6V0E2","AD_vs_PD","D1 medium spiny neuron"
2.77282322700697e-18,0.589502551316126,0.454,0.291,8.25441746447705e-14,"AC139795.1","AD_vs_PD","D1 medium spiny neuron"
2.80908618620009e-18,-0.78236431714781,0.254,0.395,8.36236866769904e-14,"KDM5D","AD_vs_PD","D1 medium spiny neuron"
2.83108854382966e-18,1.07455090717104,0.206,0.091,8.42786748612652e-14,"VWC2","AD_vs_PD","D1 medium spiny neuron"
3.04736509837348e-18,0.841274889703045,0.326,0.192,9.07170116134803e-14,"AC025043.1","AD_vs_PD","D1 medium spiny neuron"
3.09068399483314e-18,0.99838694522136,0.275,0.151,9.20065718421879e-14,"AC004053.1","AD_vs_PD","D1 medium spiny neuron"
3.60210069787626e-18,0.60028070234004,0.46,0.301,1.07230935675078e-13,"NEPRO","AD_vs_PD","D1 medium spiny neuron"
3.73511132869521e-18,0.510802738467906,0.527,0.36,1.11190529143928e-13,"BRD8","AD_vs_PD","D1 medium spiny neuron"
3.81750747069806e-18,0.649916617361706,0.37,0.22,1.13643379895210e-13,"L3MBTL3","AD_vs_PD","D1 medium spiny neuron"
3.95897058380496e-18,0.712235324600328,0.385,0.239,1.1785459530929e-13,"RPS7","AD_vs_PD","D1 medium spiny neuron"
4.07066134232081e-18,0.664216827896408,0.378,0.231,1.21179517499548e-13,"AC244669.2","AD_vs_PD","D1 medium spiny neuron"
4.12755386547113e-18,0.689332047828137,0.384,0.237,1.2287315102121e-13,"DDX51","AD_vs_PD","D1 medium spiny neuron"
4.20629028891769e-18,0.561368262325751,0.46,0.301,1.25217055610791e-13,"RPS6","AD_vs_PD","D1 medium spiny neuron"
4.45590666808529e-18,0.636115976400433,0.375,0.221,1.32647885602231e-13,"AC012358.3","AD_vs_PD","D1 medium spiny neuron"
4.4652340694278e-18,1.10468627839995,0.225,0.109,1.32925553012796e-13,"KCNMA1-AS1","AD_vs_PD","D1 medium spiny neuron"
4.4796254900017e-18,0.742971728538223,0.327,0.188,1.33353971211861e-13,"RCSD1","AD_vs_PD","D1 medium spiny neuron"
4.52293290602845e-18,0.770785576007435,0.288,0.155,1.34643189679561e-13,"TSTD2","AD_vs_PD","D1 medium spiny neuron"
4.62396172391699e-18,0.832040828354272,0.255,0.13,1.37650716559285e-13,"LINC00116","AD_vs_PD","D1 medium spiny neuron"
5.04620423300305e-18,0.544573798314456,0.491,0.336,1.50220453812268e-13,"RIOK3","AD_vs_PD","D1 medium spiny neuron"
5.11874003322598e-18,0.713126350794113,0.4,0.254,1.52379772049104e-13,"RPS24","AD_vs_PD","D1 medium spiny neuron"
5.49719707851114e-18,0.537553613574061,0.516,0.353,1.63646059830198e-13,"MRPS30","AD_vs_PD","D1 medium spiny neuron"
5.80458804861579e-18,-0.761207040066244,0.443,0.527,1.72796781619244e-13,"AC011474.1","AD_vs_PD","D1 medium spiny neuron"
5.80916742529827e-18,0.779894987168792,0.282,0.15,1.72933105083704e-13,"ENKUR","AD_vs_PD","D1 medium spiny neuron"
5.81044189989048e-18,0.513736274542846,0.482,0.317,1.7297104491784e-13,"TAPBP","AD_vs_PD","D1 medium spiny neuron"
5.93102884101098e-18,0.56591566544808,0.439,0.28,1.76560797568056e-13,"AC073861.1","AD_vs_PD","D1 medium spiny neuron"
6.27804619405725e-18,0.759906589291089,0.294,0.158,1.8689115715089e-13,"CDK5R2","AD_vs_PD","D1 medium spiny neuron"
6.90818001615234e-18,0.695156530157068,0.302,0.166,2.05649610900839e-13,"AVEN","AD_vs_PD","D1 medium spiny neuron"
7.21878440783927e-18,1.11874422223372,0.234,0.119,2.14895993036967e-13,"RPS3A","AD_vs_PD","D1 medium spiny neuron"
7.76703774331667e-18,0.502223162178548,0.522,0.352,2.31216946580794e-13,"C11orf87","AD_vs_PD","D1 medium spiny neuron"
7.87465585138983e-18,0.665591151176255,0.343,0.195,2.34420630040024e-13,"B4GAT1","AD_vs_PD","D1 medium spiny neuron"
8.15482924177422e-18,0.853964668672707,0.3,0.167,2.42761111698377e-13,"DFNA5","AD_vs_PD","D1 medium spiny neuron"
8.30766120577245e-18,0.602657770326232,0.469,0.317,2.4731076643464e-13,"RPL11","AD_vs_PD","D1 medium spiny neuron"
8.4926562501334e-18,0.806762056914029,0.308,0.175,2.52817883910221e-13,"SRSF9","AD_vs_PD","D1 medium spiny neuron"
8.63549273663913e-18,1.18292888270654,0.219,0.106,2.5706998327701e-13,"SLC3A1","AD_vs_PD","D1 medium spiny neuron"
8.96496991176756e-18,0.571747989395067,0.426,0.271,2.66878189303409e-13,"SNHG9","AD_vs_PD","D1 medium spiny neuron"
9.71473337749236e-18,0.500834674204568,0.571,0.42,2.8919789791457e-13,"PGM2L1","AD_vs_PD","D1 medium spiny neuron"
9.95554322866572e-18,0.747062875364352,0.362,0.223,2.9636656637415e-13,"RMDN1","AD_vs_PD","D1 medium spiny neuron"
1.05881257355296e-17,1.06294246146072,0.245,0.128,3.1519791502098e-13,"B3GNT5","AD_vs_PD","D1 medium spiny neuron"
1.10598215463232e-17,0.732396023472792,0.342,0.2,3.29239827612494e-13,"ATP5G3","AD_vs_PD","D1 medium spiny neuron"
1.11648350169486e-17,0.831013796668594,0.254,0.131,3.32365973619543e-13,"FAM89B","AD_vs_PD","D1 medium spiny neuron"
1.15253340488481e-17,0.920992636958136,0.26,0.136,3.43097669300161e-13,"NBPF8","AD_vs_PD","D1 medium spiny neuron"
1.16774692644162e-17,0.585985819467021,0.358,0.21,3.47626582532405e-13,"RUNX2","AD_vs_PD","D1 medium spiny neuron"
1.29806359087947e-17,0.564099625501997,0.43,0.275,3.8642055036891e-13,"TMEM202-AS1","AD_vs_PD","D1 medium spiny neuron"
1.30877558130035e-17,0.753419290065095,0.328,0.193,3.89609402797302e-13,"MADCAM1","AD_vs_PD","D1 medium spiny neuron"
1.32816809644209e-17,0.678294622569308,0.328,0.184,3.95382360629847e-13,"RPS23P8","AD_vs_PD","D1 medium spiny neuron"
1.33541231459532e-17,0.902964014050008,0.245,0.122,3.97538891931882e-13,"NUBP1","AD_vs_PD","D1 medium spiny neuron"
1.36231842755996e-17,0.518994002156456,0.499,0.333,4.05548572700324e-13,"RCN1","AD_vs_PD","D1 medium spiny neuron"
1.39477902238382e-17,0.509364528850826,0.508,0.342,4.15211767173439e-13,"KLHDC2","AD_vs_PD","D1 medium spiny neuron"
1.41509238640249e-17,0.571603952642829,0.294,0.156,4.21258852508158e-13,"GAB1","AD_vs_PD","D1 medium spiny neuron"
1.42477494324202e-17,0.683491949094208,0.362,0.211,4.24141252853717e-13,"MOAP1","AD_vs_PD","D1 medium spiny neuron"
1.51220670710545e-17,0.529199013209205,0.477,0.317,4.50168814638222e-13,"AC011997.1","AD_vs_PD","D1 medium spiny neuron"
1.64035089437694e-17,0.746102655886979,0.343,0.203,4.88316057747072e-13,"SLC25A39","AD_vs_PD","D1 medium spiny neuron"
1.74143537239527e-17,0.523830633985814,0.422,0.265,5.18407896008347e-13,"PFKM","AD_vs_PD","D1 medium spiny neuron"
1.75081006702358e-17,0.593089389662767,0.466,0.313,5.2119864885225e-13,"TRMT10B","AD_vs_PD","D1 medium spiny neuron"
1.85328567911161e-17,0.673400419140384,0.349,0.204,5.51704613814736e-13,"CSTB","AD_vs_PD","D1 medium spiny neuron"
1.85466147506545e-17,0.609438050955971,0.476,0.321,5.52114174512232e-13,"CCDC25","AD_vs_PD","D1 medium spiny neuron"
2.11030093361031e-17,0.692059314462409,0.325,0.184,6.28215484926452e-13,"NT5C3B","AD_vs_PD","D1 medium spiny neuron"
2.15537838206387e-17,0.636596140330641,0.381,0.233,6.41634590556594e-13,"CXorf38","AD_vs_PD","D1 medium spiny neuron"
2.23344932532512e-17,1.23641444646445,0.202,0.095,6.64875529656035e-13,"LINC01567","AD_vs_PD","D1 medium spiny neuron"
2.26384545521155e-17,0.880321043474596,0.248,0.128,6.73924153561925e-13,"C11orf1","AD_vs_PD","D1 medium spiny neuron"
2.57879550367355e-17,0.571472184593279,0.378,0.227,7.6768163348858e-13,"NEFM","AD_vs_PD","D1 medium spiny neuron"
2.73646745868947e-17,-0.757416656021287,0.277,0.412,8.14618997777268e-13,"TXLNGY","AD_vs_PD","D1 medium spiny neuron"
2.7562264502597e-17,0.647695245572762,0.36,0.218,8.2050105197781e-13,"TRAF3IP2","AD_vs_PD","D1 medium spiny neuron"
2.89196110661124e-17,0.766990988813568,0.354,0.22,8.60907901827101e-13,"AP001266.2","AD_vs_PD","D1 medium spiny neuron"
3.04686094295026e-17,0.578073468247547,0.407,0.258,9.07020034106862e-13,"H6PD","AD_vs_PD","D1 medium spiny neuron"
3.16698500409905e-17,0.949871184434994,0.246,0.126,9.42779765870247e-13,"NDUFB3","AD_vs_PD","D1 medium spiny neuron"
3.17946869621062e-17,0.951513459949739,0.246,0.127,9.46496036174939e-13,"AC124016.1","AD_vs_PD","D1 medium spiny neuron"
3.18191596897727e-17,0.503720930293788,0.534,0.377,9.47224564804842e-13,"SLC30A5","AD_vs_PD","D1 medium spiny neuron"
3.18437362402151e-17,0.697286501727515,0.39,0.245,9.47956184134964e-13,"RPS4X","AD_vs_PD","D1 medium spiny neuron"
3.23200079427104e-17,0.643560492452366,0.38,0.233,9.62134316446545e-13,"LINC01535","AD_vs_PD","D1 medium spiny neuron"
3.2940980690744e-17,1.00021242435134,0.251,0.132,9.80620054182758e-13,"AC018462.1","AD_vs_PD","D1 medium spiny neuron"
3.82808265068651e-17,0.541143011866845,0.46,0.296,1.13958192428287e-12,"LDHA","AD_vs_PD","D1 medium spiny neuron"
4.21514958074522e-17,0.634367459549785,0.403,0.252,1.25480787869205e-12,"HEATR6","AD_vs_PD","D1 medium spiny neuron"
4.24254075614003e-17,0.842870937821556,0.269,0.143,1.26296195769532e-12,"TDRD6","AD_vs_PD","D1 medium spiny neuron"
4.26030641418645e-17,0.918289091928685,0.254,0.132,1.26825061643917e-12,"NR1I3","AD_vs_PD","D1 medium spiny neuron"
4.47319164328264e-17,1.08080913531777,0.215,0.103,1.33162442028881e-12,"AL355315.1","AD_vs_PD","D1 medium spiny neuron"
4.55182139622354e-17,0.640616436581686,0.28,0.149,1.35503171144179e-12,"SPHK2","AD_vs_PD","D1 medium spiny neuron"
5.74727341843457e-17,0.504844882394522,0.528,0.358,1.71090582393379e-12,"USP46","AD_vs_PD","D1 medium spiny neuron"
6.09789683135897e-17,0.950461536351022,0.226,0.111,1.81528290772725e-12,"AL355490.2","AD_vs_PD","D1 medium spiny neuron"
6.21460189405769e-17,0.798418551858462,0.261,0.135,1.85002483784203e-12,"MIEN1","AD_vs_PD","D1 medium spiny neuron"
6.52437883597093e-17,0.875613799052266,0.288,0.165,1.94224233568019e-12,"AL590326.2","AD_vs_PD","D1 medium spiny neuron"
6.74815648620097e-17,0.756764801678484,0.321,0.188,2.00885870437717e-12,"AC145285.5","AD_vs_PD","D1 medium spiny neuron"
7.32542527336342e-17,1.15591051967541,0.214,0.105,2.18070584962756e-12,"MGC32805","AD_vs_PD","D1 medium spiny neuron"
7.52645566595069e-17,0.691477796538445,0.434,0.292,2.24055058719686e-12,"TRPC6","AD_vs_PD","D1 medium spiny neuron"
8.27260165007693e-17,0.952358285954204,0.24,0.124,2.4626707852114e-12,"ENPP7P6","AD_vs_PD","D1 medium spiny neuron"
8.31575097677892e-17,0.622230408561027,0.42,0.272,2.47551590827732e-12,"FAM169B","AD_vs_PD","D1 medium spiny neuron"
8.97366604101489e-17,0.895881970535558,0.3,0.179,2.67137064374972e-12,"PYGL","AD_vs_PD","D1 medium spiny neuron"
9.34631718038608e-17,0.668146174642426,0.395,0.254,2.78230516142913e-12,"SIAH1","AD_vs_PD","D1 medium spiny neuron"
9.42074403401879e-17,0.581918027741666,0.449,0.3,2.80446129148705e-12,"MTRR","AD_vs_PD","D1 medium spiny neuron"
1.02018861960066e-16,0.712005788377082,0.331,0.195,3.0369995016892e-12,"BICD2","AD_vs_PD","D1 medium spiny neuron"
1.02334671554886e-16,0.656995551353786,0.36,0.217,3.0464008375174e-12,"RPL7A","AD_vs_PD","D1 medium spiny neuron"
1.07358773507086e-16,0.925607678232176,0.262,0.142,3.19596332853245e-12,"GNL3","AD_vs_PD","D1 medium spiny neuron"
1.1018169591855e-16,1.11019750364985,0.225,0.114,3.27999890579931e-12,"GRM5-AS1","AD_vs_PD","D1 medium spiny neuron"
1.12374071335422e-16,0.756492064231203,0.268,0.142,3.34526372958417e-12,"AP002954.1","AD_vs_PD","D1 medium spiny neuron"
1.13938009026703e-16,0.522908802347649,0.408,0.258,3.39182059071592e-12,"CENPV","AD_vs_PD","D1 medium spiny neuron"
1.16352814150785e-16,0.58997445083799,0.412,0.265,3.46370692445473e-12,"MCM3AP-AS1","AD_vs_PD","D1 medium spiny neuron"
1.26532854690173e-16,0.729242084375677,0.327,0.192,3.76675655127177e-12,"EAF1","AD_vs_PD","D1 medium spiny neuron"
1.31262984877424e-16,0.735209638033696,0.332,0.196,3.90756779681602e-12,"YIPF5","AD_vs_PD","D1 medium spiny neuron"
1.34671652996465e-16,0.898306449504731,0.26,0.141,4.00904043805176e-12,"SPDYE21P","AD_vs_PD","D1 medium spiny neuron"
1.38867079187838e-16,0.64536932798028,0.359,0.219,4.13393408034276e-12,"KCTD21-AS1","AD_vs_PD","D1 medium spiny neuron"
1.46635959276213e-16,0.761130954413604,0.259,0.139,4.36520587169359e-12,"SFTPC","AD_vs_PD","D1 medium spiny neuron"
1.70267376072513e-16,0.615517835755367,0.416,0.268,5.06868951830264e-12,"NDUFA12","AD_vs_PD","D1 medium spiny neuron"
1.7079973462053e-16,1.08504087583787,0.211,0.104,5.08453729991855e-12,"AC005920.2","AD_vs_PD","D1 medium spiny neuron"
1.79145081125917e-16,0.783815080252876,0.279,0.153,5.33296992003741e-12,"PKP2","AD_vs_PD","D1 medium spiny neuron"
1.90040398232139e-16,0.773993642181066,0.273,0.151,5.65731261497254e-12,"SRP14-AS1","AD_vs_PD","D1 medium spiny neuron"
1.91403980801904e-16,0.64459745478743,0.321,0.184,5.69790510449188e-12,"RABAC1","AD_vs_PD","D1 medium spiny neuron"
1.96149907989328e-16,0.607389577933791,0.368,0.227,5.83918661093432e-12,"ZNF428","AD_vs_PD","D1 medium spiny neuron"
2.01376990369224e-16,0.593399608036395,0.39,0.244,5.99479162630143e-12,"NDUFAF8","AD_vs_PD","D1 medium spiny neuron"
2.20506400502264e-16,0.801492335449373,0.281,0.157,6.5642550365519e-12,"ALK","AD_vs_PD","D1 medium spiny neuron"
2.20558893295688e-16,0.873479249323576,0.25,0.131,6.56581769451933e-12,"POMZP3","AD_vs_PD","D1 medium spiny neuron"
2.45873654825839e-16,0.946209195312903,0.221,0.11,7.31941283051041e-12,"MOGS","AD_vs_PD","D1 medium spiny neuron"
2.51578053274572e-16,0.994445102558536,0.247,0.132,7.48922706793074e-12,"UBOX5-AS1","AD_vs_PD","D1 medium spiny neuron"
2.54735081686963e-16,0.940171952721204,0.246,0.13,7.58320864673921e-12,"AGBL5","AD_vs_PD","D1 medium spiny neuron"
2.67111812562283e-16,0.877299900808908,0.306,0.182,7.9516515481666e-12,"CAV3","AD_vs_PD","D1 medium spiny neuron"
2.73946616389037e-16,0.619545123559308,0.364,0.225,8.15511682328524e-12,"JTB","AD_vs_PD","D1 medium spiny neuron"
2.76594151596654e-16,0.550341272574023,0.407,0.258,8.2339312988808e-12,"WDR73","AD_vs_PD","D1 medium spiny neuron"
2.78691264316972e-16,0.503594276208045,0.436,0.284,8.29636024745194e-12,"ARMCX3","AD_vs_PD","D1 medium spiny neuron"
3.1370535369182e-16,-0.520312929519832,0.567,0.626,9.33869467405178e-12,"MBOAT2","AD_vs_PD","D1 medium spiny neuron"
3.15305172790304e-16,-1.26567305057934,0.126,0.233,9.38631968879455e-12,"C20orf203","AD_vs_PD","D1 medium spiny neuron"
3.23248054881618e-16,0.562304164803684,0.452,0.305,9.6227713457709e-12,"EIF2A","AD_vs_PD","D1 medium spiny neuron"
4.50866671123599e-16,0.664902883804541,0.366,0.232,1.34218499326784e-11,"USP39","AD_vs_PD","D1 medium spiny neuron"
4.569271053863e-16,0.723801195941733,0.35,0.218,1.36022630002448e-11,"TRNT1","AD_vs_PD","D1 medium spiny neuron"
4.80398714486584e-16,0.845530618536268,0.225,0.113,1.43009893315511e-11,"CISD2","AD_vs_PD","D1 medium spiny neuron"
5.01463850405817e-16,0.623448776961109,0.35,0.217,1.49280773627308e-11,"ANKRD52","AD_vs_PD","D1 medium spiny neuron"
5.0491471646816e-16,0.883680383567861,0.277,0.157,1.50308061945407e-11,"AC009060.1","AD_vs_PD","D1 medium spiny neuron"
5.52396154172377e-16,0.767100699863057,0.286,0.162,1.64442811135575e-11,"MRPL57","AD_vs_PD","D1 medium spiny neuron"
5.74122688400151e-16,0.803797279287107,0.255,0.137,1.70910583109841e-11,"RUNDC3A-AS1","AD_vs_PD","D1 medium spiny neuron"
5.78079004237736e-16,0.650152404905799,0.367,0.23,1.72088338771532e-11,"DNAJC19","AD_vs_PD","D1 medium spiny neuron"
5.78215488720769e-16,0.975705984118607,0.231,0.121,1.72128968837286e-11,"KCNV2","AD_vs_PD","D1 medium spiny neuron"
6.22200693645671e-16,0.556408003839897,0.457,0.313,1.8522292449138e-11,"AC004453.1","AD_vs_PD","D1 medium spiny neuron"
6.27008604494787e-16,1.06424046209936,0.208,0.102,1.86654191472053e-11,"FUCA2","AD_vs_PD","D1 medium spiny neuron"
6.32798007592731e-16,0.665093971265346,0.3,0.171,1.8837763888028e-11,"C19orf25","AD_vs_PD","D1 medium spiny neuron"
6.63869085185376e-16,0.777831038420656,0.31,0.186,1.97627187968835e-11,"SYNC","AD_vs_PD","D1 medium spiny neuron"
7.13122191160055e-16,0.50440357253629,0.466,0.311,2.12289345086437e-11,"RBM23","AD_vs_PD","D1 medium spiny neuron"
7.18276695290826e-16,0.738696194602809,0.265,0.143,2.13823789421126e-11,"FBXL15","AD_vs_PD","D1 medium spiny neuron"
7.43234534761337e-16,0.846961578974914,0.247,0.133,2.21253488653102e-11,"SELENOM","AD_vs_PD","D1 medium spiny neuron"
7.66132587139848e-16,0.905346398670535,0.233,0.12,2.28070009865661e-11,"CCDC110","AD_vs_PD","D1 medium spiny neuron"
8.89887883430902e-16,-1.04614807798775,0.161,0.275,2.64910724018545e-11,"MAMLD1","AD_vs_PD","D1 medium spiny neuron"
8.98094165188073e-16,0.506343470643654,0.435,0.278,2.67353652034838e-11,"SLC5A4-AS1","AD_vs_PD","D1 medium spiny neuron"
9.07663391466901e-16,0.899065351032962,0.213,0.104,2.70202315005782e-11,"TAF6","AD_vs_PD","D1 medium spiny neuron"
9.40257808136849e-16,0.714709319544607,0.301,0.173,2.79905346904258e-11,"SMIM10L1","AD_vs_PD","D1 medium spiny neuron"
9.41365890480597e-16,0.597827373003689,0.435,0.292,2.80235211937169e-11,"RPL32","AD_vs_PD","D1 medium spiny neuron"
9.62180517808547e-16,1.00725939950429,0.212,0.106,2.86431518346426e-11,"AC233280.1","AD_vs_PD","D1 medium spiny neuron"
9.96749705390456e-16,0.735843629541955,0.302,0.175,2.96722419797685e-11,"TIGD7","AD_vs_PD","D1 medium spiny neuron"
1.02720447061046e-15,0.919034341197641,0.23,0.12,3.05788498856027e-11,"HIF1A-AS2","AD_vs_PD","D1 medium spiny neuron"
1.07407130224448e-15,0.604123477129768,0.405,0.262,3.19740285965158e-11,"TMEM35A","AD_vs_PD","D1 medium spiny neuron"
1.10073547916492e-15,0.960009383630262,0.233,0.122,3.27677944792605e-11,"EIF3D","AD_vs_PD","D1 medium spiny neuron"
1.12262560475372e-15,0.570236549203364,0.367,0.228,3.34194416279136e-11,"LINC01588","AD_vs_PD","D1 medium spiny neuron"
1.13600634566331e-15,0.573437843734212,0.449,0.3,3.38177729040511e-11,"LRP2BP","AD_vs_PD","D1 medium spiny neuron"
1.23311570238786e-15,0.621905769231275,0.372,0.234,3.67086213443843e-11,"RPL36AL","AD_vs_PD","D1 medium spiny neuron"
1.36844222302948e-15,0.572525256758831,0.347,0.212,4.07371565373647e-11,"PICK1","AD_vs_PD","D1 medium spiny neuron"
1.38934705442939e-15,0.531831860316502,0.503,0.358,4.13594724633086e-11,"ATP2B1-AS1","AD_vs_PD","D1 medium spiny neuron"
1.41398364070286e-15,0.935426102235186,0.226,0.116,4.20928790000835e-11,"MRPS7","AD_vs_PD","D1 medium spiny neuron"
1.521428224923e-15,0.659592883062697,0.301,0.171,4.52913968277327e-11,"CXXC4","AD_vs_PD","D1 medium spiny neuron"
1.67765654068244e-15,0.564233921983844,0.359,0.22,4.99421575595756e-11,"NDUFS3","AD_vs_PD","D1 medium spiny neuron"
1.72000204594323e-15,0.690727759411048,0.302,0.18,5.12027409056841e-11,"SPSB3","AD_vs_PD","D1 medium spiny neuron"
1.75479939244875e-15,0.790595674436851,0.298,0.176,5.22386231138069e-11,"FAM210B","AD_vs_PD","D1 medium spiny neuron"
1.78888614781427e-15,0.58128333938476,0.386,0.243,5.32533517342831e-11,"CTPS1","AD_vs_PD","D1 medium spiny neuron"
1.78889766007057e-15,0.771224880525113,0.303,0.181,5.32536944426407e-11,"TMEM184C","AD_vs_PD","D1 medium spiny neuron"
1.90869627691285e-15,0.892125465742242,0.26,0.146,5.68199794674185e-11,"AC068888.1","AD_vs_PD","D1 medium spiny neuron"
1.96239720301491e-15,0.692319586528354,0.375,0.247,5.84186023365508e-11,"C8orf59","AD_vs_PD","D1 medium spiny neuron"
1.9913346139002e-15,0.543152155436144,0.453,0.313,5.9280040121195e-11,"ZNF30","AD_vs_PD","D1 medium spiny neuron"
2.27899468618696e-15,-1.13409529550596,0.132,0.237,6.78433928130996e-11,"CYP4A22-AS1","AD_vs_PD","D1 medium spiny neuron"
2.29064764232274e-15,0.561643257780225,0.426,0.282,6.81902896643056e-11,"TOX4","AD_vs_PD","D1 medium spiny neuron"
2.35403947535297e-15,0.788629516828461,0.251,0.136,7.00774011417826e-11,"RADIL","AD_vs_PD","D1 medium spiny neuron"
2.36765205981109e-15,0.730141776168193,0.255,0.137,7.04826341685163e-11,"TMEM9B-AS1","AD_vs_PD","D1 medium spiny neuron"
2.4834296601167e-15,0.906418519859682,0.301,0.184,7.39292175520141e-11,"P2RY1","AD_vs_PD","D1 medium spiny neuron"
2.61306810739034e-15,0.675891827139659,0.31,0.184,7.77884244889031e-11,"FHL2","AD_vs_PD","D1 medium spiny neuron"
2.68540940995228e-15,0.502607784198855,0.422,0.271,7.99419527248693e-11,"EI24","AD_vs_PD","D1 medium spiny neuron"
2.93234561355518e-15,0.777748765514297,0.26,0.143,8.72929965699241e-11,"SDCCAG3","AD_vs_PD","D1 medium spiny neuron"
3.24198652318741e-15,0.642646927919934,0.34,0.207,9.6510696808766e-11,"CLUHP3","AD_vs_PD","D1 medium spiny neuron"
3.3874726694599e-15,0.615737839005551,0.372,0.242,1.00841673897152e-10,"ADAMTS13","AD_vs_PD","D1 medium spiny neuron"
3.39366687116318e-15,0.524575318347984,0.394,0.252,1.01026069087657e-10,"RPS23","AD_vs_PD","D1 medium spiny neuron"
3.59182519249181e-15,0.926645461998964,0.228,0.12,1.06925044155289e-10,"POLR2K","AD_vs_PD","D1 medium spiny neuron"
3.84662036084255e-15,0.749141239308431,0.222,0.113,1.14510041521922e-10,"CDCP1","AD_vs_PD","D1 medium spiny neuron"
3.98168312641322e-15,-0.560066710830968,0.576,0.606,1.18530724990195e-10,"DAB1","AD_vs_PD","D1 medium spiny neuron"
4.06166666831429e-15,0.729796448054456,0.304,0.178,1.20911755049048e-10,"NDN","AD_vs_PD","D1 medium spiny neuron"
4.22740227110133e-15,0.891005108695265,0.215,0.108,1.25845538208415e-10,"SIGIRR","AD_vs_PD","D1 medium spiny neuron"
4.38332185511465e-15,0.912901931301531,0.225,0.118,1.30487108304908e-10,"MRPL51","AD_vs_PD","D1 medium spiny neuron"
4.61613646037649e-15,0.615368177729885,0.394,0.26,1.37417766288948e-10,"SKIL","AD_vs_PD","D1 medium spiny neuron"
4.8284864562626e-15,0.631401733487063,0.316,0.186,1.43739213316481e-10,"CDIPT","AD_vs_PD","D1 medium spiny neuron"
4.88760651495634e-15,0.624574427328192,0.337,0.208,1.45499158343735e-10,"CYP2U1","AD_vs_PD","D1 medium spiny neuron"
5.19618209169202e-15,0.61365668003916,0.372,0.239,1.5468514468758e-10,"TUBBP5","AD_vs_PD","D1 medium spiny neuron"
5.22596079351153e-15,0.774042093354983,0.207,0.101,1.55571626862045e-10,"AURKAIP1","AD_vs_PD","D1 medium spiny neuron"
5.37428104136381e-15,0.633129053431275,0.341,0.212,1.59986972320359e-10,"PSMA7","AD_vs_PD","D1 medium spiny neuron"
5.41482750092354e-15,0.812753600551209,0.271,0.155,1.61193999874993e-10,"LANCL1-AS1","AD_vs_PD","D1 medium spiny neuron"
5.56370040706745e-15,0.694956555611553,0.267,0.149,1.65625797417991e-10,"MCMDC2","AD_vs_PD","D1 medium spiny neuron"
6.01296990594996e-15,0.727581749915422,0.282,0.163,1.79000101130224e-10,"LIN7B","AD_vs_PD","D1 medium spiny neuron"
6.13835658527726e-15,0.724542311655634,0.291,0.17,1.82732737187119e-10,"EID2B","AD_vs_PD","D1 medium spiny neuron"
6.16568004511729e-15,0.911602053015112,0.211,0.109,1.83546129263097e-10,"AC133550.2","AD_vs_PD","D1 medium spiny neuron"
6.46075611254147e-15,0.61457324780463,0.323,0.196,1.92330248714247e-10,"ACAA1","AD_vs_PD","D1 medium spiny neuron"
6.48110591248528e-15,0.517601609880409,0.371,0.233,1.92936041908774e-10,"TTC39A","AD_vs_PD","D1 medium spiny neuron"
8.71729501465114e-15,0.844833223388007,0.237,0.126,2.5950515529115e-10,"TBC1D7","AD_vs_PD","D1 medium spiny neuron"
8.83878542642776e-15,0.505969071586918,0.388,0.249,2.63121803359328e-10,"AP001992.1","AD_vs_PD","D1 medium spiny neuron"
9.59645771881599e-15,0.859064879863447,0.223,0.116,2.85676949831433e-10,"CRTC3-AS1","AD_vs_PD","D1 medium spiny neuron"
9.94084438253996e-15,0.519105948215214,0.421,0.279,2.95928996423832e-10,"MYL6B","AD_vs_PD","D1 medium spiny neuron"
9.9411786134753e-15,0.601884522758081,0.31,0.188,2.95938946144546e-10,"SIRT7","AD_vs_PD","D1 medium spiny neuron"
1.09171272825366e-14,0.593139659107876,0.357,0.229,3.24991962073833e-10,"RPF1","AD_vs_PD","D1 medium spiny neuron"
1.10078408181062e-14,0.97231509195728,0.203,0.103,3.27692413314203e-10,"SIRT6","AD_vs_PD","D1 medium spiny neuron"
1.27975990015905e-14,0.787441871392462,0.306,0.19,3.80971724678348e-10,"LINC00937","AD_vs_PD","D1 medium spiny neuron"
1.39902063946483e-14,0.572237321737388,0.422,0.284,4.16474454162286e-10,"SSU72","AD_vs_PD","D1 medium spiny neuron"
1.45936292326405e-14,0.859996345598244,0.277,0.165,4.34437748626476e-10,"AC010198.1","AD_vs_PD","D1 medium spiny neuron"
1.501215890099e-14,0.573693579006526,0.339,0.208,4.46896958323572e-10,"C12orf65","AD_vs_PD","D1 medium spiny neuron"
1.57370828677108e-14,0.840884175443333,0.244,0.134,4.68477219888884e-10,"LENG8-AS1","AD_vs_PD","D1 medium spiny neuron"
1.73425321255564e-14,0.659063721389295,0.301,0.177,5.16269838845688e-10,"TMEM243","AD_vs_PD","D1 medium spiny neuron"
1.90525643214282e-14,0.607588403285921,0.246,0.132,5.67175787284596e-10,"ABCA1","AD_vs_PD","D1 medium spiny neuron"
2.00499641263313e-14,0.551992084637462,0.455,0.313,5.96867382076756e-10,"CPQ","AD_vs_PD","D1 medium spiny neuron"
2.05811821626013e-14,0.645580486127008,0.332,0.208,6.12681211798477e-10,"PLCG1","AD_vs_PD","D1 medium spiny neuron"
2.11796004307187e-14,0.725809425255108,0.288,0.171,6.30495525222065e-10,"SPATA5L1","AD_vs_PD","D1 medium spiny neuron"
2.12211367540204e-14,0.78525042450075,0.246,0.135,6.31732020030433e-10,"DDIT3","AD_vs_PD","D1 medium spiny neuron"
2.28615930064746e-14,0.875057286674166,0.254,0.145,6.80566762209741e-10,"AC084033.3","AD_vs_PD","D1 medium spiny neuron"
2.46352565191247e-14,0.727121978228408,0.288,0.169,7.33366951317824e-10,"DUSP26","AD_vs_PD","D1 medium spiny neuron"
2.56497397959131e-14,0.958349577341719,0.235,0.13,7.63567103984538e-10,"FRMPD1","AD_vs_PD","D1 medium spiny neuron"
2.6598156447427e-14,0.744391042489636,0.33,0.21,7.91800519283453e-10,"SPDYE3","AD_vs_PD","D1 medium spiny neuron"
2.70899006486143e-14,0.851441101417504,0.253,0.143,8.06439252408598e-10,"ZNF32","AD_vs_PD","D1 medium spiny neuron"
2.74278571435793e-14,0.658986749962493,0.319,0.2,8.16499879307213e-10,"NAT9","AD_vs_PD","D1 medium spiny neuron"
2.7567885158264e-14,0.570075207423947,0.318,0.192,8.2066837327636e-10,"OOEP","AD_vs_PD","D1 medium spiny neuron"
2.85354400326903e-14,0.937953223935549,0.2,0.101,8.49471514333156e-10,"FNDC5","AD_vs_PD","D1 medium spiny neuron"
2.88636651203019e-14,0.871850151849984,0.244,0.139,8.59242446966267e-10,"HSDL2","AD_vs_PD","D1 medium spiny neuron"
3.12253001678618e-14,0.645561848986731,0.312,0.184,9.29545960697078e-10,"CDKN2D","AD_vs_PD","D1 medium spiny neuron"
3.1234751105404e-14,0.568591956627834,0.353,0.222,9.29827305656771e-10,"FBF1","AD_vs_PD","D1 medium spiny neuron"
3.13104553238585e-14,0.937117884280761,0.215,0.114,9.32080944535944e-10,"CENPO","AD_vs_PD","D1 medium spiny neuron"
3.15603100420429e-14,0.792105100237035,0.259,0.149,9.39518869641575e-10,"APEX1","AD_vs_PD","D1 medium spiny neuron"
3.182476299782e-14,-0.810455415326206,0.233,0.35,9.47391369682103e-10,"TOGARAM2","AD_vs_PD","D1 medium spiny neuron"
3.27703629217789e-14,0.764289688694598,0.289,0.173,9.75540933818435e-10,"SLC6A11","AD_vs_PD","D1 medium spiny neuron"
3.28361393079957e-14,0.839600293668649,0.233,0.126,9.77499031059724e-10,"FRY-AS1","AD_vs_PD","D1 medium spiny neuron"
3.32982473175967e-14,0.549668026210956,0.363,0.231,9.91255524397535e-10,"ASPSCR1","AD_vs_PD","D1 medium spiny neuron"
3.35583268908987e-14,0.568549355854218,0.339,0.213,9.98997833215164e-10,"RNH1","AD_vs_PD","D1 medium spiny neuron"
3.35716158744063e-14,0.724822554170539,0.258,0.145,9.99393432965202e-10,"NDUFB9","AD_vs_PD","D1 medium spiny neuron"
3.3885426311711e-14,0.563345637703526,0.291,0.168,1.00873525587332e-09,"ISLR2","AD_vs_PD","D1 medium spiny neuron"
3.45977136068665e-14,0.612610649859558,0.377,0.247,1.02993933636281e-09,"DDX18","AD_vs_PD","D1 medium spiny neuron"
3.53314081895107e-14,0.895695715077052,0.203,0.102,1.05178069039354e-09,"TMED9","AD_vs_PD","D1 medium spiny neuron"
3.54712365053406e-14,0.604495245758105,0.265,0.148,1.05594323952748e-09,"SLC22A10","AD_vs_PD","D1 medium spiny neuron"
4.14483781397877e-14,0.667258542192689,0.283,0.164,1.23387676884334e-09,"NPC1","AD_vs_PD","D1 medium spiny neuron"
4.54391359826371e-14,0.561300257519601,0.354,0.224,1.35267763906712e-09,"COMMD6","AD_vs_PD","D1 medium spiny neuron"
4.6140144240728e-14,0.649109527035452,0.327,0.204,1.37354595390223e-09,"FAM102B","AD_vs_PD","D1 medium spiny neuron"
4.89518871431529e-14,0.813786113858111,0.274,0.163,1.45724872836452e-09,"AC023389.1","AD_vs_PD","D1 medium spiny neuron"
5.02059354576366e-14,0.670776014127846,0.327,0.206,1.49458049263838e-09,"ZNF226","AD_vs_PD","D1 medium spiny neuron"
5.18658367961151e-14,-1.08804663027452,0.11,0.21,1.54399409558355e-09,"AL353626.3","AD_vs_PD","D1 medium spiny neuron"
5.31285844259218e-14,0.664435933499187,0.271,0.157,1.58158482977527e-09,"ZNF552","AD_vs_PD","D1 medium spiny neuron"
5.35939158041146e-14,0.501260404127458,0.397,0.263,1.59543727957269e-09,"LINC00667","AD_vs_PD","D1 medium spiny neuron"
5.65756749242434e-14,0.58302574641931,0.31,0.186,1.6842012668198e-09,"OLMALINC","AD_vs_PD","D1 medium spiny neuron"
5.6949942217209e-14,0.825770837338148,0.254,0.149,1.6953428298641e-09,"ARL16","AD_vs_PD","D1 medium spiny neuron"
6.15203128871016e-14,0.531347812812013,0.389,0.252,1.83139819433613e-09,"CREBL2","AD_vs_PD","D1 medium spiny neuron"
6.31089324947096e-14,0.628116096805349,0.317,0.196,1.87868981143501e-09,"CCNDBP1","AD_vs_PD","D1 medium spiny neuron"
6.31372754940481e-14,0.62456080724958,0.294,0.175,1.87953355418232e-09,"SSR2","AD_vs_PD","D1 medium spiny neuron"
6.40770005425258e-14,0.835380604747619,0.223,0.12,1.90750822915045e-09,"AP003049.2","AD_vs_PD","D1 medium spiny neuron"
6.91307762289482e-14,0.539182278669005,0.402,0.268,2.05795407755956e-09,"RINT1","AD_vs_PD","D1 medium spiny neuron"
7.30519380992967e-14,0.502801080889836,0.381,0.249,2.17468314527796e-09,"GSTO1","AD_vs_PD","D1 medium spiny neuron"
7.53871956567839e-14,0.725297813052221,0.281,0.167,2.2442014275068e-09,"AMZ2P1","AD_vs_PD","D1 medium spiny neuron"
7.55927549693869e-14,0.532590173428011,0.366,0.235,2.25032072268368e-09,"SLC2A3","AD_vs_PD","D1 medium spiny neuron"
7.85139335842398e-14,0.777920266403685,0.246,0.139,2.33728128886924e-09,"POLR3H","AD_vs_PD","D1 medium spiny neuron"
7.93650075573405e-14,0.901834193045487,0.206,0.109,2.36261690997447e-09,"FAM157C","AD_vs_PD","D1 medium spiny neuron"
8.33965320393371e-14,0.549082901490995,0.307,0.186,2.48263136227903e-09,"MRPL4","AD_vs_PD","D1 medium spiny neuron"
8.34227565071137e-14,0.769586030555769,0.26,0.151,2.48341203846027e-09,"SPAG6","AD_vs_PD","D1 medium spiny neuron"
8.81733017635135e-14,0.7866012781771,0.242,0.135,2.62483102019803e-09,"INTS6-AS1","AD_vs_PD","D1 medium spiny neuron"
9.44993317568599e-14,-0.780013104010721,0.464,0.517,2.81315060706996e-09,"AGBL1","AD_vs_PD","D1 medium spiny neuron"
9.85805802529091e-14,0.870266904248407,0.219,0.118,2.93464529354885e-09,"AC091551.1","AD_vs_PD","D1 medium spiny neuron"
9.90250884764745e-14,-0.8190241979125,0.29,0.389,2.94787785885617e-09,"POU2F2","AD_vs_PD","D1 medium spiny neuron"
9.91275351318394e-14,0.74959955332166,0.248,0.139,2.95092759333973e-09,"PMVK","AD_vs_PD","D1 medium spiny neuron"
1.02011563557375e-13,0.824549439570257,0.259,0.15,3.03678223553949e-09,"ZNF350","AD_vs_PD","D1 medium spiny neuron"
1.04257138929503e-13,0.659252716167171,0.28,0.165,3.10363076879236e-09,"LZTR1","AD_vs_PD","D1 medium spiny neuron"
1.04896692827613e-13,-0.84900264870364,0.2,0.308,3.1226696487852e-09,"DIO2","AD_vs_PD","D1 medium spiny neuron"
1.07765533166208e-13,0.566940423495367,0.344,0.219,3.20807215682484e-09,"INSIG2","AD_vs_PD","D1 medium spiny neuron"
1.10752638675799e-13,0.735733029321164,0.235,0.129,3.29699530073985e-09,"CUEDC2","AD_vs_PD","D1 medium spiny neuron"
1.11583956145603e-13,0.946214458326042,0.206,0.109,3.32174279049845e-09,"AL050341.2","AD_vs_PD","D1 medium spiny neuron"
1.14180104241742e-13,-0.785161788138511,0.22,0.337,3.39902752317242e-09,"TTTY15","AD_vs_PD","D1 medium spiny neuron"
1.14674568925098e-13,0.514911900399531,0.451,0.315,3.41374724233123e-09,"ZNF528","AD_vs_PD","D1 medium spiny neuron"
1.22984427947505e-13,0.51124912455824,0.359,0.229,3.66112343556929e-09,"NCOA4","AD_vs_PD","D1 medium spiny neuron"
1.29557874975708e-13,0.523103744961959,0.446,0.313,3.85680838015185e-09,"PSMD5-AS1","AD_vs_PD","D1 medium spiny neuron"
1.31666482670239e-13,0.932738091699526,0.22,0.118,3.91957952261034e-09,"LINC01811","AD_vs_PD","D1 medium spiny neuron"
1.38951178137853e-13,0.559821803327047,0.325,0.202,4.13643762198573e-09,"ARPC5L","AD_vs_PD","D1 medium spiny neuron"
1.42096078767956e-13,0.537808283705445,0.333,0.207,4.23005816884329e-09,"GPR85","AD_vs_PD","D1 medium spiny neuron"
1.43361954147236e-13,0.745776782277068,0.262,0.153,4.26774201300908e-09,"AC010615.2","AD_vs_PD","D1 medium spiny neuron"
1.43936583057049e-13,0.744349005233075,0.256,0.147,4.2848481410253e-09,"TCEAL3","AD_vs_PD","D1 medium spiny neuron"
1.49522281340355e-13,0.666835998510297,0.292,0.175,4.45112879322103e-09,"SCUBE2","AD_vs_PD","D1 medium spiny neuron"
1.50455536871949e-13,1.01411782422998,0.2,0.106,4.47891087714106e-09,"ADORA2A-AS1","AD_vs_PD","D1 medium spiny neuron"
1.53098376314926e-13,0.515157187131293,0.356,0.228,4.55758556451903e-09,"IPO9-AS1","AD_vs_PD","D1 medium spiny neuron"
1.59470609378646e-13,0.571463212806783,0.323,0.202,4.7472805705929e-09,"MYNN","AD_vs_PD","D1 medium spiny neuron"
1.64512558372306e-13,0.581190610785161,0.451,0.34,4.89737435018518e-09,"TESPA1","AD_vs_PD","D1 medium spiny neuron"
1.65855871680142e-13,0.598782764090243,0.288,0.172,4.93736344404613e-09,"LINC02340","AD_vs_PD","D1 medium spiny neuron"
1.72806439628688e-13,0.682306400491972,0.264,0.153,5.14427490130642e-09,"GPR162","AD_vs_PD","D1 medium spiny neuron"
2.05012476662606e-13,0.795777870016778,0.25,0.144,6.10301641776913e-09,"TP53TG5","AD_vs_PD","D1 medium spiny neuron"
2.29442080393583e-13,0.960130155363838,0.205,0.108,6.83026129123658e-09,"TMC2","AD_vs_PD","D1 medium spiny neuron"
2.35172034569644e-13,0.562488850609492,0.358,0.229,7.00083629710373e-09,"TRIM17","AD_vs_PD","D1 medium spiny neuron"
2.43497587240284e-13,0.621264849887409,0.281,0.166,7.24867967455603e-09,"PLPP5","AD_vs_PD","D1 medium spiny neuron"
2.47794744403389e-13,0.592601235421474,0.383,0.26,7.3766017461445e-09,"CUTC","AD_vs_PD","D1 medium spiny neuron"
2.6321158470441e-13,0.832241304559834,0.235,0.133,7.83554566506558e-09,"KCNK12","AD_vs_PD","D1 medium spiny neuron"
2.85501704845905e-13,0.503508472068554,0.401,0.268,8.49910025155774e-09,"FAM212B","AD_vs_PD","D1 medium spiny neuron"
2.93705654755949e-13,0.512049237863055,0.361,0.233,8.74332363642986e-09,"ENDOD1","AD_vs_PD","D1 medium spiny neuron"
3.03514462232594e-13,0.562716063000633,0.308,0.189,9.03532202620208e-09,"NAT14","AD_vs_PD","D1 medium spiny neuron"
3.5058987536376e-13,0.883313107049045,0.231,0.132,1.04367099997038e-08,"CEP19","AD_vs_PD","D1 medium spiny neuron"
3.53683394260238e-13,0.833088500613403,0.237,0.134,1.0528800963733e-08,"AL662799.1","AD_vs_PD","D1 medium spiny neuron"
3.64893648232965e-13,0.684629824153288,0.287,0.176,1.08625190142471e-08,"COX7B","AD_vs_PD","D1 medium spiny neuron"
3.95367693506832e-13,0.527498428030314,0.367,0.241,1.17697008680049e-08,"ZNF33B","AD_vs_PD","D1 medium spiny neuron"
4.09754682364221e-13,0.623497167064297,0.283,0.169,1.21979871393005e-08,"MRPS33","AD_vs_PD","D1 medium spiny neuron"
4.14693539719708e-13,0.859215226051755,0.229,0.129,1.2345011983916e-08,"FRG1","AD_vs_PD","D1 medium spiny neuron"
4.86144734973825e-13,0.779936466573267,0.226,0.125,1.44720426154358e-08,"MANEA","AD_vs_PD","D1 medium spiny neuron"
5.6855554725289e-13,0.552455960370497,0.349,0.225,1.69253300861713e-08,"NPIPB4","AD_vs_PD","D1 medium spiny neuron"
6.37916060495756e-13,0.560070440168947,0.326,0.203,1.89901232048982e-08,"AKIP1","AD_vs_PD","D1 medium spiny neuron"
6.40952742406913e-13,0.521428125264463,0.397,0.27,1.90805221887114e-08,"RUVBL1","AD_vs_PD","D1 medium spiny neuron"
6.73842297078148e-13,0.760651344201273,0.327,0.219,2.00596113417194e-08,"AC114546.1","AD_vs_PD","D1 medium spiny neuron"
6.75971375282601e-13,0.642311550831605,0.316,0.202,2.01229918707877e-08,"PSMD2","AD_vs_PD","D1 medium spiny neuron"
6.85102855611639e-13,0.522560761419465,0.393,0.264,2.03948269087029e-08,"SRSF2","AD_vs_PD","D1 medium spiny neuron"
6.87878935203286e-13,0.52557184551712,0.364,0.241,2.04774680220666e-08,"SNF8","AD_vs_PD","D1 medium spiny neuron"
8.12309024713637e-13,-0.631705451641699,0.489,0.533,2.41816273567003e-08,"AP005212.5","AD_vs_PD","D1 medium spiny neuron"
8.29929284248218e-13,0.635814441419303,0.361,0.244,2.47061648627852e-08,"RRN3P1","AD_vs_PD","D1 medium spiny neuron"
9.17263581191036e-13,0.725949295761888,0.24,0.139,2.73060195484759e-08,"YBEY","AD_vs_PD","D1 medium spiny neuron"
9.61570784575169e-13,0.632830005925618,0.208,0.112,2.86250006860182e-08,"MRPS34","AD_vs_PD","D1 medium spiny neuron"
9.75442445457666e-13,0.612712857536599,0.336,0.217,2.90379461588292e-08,"CCDC47","AD_vs_PD","D1 medium spiny neuron"
9.84019405102327e-13,0.782847298426092,0.231,0.129,2.92932736704912e-08,"GPR27","AD_vs_PD","D1 medium spiny neuron"
1.01130686834714e-12,0.562594345906737,0.265,0.154,3.01055941638261e-08,"HTR5A-AS1","AD_vs_PD","D1 medium spiny neuron"
1.10043119378929e-12,0.562861779217125,0.285,0.172,3.27587362079135e-08,"TMEM246","AD_vs_PD","D1 medium spiny neuron"
1.14781257140334e-12,0.755109208858151,0.285,0.178,3.4169232438106e-08,"AC009690.2","AD_vs_PD","D1 medium spiny neuron"
1.21585524574488e-12,-0.670712451137634,0.335,0.429,3.61947948105792e-08,"LINC01237","AD_vs_PD","D1 medium spiny neuron"
1.36266879489363e-12,0.78998406829345,0.254,0.151,4.05652873551885e-08,"SLC7A6OS","AD_vs_PD","D1 medium spiny neuron"
1.5442832840371e-12,0.694647707273199,0.215,0.116,4.59717690825005e-08,"ZNF181","AD_vs_PD","D1 medium spiny neuron"
1.65900556767998e-12,0.695185827237131,0.292,0.183,4.93869367442653e-08,"TMEM126B","AD_vs_PD","D1 medium spiny neuron"
1.71671124871372e-12,0.545118442256483,0.322,0.203,5.11047771629588e-08,"LSM7","AD_vs_PD","D1 medium spiny neuron"
1.74178290531338e-12,0.710674321091957,0.279,0.174,5.18511353082739e-08,"ZNF436-AS1","AD_vs_PD","D1 medium spiny neuron"
1.78643385370115e-12,0.590537425116233,0.314,0.198,5.31803493908295e-08,"AL583859.2","AD_vs_PD","D1 medium spiny neuron"
1.89318525551907e-12,0.75210008786791,0.221,0.125,5.63582318715471e-08,"BANF1","AD_vs_PD","D1 medium spiny neuron"
1.89354321352051e-12,0.562621949796872,0.355,0.236,5.63688879232922e-08,"POMP","AD_vs_PD","D1 medium spiny neuron"
1.9713126749386e-12,0.588724370324565,0.278,0.169,5.86840070202472e-08,"GLRX","AD_vs_PD","D1 medium spiny neuron"
2.03717759487481e-12,0.607181034406777,0.319,0.206,6.06447398218282e-08,"AC008771.1","AD_vs_PD","D1 medium spiny neuron"
2.07283502474321e-12,0.530513460844031,0.383,0.262,6.17062258515806e-08,"ARMC10","AD_vs_PD","D1 medium spiny neuron"
2.09008523439221e-12,0.538929044554682,0.337,0.221,6.22197473426217e-08,"MRPS11","AD_vs_PD","D1 medium spiny neuron"
2.09587176710049e-12,0.715395475476565,0.271,0.166,6.23920066348144e-08,"FAM229B","AD_vs_PD","D1 medium spiny neuron"
2.16059193551213e-12,0.649400200176284,0.244,0.141,6.43186613282607e-08,"TSPOAP1-AS1","AD_vs_PD","D1 medium spiny neuron"
2.21984723813663e-12,0.700375491454749,0.231,0.13,6.60826324320895e-08,"FLJ37453","AD_vs_PD","D1 medium spiny neuron"
2.23304979242192e-12,0.619148609248181,0.248,0.147,6.64756592706082e-08,"TLN1","AD_vs_PD","D1 medium spiny neuron"
2.43892487129096e-12,0.614973303547861,0.303,0.192,7.26043544934607e-08,"AL031428.1","AD_vs_PD","D1 medium spiny neuron"
2.57492214350608e-12,0.61690276489763,0.2,0.105,7.66528572900324e-08,"NHS","AD_vs_PD","D1 medium spiny neuron"
2.64921744715173e-12,0.537258978714204,0.362,0.248,7.886455418426e-08,"ATIC","AD_vs_PD","D1 medium spiny neuron"
2.65616454092847e-12,0.571025926211139,0.352,0.237,7.90713622188998e-08,"CEBPZ","AD_vs_PD","D1 medium spiny neuron"
2.78490717730295e-12,0.690280226096424,0.258,0.153,8.29039017611317e-08,"PSMD6-AS2","AD_vs_PD","D1 medium spiny neuron"
2.99121555028051e-12,0.657403995301211,0.215,0.118,8.90454957163004e-08,"AC215219.1","AD_vs_PD","D1 medium spiny neuron"
3.14457073008846e-12,0.89586818863126,0.204,0.113,9.36107260640034e-08,"RPL7AP30","AD_vs_PD","D1 medium spiny neuron"
3.17145709406057e-12,0.801674896508656,0.239,0.141,9.44111062330892e-08,"AL135925.1","AD_vs_PD","D1 medium spiny neuron"
3.21420428258068e-12,0.604539791942829,0.35,0.232,9.56836472881443e-08,"HELQ","AD_vs_PD","D1 medium spiny neuron"
3.54131691730535e-12,0.695587252082003,0.219,0.123,1.05421463311263e-07,"CDK16","AD_vs_PD","D1 medium spiny neuron"
3.54141351527842e-12,0.61553069976409,0.206,0.11,1.05424338936323e-07,"UQCRQ","AD_vs_PD","D1 medium spiny neuron"
3.68757155748874e-12,0.71971337188839,0.258,0.155,1.09775317694882e-07,"AC007038.2","AD_vs_PD","D1 medium spiny neuron"
3.8068712558748e-12,0.771347142817102,0.236,0.139,1.13326750416137e-07,"AQP11","AD_vs_PD","D1 medium spiny neuron"
3.8699111157559e-12,0.694111544932283,0.252,0.15,1.15203384004937e-07,"OCIAD2","AD_vs_PD","D1 medium spiny neuron"
3.89217263488295e-12,0.605668135691885,0.275,0.167,1.15866087167831e-07,"ZNF281","AD_vs_PD","D1 medium spiny neuron"
4.03907550875661e-12,0.598090980080884,0.327,0.213,1.20239238820175e-07,"HAT1","AD_vs_PD","D1 medium spiny neuron"
4.29138713199977e-12,0.516818946014967,0.302,0.187,1.27750303532501e-07,"CAMK2G","AD_vs_PD","D1 medium spiny neuron"
4.30394591548892e-12,0.527859381938407,0.255,0.149,1.2812416595819e-07,"RFPL2","AD_vs_PD","D1 medium spiny neuron"
4.30611213876712e-12,0.908078894819491,0.215,0.122,1.28188652258959e-07,"IGSF10","AD_vs_PD","D1 medium spiny neuron"
4.34000023132778e-12,0.816207508692492,0.227,0.133,1.29197466886397e-07,"SERHL2","AD_vs_PD","D1 medium spiny neuron"
4.42374092281331e-12,0.625068064579171,0.266,0.16,1.31690343531229e-07,"PPIL1","AD_vs_PD","D1 medium spiny neuron"
4.47825308513171e-12,0.631622983069226,0.291,0.183,1.33313116091286e-07,"KLHL35","AD_vs_PD","D1 medium spiny neuron"
4.77796877643215e-12,0.590661813353512,0.279,0.168,1.42235352505609e-07,"GSS","AD_vs_PD","D1 medium spiny neuron"
4.84534691952013e-12,0.702098198942292,0.253,0.153,1.44241132447195e-07,"CWC15","AD_vs_PD","D1 medium spiny neuron"
5.41502485919926e-12,0.52376562043249,0.283,0.171,1.61199875033503e-07,"CCT7","AD_vs_PD","D1 medium spiny neuron"
5.44951310716497e-12,0.543974456227787,0.305,0.192,1.62226555687194e-07,"RNF187","AD_vs_PD","D1 medium spiny neuron"
5.48566178233947e-12,0.711298155788648,0.231,0.134,1.63302665598464e-07,"LSM4","AD_vs_PD","D1 medium spiny neuron"
5.52163102528269e-12,0.502846049151214,0.354,0.233,1.6437343399164e-07,"MFSD4B","AD_vs_PD","D1 medium spiny neuron"
5.67532672089729e-12,0.534791843044672,0.298,0.185,1.68948801154391e-07,"COPRS","AD_vs_PD","D1 medium spiny neuron"
5.84136149146829e-12,0.844478044615539,0.225,0.133,1.7389149023952e-07,"LAMTOR5","AD_vs_PD","D1 medium spiny neuron"
5.91812677087625e-12,0.686709952648072,0.265,0.163,1.76176715842215e-07,"THYN1","AD_vs_PD","D1 medium spiny neuron"
6.04741119500091e-12,0.599159273045952,0.228,0.129,1.80025383863982e-07,"DDX58","AD_vs_PD","D1 medium spiny neuron"
6.15628323877031e-12,0.790688518526832,0.223,0.127,1.83266395734953e-07,"PYURF","AD_vs_PD","D1 medium spiny neuron"
6.33100354283096e-12,0.668230379189934,0.254,0.151,1.88467644466535e-07,"SNRPD1","AD_vs_PD","D1 medium spiny neuron"
6.35483448857201e-12,0.733128647396733,0.237,0.139,1.891770678903e-07,"MORC4","AD_vs_PD","D1 medium spiny neuron"
7.03193768798683e-12,0.502186644206034,0.399,0.28,2.0933375303368e-07,"COG2","AD_vs_PD","D1 medium spiny neuron"
7.27213532787108e-12,0.781821468299162,0.215,0.122,2.16484196575394e-07,"AC097534.2","AD_vs_PD","D1 medium spiny neuron"
7.39973631474226e-12,-0.661097676419422,0.409,0.48,2.20282750353562e-07,"CCDC59","AD_vs_PD","D1 medium spiny neuron"
7.73129967932668e-12,0.786379042765694,0.213,0.121,2.30153060153876e-07,"NECAP2","AD_vs_PD","D1 medium spiny neuron"
7.84266125232222e-12,0.660465647100167,0.231,0.134,2.3346818282038e-07,"CMTR2","AD_vs_PD","D1 medium spiny neuron"
7.95368912039003e-12,0.598246148541676,0.341,0.231,2.36773371424891e-07,"UFSP2","AD_vs_PD","D1 medium spiny neuron"
8.98787874865646e-12,0.797600432293836,0.207,0.116,2.67560162468754e-07,"SNAPC5","AD_vs_PD","D1 medium spiny neuron"
9.02170896411743e-12,0.596136321553991,0.256,0.153,2.68567254152812e-07,"RPS6KL1","AD_vs_PD","D1 medium spiny neuron"
9.37710399969951e-12,0.713432007827132,0.233,0.135,2.79147008967055e-07,"TTI2","AD_vs_PD","D1 medium spiny neuron"
9.99584079538295e-12,0.556695257677748,0.327,0.214,2.97566184637755e-07,"IQCG","AD_vs_PD","D1 medium spiny neuron"
1.06093093158047e-11,0.715047460627603,0.242,0.143,3.15828529022191e-07,"SYF2","AD_vs_PD","D1 medium spiny neuron"
1.0779583076853e-11,0.734934540906741,0.23,0.135,3.20897408614836e-07,"LYSMD3","AD_vs_PD","D1 medium spiny neuron"
1.11882530662278e-11,0.558280737387665,0.32,0.208,3.33063105528536e-07,"ATP5G1","AD_vs_PD","D1 medium spiny neuron"
1.20922479005645e-11,0.526565849348607,0.253,0.149,3.59974127751903e-07,"PHLDA1","AD_vs_PD","D1 medium spiny neuron"
1.306658940045e-11,-0.675339782239931,0.365,0.444,3.88979299861996e-07,"SNX31","AD_vs_PD","D1 medium spiny neuron"
1.45655226722923e-11,0.605158327963531,0.28,0.174,4.33601044431471e-07,"ANKRD20A4","AD_vs_PD","D1 medium spiny neuron"
1.47543864331149e-11,0.510763698929339,0.366,0.248,4.39223329727399e-07,"PSMD5","AD_vs_PD","D1 medium spiny neuron"
1.48974424776171e-11,0.851857360929622,0.221,0.131,4.43481965116183e-07,"C1QBP","AD_vs_PD","D1 medium spiny neuron"
1.53580294133055e-11,0.688192797535581,0.204,0.112,4.5719317760469e-07,"COL10A1","AD_vs_PD","D1 medium spiny neuron"
1.53678470984606e-11,0.596148850074908,0.289,0.184,4.57485440274074e-07,"ACOT13","AD_vs_PD","D1 medium spiny neuron"
1.72239789233007e-11,0.594212299346681,0.206,0.112,5.12740628567737e-07,"LACTB2","AD_vs_PD","D1 medium spiny neuron"
1.85146119182489e-11,0.599165926578883,0.301,0.194,5.5116148219435e-07,"UBE2M","AD_vs_PD","D1 medium spiny neuron"
1.91226401767227e-11,0.530164302503795,0.324,0.215,5.69261875420859e-07,"EEF1AKMT1","AD_vs_PD","D1 medium spiny neuron"
1.9766210548473e-11,0.580333793707623,0.318,0.208,5.88420321817493e-07,"STK11IP","AD_vs_PD","D1 medium spiny neuron"
1.98270745161714e-11,0.792652241648766,0.204,0.116,5.90232181271907e-07,"NIT1","AD_vs_PD","D1 medium spiny neuron"
2.20348504370586e-11,0.586503395141221,0.264,0.161,6.55955462660798e-07,"FAM96A","AD_vs_PD","D1 medium spiny neuron"
2.34738459240528e-11,0.623221005343752,0.227,0.133,6.98792919313127e-07,"OLFM1","AD_vs_PD","D1 medium spiny neuron"
2.39549050043584e-11,0.630581827927984,0.262,0.165,7.13113567074746e-07,"C19orf60","AD_vs_PD","D1 medium spiny neuron"
2.72883478728179e-11,0.808857953193115,0.213,0.122,8.12346827825916e-07,"TMLHE-AS1","AD_vs_PD","D1 medium spiny neuron"
2.81887563222521e-11,0.585944042873613,0.352,0.242,8.39151086957123e-07,"ALAD","AD_vs_PD","D1 medium spiny neuron"
3.0604546878294e-11,0.704683739701752,0.239,0.145,9.11066756019934e-07,"HHIP","AD_vs_PD","D1 medium spiny neuron"
3.27904374828582e-11,0.60753507566727,0.325,0.218,9.76138533427206e-07,"LINC02018","AD_vs_PD","D1 medium spiny neuron"
3.32570064178674e-11,0.553031386042546,0.261,0.163,9.90027824053495e-07,"TTLL9","AD_vs_PD","D1 medium spiny neuron"
3.61590009019152e-11,0.549444529971662,0.292,0.184,1.07641729784911e-06,"HEBP1","AD_vs_PD","D1 medium spiny neuron"
3.69740069018368e-11,0.572231526211822,0.258,0.159,1.10067921146078e-06,"TSEN54","AD_vs_PD","D1 medium spiny neuron"
3.86966702043696e-11,0.626423490469286,0.275,0.174,1.15196117531388e-06,"MRPL35","AD_vs_PD","D1 medium spiny neuron"
4.03636603702975e-11,0.93324776669445,0.211,0.126,1.20158580556339e-06,"CHST9","AD_vs_PD","D1 medium spiny neuron"
4.04562532615325e-11,-0.589117014133767,0.432,0.504,1.20434220334256e-06,"AC068875.1","AD_vs_PD","D1 medium spiny neuron"
4.17284672299366e-11,0.52999387721624,0.331,0.225,1.24221474096798e-06,"ABHD5","AD_vs_PD","D1 medium spiny neuron"
4.46291716951896e-11,0.504930163060784,0.362,0.247,1.3285658121941e-06,"PSMA5","AD_vs_PD","D1 medium spiny neuron"
4.55678744691249e-11,0.578358788881286,0.29,0.185,1.35651005507138e-06,"RNASEH2C","AD_vs_PD","D1 medium spiny neuron"
4.59673500921535e-11,0.701200167060659,0.231,0.139,1.36840204489332e-06,"DLGAP4-AS1","AD_vs_PD","D1 medium spiny neuron"
4.95677262018356e-11,0.574821689984725,0.31,0.205,1.47558164130244e-06,"AC017083.2","AD_vs_PD","D1 medium spiny neuron"
5.26297636517747e-11,-0.801357186412975,0.201,0.299,1.56673543414968e-06,"DDX3Y","AD_vs_PD","D1 medium spiny neuron"
6.12263164498162e-11,0.583831023656172,0.2,0.11,1.82264621439458e-06,"LINC01088","AD_vs_PD","D1 medium spiny neuron"
6.71484036527402e-11,0.65351520793515,0.23,0.136,1.99894082833842e-06,"FALEC","AD_vs_PD","D1 medium spiny neuron"
7.08075674113198e-11,0.52420224375531,0.341,0.229,2.10787047426758e-06,"SLITRK3","AD_vs_PD","D1 medium spiny neuron"
7.09985147202087e-11,0.770575897593828,0.209,0.122,2.11355478470589e-06,"CHCHD7","AD_vs_PD","D1 medium spiny neuron"
7.12741889582626e-11,0.621367893847997,0.278,0.18,2.12176133109852e-06,"OSTC","AD_vs_PD","D1 medium spiny neuron"
7.42268538830318e-11,0.508811890323376,0.367,0.258,2.20965921324397e-06,"NIT2","AD_vs_PD","D1 medium spiny neuron"
7.69005944375701e-11,0.525505244052947,0.241,0.145,2.28925379581202e-06,"SDCBP2","AD_vs_PD","D1 medium spiny neuron"
7.74914185537441e-11,0.633422671812097,0.253,0.155,2.30684203892641e-06,"NCBP2","AD_vs_PD","D1 medium spiny neuron"
9.18946623705493e-11,0.629389977882092,0.24,0.145,2.73561220410888e-06,"AC020915.4","AD_vs_PD","D1 medium spiny neuron"
1.05920326058156e-10,0.552273142000298,0.321,0.214,3.15314218642525e-06,"MRPS26","AD_vs_PD","D1 medium spiny neuron"
1.06042638292171e-10,0.579976725817126,0.249,0.155,3.15678329931963e-06,"NDUFS6","AD_vs_PD","D1 medium spiny neuron"
1.07614562016284e-10,0.694295645007927,0.221,0.131,3.20357789666277e-06,"TUBB4B","AD_vs_PD","D1 medium spiny neuron"
1.07786364902228e-10,0.5450236253471,0.202,0.114,3.20869229677443e-06,"SLC25A25-AS1","AD_vs_PD","D1 medium spiny neuron"
1.32470356696149e-10,0.659226303893347,0.211,0.124,3.94351004848767e-06,"EXOC3","AD_vs_PD","D1 medium spiny neuron"
1.40782175933628e-10,0.539042764101054,0.268,0.17,4.19094459536818e-06,"FAM96B","AD_vs_PD","D1 medium spiny neuron"
1.45057629432718e-10,0.663633382678742,0.246,0.152,4.31822057058257e-06,"GNG5","AD_vs_PD","D1 medium spiny neuron"
1.6123996169667e-10,0.632795791693793,0.239,0.145,4.79995241974818e-06,"ZNF778","AD_vs_PD","D1 medium spiny neuron"
1.65715651337244e-10,0.683842345465376,0.258,0.164,4.93318922465842e-06,"LINC01616","AD_vs_PD","D1 medium spiny neuron"
1.7955627927656e-10,0.570130813346622,0.306,0.206,5.34521087778391e-06,"SERPINI2","AD_vs_PD","D1 medium spiny neuron"
1.90929864852293e-10,0.662122959080131,0.202,0.116,5.68379114678791e-06,"PHB","AD_vs_PD","D1 medium spiny neuron"
1.96148215250089e-10,0.586726856543891,0.242,0.149,5.8391362197799e-06,"AL122035.1","AD_vs_PD","D1 medium spiny neuron"
2.21856590183284e-10,0.653825971094393,0.248,0.154,6.60444883316618e-06,"RRAGA","AD_vs_PD","D1 medium spiny neuron"
2.46234290341526e-10,0.700929139655821,0.225,0.135,7.33014858917688e-06,"DHRS4-AS1","AD_vs_PD","D1 medium spiny neuron"
2.5168595629235e-10,0.775747592561622,0.209,0.124,7.49243923286696e-06,"SEPT1","AD_vs_PD","D1 medium spiny neuron"
2.52849859482821e-10,0.569065155649551,0.289,0.191,7.5270874669441e-06,"NECTIN3","AD_vs_PD","D1 medium spiny neuron"
2.59212003345431e-10,0.68410533855849,0.231,0.141,7.71648212759014e-06,"CDC26","AD_vs_PD","D1 medium spiny neuron"
2.70914708560872e-10,0.540631075886115,0.238,0.145,8.06485995914861e-06,"MRPL50","AD_vs_PD","D1 medium spiny neuron"
3.31426647596811e-10,0.636262992293387,0.251,0.159,9.86623987230947e-06,"AP002812.2","AD_vs_PD","D1 medium spiny neuron"
3.43256970053402e-10,0.542061392482162,0.284,0.183,1.02184167415197e-05,"ZNF567","AD_vs_PD","D1 medium spiny neuron"
3.58713748090322e-10,0.710656978381147,0.212,0.126,1.06785495669008e-05,"SNHG10","AD_vs_PD","D1 medium spiny neuron"
3.72996759732164e-10,0.614466883564376,0.258,0.165,1.11037405404668e-05,"DPH1","AD_vs_PD","D1 medium spiny neuron"
3.77656395268286e-10,0.582442000876556,0.24,0.147,1.12424532307416e-05,"GUSB","AD_vs_PD","D1 medium spiny neuron"
3.98773576765222e-10,0.695938768143029,0.207,0.123,1.18710906067239e-05,"ERP29","AD_vs_PD","D1 medium spiny neuron"
4.05812959990407e-10,0.636728136003192,0.258,0.165,1.20806460059544e-05,"CTSL","AD_vs_PD","D1 medium spiny neuron"
4.20772824246195e-10,0.5971439608309,0.228,0.139,1.2525986204985e-05,"METTL17","AD_vs_PD","D1 medium spiny neuron"
4.36226490184787e-10,0.511878842783883,0.234,0.141,1.29860263863109e-05,"C1orf216","AD_vs_PD","D1 medium spiny neuron"
5.43866595551372e-10,0.514515042209446,0.255,0.161,1.61903646829688e-05,"CPPED1","AD_vs_PD","D1 medium spiny neuron"
5.6732615100986e-10,0.549773017518887,0.287,0.188,1.68887321894125e-05,"LINC00643","AD_vs_PD","D1 medium spiny neuron"
6.22030721183688e-10,0.708907310656738,0.217,0.132,1.85172325389172e-05,"SCO1","AD_vs_PD","D1 medium spiny neuron"
6.23808041364545e-10,0.529397544722422,0.271,0.177,1.85701415833811e-05,"NOB1","AD_vs_PD","D1 medium spiny neuron"
6.25219799454237e-10,0.526924019525267,0.291,0.194,1.86121682099532e-05,"DDX21","AD_vs_PD","D1 medium spiny neuron"
6.42849718102409e-10,0.559609853696865,0.221,0.134,1.91369932581906e-05,"LINC00574","AD_vs_PD","D1 medium spiny neuron"
6.46879784091581e-10,0.697471252415288,0.233,0.146,1.92569642926223e-05,"DIRAS3","AD_vs_PD","D1 medium spiny neuron"
6.98949592811154e-10,-0.901642308187891,0.163,0.247,2.08070304283952e-05,"CRB1","AD_vs_PD","D1 medium spiny neuron"
7.07063090140326e-10,0.526303662582973,0.314,0.214,2.10485611303874e-05,"NPIPA1","AD_vs_PD","D1 medium spiny neuron"
7.37771882609486e-10,0.524756616880435,0.259,0.165,2.19627311734018e-05,"POP1","AD_vs_PD","D1 medium spiny neuron"
7.72778140466659e-10,0.691364362118307,0.229,0.143,2.3004832463552e-05,"SLC9A2","AD_vs_PD","D1 medium spiny neuron"
7.92012397590079e-10,0.719748785019888,0.2,0.119,2.35774170638591e-05,"GAS5","AD_vs_PD","D1 medium spiny neuron"
7.9634583621769e-10,0.52829349179477,0.25,0.157,2.37064191983644e-05,"EEF1DP4","AD_vs_PD","D1 medium spiny neuron"
8.32061432830947e-10,0.647365351998706,0.235,0.148,2.47696367939444e-05,"SLC35B1","AD_vs_PD","D1 medium spiny neuron"
8.34612539363255e-10,0.55971351813509,0.259,0.165,2.48455806843047e-05,"SLC27A5","AD_vs_PD","D1 medium spiny neuron"
9.30164342368395e-10,0.634732108364323,0.211,0.126,2.76900623079647e-05,"CADPS2","AD_vs_PD","D1 medium spiny neuron"
9.44507710816139e-10,0.692609419174441,0.209,0.126,2.81170500432856e-05,"C8orf76","AD_vs_PD","D1 medium spiny neuron"
9.78885981695819e-10,0.596568760434705,0.233,0.145,2.91404567891028e-05,"ADI1","AD_vs_PD","D1 medium spiny neuron"
1.12416620149751e-09,0.680439075767592,0.207,0.124,3.34653036523795e-05,"UFC1","AD_vs_PD","D1 medium spiny neuron"
1.25727728261361e-09,0.512890050018745,0.308,0.21,3.74278874261246e-05,"LSM8","AD_vs_PD","D1 medium spiny neuron"
1.28258960945323e-09,-0.505556007589349,0.557,0.579,3.81814100838132e-05,"CDR1.1","AD_vs_PD","D1 medium spiny neuron"
1.30668754513702e-09,0.558928396459639,0.244,0.155,3.8898781531184e-05,"SNRNP35","AD_vs_PD","D1 medium spiny neuron"
1.30714702595379e-09,0.519087661126117,0.257,0.163,3.89124598156185e-05,"ANKRD54","AD_vs_PD","D1 medium spiny neuron"
1.33985957389689e-09,0.571229059950647,0.288,0.192,3.98862796553364e-05,"E2F4","AD_vs_PD","D1 medium spiny neuron"
1.39560181909332e-09,0.694088208759617,0.2,0.12,4.15456705525889e-05,"AC092142.1","AD_vs_PD","D1 medium spiny neuron"
1.43793320267521e-09,0.518710966574091,0.213,0.129,4.28058335104383e-05,"CHMP2A","AD_vs_PD","D1 medium spiny neuron"
1.66856780724498e-09,0.596112458786364,0.251,0.163,4.96715950538758e-05,"IFFO1","AD_vs_PD","D1 medium spiny neuron"
1.83034048214979e-09,0.604065489549837,0.236,0.149,5.4487405813117e-05,"GLRX5","AD_vs_PD","D1 medium spiny neuron"
1.97020892206764e-09,0.611704388178427,0.209,0.126,5.86511494010314e-05,"AP001462.1","AD_vs_PD","D1 medium spiny neuron"
1.99557922329922e-09,-0.514168493559217,0.424,0.49,5.94063978983946e-05,"Z93930.2","AD_vs_PD","D1 medium spiny neuron"
2.17093783837381e-09,0.528737975727066,0.3,0.208,6.46266485105499e-05,"SEC11C","AD_vs_PD","D1 medium spiny neuron"
2.66629749201748e-09,0.529296117369202,0.301,0.206,7.93730100398683e-05,"PUDP","AD_vs_PD","D1 medium spiny neuron"
2.75713933826067e-09,0.565715693957553,0.27,0.18,8.20772809606819e-05,"RNF6","AD_vs_PD","D1 medium spiny neuron"
2.79362587216392e-09,0.61814699789269,0.252,0.162,8.31634485884476e-05,"SNRPB2","AD_vs_PD","D1 medium spiny neuron"
2.86613860491721e-09,0.589515257608636,0.208,0.126,8.53220801297805e-05,"CEACAM19","AD_vs_PD","D1 medium spiny neuron"
2.91784338167134e-09,0.596019213369385,0.213,0.13,8.68612796289741e-05,"SLC16A4","AD_vs_PD","D1 medium spiny neuron"
2.96205685937819e-09,0.572752900089439,0.228,0.142,8.81774706468294e-05,"CLHC1","AD_vs_PD","D1 medium spiny neuron"
2.97600885813703e-09,0.535215229056013,0.265,0.174,8.85928076978812e-05,"COX5A","AD_vs_PD","D1 medium spiny neuron"
3.06710879684121e-09,0.705058734269046,0.222,0.14,9.13047617731661e-05,"PNLDC1","AD_vs_PD","D1 medium spiny neuron"
3.10862087442384e-09,0.58285326232536,0.228,0.144,9.25405348107233e-05,"NYAP1","AD_vs_PD","D1 medium spiny neuron"
3.43600585026106e-09,0.617720114001325,0.241,0.156,0.000102286458156422,"ENPP7P7","AD_vs_PD","D1 medium spiny neuron"
3.45003455214576e-09,0.552310297224885,0.229,0.141,0.000102704078582827,"SF3B6","AD_vs_PD","D1 medium spiny neuron"
3.61818128837306e-09,-0.698162929838043,0.236,0.323,0.000107709638773578,"PELI2","AD_vs_PD","D1 medium spiny neuron"
3.90483708779423e-09,0.623877775374552,0.202,0.12,0.000116243095266546,"IGF2BP2","AD_vs_PD","D1 medium spiny neuron"
5.25086750102308e-09,0.519283854194726,0.252,0.163,0.000156313074637956,"ZNHIT3","AD_vs_PD","D1 medium spiny neuron"
5.29731255605674e-09,0.601633863470016,0.235,0.151,0.000157695697481253,"SAMD13","AD_vs_PD","D1 medium spiny neuron"
5.3236422891112e-09,0.574107462753836,0.206,0.126,0.000158479507304551,"RASSF7","AD_vs_PD","D1 medium spiny neuron"
5.51273029871366e-09,-1.27506241499602,0.163,0.233,0.000164108468262407,"HSPB1","AD_vs_PD","D1 medium spiny neuron"
5.82733359170121e-09,-0.527278379719945,0.47,0.51,0.000173473893691353,"AC104162.1","AD_vs_PD","D1 medium spiny neuron"
5.96965500952336e-09,0.511488734899848,0.201,0.12,0.000177710659978501,"ZNF324","AD_vs_PD","D1 medium spiny neuron"
6.59297822262927e-09,0.679691499224154,0.209,0.129,0.000196266368709451,"TCEAL7","AD_vs_PD","D1 medium spiny neuron"
7.10402933430537e-09,0.522545605343304,0.24,0.153,0.000211479849252936,"KL","AD_vs_PD","D1 medium spiny neuron"
7.37413558998016e-09,0.522724056993665,0.215,0.133,0.000219520642378119,"CRNKL1","AD_vs_PD","D1 medium spiny neuron"
7.43392926510984e-09,0.586459412000542,0.212,0.132,0.000221300640293055,"CPEB1-AS1","AD_vs_PD","D1 medium spiny neuron"
8.00317573262969e-09,-0.736634264803214,0.14,0.22,0.000238246538384653,"ZNF100","AD_vs_PD","D1 medium spiny neuron"
8.37660724335543e-09,0.517037623865673,0.287,0.196,0.000249363221027448,"CBLL1","AD_vs_PD","D1 medium spiny neuron"
8.74226062693308e-09,0.533448031211316,0.269,0.18,0.000260248356603171,"SEC61B","AD_vs_PD","D1 medium spiny neuron"
9.37025412989474e-09,0.56602244162906,0.237,0.154,0.000278943095192837,"RABGGTB","AD_vs_PD","D1 medium spiny neuron"
9.54162147230762e-09,0.573620326851927,0.222,0.14,0.000284044529609126,"RBM18","AD_vs_PD","D1 medium spiny neuron"
9.69324288905684e-09,0.598704380409147,0.273,0.187,0.000288558147564333,"MAGOHB","AD_vs_PD","D1 medium spiny neuron"
9.74504871296368e-09,0.548225240540758,0.23,0.147,0.000290100355136216,"BLOC1S2","AD_vs_PD","D1 medium spiny neuron"
1.02228977404392e-08,0.509594936778928,0.271,0.18,0.000304325442835134,"TMEM128","AD_vs_PD","D1 medium spiny neuron"
1.0790762307779e-08,0.517960537667732,0.245,0.161,0.000321230203140272,"PTPRG-AS1","AD_vs_PD","D1 medium spiny neuron"
1.12311478919057e-08,0.550342044635778,0.233,0.151,0.00033434004159414,"ACAD8","AD_vs_PD","D1 medium spiny neuron"
1.1392448320897e-08,0.514880031608386,0.259,0.173,0.000339141794064782,"POMGNT2","AD_vs_PD","D1 medium spiny neuron"
1.30373377979091e-08,0.517681375753655,0.232,0.149,0.000388108508905957,"PAPPA2","AD_vs_PD","D1 medium spiny neuron"
1.32863657410906e-08,0.579444258624063,0.214,0.135,0.000395521821746525,"FLJ27354","AD_vs_PD","D1 medium spiny neuron"
1.39778613574117e-08,0.612296668618108,0.206,0.13,0.000416106954748789,"RHBDL1","AD_vs_PD","D1 medium spiny neuron"
1.42283929010503e-08,0.545516090139616,0.246,0.163,0.000423565028271366,"CLTCL1","AD_vs_PD","D1 medium spiny neuron"
1.48171081885358e-08,0.550600651984492,0.221,0.139,0.000441090493664523,"PRPF18","AD_vs_PD","D1 medium spiny neuron"
1.50361291237828e-08,0.68512255995075,0.212,0.135,0.000447610527885889,"AKR1A1","AD_vs_PD","D1 medium spiny neuron"
1.67550125328477e-08,0.562441571529122,0.212,0.132,0.000498779968090342,"TCTE3","AD_vs_PD","D1 medium spiny neuron"
2.1233372354731e-08,0.500970285872751,0.318,0.229,0.000632096261627986,"OSGEP","AD_vs_PD","D1 medium spiny neuron"
2.14781258564584e-08,0.502264616344414,0.211,0.13,0.000639382328620909,"RPL13A","AD_vs_PD","D1 medium spiny neuron"
2.2912766439323e-08,0.579183763082912,0.252,0.168,0.000682090144132207,"TET1","AD_vs_PD","D1 medium spiny neuron"
2.34262977126872e-08,0.578828959121858,0.222,0.143,0.000697377456608986,"CCNG2","AD_vs_PD","D1 medium spiny neuron"
2.45845467145207e-08,0.585784850093057,0.215,0.137,0.000731857371144566,"LYAR","AD_vs_PD","D1 medium spiny neuron"
2.46863066253548e-08,0.510853925797897,0.237,0.154,0.000734886661930186,"FAM98A","AD_vs_PD","D1 medium spiny neuron"
2.48293183506397e-08,-0.805095177818524,0.196,0.275,0.000739143977980193,"MBP","AD_vs_PD","D1 medium spiny neuron"
2.71587597039124e-08,0.540130693777815,0.273,0.186,0.000808489117625767,"ELP6","AD_vs_PD","D1 medium spiny neuron"
2.73009855614715e-08,0.506420819530512,0.232,0.151,0.000812723039179445,"DEGS1","AD_vs_PD","D1 medium spiny neuron"
2.83927737100537e-08,0.576249204000141,0.216,0.139,0.00084522448057459,"SYNJ2","AD_vs_PD","D1 medium spiny neuron"
2.94618324119778e-08,-0.520842307504429,0.458,0.502,0.000877049289072167,"COL26A1","AD_vs_PD","D1 medium spiny neuron"
3.0906618582313e-08,-0.567914935470794,0.356,0.419,0.000920059128576877,"LINC01277","AD_vs_PD","D1 medium spiny neuron"
3.55779665649863e-08,0.528696244531323,0.223,0.143,0.00105912048667308,"TSHZ3","AD_vs_PD","D1 medium spiny neuron"
4.11081680398585e-08,0.536848090922279,0.242,0.162,0.00122374905437855,"SDHAF3","AD_vs_PD","D1 medium spiny neuron"
4.20715653927233e-08,-0.899200982569041,0.131,0.2,0.00125242843017598,"AP002991.1","AD_vs_PD","D1 medium spiny neuron"
4.22293871154427e-08,0.519505382640971,0.26,0.176,0.00125712662503961,"BRIX1","AD_vs_PD","D1 medium spiny neuron"
4.52886524327e-08,0.649823895781006,0.214,0.139,0.00134819789426905,"ATG9B","AD_vs_PD","D1 medium spiny neuron"
4.640655988149e-08,0.553354816887312,0.207,0.133,0.00138147688111207,"RANGRF","AD_vs_PD","D1 medium spiny neuron"
5.18847872582118e-08,0.50902854487319,0.253,0.173,0.00154455823188971,"TMEM9B","AD_vs_PD","D1 medium spiny neuron"
5.63205060859013e-08,0.556198637352838,0.24,0.16,0.0016766051456712,"KLF13","AD_vs_PD","D1 medium spiny neuron"
6.44343392507458e-08,-0.594341944526966,0.323,0.385,0.00191814584515545,"GLIPR1L2","AD_vs_PD","D1 medium spiny neuron"
6.61069974041779e-08,0.506640438978343,0.24,0.159,0.00196793920572497,"DCK","AD_vs_PD","D1 medium spiny neuron"
6.77760695122389e-08,0.524010786302426,0.258,0.175,0.00201762581330984,"MMADHC","AD_vs_PD","D1 medium spiny neuron"
7.27343441735358e-08,0.521594998784212,0.258,0.177,0.00216522869170199,"POLL","AD_vs_PD","D1 medium spiny neuron"
7.42128672321494e-08,0.525444549647013,0.218,0.141,0.00220924284463386,"PSMD6","AD_vs_PD","D1 medium spiny neuron"
7.59873754234302e-08,-0.64678523663776,0.168,0.244,0.00226206817898009,"LINC01945","AD_vs_PD","D1 medium spiny neuron"
8.02849019515792e-08,0.555077466987438,0.209,0.135,0.00239000124619656,"SYTL2","AD_vs_PD","D1 medium spiny neuron"
8.12780932876879e-08,-0.562969200197502,0.362,0.421,0.00241956755908118,"AC068675.1","AD_vs_PD","D1 medium spiny neuron"
9.26619817753424e-08,0.548655903782572,0.205,0.13,0.00275845453547017,"ANKRD37","AD_vs_PD","D1 medium spiny neuron"
1.10797966664093e-07,0.504347815217001,0.258,0.176,0.00329834466962339,"POFUT1","AD_vs_PD","D1 medium spiny neuron"
1.15561373701347e-07,0.516668184262101,0.225,0.149,0.00344014653371539,"NPIPP1","AD_vs_PD","D1 medium spiny neuron"
1.49873268335773e-07,-0.692856466695031,0.221,0.292,0.00446157732508762,"ARHGEF28","AD_vs_PD","D1 medium spiny neuron"
1.50535407596232e-07,0.572530353126107,0.206,0.136,0.00448128854873224,"CERNA1","AD_vs_PD","D1 medium spiny neuron"
1.54228627241141e-07,-0.840236581396369,0.138,0.206,0.00459123200434151,"AL591806.3","AD_vs_PD","D1 medium spiny neuron"
1.60013039495238e-07,0.518560332769463,0.202,0.128,0.00476342817273374,"ZNF596","AD_vs_PD","D1 medium spiny neuron"
1.68789728872129e-07,0.533789216264568,0.228,0.151,0.0050247014387944,"SUSD6","AD_vs_PD","D1 medium spiny neuron"
1.78585323502191e-07,0.524202710523289,0.271,0.19,0.00531630649533673,"NPNT","AD_vs_PD","D1 medium spiny neuron"
1.99083786810659e-07,0.675747768816856,0.225,0.153,0.00592652524956651,"AC099791.2","AD_vs_PD","D1 medium spiny neuron"
2.00077721595206e-07,-0.639168322773706,0.337,0.395,0.00595611369416769,"FBXO17","AD_vs_PD","D1 medium spiny neuron"
2.07343586390523e-07,0.509390556444127,0.219,0.144,0.00617241122325947,"OXSM","AD_vs_PD","D1 medium spiny neuron"
2.39913302783913e-07,0.528851540036462,0.243,0.166,0.00714197911057431,"ZW10","AD_vs_PD","D1 medium spiny neuron"
2.46304083657765e-07,0.516768883701768,0.225,0.151,0.00733222626640802,"NUDT2","AD_vs_PD","D1 medium spiny neuron"
2.70124724718386e-07,0.506816350340118,0.223,0.151,0.00804134293014163,"POLR2C","AD_vs_PD","D1 medium spiny neuron"
2.7952722284399e-07,0.529662857290746,0.219,0.147,0.00832124589684274,"CENPT","AD_vs_PD","D1 medium spiny neuron"
2.92580966943172e-07,0.506565180082171,0.228,0.153,0.00870984280493128,"VTI1B","AD_vs_PD","D1 medium spiny neuron"
3.10816827585764e-07,-0.772675261559869,0.141,0.208,0.0092527061404006,"LIMS2","AD_vs_PD","D1 medium spiny neuron"
3.14974923390375e-07,0.668382919746707,0.2,0.133,0.00937648849440806,"RBPMS","AD_vs_PD","D1 medium spiny neuron"
3.55736205367469e-07,0.566107091226239,0.215,0.145,0.0105899110975842,"PHF11","AD_vs_PD","D1 medium spiny neuron"
4.05913133938667e-07,-0.534659982492325,0.348,0.406,0.0120836280842202,"USP2-AS1","AD_vs_PD","D1 medium spiny neuron"
5.20768663231205e-07,0.628653069175169,0.206,0.141,0.0155027623357297,"TUBA4A","AD_vs_PD","D1 medium spiny neuron"
5.32086396847802e-07,-0.551329816643142,0.309,0.378,0.0158396799477622,"KLF3-AS1","AD_vs_PD","D1 medium spiny neuron"
5.89057674949535e-07,0.508109310744428,0.229,0.156,0.0175356579255727,"TXN","AD_vs_PD","D1 medium spiny neuron"
6.10175356729623e-07,0.534605597108898,0.215,0.145,0.0181643101944841,"TUBGCP6","AD_vs_PD","D1 medium spiny neuron"
6.30222170010843e-07,0.613661515070094,0.206,0.139,0.0187610837790528,"SNHG19","AD_vs_PD","D1 medium spiny neuron"
8.10794099577244e-07,-0.589391791609438,0.233,0.303,0.024136529550315,"MRVI1-AS1","AD_vs_PD","D1 medium spiny neuron"
1.00917223478231e-06,-0.584617043505754,0.364,0.415,0.0300420482572346,"AL109930.1","AD_vs_PD","D1 medium spiny neuron"
1.04185767221323e-06,0.5118719410276,0.229,0.161,0.0310150610441155,"TAF5L","AD_vs_PD","D1 medium spiny neuron"
1.18993572097186e-06,-0.980274675440648,0.329,0.36,0.0354231964776112,"HSPA1A","AD_vs_PD","D1 medium spiny neuron"
1.23421200049987e-06,-0.624754341976099,0.24,0.305,0.0367412570428807,"AC004784.1","AD_vs_PD","D1 medium spiny neuron"
1.27398033365294e-06,-0.655005894789572,0.426,0.446,0.0379251205525143,"AC098829.1","AD_vs_PD","D1 medium spiny neuron"
1.27414473942236e-06,0.529120827878511,0.211,0.143,0.0379300147478642,"FAM189B","AD_vs_PD","D1 medium spiny neuron"
1.35972859017951e-06,-0.601745500557149,0.184,0.25,0.0404777604010537,"LINC01793","AD_vs_PD","D1 medium spiny neuron"
1.58140376978443e-06,-0.726886029872543,0.289,0.339,0.0470768088227126,"SPHKAP","AD_vs_PD","D1 medium spiny neuron"
1.61853145516997e-06,0.612250238126656,0.207,0.143,0.0481820628889549,"AF106564.1","AD_vs_PD","D1 medium spiny neuron"
6.55697530257798e-145,1.25460368026969,0.873,0.558,1.95194597782444e-140,"FTH1","AD_vs_PD","D2 medium spiny neuron"
3.6789852459318e-130,1.34206098997948,0.76,0.455,1.09519711786144e-125,"LINC00513","AD_vs_PD","D2 medium spiny neuron"
1.6819738224516e-127,1.2938774345161,0.781,0.471,5.00706787205617e-123,"MGST1","AD_vs_PD","D2 medium spiny neuron"
2.65721550820633e-122,-1.36030087338453,0.302,0.715,7.91026484637942e-118,"NLGN4Y","AD_vs_PD","D2 medium spiny neuron"
1.87860450780775e-117,-1.36781878340335,0.306,0.691,5.59241775929289e-113,"TTTY14","AD_vs_PD","D2 medium spiny neuron"
3.49639017099148e-114,-1.42595110993284,0.285,0.659,1.04084039000246e-109,"UTY","AD_vs_PD","D2 medium spiny neuron"
3.81242198418791e-110,1.76603060903338,0.609,0.261,1.1349199004729e-105,"AC006387.1","AD_vs_PD","D2 medium spiny neuron"
7.20145867749183e-104,1.32913902142371,0.714,0.391,2.14380223370254e-99,"AL138828.1","AD_vs_PD","D2 medium spiny neuron"
7.5271257819755e-103,1.60013726805063,0.587,0.185,2.24075007403629e-98,"XIST","AD_vs_PD","D2 medium spiny neuron"
2.39310546354251e-98,1.67811060778054,0.567,0.234,7.1240356544197e-94,"AP000787.1","AD_vs_PD","D2 medium spiny neuron"
2.74022095604758e-89,3.08191978093597,0.363,0.081,8.15736376405803e-85,"AC105402.3","AD_vs_PD","D2 medium spiny neuron"
3.25736945991159e-89,1.70773400174697,0.534,0.219,9.69686314521082e-85,"AC090709.1","AD_vs_PD","D2 medium spiny neuron"
4.87559914652406e-89,1.69212890295974,0.52,0.199,1.45141710992875e-84,"AC058791.1","AD_vs_PD","D2 medium spiny neuron"
8.49050479263026e-89,1.34471053926916,0.651,0.348,2.5275383717181e-84,"AC015923.1","AD_vs_PD","D2 medium spiny neuron"
6.43226569570395e-88,1.05278461121305,0.739,0.5,1.91482117495411e-83,"SRSF7","AD_vs_PD","D2 medium spiny neuron"
7.47591203048334e-88,1.40647144448783,0.622,0.312,2.22550425235458e-83,"AC027288.3","AD_vs_PD","D2 medium spiny neuron"
9.90126678790305e-87,0.934820033372114,0.807,0.543,2.94750811009086e-82,"PDE5A","AD_vs_PD","D2 medium spiny neuron"
1.53308985240638e-86,-1.25097519173892,0.284,0.629,4.56385518162856e-82,"USP9Y","AD_vs_PD","D2 medium spiny neuron"
1.60375020803758e-83,1.72863595774738,0.497,0.191,4.77420399430707e-79,"P2RY14","AD_vs_PD","D2 medium spiny neuron"
2.63787256862857e-83,2.2341619081273,0.363,0.079,7.85268284955038e-79,"AC217777.1","AD_vs_PD","D2 medium spiny neuron"
2.38837055557693e-80,1.59401106285717,0.545,0.257,7.10994030689697e-76,"NUP210L","AD_vs_PD","D2 medium spiny neuron"
2.53844711750005e-79,1.12996232418171,0.692,0.404,7.55670322408589e-75,"SLC8A1-AS1","AD_vs_PD","D2 medium spiny neuron"
4.44447028480472e-77,1.78440045952144,0.455,0.167,1.32307435908352e-72,"OVCH1-AS1","AD_vs_PD","D2 medium spiny neuron"
8.01682395820869e-76,1.61788367221151,0.497,0.209,2.38652832411914e-71,"AC130650.1","AD_vs_PD","D2 medium spiny neuron"
3.93867456938346e-75,0.894248566036843,0.756,0.542,1.17250403255976e-70,"SNAP25-AS1","AD_vs_PD","D2 medium spiny neuron"
1.0849554532763e-73,1.44360491714695,0.514,0.217,3.22980388885822e-69,"AC019197.1","AD_vs_PD","D2 medium spiny neuron"
1.31830212670351e-72,1.45877667752637,0.546,0.268,3.92445360098368e-68,"AP002370.2","AD_vs_PD","D2 medium spiny neuron"
2.20390178446467e-71,0.930300881081505,0.729,0.47,6.56079522217288e-67,"AL117190.2","AD_vs_PD","D2 medium spiny neuron"
6.37134763576526e-71,0.93049202368447,0.723,0.434,1.89668647769096e-66,"CTNNA3","AD_vs_PD","D2 medium spiny neuron"
2.86022868167146e-68,1.3198160629092,0.564,0.287,8.51461476246778e-64,"AC012404.1","AD_vs_PD","D2 medium spiny neuron"
8.15545424150535e-68,1.20901406732433,0.6,0.311,2.42779717315373e-63,"RPL10","AD_vs_PD","D2 medium spiny neuron"
1.3519289768817e-66,1.00411136135483,0.691,0.437,4.02455737127914e-62,"AC069437.1","AD_vs_PD","D2 medium spiny neuron"
1.9793996490719e-66,1.35997462475109,0.543,0.274,5.89247481532214e-62,"ANKUB1","AD_vs_PD","D2 medium spiny neuron"
9.87268107061118e-65,0.766911611845987,0.837,0.551,2.93899842791024e-60,"FTL","AD_vs_PD","D2 medium spiny neuron"
2.90313286115314e-64,1.11867323608508,0.616,0.331,8.64233621436679e-60,"RPL3P4","AD_vs_PD","D2 medium spiny neuron"
3.34918872966622e-63,0.872941782616294,0.745,0.487,9.97019992934338e-59,"BEX3","AD_vs_PD","D2 medium spiny neuron"
1.78136659442406e-62,1.31847872605883,0.551,0.294,5.30295021494098e-58,"AC010127.1","AD_vs_PD","D2 medium spiny neuron"
1.95118171157293e-62,1.61313071074133,0.422,0.169,5.80847283718144e-58,"AC073167.1","AD_vs_PD","D2 medium spiny neuron"
5.18749720090213e-62,-0.573407500523702,0.779,0.812,1.54426604173655e-57,"MMD2","AD_vs_PD","D2 medium spiny neuron"
6.16347271835894e-62,1.5174551073578,0.481,0.226,1.83480419352827e-57,"DIAPH2-AS1","AD_vs_PD","D2 medium spiny neuron"
5.88834125461937e-61,1.20840059156426,0.588,0.335,1.75290030808764e-56,"AP001831.1","AD_vs_PD","D2 medium spiny neuron"
1.57795067968554e-60,1.77694655462785,0.348,0.109,4.69740137835588e-56,"FN1","AD_vs_PD","D2 medium spiny neuron"
2.15132767900767e-60,0.749618837351143,0.8,0.552,6.40428736763795e-56,"GPR88","AD_vs_PD","D2 medium spiny neuron"
2.50481350065785e-60,1.3693087941052,0.497,0.241,7.45657931010836e-56,"AC069228.1","AD_vs_PD","D2 medium spiny neuron"
2.57447884582702e-60,1.42759700825086,0.48,0.225,7.66396607614245e-56,"AL390783.1","AD_vs_PD","D2 medium spiny neuron"
4.60343085514771e-60,1.34379565908701,0.466,0.198,1.37039533126892e-55,"DNAH11","AD_vs_PD","D2 medium spiny neuron"
4.61532195301342e-60,1.50283870102011,0.428,0.174,1.37393519219256e-55,"AC010275.1","AD_vs_PD","D2 medium spiny neuron"
6.73493632568361e-60,0.663837165877386,0.837,0.584,2.00492319479275e-55,"TSPAN7","AD_vs_PD","D2 medium spiny neuron"
8.92309159610806e-60,1.70549352970147,0.396,0.154,2.65631513724541e-55,"CELF2-AS2","AD_vs_PD","D2 medium spiny neuron"
1.2343491846001e-59,1.06405915394237,0.595,0.338,3.67453408763605e-55,"AC006059.1","AD_vs_PD","D2 medium spiny neuron"
1.9415714637275e-59,1.21021184534495,0.538,0.28,5.7798640903704e-55,"MFSD13B","AD_vs_PD","D2 medium spiny neuron"
1.61783805190222e-58,0.741612800447767,0.763,0.555,4.81614209670773e-54,"CRLF3","AD_vs_PD","D2 medium spiny neuron"
2.50820643860154e-58,-0.590348175742566,0.752,0.798,7.46667974707294e-54,"ASIC2","AD_vs_PD","D2 medium spiny neuron"
2.93231432962756e-58,1.59874365146855,0.39,0.146,8.72920652786827e-54,"AC104827.1","AD_vs_PD","D2 medium spiny neuron"
3.63137745179871e-58,1.1338621062286,0.562,0.28,1.08102475362596e-53,"RPL29","AD_vs_PD","D2 medium spiny neuron"
2.71100184064368e-57,1.28658509631477,0.516,0.263,8.07038137941217e-53,"C12orf40","AD_vs_PD","D2 medium spiny neuron"
3.63527153115797e-57,0.674738557763727,0.8,0.601,1.08218398211042e-52,"RAB11A","AD_vs_PD","D2 medium spiny neuron"
2.63980248172051e-56,0.850696864284224,0.73,0.448,7.85842800783378e-52,"SCG2","AD_vs_PD","D2 medium spiny neuron"
1.20249123958989e-55,1.3520941855345,0.462,0.217,3.57969617113513e-51,"AC093879.1","AD_vs_PD","D2 medium spiny neuron"
1.2244485209612e-55,1.44819900176922,0.406,0.163,3.64506080204939e-51,"AP000462.1","AD_vs_PD","D2 medium spiny neuron"
3.65817549056823e-55,0.682515519274986,0.805,0.599,1.08900226178726e-50,"TAC1","AD_vs_PD","D2 medium spiny neuron"
8.39389142934618e-55,0.752294115661901,0.77,0.533,2.49877753960207e-50,"LAMP5","AD_vs_PD","D2 medium spiny neuron"
1.44214464545865e-54,0.837292836444039,0.711,0.436,4.29312039506585e-50,"TMSB10","AD_vs_PD","D2 medium spiny neuron"
9.2677056875957e-54,1.25179301690156,0.506,0.26,2.75890330614036e-49,"AC002429.2","AD_vs_PD","D2 medium spiny neuron"
3.70628027076202e-53,1.31997382314654,0.419,0.174,1.10332257380315e-48,"HDHD3","AD_vs_PD","D2 medium spiny neuron"
4.91133142097678e-53,1.50086747736372,0.386,0.154,1.46205425071058e-48,"AC027018.1","AD_vs_PD","D2 medium spiny neuron"
9.88345782935157e-53,1.0926038822373,0.562,0.305,2.94220656121967e-48,"H2AFZ","AD_vs_PD","D2 medium spiny neuron"
3.65061260938635e-52,1.00393490477971,0.557,0.288,1.08675086768822e-47,"RPL41","AD_vs_PD","D2 medium spiny neuron"
6.65086361672138e-52,0.748934892480806,0.73,0.509,1.97989559006179e-47,"LRP4","AD_vs_PD","D2 medium spiny neuron"
7.35871592396532e-51,1.08828843841216,0.584,0.358,2.19061614340524e-46,"AL450384.2","AD_vs_PD","D2 medium spiny neuron"
8.25677904779548e-51,2.63182600965631,0.221,0.043,2.45796055473824e-46,"HTR2A","AD_vs_PD","D2 medium spiny neuron"
9.10661720926694e-51,1.53419866383193,0.383,0.157,2.71094887702668e-46,"LINC02281","AD_vs_PD","D2 medium spiny neuron"
1.29538346777406e-50,0.869665863207855,0.663,0.395,3.85622704521659e-46,"BEX1","AD_vs_PD","D2 medium spiny neuron"
1.38001328607619e-50,1.69953443065521,0.352,0.137,4.10816155132021e-46,"DLGAP1-AS4","AD_vs_PD","D2 medium spiny neuron"
1.91573362428411e-49,1.18460038841592,0.494,0.261,5.70294742613136e-45,"AC103974.1","AD_vs_PD","D2 medium spiny neuron"
2.94325370281526e-49,0.945741014654965,0.59,0.348,8.76177194791074e-45,"CCDC65","AD_vs_PD","D2 medium spiny neuron"
4.84504738919162e-49,1.59588788590973,0.349,0.134,1.44232215728845e-44,"AC004039.1","AD_vs_PD","D2 medium spiny neuron"
5.94513547786286e-49,-1.50933273873807,0.173,0.39,1.76980738040499e-44,"TBL1Y","AD_vs_PD","D2 medium spiny neuron"
1.27901174075249e-48,1.588400939753,0.34,0.126,3.80749005104609e-44,"PRKD3","AD_vs_PD","D2 medium spiny neuron"
3.07157128586682e-48,1.5347212392003,0.342,0.129,9.14376056089693e-44,"AC096576.2","AD_vs_PD","D2 medium spiny neuron"
3.22625568689967e-48,0.987916658927765,0.543,0.304,9.60424055433164e-44,"MAK","AD_vs_PD","D2 medium spiny neuron"
4.82706032645693e-48,1.21310333693806,0.468,0.237,1.43696758858296e-43,"ANGPTL1","AD_vs_PD","D2 medium spiny neuron"
9.14555909165212e-48,1.55305641676879,0.351,0.139,2.72254148599392e-43,"AC011511.1","AD_vs_PD","D2 medium spiny neuron"
3.02608638136311e-47,1.79430917181019,0.306,0.106,9.00835654867985e-43,"DLGAP1-AS5","AD_vs_PD","D2 medium spiny neuron"
3.14192120218792e-47,1.5673807637795,0.355,0.146,9.35318522679323e-43,"MACROD2-AS1","AD_vs_PD","D2 medium spiny neuron"
3.72716977365307e-47,1.45880073649683,0.4,0.184,1.10954116991878e-42,"CACNA2D3-AS1","AD_vs_PD","D2 medium spiny neuron"
4.05616425129456e-47,0.813209526367988,0.675,0.439,1.20747953596788e-42,"NNAT","AD_vs_PD","D2 medium spiny neuron"
4.639681439789e-47,0.546938450620472,0.858,0.685,1.38118676781079e-42,"ATP1A1","AD_vs_PD","D2 medium spiny neuron"
6.61203948610522e-47,1.01592177330978,0.584,0.345,1.96833803461866e-42,"GABARAPL2","AD_vs_PD","D2 medium spiny neuron"
1.13576243415969e-46,0.818952171592608,0.629,0.38,3.38105119024998e-42,"BEX4","AD_vs_PD","D2 medium spiny neuron"
1.22286102191714e-46,1.52892913052658,0.348,0.136,3.64033497614514e-42,"PAWR","AD_vs_PD","D2 medium spiny neuron"
2.65399672787726e-46,1.85393358792613,0.306,0.109,7.90068285921781e-42,"LSAMP-AS1","AD_vs_PD","D2 medium spiny neuron"
1.12793508764959e-45,0.661822192115212,0.776,0.55,3.35774996242406e-41,"TOMM20","AD_vs_PD","D2 medium spiny neuron"
1.4187953194774e-45,2.04311402857367,0.25,0.069,4.22361178655227e-41,"OR2H2","AD_vs_PD","D2 medium spiny neuron"
1.44418573064025e-45,1.05398533312851,0.497,0.266,4.29919650154295e-41,"AL357055.3","AD_vs_PD","D2 medium spiny neuron"
1.68976843922221e-45,1.94835970882411,0.27,0.085,5.03027166672061e-41,"ZNF658B","AD_vs_PD","D2 medium spiny neuron"
1.72141337063849e-45,0.928255686382269,0.579,0.336,5.12447546305372e-41,"HINT1","AD_vs_PD","D2 medium spiny neuron"
1.92709190612962e-45,1.07143122696018,0.465,0.228,5.73675989535727e-41,"RPSA","AD_vs_PD","D2 medium spiny neuron"
1.92837189408248e-45,-1.56767188787889,0.16,0.364,5.74057029149413e-41,"ANOS2P","AD_vs_PD","D2 medium spiny neuron"
3.34944635066675e-45,1.14371625176288,0.488,0.263,9.97096684129985e-41,"RORA-AS1","AD_vs_PD","D2 medium spiny neuron"
6.59179387288429e-45,1.04755631348698,0.49,0.252,1.96231111801892e-40,"TDRD9","AD_vs_PD","D2 medium spiny neuron"
8.8145258944241e-45,-1.43574169748009,0.189,0.392,2.62399621351111e-40,"GYG2P1","AD_vs_PD","D2 medium spiny neuron"
1.11001996962941e-44,1.20673823396449,0.371,0.147,3.30441844758981e-40,"CEBPD","AD_vs_PD","D2 medium spiny neuron"
1.62634515643538e-44,0.949788177294206,0.579,0.357,4.84146689619249e-40,"DPP10","AD_vs_PD","D2 medium spiny neuron"
1.66628684097698e-44,1.55248488184024,0.31,0.109,4.96036929690437e-40,"RPS3AP6","AD_vs_PD","D2 medium spiny neuron"
1.73673041231346e-44,0.919582774755554,0.584,0.33,5.17007276441594e-40,"SRP14","AD_vs_PD","D2 medium spiny neuron"
2.08247951223861e-44,0.812135840361559,0.638,0.418,6.19933325998312e-40,"KCNA4","AD_vs_PD","D2 medium spiny neuron"
2.09796943175385e-44,1.19113301227039,0.443,0.219,6.24544520138804e-40,"AC244669.1","AD_vs_PD","D2 medium spiny neuron"
3.98793853720117e-44,0.717644552792837,0.679,0.455,1.18716942313942e-39,"GPR12","AD_vs_PD","D2 medium spiny neuron"
4.68359498923634e-44,0.886953270143466,0.573,0.346,1.39425939234577e-39,"LINC01572","AD_vs_PD","D2 medium spiny neuron"
4.78701854227303e-44,0.675527474628227,0.754,0.522,1.42504754984926e-39,"EEF1A1","AD_vs_PD","D2 medium spiny neuron"
5.01246722955891e-44,0.655816532760642,0.791,0.57,1.49216136956739e-39,"PCSK1N","AD_vs_PD","D2 medium spiny neuron"
9.62329304452468e-44,0.887054340035285,0.572,0.329,2.86475810642455e-39,"RPL13","AD_vs_PD","D2 medium spiny neuron"
9.67940885288796e-44,1.18643450247089,0.449,0.229,2.88146322141622e-39,"AC023590.1","AD_vs_PD","D2 medium spiny neuron"
1.59270549130724e-43,1.04304882634516,0.494,0.254,4.74132497707252e-39,"CHCHD2","AD_vs_PD","D2 medium spiny neuron"
4.74774913143431e-43,-1.47481361761299,0.159,0.357,1.41335743893668e-38,"TTTY10","AD_vs_PD","D2 medium spiny neuron"
5.94968926510321e-43,0.691645830255404,0.719,0.498,1.77116299732858e-38,"LRPAP1","AD_vs_PD","D2 medium spiny neuron"
6.04694648518256e-43,0.897627203513058,0.578,0.348,1.800115499174e-38,"SAT2","AD_vs_PD","D2 medium spiny neuron"
1.68680419547602e-42,1.48295476293408,0.337,0.139,5.02144740951257e-38,"AC131571.1","AD_vs_PD","D2 medium spiny neuron"
2.86367768222009e-42,1.74918052959067,0.27,0.088,8.52488209220097e-38,"AL139147.1","AD_vs_PD","D2 medium spiny neuron"
5.87044749703647e-42,1.20554615726395,0.432,0.224,1.74757351539279e-37,"FILIP1L","AD_vs_PD","D2 medium spiny neuron"
8.92529366315053e-42,1.23761197411461,0.394,0.18,2.65697067058328e-37,"BTG1","AD_vs_PD","D2 medium spiny neuron"
1.37509192534797e-41,1.04537152170798,0.483,0.261,4.09351115256838e-37,"TIMP3","AD_vs_PD","D2 medium spiny neuron"
2.24508328335156e-41,1.62298694799292,0.29,0.107,6.68338842620927e-37,"AC013640.1","AD_vs_PD","D2 medium spiny neuron"
2.3591087317627e-41,1.34885763276465,0.339,0.139,7.0228307835844e-37,"MAPKAPK5-AS1","AD_vs_PD","D2 medium spiny neuron"
4.5631905988598e-41,0.6095199927299,0.781,0.58,1.35841620937457e-36,"CCNI","AD_vs_PD","D2 medium spiny neuron"
5.69386292067354e-41,0.861232835763753,0.567,0.316,1.69500605285531e-36,"ITM2C","AD_vs_PD","D2 medium spiny neuron"
6.9820528739129e-41,1.38665798920939,0.362,0.163,2.07848732003513e-36,"AL139184.1","AD_vs_PD","D2 medium spiny neuron"
1.31131713211757e-40,0.869236911799147,0.552,0.317,3.9036599706008e-36,"GUK1","AD_vs_PD","D2 medium spiny neuron"
1.34852985174574e-40,1.3577542521886,0.341,0.142,4.01443851566189e-36,"AC010168.1","AD_vs_PD","D2 medium spiny neuron"
2.67859618598329e-40,0.966197958184059,0.51,0.299,7.97391298605365e-36,"LRTM1","AD_vs_PD","D2 medium spiny neuron"
6.33099448466531e-40,0.573145586903571,0.847,0.641,1.88467374814002e-35,"PEBP1","AD_vs_PD","D2 medium spiny neuron"
8.30901059991987e-40,1.63920992198375,0.245,0.076,2.47350936549015e-35,"AC104461.1","AD_vs_PD","D2 medium spiny neuron"
1.09415881463202e-39,0.92652742922107,0.524,0.313,3.25720137527806e-35,"AC007038.1","AD_vs_PD","D2 medium spiny neuron"
1.51365971696496e-39,1.89629487262741,0.255,0.085,4.506013611433e-35,"AC007192.2","AD_vs_PD","D2 medium spiny neuron"
1.54868700071136e-39,1.15912173018492,0.402,0.2,4.61028633241766e-35,"AL035685.1","AD_vs_PD","D2 medium spiny neuron"
2.23534049320065e-39,0.775735719589883,0.625,0.374,6.65438511420902e-35,"PTMA","AD_vs_PD","D2 medium spiny neuron"
2.31746761019206e-39,0.621996158810313,0.753,0.562,6.89886932878074e-35,"SON","AD_vs_PD","D2 medium spiny neuron"
2.50424273426539e-39,0.704456017295802,0.581,0.328,7.45488019563465e-35,"SFMBT2","AD_vs_PD","D2 medium spiny neuron"
3.26899815063344e-39,0.543782176496945,0.824,0.619,9.73148059462069e-35,"EIF4A2","AD_vs_PD","D2 medium spiny neuron"
5.16189927737581e-39,-1.27757399082914,0.183,0.38,1.536645795882e-34,"KDM5D","AD_vs_PD","D2 medium spiny neuron"
5.33895114743535e-39,0.801140852335808,0.59,0.357,1.58935236708003e-34,"RPS19","AD_vs_PD","D2 medium spiny neuron"
5.4944545475339e-39,0.766592210687726,0.629,0.398,1.63564417425537e-34,"RPL15","AD_vs_PD","D2 medium spiny neuron"
8.91098390012468e-39,0.954870838927148,0.464,0.245,2.65271079722812e-34,"CCDC144NL-AS1","AD_vs_PD","D2 medium spiny neuron"
9.12630363550003e-39,1.38823542170315,0.327,0.135,2.716809329252e-34,"FLJ20021","AD_vs_PD","D2 medium spiny neuron"
1.11495454642164e-38,0.736465257037167,0.611,0.392,3.31910818924257e-34,"KLHL28","AD_vs_PD","D2 medium spiny neuron"
1.15892258505861e-38,0.713128897830207,0.684,0.453,3.44999664346098e-34,"DYNLL1","AD_vs_PD","D2 medium spiny neuron"
1.38904188036875e-38,1.16316697521578,0.426,0.225,4.13503877366972e-34,"AC016723.1","AD_vs_PD","D2 medium spiny neuron"
1.59504511802185e-38,1.39017254746745,0.306,0.122,4.74828981183926e-34,"BCL2L14","AD_vs_PD","D2 medium spiny neuron"
1.69411741069875e-38,1.00169730550619,0.429,0.204,5.04321811990912e-34,"PCDH8","AD_vs_PD","D2 medium spiny neuron"
1.8514644221438e-38,0.872732137821284,0.529,0.297,5.51162443827988e-34,"RPL18","AD_vs_PD","D2 medium spiny neuron"
1.91119557228441e-38,0.711563610234618,0.668,0.495,5.68943809913346e-34,"HERC2P2","AD_vs_PD","D2 medium spiny neuron"
2.0657593989333e-38,2.23844662406196,0.208,0.055,6.14955915468454e-34,"LINC01060","AD_vs_PD","D2 medium spiny neuron"
2.27627732010955e-38,0.676196298725886,0.688,0.493,6.77624995423412e-34,"FBXW8","AD_vs_PD","D2 medium spiny neuron"
2.31217546582657e-38,1.18516280507475,0.381,0.182,6.88311514421912e-34,"C9orf84","AD_vs_PD","D2 medium spiny neuron"
3.00108046749559e-38,0.917405847480524,0.498,0.274,8.93391644368762e-34,"RPS14","AD_vs_PD","D2 medium spiny neuron"
3.17433401452592e-38,0.703678708863708,0.687,0.455,9.44967492784221e-34,"EIF1","AD_vs_PD","D2 medium spiny neuron"
6.0220711862187e-38,2.13315540117788,0.2,0.051,1.79271037142545e-33,"AC110597.3","AD_vs_PD","D2 medium spiny neuron"
8.06490045720003e-38,0.836606090157574,0.559,0.335,2.40084021710388e-33,"FAM200B","AD_vs_PD","D2 medium spiny neuron"
1.01912616802461e-37,0.958643825725201,0.513,0.311,3.03383668959245e-33,"AC018816.1","AD_vs_PD","D2 medium spiny neuron"
1.43558588689328e-37,1.97315014426169,0.203,0.052,4.27359562669261e-33,"Z99774.1","AD_vs_PD","D2 medium spiny neuron"
1.50592774816776e-37,0.772910946495887,0.546,0.313,4.48299631352059e-33,"AC021439.1","AD_vs_PD","D2 medium spiny neuron"
1.73298786425938e-37,1.16208383007716,0.406,0.212,5.15893157311375e-33,"AC063944.1","AD_vs_PD","D2 medium spiny neuron"
2.88381086088771e-37,1.45547729586344,0.311,0.132,8.58481655177662e-33,"AC008534.1","AD_vs_PD","D2 medium spiny neuron"
4.95076780664058e-37,0.628929075524386,0.756,0.561,1.47379406835883e-32,"SELENOW","AD_vs_PD","D2 medium spiny neuron"
4.96281647849734e-37,1.39634689344789,0.334,0.15,1.47738083748387e-32,"AC025580.2","AD_vs_PD","D2 medium spiny neuron"
5.43603330124474e-37,0.686419045323899,0.486,0.241,1.61825275344755e-32,"JAM2","AD_vs_PD","D2 medium spiny neuron"
7.12395886001468e-37,1.00355914186049,0.431,0.216,2.12073131303777e-32,"AC073621.1","AD_vs_PD","D2 medium spiny neuron"
1.39254155209324e-36,1.03846226501733,0.405,0.196,4.14545694642638e-32,"AP005202.1","AD_vs_PD","D2 medium spiny neuron"
1.53490113220869e-36,0.990613833438825,0.47,0.273,4.56924718047204e-32,"AL049830.3","AD_vs_PD","D2 medium spiny neuron"
1.61756467084029e-36,0.798802123904867,0.517,0.278,4.81532826862445e-32,"RPS2","AD_vs_PD","D2 medium spiny neuron"
2.06023406863137e-36,0.664921742752744,0.666,0.446,6.13311079890873e-32,"KLF5","AD_vs_PD","D2 medium spiny neuron"
2.13422289983448e-36,0.516918081053496,0.836,0.65,6.35336815051726e-32,"ITM2B","AD_vs_PD","D2 medium spiny neuron"
2.90076539960399e-36,1.92765090460589,0.206,0.058,8.63528851808111e-32,"OPA1-AS1","AD_vs_PD","D2 medium spiny neuron"
3.34329944150865e-36,0.835060861385434,0.527,0.315,9.95266810742711e-32,"PPP2R3A","AD_vs_PD","D2 medium spiny neuron"
3.85655833257261e-36,0.740938392956564,0.678,0.502,1.14805885002354e-31,"TUBA1A","AD_vs_PD","D2 medium spiny neuron"
4.30072620899387e-36,0.676639802957943,0.641,0.423,1.28028318515539e-31,"BAIAP2L2","AD_vs_PD","D2 medium spiny neuron"
4.59777733441837e-36,1.11875409364344,0.399,0.198,1.36871233468301e-31,"COPS9","AD_vs_PD","D2 medium spiny neuron"
4.69460301143597e-36,0.928645236143075,0.485,0.277,1.39753637047437e-31,"AP000311.1","AD_vs_PD","D2 medium spiny neuron"
5.12233379914552e-36,1.91616096109107,0.217,0.065,1.52486754866763e-31,"AP001439.1","AD_vs_PD","D2 medium spiny neuron"
5.12270377184052e-36,0.793067752889796,0.606,0.397,1.5249776858392e-31,"RPL14","AD_vs_PD","D2 medium spiny neuron"
6.55211434853602e-36,1.15366138855173,0.384,0.195,1.95049892041569e-31,"BIRC6-AS2","AD_vs_PD","D2 medium spiny neuron"
8.41806491404441e-36,0.823674140798395,0.513,0.302,2.50597374426188e-31,"C6orf141","AD_vs_PD","D2 medium spiny neuron"
8.6159799056533e-36,0.598667899966716,0.726,0.544,2.56489105811393e-31,"RAPH1","AD_vs_PD","D2 medium spiny neuron"
9.35691271206699e-36,1.67899563232386,0.234,0.076,2.78545934525522e-31,"AC090138.1","AD_vs_PD","D2 medium spiny neuron"
1.32021472654144e-35,0.789010859374447,0.559,0.354,3.93014721944121e-31,"HOOK2","AD_vs_PD","D2 medium spiny neuron"
1.35377537074559e-35,0.825550062195187,0.517,0.308,4.03005390117253e-31,"RBM48","AD_vs_PD","D2 medium spiny neuron"
4.04558959677968e-35,0.963892590743919,0.445,0.231,1.20433156706534e-30,"CCDC85B","AD_vs_PD","D2 medium spiny neuron"
5.32717716790978e-35,1.37352858932059,0.294,0.123,1.58584737111506e-30,"AC096576.3","AD_vs_PD","D2 medium spiny neuron"
6.38778125841873e-35,1.33855623941226,0.292,0.117,1.90157860281867e-30,"AC004551.1","AD_vs_PD","D2 medium spiny neuron"
6.421372236394e-35,-0.629133723777791,0.596,0.678,1.91157830105213e-30,"MCTP2","AD_vs_PD","D2 medium spiny neuron"
7.54016768344616e-35,1.669713377731,0.246,0.086,2.24463251768509e-30,"PPFIA2-AS1","AD_vs_PD","D2 medium spiny neuron"
8.35437819335107e-35,1.70185241586941,0.248,0.088,2.48701484437868e-30,"AC021351.1","AD_vs_PD","D2 medium spiny neuron"
2.25863343488545e-34,0.952991127913889,0.475,0.273,6.7237258723105e-30,"ORMDL1","AD_vs_PD","D2 medium spiny neuron"
2.74036573395499e-34,1.51755360695537,0.264,0.1,8.1577947534106e-30,"IL7","AD_vs_PD","D2 medium spiny neuron"
2.7949454553832e-34,0.804543605409435,0.525,0.313,8.32027312613026e-30,"EIF1B","AD_vs_PD","D2 medium spiny neuron"
3.30834405568906e-34,0.607857739700107,0.706,0.476,9.84860941938076e-30,"MAP1A","AD_vs_PD","D2 medium spiny neuron"
3.91297549452523e-34,1.62492049987256,0.267,0.105,1.16485367496522e-29,"FMO5","AD_vs_PD","D2 medium spiny neuron"
9.95443345590125e-34,1.57633792811418,0.251,0.093,2.96333529548724e-29,"AL049869.3","AD_vs_PD","D2 medium spiny neuron"
1.02220154455757e-33,1.37400672264356,0.309,0.139,3.04299177799344e-29,"AP001011.1","AD_vs_PD","D2 medium spiny neuron"
1.90081817493227e-33,1.48815781740997,0.261,0.099,5.65854562495587e-29,"ZBTB20-AS5","AD_vs_PD","D2 medium spiny neuron"
1.91697839795476e-33,0.752175475080539,0.556,0.34,5.70665299287152e-29,"ISCU","AD_vs_PD","D2 medium spiny neuron"
2.02092356649515e-33,0.783923330640998,0.535,0.324,6.01608736509941e-29,"PGM5P2","AD_vs_PD","D2 medium spiny neuron"
2.26315213844155e-33,1.09750728049102,0.374,0.187,6.73717760092666e-29,"AC211433.1","AD_vs_PD","D2 medium spiny neuron"
2.28489574255163e-33,1.06971542493825,0.303,0.121,6.80190613600196e-29,"MRAP2","AD_vs_PD","D2 medium spiny neuron"
2.460336609473e-33,1.0906818715931,0.402,0.214,7.32417605274016e-29,"AC011092.2","AD_vs_PD","D2 medium spiny neuron"
2.8684114990976e-33,0.846110133035197,0.486,0.27,8.53897419166366e-29,"RPL19","AD_vs_PD","D2 medium spiny neuron"
3.95961902767949e-33,1.075307174193,0.387,0.201,1.17873898834991e-28,"AP002336.2","AD_vs_PD","D2 medium spiny neuron"
4.30961794734746e-33,0.924058060721217,0.416,0.216,1.28293016674587e-28,"RPS16","AD_vs_PD","D2 medium spiny neuron"
4.33909507532871e-33,0.911547694398958,0.407,0.203,1.2917052129746e-28,"RPS4X","AD_vs_PD","D2 medium spiny neuron"
5.16598105478842e-33,0.833556674081601,0.568,0.371,1.53786090019996e-28,"AL669831.3","AD_vs_PD","D2 medium spiny neuron"
5.19476832518462e-33,0.567501706936287,0.705,0.496,1.54643058272421e-28,"CAMK2N1","AD_vs_PD","D2 medium spiny neuron"
5.56405890060498e-33,1.4301221326703,0.253,0.095,1.6563646941211e-28,"AC004448.4","AD_vs_PD","D2 medium spiny neuron"
9.6553634231822e-33,0.879798317700124,0.477,0.266,2.87430513744711e-28,"HSPA8","AD_vs_PD","D2 medium spiny neuron"
1.42768443353493e-32,0.837930742520972,0.465,0.253,4.25007379019013e-28,"NEFM","AD_vs_PD","D2 medium spiny neuron"
1.58925408318756e-32,0.98205699066698,0.407,0.205,4.73105048024104e-28,"LY6E","AD_vs_PD","D2 medium spiny neuron"
2.08009930321041e-32,1.50044512628957,0.267,0.109,6.19224761572706e-28,"MME-AS1","AD_vs_PD","D2 medium spiny neuron"
2.42142413585745e-32,0.823596398994919,0.473,0.268,7.20833751003404e-28,"AC004453.1","AD_vs_PD","D2 medium spiny neuron"
2.92750483109537e-32,1.30366015037535,0.309,0.139,8.71488913168781e-28,"TMEM179B","AD_vs_PD","D2 medium spiny neuron"
2.93526791556925e-32,0.824440575265795,0.439,0.221,8.73799905785809e-28,"MT2A","AD_vs_PD","D2 medium spiny neuron"
3.21911324435416e-32,1.37131260304655,0.289,0.125,9.58297821711789e-28,"AL359317.2","AD_vs_PD","D2 medium spiny neuron"
3.45423850201594e-32,1.70484546764988,0.214,0.071,1.02829225966512e-27,"ENPP7P2","AD_vs_PD","D2 medium spiny neuron"
3.6840219936939e-32,0.882854371223495,0.43,0.228,1.09669650730274e-27,"RPL8","AD_vs_PD","D2 medium spiny neuron"
5.5412311585389e-32,0.740815503615691,0.564,0.348,1.64956910358545e-27,"AC016739.1","AD_vs_PD","D2 medium spiny neuron"
6.09258353014743e-32,0.903297842334623,0.454,0.259,1.81370119108959e-27,"AC008267.3","AD_vs_PD","D2 medium spiny neuron"
7.19181090087785e-32,0.747839536554961,0.518,0.296,2.14093018708233e-27,"GPX4","AD_vs_PD","D2 medium spiny neuron"
7.58884350655124e-32,0.997743250688633,0.422,0.238,2.25912282346524e-27,"RHBDL2","AD_vs_PD","D2 medium spiny neuron"
8.07641034896848e-32,0.625337094032338,0.585,0.362,2.40426659678443e-27,"CNTN5","AD_vs_PD","D2 medium spiny neuron"
1.04968362238311e-31,-1.08048737071023,0.222,0.39,3.12480317547229e-27,"NCAN","AD_vs_PD","D2 medium spiny neuron"
1.08960328550875e-31,0.770562342850673,0.519,0.319,3.243640020631e-27,"RUNDC1","AD_vs_PD","D2 medium spiny neuron"
1.31587420902051e-31,0.848679427989847,0.444,0.244,3.91722593283317e-27,"C2orf88","AD_vs_PD","D2 medium spiny neuron"
1.76485222416786e-31,0.960882548388736,0.423,0.231,5.25378858612531e-27,"ILF3-AS1","AD_vs_PD","D2 medium spiny neuron"
1.86608835580893e-31,0.804384188126972,0.475,0.273,5.55515842640759e-27,"AC245297.3","AD_vs_PD","D2 medium spiny neuron"
2.492299460389e-31,0.585522740627458,0.738,0.549,7.41932626363203e-27,"TPT1","AD_vs_PD","D2 medium spiny neuron"
2.8378372160475e-31,0.891863795215292,0.415,0.22,8.44795760845181e-27,"GAB2","AD_vs_PD","D2 medium spiny neuron"
3.24222800250478e-31,0.851947397691406,0.469,0.277,9.65178854065647e-27,"AC022146.2","AD_vs_PD","D2 medium spiny neuron"
3.28064004608556e-31,1.06732656661482,0.335,0.158,9.76613735319212e-27,"RPL10A","AD_vs_PD","D2 medium spiny neuron"
3.41600296662261e-31,1.26322114900803,0.303,0.134,1.01690992313388e-26,"ANGPT2","AD_vs_PD","D2 medium spiny neuron"
4.37002002799731e-31,1.6365650292998,0.228,0.083,1.30091126213452e-26,"AC005009.2","AD_vs_PD","D2 medium spiny neuron"
4.86085128042688e-31,-0.546809448901944,0.636,0.709,1.44702681767028e-26,"GRM4","AD_vs_PD","D2 medium spiny neuron"
5.20524351604141e-31,0.634709040015641,0.653,0.458,1.54954894229037e-26,"ZNF302","AD_vs_PD","D2 medium spiny neuron"
5.67751834902896e-31,1.45131778304548,0.278,0.12,1.69014043732243e-26,"DEFB109A","AD_vs_PD","D2 medium spiny neuron"
6.04279931774301e-31,1.18347478214752,0.293,0.127,1.79888092889892e-26,"AC141586.1","AD_vs_PD","D2 medium spiny neuron"
6.22285542827764e-31,0.957161402173082,0.398,0.214,1.85248183244397e-26,"SPDYA","AD_vs_PD","D2 medium spiny neuron"
6.86990737923351e-31,0.967665547477392,0.397,0.216,2.04510272772402e-26,"RPP38","AD_vs_PD","D2 medium spiny neuron"
7.22442606858458e-31,0.794902929552928,0.493,0.301,2.15063939635694e-26,"TCHP","AD_vs_PD","D2 medium spiny neuron"
8.19855645853905e-31,-0.717576910355485,0.554,0.64,2.44062827214249e-26,"DAB1","AD_vs_PD","D2 medium spiny neuron"
8.62479747157092e-31,1.16322806463066,0.325,0.153,2.56751595931195e-26,"LRRC10B","AD_vs_PD","D2 medium spiny neuron"
1.06464140827925e-30,1.01021384329452,0.373,0.194,3.16933100830651e-26,"ZNF658","AD_vs_PD","D2 medium spiny neuron"
1.24608275626787e-30,0.796041693252926,0.503,0.312,3.70946375713384e-26,"NEIL1","AD_vs_PD","D2 medium spiny neuron"
1.60165273805439e-30,0.688539279598497,0.603,0.397,4.76796003591412e-26,"EIF5","AD_vs_PD","D2 medium spiny neuron"
1.6614559976092e-30,0.72531050215626,0.52,0.319,4.94598835928282e-26,"SLC38A2","AD_vs_PD","D2 medium spiny neuron"
2.30795822931651e-30,0.882957662111243,0.466,0.27,6.87056085285233e-26,"LDHA","AD_vs_PD","D2 medium spiny neuron"
2.41743535940812e-30,0.871848233753951,0.465,0.285,7.19646332142202e-26,"AC058822.1","AD_vs_PD","D2 medium spiny neuron"
3.03655434343056e-30,1.08286369970202,0.353,0.175,9.03951862495845e-26,"FAM89A","AD_vs_PD","D2 medium spiny neuron"
3.89500219496362e-30,1.05458611386327,0.357,0.18,1.15950320341872e-25,"RPL7AP6","AD_vs_PD","D2 medium spiny neuron"
4.08249210833582e-30,0.909566997388911,0.415,0.223,1.21531707573049e-25,"TUBB2A","AD_vs_PD","D2 medium spiny neuron"
4.92108663938944e-30,0.837952916826142,0.441,0.239,1.46495828167984e-25,"CNIH2","AD_vs_PD","D2 medium spiny neuron"
5.59430991437136e-30,1.0290826138854,0.381,0.198,1.66537011840921e-25,"RPL13AP5","AD_vs_PD","D2 medium spiny neuron"
5.65046856263167e-30,1.39473948929311,0.274,0.119,1.68208798640982e-25,"AC015971.1","AD_vs_PD","D2 medium spiny neuron"
6.7955901686985e-30,1.41672285869383,0.233,0.087,2.02297923731986e-25,"AL391839.1","AD_vs_PD","D2 medium spiny neuron"
1.13721508406828e-29,0.550491462759063,0.691,0.481,3.38537558376286e-25,"C20orf27","AD_vs_PD","D2 medium spiny neuron"
1.16459396439901e-29,1.13013477097404,0.321,0.156,3.46687977261943e-25,"AL158801.3","AD_vs_PD","D2 medium spiny neuron"
1.51140110018806e-29,0.955256181253924,0.402,0.223,4.49928993514983e-25,"AL359706.1","AD_vs_PD","D2 medium spiny neuron"
1.58817701931624e-29,1.68424560520376,0.211,0.074,4.72784416880251e-25,"AC103770.1","AD_vs_PD","D2 medium spiny neuron"
1.59460410274e-29,1.19552564961442,0.286,0.126,4.7469769534467e-25,"DFNA5","AD_vs_PD","D2 medium spiny neuron"
1.71595729303907e-29,1.62951601486552,0.213,0.074,5.10823326564801e-25,"ARHGAP26-AS1","AD_vs_PD","D2 medium spiny neuron"
1.75229161348331e-29,0.844320089538923,0.452,0.261,5.21639690417848e-25,"AC073861.1","AD_vs_PD","D2 medium spiny neuron"
1.81506976448625e-29,0.824576468526169,0.432,0.241,5.4032811818991e-25,"HS3ST4","AD_vs_PD","D2 medium spiny neuron"
1.86591433415318e-29,0.686964503974161,0.57,0.377,5.55464038134061e-25,"ZNF862","AD_vs_PD","D2 medium spiny neuron"
1.91302803337487e-29,0.782540710210917,0.509,0.306,5.69489315255366e-25,"RPL11","AD_vs_PD","D2 medium spiny neuron"
1.9224685078625e-29,0.989142143871204,0.373,0.191,5.72299650105589e-25,"CEBPB","AD_vs_PD","D2 medium spiny neuron"
2.00320354688735e-29,1.5042929928504,0.24,0.096,5.96333663872897e-25,"AC015849.3","AD_vs_PD","D2 medium spiny neuron"
2.07864705434488e-29,0.556464834205303,0.706,0.497,6.18792441607927e-25,"JUND","AD_vs_PD","D2 medium spiny neuron"
2.36151031613247e-29,1.62595591842456,0.224,0.082,7.02998006009475e-25,"SCRG1","AD_vs_PD","D2 medium spiny neuron"
2.41879133186284e-29,1.65800072747168,0.206,0.071,7.20049991582249e-25,"TMEM44-AS1","AD_vs_PD","D2 medium spiny neuron"
2.54463110185875e-29,1.0225133150115,0.349,0.178,7.57511232712333e-25,"C9orf41-AS1","AD_vs_PD","D2 medium spiny neuron"
2.96322602175912e-29,1.06335778250211,0.346,0.172,8.82122754417473e-25,"AC007969.1","AD_vs_PD","D2 medium spiny neuron"
3.00292365509836e-29,0.714048951733734,0.547,0.342,8.9394034288623e-25,"EID1","AD_vs_PD","D2 medium spiny neuron"
3.04786547662717e-29,0.542231105201104,0.681,0.492,9.07319073737142e-25,"IP6K2","AD_vs_PD","D2 medium spiny neuron"
3.930524008744e-29,1.04684695466595,0.365,0.197,1.170077692163e-24,"ENPP7P5","AD_vs_PD","D2 medium spiny neuron"
4.35922746512054e-29,0.7985442632669,0.469,0.271,1.29769842409173e-24,"TCEAL2","AD_vs_PD","D2 medium spiny neuron"
4.46662156874774e-29,0.605809832850901,0.652,0.469,1.32966857480052e-24,"PTGR1","AD_vs_PD","D2 medium spiny neuron"
6.37435486910098e-29,1.31321750874352,0.27,0.117,1.89758170098267e-24,"AL512422.2","AD_vs_PD","D2 medium spiny neuron"
7.9887912864157e-29,0.728884182738976,0.52,0.32,2.37818327805309e-24,"TMEM158","AD_vs_PD","D2 medium spiny neuron"
1.01660473681931e-28,0.736083991265942,0.519,0.334,3.0263306410374e-24,"AP001825.1","AD_vs_PD","D2 medium spiny neuron"
1.11690242134419e-28,0.699677145573426,0.577,0.397,3.32490681809952e-24,"SPEF1","AD_vs_PD","D2 medium spiny neuron"
1.33722110819627e-28,0.782024735940119,0.471,0.277,3.98077351698947e-24,"DYNLT1","AD_vs_PD","D2 medium spiny neuron"
1.73657090319506e-28,0.793025842440238,0.473,0.285,5.16959792172138e-24,"OTUD6B-AS1","AD_vs_PD","D2 medium spiny neuron"
2.17894422143305e-28,0.914664232161091,0.438,0.266,6.48649905278406e-24,"DDX3P1","AD_vs_PD","D2 medium spiny neuron"
2.20963581966453e-28,1.50278146775624,0.233,0.092,6.57786487155934e-24,"ENO4","AD_vs_PD","D2 medium spiny neuron"
2.43637038219173e-28,0.611423658925187,0.624,0.439,7.25283099074657e-24,"TOM1L1","AD_vs_PD","D2 medium spiny neuron"
2.46349702979512e-28,0.656190179917149,0.556,0.362,7.33358430799711e-24,"NSUN3","AD_vs_PD","D2 medium spiny neuron"
2.73197264724005e-28,0.861285984532078,0.433,0.251,8.13280937356891e-24,"RPRML","AD_vs_PD","D2 medium spiny neuron"
2.76018958959222e-28,1.28484185280304,0.29,0.137,8.21680838925707e-24,"AC008731.1","AD_vs_PD","D2 medium spiny neuron"
3.40951577729475e-28,1.14273805788198,0.325,0.163,1.01497875174287e-23,"SHISA6","AD_vs_PD","D2 medium spiny neuron"
3.57782649190925e-28,0.571476905485315,0.709,0.484,1.06508316837646e-23,"UBC","AD_vs_PD","D2 medium spiny neuron"
3.62584733014406e-28,1.51450444910886,0.215,0.079,1.07937849171059e-23,"SYNPR-AS1","AD_vs_PD","D2 medium spiny neuron"
4.13806663615696e-28,0.611745083188324,0.616,0.42,1.23186105691756e-23,"RCN2","AD_vs_PD","D2 medium spiny neuron"
4.56631438491679e-28,0.944843371924455,0.385,0.212,1.35934612924588e-23,"MKRN2OS","AD_vs_PD","D2 medium spiny neuron"
4.64955504889919e-28,1.15926859560182,0.329,0.169,1.3841260425068e-23,"RARRES1","AD_vs_PD","D2 medium spiny neuron"
5.69324493852258e-28,0.952175517092192,0.328,0.16,1.69482208574879e-23,"COL6A1","AD_vs_PD","D2 medium spiny neuron"
6.23972628223391e-28,1.24819295781344,0.29,0.136,1.85750411695821e-23,"AL136311.1","AD_vs_PD","D2 medium spiny neuron"
7.08452914801173e-28,0.649962888190137,0.58,0.391,2.10899348207161e-23,"EXTL2","AD_vs_PD","D2 medium spiny neuron"
7.94593878366227e-28,0.574992879883954,0.643,0.457,2.36542651650842e-23,"HMOX2","AD_vs_PD","D2 medium spiny neuron"
8.12980039121151e-28,0.680468574034113,0.543,0.349,2.42016027845975e-23,"FAM84A","AD_vs_PD","D2 medium spiny neuron"
8.21049273579241e-28,1.40407127704513,0.244,0.1,2.44418158251804e-23,"AC092839.1","AD_vs_PD","D2 medium spiny neuron"
8.94230896044593e-28,1.35151632195839,0.234,0.093,2.66203595443515e-23,"CHDH","AD_vs_PD","D2 medium spiny neuron"
9.06476983343681e-28,1.27572225756169,0.28,0.13,2.69849133171581e-23,"AP001442.1","AD_vs_PD","D2 medium spiny neuron"
9.06873057549421e-28,1.34248321098693,0.258,0.113,2.69967040501887e-23,"AL024508.1","AD_vs_PD","D2 medium spiny neuron"
9.54772972615179e-28,0.968510357990956,0.366,0.196,2.84226366217813e-23,"PIGC","AD_vs_PD","D2 medium spiny neuron"
9.88181477334634e-28,0.505556789027627,0.707,0.53,2.94171743987747e-23,"ARHGEF3","AD_vs_PD","D2 medium spiny neuron"
1.01480513830396e-27,1.49326482021039,0.225,0.088,3.02097341621705e-23,"AC092683.2","AD_vs_PD","D2 medium spiny neuron"
1.0751966111428e-27,0.80287138570538,0.503,0.341,3.200752791711e-23,"SLC38A11","AD_vs_PD","D2 medium spiny neuron"
1.30012737976763e-27,1.14547330547477,0.312,0.156,3.87034919683026e-23,"KIZ-AS1","AD_vs_PD","D2 medium spiny neuron"
1.61298305788421e-27,0.807668605591521,0.467,0.289,4.8016892650155e-23,"DUSP19","AD_vs_PD","D2 medium spiny neuron"
1.8918413719483e-27,1.30579239317975,0.258,0.111,5.63182258015289e-23,"ST7-AS2","AD_vs_PD","D2 medium spiny neuron"
2.04814657636624e-27,0.716654742606827,0.538,0.331,6.09712754318466e-23,"SERF2","AD_vs_PD","D2 medium spiny neuron"
2.89494869952424e-27,1.23485290704456,0.279,0.127,8.61797278361371e-23,"AC022872.1","AD_vs_PD","D2 medium spiny neuron"
2.89860167233991e-27,1.50213328705511,0.205,0.073,8.62884731838868e-23,"ERICH3-AS1","AD_vs_PD","D2 medium spiny neuron"
3.25124349081786e-27,1.18640927995813,0.263,0.115,9.67862674781569e-23,"TIMM8B","AD_vs_PD","D2 medium spiny neuron"
3.28533572975903e-27,1.31612639708488,0.227,0.088,9.78011593391966e-23,"EFCAB13","AD_vs_PD","D2 medium spiny neuron"
3.78222670228224e-27,1.09439618701106,0.349,0.189,1.1259310670024e-22,"AC008056.1","AD_vs_PD","D2 medium spiny neuron"
3.81548902370349e-27,0.769733193698381,0.478,0.299,1.13583292746629e-22,"PTRH2","AD_vs_PD","D2 medium spiny neuron"
3.94899159108612e-27,0.998464558537162,0.348,0.182,1.17557530675043e-22,"GPSM2","AD_vs_PD","D2 medium spiny neuron"
3.95606353988556e-27,0.600553660082165,0.688,0.527,1.17768055518853e-22,"DDX24","AD_vs_PD","D2 medium spiny neuron"
4.26451129624044e-27,0.816010566279831,0.404,0.221,1.26950236777782e-22,"ATP6V1F","AD_vs_PD","D2 medium spiny neuron"
4.56597859303022e-27,1.14814218666063,0.285,0.133,1.35924616735917e-22,"ATP1A1-AS1","AD_vs_PD","D2 medium spiny neuron"
5.2865301265798e-27,0.543438528161612,0.642,0.448,1.57374715338154e-22,"HRH3","AD_vs_PD","D2 medium spiny neuron"
6.88490013701116e-27,0.521161355567731,0.708,0.542,2.04956592178685e-22,"CAND1","AD_vs_PD","D2 medium spiny neuron"
8.18837422350677e-27,0.67375210063531,0.496,0.298,2.43759712259573e-22,"LY6H","AD_vs_PD","D2 medium spiny neuron"
8.82532243122993e-27,1.26278912665935,0.266,0.12,2.62721023455284e-22,"AC017101.1","AD_vs_PD","D2 medium spiny neuron"
8.97085579530282e-27,0.85973701019712,0.38,0.205,2.6705340617037e-22,"RPS11","AD_vs_PD","D2 medium spiny neuron"
1.0064069558575e-26,0.841920402822166,0.461,0.28,2.99597286689221e-22,"SLC25A4","AD_vs_PD","D2 medium spiny neuron"
1.0671262877393e-26,0.93191768366203,0.337,0.168,3.17672824597112e-22,"RPS5","AD_vs_PD","D2 medium spiny neuron"
1.11286877080652e-26,0.554309650389769,0.646,0.467,3.31289904381394e-22,"ZNF189","AD_vs_PD","D2 medium spiny neuron"
1.11916648596004e-26,0.832370872398176,0.402,0.226,3.33164671205443e-22,"RPS7","AD_vs_PD","D2 medium spiny neuron"
1.13335327361307e-26,0.767102306932235,0.442,0.255,3.37387936021876e-22,"RPS27A","AD_vs_PD","D2 medium spiny neuron"
1.21388536515954e-26,0.993648778265276,0.347,0.182,3.61361534354343e-22,"TRAF3IP2","AD_vs_PD","D2 medium spiny neuron"
1.4644942685016e-26,1.07808304114103,0.332,0.174,4.35965298790242e-22,"DENND6A-AS1","AD_vs_PD","D2 medium spiny neuron"
2.45189992486093e-26,0.593318602707344,0.586,0.397,7.2990608863185e-22,"AF228730.7","AD_vs_PD","D2 medium spiny neuron"
2.47590112604061e-26,0.978358470204791,0.342,0.179,7.37051006211029e-22,"HAX1","AD_vs_PD","D2 medium spiny neuron"
2.58078972635314e-26,0.625677487205428,0.598,0.407,7.68275293638067e-22,"RPS3","AD_vs_PD","D2 medium spiny neuron"
2.60792150196927e-26,0.634116891870335,0.551,0.343,7.76352151921232e-22,"YPEL3","AD_vs_PD","D2 medium spiny neuron"
2.8135686500538e-26,1.097163040047,0.358,0.193,8.37571251434515e-22,"CHGB","AD_vs_PD","D2 medium spiny neuron"
3.32070237238947e-26,1.25382483195615,0.274,0.128,9.88539889236622e-22,"AL139095.4","AD_vs_PD","D2 medium spiny neuron"
3.35952083213868e-26,0.66771143979739,0.518,0.329,1.00009575651936e-21,"SPP1","AD_vs_PD","D2 medium spiny neuron"
4.09048468185779e-26,0.725536339781566,0.476,0.291,1.21769638494224e-21,"AC009318.1","AD_vs_PD","D2 medium spiny neuron"
4.28934618747399e-26,1.2595514923476,0.263,0.121,1.27689546654913e-21,"AC131934.1","AD_vs_PD","D2 medium spiny neuron"
4.80122001630943e-26,1.0724619664937,0.305,0.149,1.42927518665515e-21,"SMDT1","AD_vs_PD","D2 medium spiny neuron"
5.66395716905815e-26,0.889579370098151,0.445,0.286,1.68610340965692e-21,"ENTPD3-AS1","AD_vs_PD","D2 medium spiny neuron"
6.8384081965216e-26,0.603479884178471,0.611,0.435,2.03572573602251e-21,"LINC01902","AD_vs_PD","D2 medium spiny neuron"
6.88649742116702e-26,0.816161880784139,0.381,0.211,2.05004141730721e-21,"RPL23A","AD_vs_PD","D2 medium spiny neuron"
6.99592069218943e-26,0.86941730497405,0.368,0.2,2.08261563085787e-21,"AC022431.1","AD_vs_PD","D2 medium spiny neuron"
7.22535856898684e-26,0.893323599496468,0.327,0.163,2.15091699240169e-21,"SELENOM","AD_vs_PD","D2 medium spiny neuron"
7.31625730950339e-26,1.2631422831572,0.257,0.116,2.17797663846606e-21,"SNAI3","AD_vs_PD","D2 medium spiny neuron"
7.35817990560652e-26,0.694000705151896,0.505,0.324,2.1904565761e-21,"RPS8","AD_vs_PD","D2 medium spiny neuron"
8.12316225418179e-26,0.892901577753387,0.349,0.187,2.41818417144738e-21,"AC011476.3","AD_vs_PD","D2 medium spiny neuron"
8.19242357821295e-26,0.799711534113925,0.443,0.265,2.43880257499821e-21,"BRK1","AD_vs_PD","D2 medium spiny neuron"
8.51120734570069e-26,0.520359858572393,0.684,0.521,2.53370131474164e-21,"RPE","AD_vs_PD","D2 medium spiny neuron"
9.03380438542951e-26,0.807023844809393,0.399,0.221,2.68927322749851e-21,"PTN","AD_vs_PD","D2 medium spiny neuron"
9.45296153890676e-26,0.886804137108426,0.392,0.224,2.81405212051715e-21,"AC005037.1","AD_vs_PD","D2 medium spiny neuron"
1.02682822609377e-25,1.07826717248377,0.31,0.16,3.05676494625854e-21,"MIR181A2HG","AD_vs_PD","D2 medium spiny neuron"
1.03468105931375e-25,0.77558264595667,0.462,0.285,3.08014204547112e-21,"RPS9","AD_vs_PD","D2 medium spiny neuron"
1.06739105517748e-25,0.873486958304005,0.397,0.226,3.17751643215784e-21,"NDUFAF4","AD_vs_PD","D2 medium spiny neuron"
1.1066956793853e-25,0.780142853681992,0.387,0.209,3.2945223679621e-21,"CSTB","AD_vs_PD","D2 medium spiny neuron"
1.1432730909125e-25,1.349393555956,0.216,0.083,3.40340966433741e-21,"H2AFJ","AD_vs_PD","D2 medium spiny neuron"
1.21751304295229e-25,1.41530098448424,0.226,0.093,3.62441457756468e-21,"AC113386.1","AD_vs_PD","D2 medium spiny neuron"
1.29719978374041e-25,0.691872468976368,0.45,0.264,3.86163403621684e-21,"RPS15","AD_vs_PD","D2 medium spiny neuron"
1.50858344350003e-25,1.52767703676622,0.2,0.075,4.49090205295523e-21,"AC015853.3","AD_vs_PD","D2 medium spiny neuron"
1.91444931328683e-25,0.866119435497933,0.393,0.226,5.69912416072355e-21,"RNF7","AD_vs_PD","D2 medium spiny neuron"
2.01858051378646e-25,0.917214666469759,0.378,0.21,6.00911233149091e-21,"RPL7A","AD_vs_PD","D2 medium spiny neuron"
2.27975246917406e-25,0.782996118034573,0.459,0.282,6.78659512548427e-21,"SSB","AD_vs_PD","D2 medium spiny neuron"
2.51812710185663e-25,-0.937957749813211,0.339,0.471,7.49621256951699e-21,"SNX31","AD_vs_PD","D2 medium spiny neuron"
2.99481697475414e-25,0.839082175778912,0.496,0.343,8.91527065214561e-21,"AL353626.1","AD_vs_PD","D2 medium spiny neuron"
3.01336374588392e-25,0.682783993862591,0.49,0.314,8.97048253512183e-21,"NHLRC3","AD_vs_PD","D2 medium spiny neuron"
3.86919514203498e-25,-0.900241273378563,0.209,0.373,1.15182070183239e-20,"TXLNGY","AD_vs_PD","D2 medium spiny neuron"
4.11679988228519e-25,1.06876001805084,0.355,0.2,1.22553015695748e-20,"LINC02143","AD_vs_PD","D2 medium spiny neuron"
4.52619063350611e-25,0.726301199313621,0.471,0.292,1.34740168968843e-20,"AP1S1","AD_vs_PD","D2 medium spiny neuron"
7.69882811267064e-25,0.548532338385963,0.623,0.449,2.29186414086092e-20,"DPY19L3","AD_vs_PD","D2 medium spiny neuron"
8.12391240596925e-25,0.804645634893379,0.425,0.26,2.41840748413299e-20,"TRMT10B","AD_vs_PD","D2 medium spiny neuron"
1.00854147052579e-24,0.911316031553613,0.368,0.202,3.00232710360823e-20,"TMEM219","AD_vs_PD","D2 medium spiny neuron"
1.05595322579998e-24,0.823798611557374,0.359,0.189,3.14346715788397e-20,"HIST1H2AC","AD_vs_PD","D2 medium spiny neuron"
1.06325640579701e-24,1.19308288234468,0.297,0.153,3.16520799441713e-20,"ANP32AP1","AD_vs_PD","D2 medium spiny neuron"
1.12035279177537e-24,1.22526569181434,0.306,0.164,3.33517822583611e-20,"AC020611.2","AD_vs_PD","D2 medium spiny neuron"
1.23010713187443e-24,0.685427865488762,0.503,0.324,3.66190592087698e-20,"AL138752.2","AD_vs_PD","D2 medium spiny neuron"
1.25891635201617e-24,0.693517127282311,0.479,0.303,3.74766808831693e-20,"HIPK4","AD_vs_PD","D2 medium spiny neuron"
1.34809433546103e-24,1.34654620372284,0.212,0.083,4.01314202723395e-20,"AP001783.1","AD_vs_PD","D2 medium spiny neuron"
1.60590707183313e-24,0.984569218427287,0.345,0.193,4.78062476214006e-20,"AC139720.1","AD_vs_PD","D2 medium spiny neuron"
1.61766611260085e-24,-0.534696312082393,0.597,0.676,4.81563025060148e-20,"PDE1C","AD_vs_PD","D2 medium spiny neuron"
1.7678169170195e-24,1.13409571350236,0.26,0.12,5.26261418027536e-20,"AC091887.1","AD_vs_PD","D2 medium spiny neuron"
1.92407536533703e-24,0.86606771718987,0.371,0.203,5.7277799550718e-20,"STUB1","AD_vs_PD","D2 medium spiny neuron"
1.98768305007e-24,0.685931470943296,0.486,0.31,5.91713367175339e-20,"HERPUD1","AD_vs_PD","D2 medium spiny neuron"
2.08775698780516e-24,0.705653151392869,0.512,0.337,6.21504377699719e-20,"LRRC75A-AS1","AD_vs_PD","D2 medium spiny neuron"
2.1597186371779e-24,0.62119922223933,0.556,0.385,6.4292664110149e-20,"ZNF493","AD_vs_PD","D2 medium spiny neuron"
2.52936826964163e-24,0.592739076040959,0.585,0.401,7.52967640189618e-20,"FBXO2","AD_vs_PD","D2 medium spiny neuron"
2.72520338644558e-24,0.956946437794526,0.353,0.201,8.11265796110984e-20,"ABHD15-AS1","AD_vs_PD","D2 medium spiny neuron"
3.00993117578962e-24,0.777277809245392,0.429,0.261,8.96026411720811e-20,"COPS6","AD_vs_PD","D2 medium spiny neuron"
3.05707887352332e-24,0.94286128965277,0.376,0.221,9.10061809859157e-20,"JAKMIP2-AS1","AD_vs_PD","D2 medium spiny neuron"
3.1225533543182e-24,0.792888885441724,0.401,0.235,9.29552908046985e-20,"B2M","AD_vs_PD","D2 medium spiny neuron"
3.90230512961475e-24,0.745809944665917,0.402,0.233,1.16167721403502e-19,"BTF3","AD_vs_PD","D2 medium spiny neuron"
4.07715479123308e-24,0.54186932419629,0.606,0.418,1.21372820980218e-19,"C14orf2","AD_vs_PD","D2 medium spiny neuron"
4.87853554684315e-24,-0.5560858536183,0.506,0.643,1.45229124693974e-19,"BRINP3","AD_vs_PD","D2 medium spiny neuron"
5.60047198603318e-24,0.820927290608991,0.387,0.227,1.66720450552222e-19,"COMMD2","AD_vs_PD","D2 medium spiny neuron"
7.07115296704039e-24,1.15697104575427,0.257,0.12,2.10501152675825e-19,"CBR3","AD_vs_PD","D2 medium spiny neuron"
8.26926936034576e-24,-0.622191061325126,0.516,0.612,2.46167879588133e-19,"PARD3B","AD_vs_PD","D2 medium spiny neuron"
8.29545470168e-24,0.859193965840654,0.403,0.247,2.46947391014312e-19,"AC092338.2","AD_vs_PD","D2 medium spiny neuron"
9.82918740135662e-24,0.792419524506806,0.351,0.188,2.92605079750985e-19,"C9orf16","AD_vs_PD","D2 medium spiny neuron"
1.18527839577227e-23,1.17725839162981,0.242,0.111,3.52845525637447e-19,"AC119868.2","AD_vs_PD","D2 medium spiny neuron"
1.24149944255502e-23,1.23592114991493,0.241,0.109,3.69581969054203e-19,"AC026202.2","AD_vs_PD","D2 medium spiny neuron"
1.24422198794462e-23,1.13482431186514,0.225,0.095,3.70392443591233e-19,"PAXX","AD_vs_PD","D2 medium spiny neuron"
1.40640301201023e-23,0.66240688045142,0.47,0.295,4.18672112645327e-19,"CLDN11","AD_vs_PD","D2 medium spiny neuron"
1.46479409170431e-23,0.620324719694552,0.578,0.413,4.36054553159457e-19,"NDUFV1","AD_vs_PD","D2 medium spiny neuron"
1.4654179922569e-23,-0.849072889999314,0.393,0.498,4.36240282114958e-19,"LEPR","AD_vs_PD","D2 medium spiny neuron"
1.53208153581284e-23,1.12511986016472,0.231,0.1,4.56085352396125e-19,"RPL10P16","AD_vs_PD","D2 medium spiny neuron"
1.53476557764622e-23,0.81259394791489,0.415,0.249,4.56884364809502e-19,"PPP1R1A","AD_vs_PD","D2 medium spiny neuron"
1.56673038848359e-23,0.904238698017146,0.364,0.202,4.66399969347681e-19,"MRPS26","AD_vs_PD","D2 medium spiny neuron"
1.59202540080482e-23,-1.03409233081897,0.216,0.359,4.73930041565586e-19,"TOGARAM2","AD_vs_PD","D2 medium spiny neuron"
1.64828848117149e-23,1.09651463720157,0.29,0.147,4.90678997959942e-19,"FRG1BP","AD_vs_PD","D2 medium spiny neuron"
1.69487966312603e-23,0.792141720729776,0.405,0.244,5.04548726915989e-19,"STRADB","AD_vs_PD","D2 medium spiny neuron"
1.7575563852344e-23,0.903292095661731,0.366,0.206,5.23206960320428e-19,"DDX54","AD_vs_PD","D2 medium spiny neuron"
1.80921366150395e-23,0.584803603495475,0.551,0.376,5.38584814893111e-19,"PPP1R10","AD_vs_PD","D2 medium spiny neuron"
1.83651882453432e-23,1.11702198490813,0.241,0.109,5.4671328887562e-19,"AL512625.3","AD_vs_PD","D2 medium spiny neuron"
1.89322931573849e-23,0.685797436610792,0.467,0.301,5.63595435002191e-19,"MRPS16","AD_vs_PD","D2 medium spiny neuron"
1.90326178389592e-23,0.501356880036066,0.677,0.494,5.66582000447975e-19,"AC074032.1","AD_vs_PD","D2 medium spiny neuron"
2.04405034334862e-23,0.735879259515068,0.349,0.186,6.0849334671145e-19,"FER1L6-AS2","AD_vs_PD","D2 medium spiny neuron"
2.1005430684924e-23,0.992925057897433,0.257,0.118,6.25310666059502e-19,"AC083798.2","AD_vs_PD","D2 medium spiny neuron"
2.35492445982511e-23,0.689216660784993,0.505,0.322,7.01037462445337e-19,"ATP6AP2","AD_vs_PD","D2 medium spiny neuron"
2.40194794264668e-23,0.789585150088862,0.442,0.285,7.1503588304649e-19,"TRPC6","AD_vs_PD","D2 medium spiny neuron"
2.86196831361052e-23,0.587047239816634,0.569,0.373,8.51979347278715e-19,"UBB","AD_vs_PD","D2 medium spiny neuron"
3.09635711404963e-23,0.932430408266514,0.349,0.19,9.21754549281435e-19,"HRAS","AD_vs_PD","D2 medium spiny neuron"
3.87260626357114e-23,1.33276041792226,0.231,0.104,1.15283615860249e-18,"AC068533.3","AD_vs_PD","D2 medium spiny neuron"
4.0922542425677e-23,0.956112838802896,0.318,0.173,1.21822316546998e-18,"POLE2","AD_vs_PD","D2 medium spiny neuron"
4.80626624592591e-23,1.03089419610414,0.268,0.128,1.43077739874968e-18,"KRT10","AD_vs_PD","D2 medium spiny neuron"
5.28598790434013e-23,0.809119560343048,0.339,0.182,1.57358573924301e-18,"TAF7","AD_vs_PD","D2 medium spiny neuron"
7.00745615089059e-23,0.978224370008859,0.332,0.182,2.08604962155862e-18,"KCTD4","AD_vs_PD","D2 medium spiny neuron"
7.50472231629497e-23,0.545263736734869,0.518,0.316,2.23408078633785e-18,"SPON1","AD_vs_PD","D2 medium spiny neuron"
7.54579109659788e-23,0.736181303132545,0.411,0.239,2.24630655154622e-18,"HSPA5","AD_vs_PD","D2 medium spiny neuron"
8.78671614603182e-23,1.2070997908948,0.244,0.114,2.61571752951221e-18,"AC011369.1","AD_vs_PD","D2 medium spiny neuron"
8.91122208891185e-23,1.04228984570365,0.263,0.124,2.65278170364817e-18,"C1orf122","AD_vs_PD","D2 medium spiny neuron"
9.27336093638909e-23,-1.08860737705,0.16,0.301,2.76058681715367e-18,"TTTY15","AD_vs_PD","D2 medium spiny neuron"
1.05570914018972e-22,0.912999634806229,0.348,0.194,3.14274053943079e-18,"ARF5","AD_vs_PD","D2 medium spiny neuron"
1.21189723646987e-22,0.557955801779439,0.585,0.396,3.60769688324716e-18,"ATPIF1","AD_vs_PD","D2 medium spiny neuron"
1.496683687326e-22,0.564039396747893,0.585,0.421,4.45547766880076e-18,"AC078909.1","AD_vs_PD","D2 medium spiny neuron"
1.5120194399368e-22,0.536529395811478,0.582,0.412,4.50113067074786e-18,"DLD","AD_vs_PD","D2 medium spiny neuron"
1.64406619270686e-22,0.685581035437132,0.474,0.306,4.89422064906904e-18,"ATP2B1-AS1","AD_vs_PD","D2 medium spiny neuron"
1.81851845828457e-22,-1.12672781829845,0.145,0.282,5.41354759846733e-18,"DDX3Y","AD_vs_PD","D2 medium spiny neuron"
1.89743654537114e-22,0.979203848952398,0.327,0.175,5.64847885191535e-18,"NDN","AD_vs_PD","D2 medium spiny neuron"
2.09515791628589e-22,1.08047992457366,0.25,0.117,6.23707560099147e-18,"UBOX5-AS1","AD_vs_PD","D2 medium spiny neuron"
2.25414010713328e-22,0.53543378565075,0.625,0.449,6.71034968492506e-18,"PLK2","AD_vs_PD","D2 medium spiny neuron"
2.50873271494777e-22,0.580775737574708,0.484,0.297,7.46824641912802e-18,"SNN","AD_vs_PD","D2 medium spiny neuron"
2.57289805004863e-22,0.61486898077641,0.512,0.326,7.65926020518977e-18,"HGNC:18790","AD_vs_PD","D2 medium spiny neuron"
2.96123806970734e-22,0.547170459197406,0.603,0.409,8.81530960971178e-18,"CFL1","AD_vs_PD","D2 medium spiny neuron"
3.08405674626108e-22,0.893381307064773,0.305,0.158,9.1809285279446e-18,"TCEAL1","AD_vs_PD","D2 medium spiny neuron"
3.49601706714343e-22,0.648863226530388,0.475,0.309,1.04072932071793e-17,"MIR2052HG","AD_vs_PD","D2 medium spiny neuron"
3.88478145694838e-22,1.21048206197125,0.236,0.109,1.15646059191896e-17,"AL139021.1","AD_vs_PD","D2 medium spiny neuron"
4.13614696701994e-22,0.800367829243648,0.379,0.221,1.23128959061217e-17,"RRN3P1","AD_vs_PD","D2 medium spiny neuron"
4.65932284586972e-22,0.865938424774746,0.357,0.205,1.38703381798696e-17,"NDUFAF8","AD_vs_PD","D2 medium spiny neuron"
4.7436603443441e-22,0.818144527756848,0.389,0.228,1.41214024790779e-17,"RAN","AD_vs_PD","D2 medium spiny neuron"
5.76855912333203e-22,0.845776791591021,0.363,0.209,1.71724236542471e-17,"SMIM19","AD_vs_PD","D2 medium spiny neuron"
6.51006871887801e-22,1.17806055052668,0.208,0.086,1.9379823569228e-17,"GPR22","AD_vs_PD","D2 medium spiny neuron"
6.53752705032789e-22,1.20470816351877,0.238,0.113,1.94615642761211e-17,"LMO7-AS1","AD_vs_PD","D2 medium spiny neuron"
7.09481301722238e-22,0.762596623266049,0.374,0.219,2.11205488709693e-17,"SS18L2","AD_vs_PD","D2 medium spiny neuron"
8.46098578040838e-22,0.700970317062933,0.45,0.284,2.51875085696977e-17,"NAA38","AD_vs_PD","D2 medium spiny neuron"
9.43328019670971e-22,0.976259671864939,0.202,0.081,2.80819318175851e-17,"ITGA10","AD_vs_PD","D2 medium spiny neuron"
1.22720667072229e-21,-0.724522272600358,0.484,0.565,3.65327153807319e-17,"AP005212.5","AD_vs_PD","D2 medium spiny neuron"
1.32609558083098e-21,0.761964145556575,0.393,0.239,3.94765393457575e-17,"TXNDC15","AD_vs_PD","D2 medium spiny neuron"
1.38244924178551e-21,0.672722966251982,0.462,0.296,4.11541314787127e-17,"RPLP2","AD_vs_PD","D2 medium spiny neuron"
1.46199294728083e-21,0.584415545335605,0.54,0.356,4.35220680476029e-17,"NLRP1","AD_vs_PD","D2 medium spiny neuron"
1.49288582963702e-21,0.695998798876568,0.313,0.166,4.44417182624643e-17,"RPS13","AD_vs_PD","D2 medium spiny neuron"
1.88821213961133e-21,0.528885528650548,0.617,0.443,5.62101871840896e-17,"BEX2","AD_vs_PD","D2 medium spiny neuron"
1.90325600430441e-21,0.738062466459402,0.416,0.254,5.6658027992138e-17,"ARPC5","AD_vs_PD","D2 medium spiny neuron"
2.3216453704704e-21,0.561348396161902,0.554,0.38,6.91130610335335e-17,"TMX4","AD_vs_PD","D2 medium spiny neuron"
2.69533766979545e-21,0.74576696271242,0.442,0.282,8.02375070921406e-17,"RPS6","AD_vs_PD","D2 medium spiny neuron"
2.98631765107338e-21,0.971563995984002,0.236,0.106,8.88996901548036e-17,"SSNA1","AD_vs_PD","D2 medium spiny neuron"
3.17154543916096e-21,1.14292208926132,0.263,0.132,9.44137361783826e-17,"APEX1","AD_vs_PD","D2 medium spiny neuron"
3.54548893201245e-21,0.797491580000815,0.371,0.22,1.05545660017079e-16,"PSMD7","AD_vs_PD","D2 medium spiny neuron"
3.6723715875011e-21,0.530191194038437,0.596,0.414,1.0932282978832e-16,"PTMS","AD_vs_PD","D2 medium spiny neuron"
4.08651712240466e-21,0.675723521276266,0.457,0.296,1.21651528216864e-16,"PFDN1","AD_vs_PD","D2 medium spiny neuron"
4.21491022840915e-21,1.16556763539271,0.203,0.086,1.25473662589512e-16,"AL591926.2","AD_vs_PD","D2 medium spiny neuron"
4.28350962123625e-21,0.86825061779552,0.333,0.191,1.27515797914582e-16,"ZNF213","AD_vs_PD","D2 medium spiny neuron"
4.3348983474085e-21,0.951732898336048,0.234,0.107,1.29045588904004e-16,"EYS","AD_vs_PD","D2 medium spiny neuron"
4.49661036988454e-21,0.752707950578772,0.367,0.215,1.33859594101093e-16,"C8orf59","AD_vs_PD","D2 medium spiny neuron"
4.52497936272692e-21,0.653918907476117,0.445,0.274,1.34704110649018e-16,"MZT1","AD_vs_PD","D2 medium spiny neuron"
5.02405653669809e-21,0.68227950284315,0.446,0.286,1.49561139040966e-16,"ATP5J","AD_vs_PD","D2 medium spiny neuron"
5.19289221053243e-21,0.848233023176965,0.35,0.209,1.5458720821534e-16,"AP001266.2","AD_vs_PD","D2 medium spiny neuron"
5.28446018482026e-21,0.701589271249743,0.459,0.293,1.57313095241914e-16,"TMEM35A","AD_vs_PD","D2 medium spiny neuron"
5.89271836094358e-21,1.04838696905598,0.255,0.125,1.75420332886929e-16,"RPL9P9","AD_vs_PD","D2 medium spiny neuron"
6.15489319552237e-21,1.00342680005445,0.346,0.214,1.83225015537506e-16,"PCDH9-AS2","AD_vs_PD","D2 medium spiny neuron"
6.16054585873445e-21,1.07066875060412,0.273,0.143,1.83393289668666e-16,"DEFB109F","AD_vs_PD","D2 medium spiny neuron"
6.76451629781603e-21,0.938943148462602,0.297,0.158,2.01372885669685e-16,"HTR5A-AS1","AD_vs_PD","D2 medium spiny neuron"
6.76892363739663e-21,1.06761430047952,0.289,0.16,2.0150408776166e-16,"CAV3","AD_vs_PD","D2 medium spiny neuron"
7.31004718747917e-21,0.845970798843615,0.336,0.19,2.17612794724067e-16,"MRPL34","AD_vs_PD","D2 medium spiny neuron"
7.64817229781436e-21,0.860227144952646,0.286,0.145,2.27678441133636e-16,"MIEN1","AD_vs_PD","D2 medium spiny neuron"
7.9500623862396e-21,0.599277789870745,0.477,0.303,2.36665407175967e-16,"PPDPF","AD_vs_PD","D2 medium spiny neuron"
9.72696009013846e-21,0.733771742264053,0.362,0.208,2.89561874923332e-16,"NDUFS3","AD_vs_PD","D2 medium spiny neuron"
1.0413491646049e-20,0.917236566116894,0.332,0.196,3.09999232811232e-16,"AL355472.4","AD_vs_PD","D2 medium spiny neuron"
1.23726008324367e-20,0.883149873714192,0.273,0.138,3.68319954180809e-16,"PRDX5","AD_vs_PD","D2 medium spiny neuron"
1.32566596739167e-20,0.602705121942962,0.423,0.261,3.94637501832825e-16,"COX5B","AD_vs_PD","D2 medium spiny neuron"
1.46008913154459e-20,0.605095981844022,0.481,0.312,4.34653933569509e-16,"CFL1P1","AD_vs_PD","D2 medium spiny neuron"
1.47838224160834e-20,0.684231001137054,0.418,0.254,4.40099609504385e-16,"ATP6V0E2","AD_vs_PD","D2 medium spiny neuron"
1.51564284128474e-20,0.66931388206041,0.39,0.226,4.51191717422055e-16,"APOE","AD_vs_PD","D2 medium spiny neuron"
1.56455229277796e-20,1.32608189894729,0.208,0.093,4.65751572037071e-16,"AC008067.1","AD_vs_PD","D2 medium spiny neuron"
1.61792770855489e-20,0.610741721072654,0.445,0.275,4.81640899559706e-16,"CRNDE","AD_vs_PD","D2 medium spiny neuron"
1.77187009366271e-20,-0.61299505686458,0.516,0.6,5.27468008182453e-16,"KCNH4","AD_vs_PD","D2 medium spiny neuron"
1.791760878752e-20,0.809215140686131,0.338,0.193,5.33389295995683e-16,"L3MBTL3","AD_vs_PD","D2 medium spiny neuron"
1.92085926908803e-20,0.772069505620116,0.376,0.228,5.71820595814815e-16,"UQCRFS1","AD_vs_PD","D2 medium spiny neuron"
1.96020353810149e-20,0.561940553648554,0.565,0.402,5.83532991257431e-16,"NME3","AD_vs_PD","D2 medium spiny neuron"
2.04138170162212e-20,0.726074605571501,0.363,0.204,6.07698918755889e-16,"RABAC1","AD_vs_PD","D2 medium spiny neuron"
2.0948859865754e-20,0.832770138006306,0.308,0.167,6.23626609343632e-16,"GAREM1","AD_vs_PD","D2 medium spiny neuron"
2.13476251488979e-20,0.863432642777826,0.325,0.188,6.35497453057541e-16,"DUOX1","AD_vs_PD","D2 medium spiny neuron"
2.13532023485822e-20,0.618774055631336,0.487,0.324,6.35663480714943e-16,"CPVL","AD_vs_PD","D2 medium spiny neuron"
2.65665196646643e-20,0.57080944194855,0.532,0.36,7.90858723897393e-16,"RPLP1","AD_vs_PD","D2 medium spiny neuron"
2.83353647475158e-20,0.544470854004131,0.506,0.339,8.43515473168797e-16,"RPL35A","AD_vs_PD","D2 medium spiny neuron"
3.06265906842941e-20,0.848790274070944,0.362,0.217,9.11722978080752e-16,"CUTC","AD_vs_PD","D2 medium spiny neuron"
3.07399097773949e-20,0.698841892467343,0.462,0.302,9.15096374163267e-16,"NDUFB2","AD_vs_PD","D2 medium spiny neuron"
3.28564998282621e-20,0.686391413297871,0.394,0.239,9.78105143387536e-16,"ATAD5","AD_vs_PD","D2 medium spiny neuron"
3.88531697778496e-20,1.29601935478495,0.216,0.102,1.1566200111168e-15,"P4HA3","AD_vs_PD","D2 medium spiny neuron"
4.25697913198753e-20,0.529395411956472,0.486,0.311,1.26726011780137e-15,"TMA7","AD_vs_PD","D2 medium spiny neuron"
4.4733314114664e-20,0.679651040261802,0.384,0.231,1.33166602787943e-15,"DANCR","AD_vs_PD","D2 medium spiny neuron"
4.92249781248558e-20,1.10530732194612,0.25,0.124,1.46537837379883e-15,"TUBA4A","AD_vs_PD","D2 medium spiny neuron"
4.99590663739712e-20,0.908680408664629,0.3,0.165,1.48723144688675e-15,"SPATA1","AD_vs_PD","D2 medium spiny neuron"
5.22940316052341e-20,0.897162733878355,0.306,0.169,1.55674102685621e-15,"SELENOK","AD_vs_PD","D2 medium spiny neuron"
5.8260915550214e-20,0.923974162429688,0.299,0.17,1.73436919501432e-15,"AP002075.1","AD_vs_PD","D2 medium spiny neuron"
6.96575547153992e-20,0.785246807861012,0.366,0.224,2.07363574632272e-15,"DLEU1","AD_vs_PD","D2 medium spiny neuron"
7.02820257298827e-20,1.31486061698928,0.203,0.089,2.09222562395288e-15,"PSMB6","AD_vs_PD","D2 medium spiny neuron"
7.37834973043069e-20,0.503151852027548,0.563,0.399,2.19646093125191e-15,"SOCS5","AD_vs_PD","D2 medium spiny neuron"
7.46726638525266e-20,0.877164549463572,0.329,0.19,2.22293053022586e-15,"DNAJC19","AD_vs_PD","D2 medium spiny neuron"
7.58494241996779e-20,0.739105550090145,0.388,0.24,2.25796150900021e-15,"AC104123.1","AD_vs_PD","D2 medium spiny neuron"
7.62435398385246e-20,0.817329449715464,0.329,0.188,2.26969393745304e-15,"NT5C3B","AD_vs_PD","D2 medium spiny neuron"
7.90168271248128e-20,0.595825626907451,0.484,0.327,2.35225192667855e-15,"DDX3X","AD_vs_PD","D2 medium spiny neuron"
7.93542966214465e-20,1.03301995346645,0.312,0.184,2.36229805612384e-15,"EYA4","AD_vs_PD","D2 medium spiny neuron"
8.92329151237688e-20,0.507929411110078,0.536,0.369,2.65637465031947e-15,"ARL14EP","AD_vs_PD","D2 medium spiny neuron"
9.42630964831017e-20,1.19512741996613,0.219,0.104,2.80611811920546e-15,"DPYD-AS1","AD_vs_PD","D2 medium spiny neuron"
9.61350325424078e-20,0.581228222273384,0.528,0.373,2.86184378375494e-15,"DSEL","AD_vs_PD","D2 medium spiny neuron"
9.76682358257312e-20,0.591090117254321,0.535,0.381,2.90748571229619e-15,"DDRGK1","AD_vs_PD","D2 medium spiny neuron"
1.16884171435909e-19,1.05280974099683,0.262,0.135,3.47952489947557e-15,"AL139294.1","AD_vs_PD","D2 medium spiny neuron"
1.24654281282145e-19,0.869610839176203,0.371,0.226,3.71083329948816e-15,"RACK1","AD_vs_PD","D2 medium spiny neuron"
1.28712429483863e-19,-0.658115350775208,0.464,0.547,3.83164031330511e-15,"MRPL41","AD_vs_PD","D2 medium spiny neuron"
1.61515362943956e-19,0.725981825801793,0.368,0.221,4.80815083947862e-15,"FAU","AD_vs_PD","D2 medium spiny neuron"
1.80814163508962e-19,0.854122155999479,0.352,0.212,5.38265683349829e-15,"RPL6","AD_vs_PD","D2 medium spiny neuron"
1.87800373982284e-19,0.761027950281521,0.406,0.256,5.59062933307861e-15,"SRSF3","AD_vs_PD","D2 medium spiny neuron"
2.13883000186768e-19,1.13599450749299,0.26,0.139,6.36708303255989e-15,"ENPP7P10","AD_vs_PD","D2 medium spiny neuron"
2.17425417583209e-19,0.682480093996918,0.395,0.245,6.47253725603455e-15,"RAD23A","AD_vs_PD","D2 medium spiny neuron"
2.27999045869118e-19,1.03699679795381,0.261,0.134,6.78730359647779e-15,"BTBD6","AD_vs_PD","D2 medium spiny neuron"
2.57746661695512e-19,0.664490073636145,0.408,0.261,7.67286037201369e-15,"ANKRD20A4","AD_vs_PD","D2 medium spiny neuron"
2.93063561113647e-19,0.890331953873332,0.252,0.126,8.72420915079216e-15,"HSD11B2","AD_vs_PD","D2 medium spiny neuron"
2.99113240820355e-19,0.575785931485252,0.466,0.305,8.90430206598115e-15,"RPS25","AD_vs_PD","D2 medium spiny neuron"
3.10770269566897e-19,0.911447793393551,0.283,0.153,9.25132015473695e-15,"THSD4","AD_vs_PD","D2 medium spiny neuron"
3.15238879973737e-19,0.614783735531329,0.423,0.267,9.38434621793817e-15,"FEM1C","AD_vs_PD","D2 medium spiny neuron"
3.23506640738988e-19,0.691533826868329,0.417,0.266,9.63046918815893e-15,"GFRA1","AD_vs_PD","D2 medium spiny neuron"
4.19797671201692e-19,0.558569119030723,0.459,0.298,1.24969568740032e-14,"AC009237.3","AD_vs_PD","D2 medium spiny neuron"
5.12333890502869e-19,0.610153640947098,0.458,0.299,1.52516675863799e-14,"SRI","AD_vs_PD","D2 medium spiny neuron"
5.8433847761086e-19,1.15723258070155,0.203,0.093,1.73951721399977e-14,"AL138787.2","AD_vs_PD","D2 medium spiny neuron"
6.24099032221556e-19,1.10369432083828,0.235,0.118,1.85788040902035e-14,"RHCE","AD_vs_PD","D2 medium spiny neuron"
6.41055064823927e-19,0.838902947868482,0.315,0.18,1.90835682247435e-14,"YIPF5","AD_vs_PD","D2 medium spiny neuron"
7.02709904507799e-19,0.791442402873062,0.295,0.161,2.09189711472927e-14,"LAMTOR1","AD_vs_PD","D2 medium spiny neuron"
8.67327516822825e-19,0.835828452815977,0.31,0.173,2.58194728482987e-14,"SLC32A1","AD_vs_PD","D2 medium spiny neuron"
9.27666027305268e-19,0.769658721964538,0.383,0.235,2.76156899668505e-14,"MAP1LC3B","AD_vs_PD","D2 medium spiny neuron"
1.04489170504382e-18,0.575373189233135,0.501,0.341,3.11053811674495e-14,"PINK1","AD_vs_PD","D2 medium spiny neuron"
1.04951143526842e-18,0.700658030175842,0.362,0.216,3.12429059165055e-14,"JTB","AD_vs_PD","D2 medium spiny neuron"
1.08050079054947e-18,0.667948066864397,0.447,0.291,3.21654280338673e-14,"H3F3B","AD_vs_PD","D2 medium spiny neuron"
1.18098169616716e-18,-0.775283045611412,0.402,0.495,3.51566441132003e-14,"FSTL5","AD_vs_PD","D2 medium spiny neuron"
1.21255109547055e-18,0.808912226122759,0.342,0.198,3.60964335610629e-14,"COPRS","AD_vs_PD","D2 medium spiny neuron"
1.28384545424996e-18,1.10526281776534,0.208,0.097,3.8218795327567e-14,"SLC3A1","AD_vs_PD","D2 medium spiny neuron"
1.42863258183736e-18,1.17988046385395,0.211,0.1,4.25289633287165e-14,"AC005920.2","AD_vs_PD","D2 medium spiny neuron"
1.6698738230036e-18,1.06913933302373,0.246,0.129,4.97104738369941e-14,"LINC02231","AD_vs_PD","D2 medium spiny neuron"
1.76853330468714e-18,0.545312105606179,0.54,0.374,5.26474679472314e-14,"TUBA1B","AD_vs_PD","D2 medium spiny neuron"
1.87548535020047e-18,0.528940446126901,0.506,0.343,5.58313233901178e-14,"COX7C","AD_vs_PD","D2 medium spiny neuron"
2.23866729495968e-18,0.902440586909266,0.296,0.168,6.66428867036547e-14,"COX5A","AD_vs_PD","D2 medium spiny neuron"
2.31128811085238e-18,0.633241001352038,0.402,0.242,6.88047357719646e-14,"CST3","AD_vs_PD","D2 medium spiny neuron"
2.31822736123576e-18,0.613354157849962,0.478,0.324,6.90113103166273e-14,"ISCA1","AD_vs_PD","D2 medium spiny neuron"
2.44851844595575e-18,0.958915614242732,0.281,0.158,7.28899456176567e-14,"TIGD7","AD_vs_PD","D2 medium spiny neuron"
2.57921770380906e-18,0.741673675283605,0.315,0.181,7.6780731824692e-14,"ZRANB2-AS2","AD_vs_PD","D2 medium spiny neuron"
2.68555787546135e-18,0.712874665153178,0.359,0.219,7.9946372394609e-14,"AC135782.1","AD_vs_PD","D2 medium spiny neuron"
2.69230418737967e-18,0.656201909799941,0.391,0.236,8.01472033541054e-14,"C4orf3","AD_vs_PD","D2 medium spiny neuron"
2.90501333056938e-18,0.92358517833904,0.266,0.143,8.64793418377199e-14,"FRG1CP","AD_vs_PD","D2 medium spiny neuron"
3.62487017739037e-18,0.501070361400566,0.513,0.346,1.07908760310734e-13,"NEFL","AD_vs_PD","D2 medium spiny neuron"
3.63490015422923e-18,0.6452531584028,0.345,0.2,1.0820734269125e-13,"HEY1","AD_vs_PD","D2 medium spiny neuron"
3.69292393647434e-18,0.822276575726662,0.232,0.114,1.09934652664905e-13,"SIGIRR","AD_vs_PD","D2 medium spiny neuron"
3.78098120333594e-18,1.10792737255444,0.234,0.122,1.12556029442108e-13,"GRM5-AS1","AD_vs_PD","D2 medium spiny neuron"
4.12584293614159e-18,0.846168715369782,0.29,0.162,1.22822218365999e-13,"SMIM10L1","AD_vs_PD","D2 medium spiny neuron"
4.12845958303244e-18,0.688323664607625,0.385,0.244,1.22900113327293e-13,"TMED11P","AD_vs_PD","D2 medium spiny neuron"
4.3650517025776e-18,0.969308558776555,0.246,0.127,1.29943224134032e-13,"RPL7AP30","AD_vs_PD","D2 medium spiny neuron"
4.98840149522005e-18,0.544108725347041,0.397,0.236,1.48499724111206e-13,"RASD1","AD_vs_PD","D2 medium spiny neuron"
5.30372519925152e-18,0.846800702573709,0.291,0.161,1.57886595456519e-13,"AC008021.1","AD_vs_PD","D2 medium spiny neuron"
5.91248111981558e-18,0.595686081580558,0.408,0.256,1.7600865045579e-13,"RFK","AD_vs_PD","D2 medium spiny neuron"
6.09412028232295e-18,0.73326974069245,0.339,0.205,1.81415866684472e-13,"UBAC1","AD_vs_PD","D2 medium spiny neuron"
6.10550311396181e-18,0.579477346897172,0.507,0.35,1.81754722199529e-13,"SYT4","AD_vs_PD","D2 medium spiny neuron"
6.18106811751948e-18,0.6847514298119,0.383,0.241,1.84004216790437e-13,"TMEM242","AD_vs_PD","D2 medium spiny neuron"
6.29005781766364e-18,0.550468799200377,0.467,0.316,1.87248731174029e-13,"AOAH","AD_vs_PD","D2 medium spiny neuron"
6.57645258842426e-18,0.705274313252837,0.307,0.17,1.95774417104802e-13,"NDUFB10","AD_vs_PD","D2 medium spiny neuron"
6.66542650946008e-18,0.665147567480512,0.417,0.264,1.98423081760117e-13,"PARK7","AD_vs_PD","D2 medium spiny neuron"
6.77041339649199e-18,0.799659995832114,0.306,0.177,2.0154843640017e-13,"AC010632.1","AD_vs_PD","D2 medium spiny neuron"
7.17770710956792e-18,0.616419772164424,0.451,0.302,2.13673162944727e-13,"KCNG3","AD_vs_PD","D2 medium spiny neuron"
7.20798115037424e-18,0.580554959967635,0.503,0.353,2.14574390865491e-13,"CD59","AD_vs_PD","D2 medium spiny neuron"
8.02441507587863e-18,0.51622840390988,0.554,0.394,2.38878812393831e-13,"DYNLRB1","AD_vs_PD","D2 medium spiny neuron"
9.64509429819892e-18,0.559873198262814,0.425,0.27,2.87124812163084e-13,"SNHG9","AD_vs_PD","D2 medium spiny neuron"
1.00093961158146e-17,0.945633344909165,0.255,0.137,2.97969712971684e-13,"AC068888.1","AD_vs_PD","D2 medium spiny neuron"
1.00628321181303e-17,0.689635832123907,0.386,0.238,2.99560449324622e-13,"PNMA1","AD_vs_PD","D2 medium spiny neuron"
1.05028723951013e-17,1.12409314173375,0.208,0.1,3.1266000832977e-13,"AMYH02020865.1","AD_vs_PD","D2 medium spiny neuron"
1.06445534466196e-17,0.637461446346098,0.431,0.28,3.1687771155242e-13,"ARMCX3","AD_vs_PD","D2 medium spiny neuron"
1.07036352662067e-17,0.54815146565945,0.495,0.348,3.18636518239706e-13,"CNRIP1","AD_vs_PD","D2 medium spiny neuron"
1.17034654575643e-17,0.613070491461955,0.317,0.179,3.48400463206232e-13,"GAB1","AD_vs_PD","D2 medium spiny neuron"
1.19356573431352e-17,0.519362314063826,0.457,0.303,3.55312583447791e-13,"SGPL1","AD_vs_PD","D2 medium spiny neuron"
1.26829470710514e-17,0.951637258435121,0.239,0.123,3.77558651358129e-13,"POLR2K","AD_vs_PD","D2 medium spiny neuron"
1.28017326364765e-17,0.814092598208614,0.309,0.181,3.81094778855269e-13,"PAXIP1-AS1","AD_vs_PD","D2 medium spiny neuron"
1.69254627986939e-17,0.626782464650572,0.423,0.27,5.03854102054318e-13,"MRFAP1","AD_vs_PD","D2 medium spiny neuron"
1.71608790052992e-17,0.954094143466455,0.244,0.128,5.10862207108751e-13,"RPS3A","AD_vs_PD","D2 medium spiny neuron"
1.811310413689e-17,0.693458170870763,0.348,0.213,5.3920899705108e-13,"NUDCD2","AD_vs_PD","D2 medium spiny neuron"
1.81588178357498e-17,0.993585040236962,0.226,0.116,5.40569848152437e-13,"ZNF350","AD_vs_PD","D2 medium spiny neuron"
2.24085497161385e-17,1.01243693071109,0.244,0.131,6.67080116499728e-13,"AC009060.1","AD_vs_PD","D2 medium spiny neuron"
2.24170716979577e-17,1.08999698898314,0.214,0.107,6.67333807376503e-13,"LARGE-AS1","AD_vs_PD","D2 medium spiny neuron"
2.45455849616293e-17,0.73708743414141,0.313,0.179,7.30697518722741e-13,"CDKN2D","AD_vs_PD","D2 medium spiny neuron"
2.49718216886553e-17,0.517147540595264,0.496,0.338,7.43386159849581e-13,"RPL5","AD_vs_PD","D2 medium spiny neuron"
2.65858591475449e-17,0.671662964009258,0.401,0.268,7.91434440963264e-13,"RNF213","AD_vs_PD","D2 medium spiny neuron"
2.6589631839563e-17,0.79176475417488,0.289,0.166,7.91546750231952e-13,"FAM201A","AD_vs_PD","D2 medium spiny neuron"
2.90347506488468e-17,0.960236651293497,0.225,0.115,8.6433549206552e-13,"B3GNT5","AD_vs_PD","D2 medium spiny neuron"
3.01321220889877e-17,0.621770926972024,0.374,0.231,8.97003142467076e-13,"ZBED4","AD_vs_PD","D2 medium spiny neuron"
3.0460025648714e-17,0.93522053762225,0.236,0.122,9.06764503536568e-13,"CEACAM22P","AD_vs_PD","D2 medium spiny neuron"
3.10194470841636e-17,0.848546666561467,0.257,0.137,9.23417920248465e-13,"ISLR2","AD_vs_PD","D2 medium spiny neuron"
3.58419574615904e-17,0.575384103315249,0.441,0.292,1.06697923167409e-12,"AP1S2","AD_vs_PD","D2 medium spiny neuron"
3.62495963377124e-17,0.505244804533732,0.54,0.391,1.07911423337736e-12,"AC006453.2","AD_vs_PD","D2 medium spiny neuron"
3.68587179686568e-17,0.576246858366182,0.425,0.266,1.09724717520895e-12,"ATP5E","AD_vs_PD","D2 medium spiny neuron"
3.78961891548564e-17,1.02260087869459,0.241,0.13,1.12813165495092e-12,"SCIMP","AD_vs_PD","D2 medium spiny neuron"
3.80868549633805e-17,0.619694380334442,0.399,0.256,1.13380758540487e-12,"MYL6B","AD_vs_PD","D2 medium spiny neuron"
4.10819405054632e-17,0.664213005820729,0.389,0.247,1.22296828690713e-12,"EI24","AD_vs_PD","D2 medium spiny neuron"
4.17006799564713e-17,0.886635187761751,0.226,0.115,1.2413875416242e-12,"WDR54","AD_vs_PD","D2 medium spiny neuron"
4.66326324164374e-17,0.933995684316461,0.279,0.155,1.38820683440493e-12,"RRAGA","AD_vs_PD","D2 medium spiny neuron"
5.22065094955109e-17,0.579721349928248,0.376,0.232,1.55413558117187e-12,"ATP5G3","AD_vs_PD","D2 medium spiny neuron"
5.85669712585417e-17,0.670488284102896,0.327,0.195,1.74348016739553e-12,"OOEP","AD_vs_PD","D2 medium spiny neuron"
7.07929965202355e-17,-0.832414188497729,0.248,0.366,2.10743671341089e-12,"CAMK2D","AD_vs_PD","D2 medium spiny neuron"
8.04522524012364e-17,0.705787501080121,0.401,0.263,2.39498310173241e-12,"GTF2H5","AD_vs_PD","D2 medium spiny neuron"
8.09283288073738e-17,0.542469754444667,0.488,0.344,2.40915542026671e-12,"CES4A","AD_vs_PD","D2 medium spiny neuron"
8.52356830633033e-17,0.738315628944178,0.323,0.198,2.53738104911148e-12,"DCLRE1C","AD_vs_PD","D2 medium spiny neuron"
8.61719934971206e-17,0.562107651585533,0.459,0.31,2.56525407441578e-12,"PIN1","AD_vs_PD","D2 medium spiny neuron"
8.93880895339885e-17,0.574414675563918,0.449,0.298,2.6609940373373e-12,"RETREG2","AD_vs_PD","D2 medium spiny neuron"
9.10340642049335e-17,0.636585295543101,0.391,0.258,2.70999305731667e-12,"FAM227B","AD_vs_PD","D2 medium spiny neuron"
9.22593753244145e-17,0.523855731006043,0.476,0.316,2.74646934403249e-12,"HSPA13","AD_vs_PD","D2 medium spiny neuron"
9.4242617796445e-17,0.541049777094791,0.574,0.413,2.80550848918237e-12,"FEZ1","AD_vs_PD","D2 medium spiny neuron"
1.00593530770358e-16,0.712745114222997,0.361,0.231,2.99456881750278e-12,"G2E3-AS1","AD_vs_PD","D2 medium spiny neuron"
1.05270482576919e-16,0.877354254433536,0.284,0.165,3.1337969958323e-12,"MRPL57","AD_vs_PD","D2 medium spiny neuron"
1.18504532195884e-16,0.737092334847398,0.292,0.165,3.52776141893927e-12,"TRPM3","AD_vs_PD","D2 medium spiny neuron"
1.21148405121737e-16,0.648404066195407,0.354,0.221,3.606466872069e-12,"ATE1-AS1","AD_vs_PD","D2 medium spiny neuron"
1.23396224544111e-16,1.00522645564756,0.206,0.102,3.67338220845364e-12,"DPH3","AD_vs_PD","D2 medium spiny neuron"
1.28002469596257e-16,0.634463720299093,0.318,0.186,3.81050551741096e-12,"RPS23P8","AD_vs_PD","D2 medium spiny neuron"
1.38167364979243e-16,0.521865097171305,0.495,0.339,4.1131042880671e-12,"SLC25A3","AD_vs_PD","D2 medium spiny neuron"
1.40412186513565e-16,0.662277049953892,0.402,0.259,4.17993038032232e-12,"COX7A2","AD_vs_PD","D2 medium spiny neuron"
1.42637333563278e-16,0.673705563375496,0.381,0.238,4.24617078284522e-12,"B4GAT1","AD_vs_PD","D2 medium spiny neuron"
1.43913595439139e-16,0.551656343354899,0.441,0.294,4.28416382262774e-12,"RPL32","AD_vs_PD","D2 medium spiny neuron"
1.55437261781995e-16,0.681707584410535,0.334,0.203,4.6272118459882e-12,"TRNT1","AD_vs_PD","D2 medium spiny neuron"
1.55985769227864e-16,0.697269067583898,0.372,0.238,4.64354036414427e-12,"DDX18","AD_vs_PD","D2 medium spiny neuron"
1.5903327352571e-16,0.501611262564618,0.523,0.369,4.73426151958685e-12,"COX6C","AD_vs_PD","D2 medium spiny neuron"
1.68536304729451e-16,0.782910283503829,0.292,0.17,5.01715725549102e-12,"SYNC","AD_vs_PD","D2 medium spiny neuron"
1.73456263442185e-16,0.95199468521713,0.257,0.142,5.1636195064104e-12,"GLRX5","AD_vs_PD","D2 medium spiny neuron"
1.73822587876635e-16,-0.558181467715038,0.51,0.573,5.17452461849953e-12,"PTCHD4","AD_vs_PD","D2 medium spiny neuron"
1.85991262506841e-16,-1.03550314661557,0.135,0.242,5.53677389356614e-12,"CRB1","AD_vs_PD","D2 medium spiny neuron"
1.87584946215568e-16,-1.23450523376733,0.117,0.218,5.58421626389125e-12,"CYP4A22-AS1","AD_vs_PD","D2 medium spiny neuron"
1.89776075323926e-16,0.912957117063262,0.222,0.114,5.64944398631797e-12,"AL135925.1","AD_vs_PD","D2 medium spiny neuron"
2.01717916165835e-16,0.68525689831712,0.309,0.184,6.00494064634074e-12,"MADCAM1","AD_vs_PD","D2 medium spiny neuron"
2.11858796385678e-16,0.666582054539236,0.327,0.195,6.30682450960525e-12,"COL1A1","AD_vs_PD","D2 medium spiny neuron"
2.24375532709235e-16,0.553673519520369,0.42,0.272,6.6794352332212e-12,"CDK5R1","AD_vs_PD","D2 medium spiny neuron"
2.33636483191582e-16,0.746561963624284,0.304,0.184,6.95512446813019e-12,"NAT9","AD_vs_PD","D2 medium spiny neuron"
2.34307222590342e-16,0.905807007326192,0.242,0.132,6.97509170929191e-12,"MCMDC2","AD_vs_PD","D2 medium spiny neuron"
2.43129593295919e-16,1.09135352159113,0.212,0.109,7.23772486282623e-12,"ENPP7P6","AD_vs_PD","D2 medium spiny neuron"
2.4902933039893e-16,0.609455921178152,0.392,0.259,7.41335413664575e-12,"MFSD13A","AD_vs_PD","D2 medium spiny neuron"
2.51148409635714e-16,0.905582598126211,0.238,0.127,7.47643700644557e-12,"KCNV2","AD_vs_PD","D2 medium spiny neuron"
2.57034883189312e-16,0.558055447580949,0.443,0.305,7.65167143766263e-12,"SCRN3","AD_vs_PD","D2 medium spiny neuron"
2.84813763279726e-16,0.527766208040012,0.517,0.376,8.47862091907417e-12,"RFX4","AD_vs_PD","D2 medium spiny neuron"
2.87800979552136e-16,0.835255125583359,0.288,0.169,8.56754736028753e-12,"LINC00937","AD_vs_PD","D2 medium spiny neuron"
2.94962293353978e-16,0.82708725762097,0.259,0.143,8.78073251085458e-12,"LINGO3","AD_vs_PD","D2 medium spiny neuron"
3.07158923206842e-16,0.50142009129695,0.574,0.432,9.14381398494447e-12,"PPA1","AD_vs_PD","D2 medium spiny neuron"
3.50535912696431e-16,-0.730634905962832,0.38,0.47,1.04351035850601e-11,"FBXO17","AD_vs_PD","D2 medium spiny neuron"
3.5763309233716e-16,0.542194172405098,0.437,0.296,1.06463795257849e-11,"PSMA3","AD_vs_PD","D2 medium spiny neuron"
3.65178124180295e-16,0.613341511459073,0.379,0.243,1.08709875787232e-11,"NDUFB4","AD_vs_PD","D2 medium spiny neuron"
3.71289716907833e-16,0.525014212793397,0.567,0.422,1.10529235826293e-11,"CLTA","AD_vs_PD","D2 medium spiny neuron"
3.90872705220434e-16,1.00383862826128,0.208,0.103,1.16358895617071e-11,"CRTC3-AS1","AD_vs_PD","D2 medium spiny neuron"
4.05447415417893e-16,0.563572091346521,0.464,0.322,1.20697641095752e-11,"MRPS30","AD_vs_PD","D2 medium spiny neuron"
4.09226241456901e-16,0.871761630465113,0.279,0.158,1.21822559819305e-11,"C19orf53","AD_vs_PD","D2 medium spiny neuron"
4.35379319470905e-16,0.576195060529451,0.418,0.285,1.29608069613294e-11,"APH1B","AD_vs_PD","D2 medium spiny neuron"
4.42979394118216e-16,0.521974789717808,0.547,0.397,1.31870535835052e-11,"CLCN4","AD_vs_PD","D2 medium spiny neuron"
4.52217538593532e-16,0.548673604818316,0.404,0.268,1.34620639063908e-11,"ANKRD49","AD_vs_PD","D2 medium spiny neuron"
5.04480834438567e-16,0.838047443079887,0.213,0.107,1.50178899604017e-11,"PPIB","AD_vs_PD","D2 medium spiny neuron"
5.19628496192514e-16,0.741852750147877,0.27,0.152,1.5468820703155e-11,"RPL7P9","AD_vs_PD","D2 medium spiny neuron"
5.42113981911799e-16,0.563175806221821,0.432,0.289,1.61381911275323e-11,"PDK2","AD_vs_PD","D2 medium spiny neuron"
5.4219169856991e-16,0.979685923411955,0.222,0.115,1.61405046747276e-11,"CCDC110","AD_vs_PD","D2 medium spiny neuron"
5.70322457890339e-16,0.863434878459914,0.239,0.129,1.69779292489375e-11,"SNHG8","AD_vs_PD","D2 medium spiny neuron"
6.05696494553313e-16,0.763074866479995,0.281,0.161,1.80309789463576e-11,"DEGS1","AD_vs_PD","D2 medium spiny neuron"
6.4513166934629e-16,0.850515457242289,0.254,0.143,1.92049246647697e-11,"AL118516.1","AD_vs_PD","D2 medium spiny neuron"
6.46625812673116e-16,0.86686702075317,0.253,0.137,1.9249403817466e-11,"C1QBP","AD_vs_PD","D2 medium spiny neuron"
6.47921950904607e-16,0.846998039435765,0.275,0.156,1.92879885564792e-11,"CUTA","AD_vs_PD","D2 medium spiny neuron"
6.53345448969034e-16,0.627507292106584,0.366,0.234,1.94494406703592e-11,"SIAH1","AD_vs_PD","D2 medium spiny neuron"
6.6007897832483e-16,0.509018829290553,0.536,0.377,1.96498911057519e-11,"PGRMC1","AD_vs_PD","D2 medium spiny neuron"
6.6317188355046e-16,0.581181618093568,0.323,0.195,1.97419638014136e-11,"AP001324.1","AD_vs_PD","D2 medium spiny neuron"
6.99117671809253e-16,0.782604285412314,0.274,0.16,2.08120339720897e-11,"PYGL","AD_vs_PD","D2 medium spiny neuron"
7.31788634616623e-16,0.513248978648534,0.48,0.324,2.17846158639023e-11,"ATP6V1D","AD_vs_PD","D2 medium spiny neuron"
7.92284612786844e-16,0.932497169461175,0.232,0.125,2.35855206380515e-11,"SMCR5","AD_vs_PD","D2 medium spiny neuron"
8.05060731701033e-16,0.528831078901415,0.496,0.362,2.39658529220081e-11,"ECI2","AD_vs_PD","D2 medium spiny neuron"
8.43649248555763e-16,1.04501856684586,0.2,0.099,2.51145944802565e-11,"RANBP6","AD_vs_PD","D2 medium spiny neuron"
8.5686300984887e-16,0.705001158536902,0.331,0.199,2.5507954940191e-11,"ARPC5L","AD_vs_PD","D2 medium spiny neuron"
8.70658957510915e-16,0.654977771593071,0.392,0.259,2.59186465061424e-11,"NDUFA12","AD_vs_PD","D2 medium spiny neuron"
9.29644926268247e-16,0.54021502812316,0.426,0.277,2.76745998100794e-11,"SNU13","AD_vs_PD","D2 medium spiny neuron"
9.32578552809331e-16,0.604507221633676,0.267,0.149,2.7761930938581e-11,"ANKRD24","AD_vs_PD","D2 medium spiny neuron"
9.48025211919023e-16,0.665242280128642,0.293,0.168,2.82217625336174e-11,"RNF6","AD_vs_PD","D2 medium spiny neuron"
9.49677416464873e-16,0.727377202784111,0.316,0.192,2.82709470107428e-11,"CCNDBP1","AD_vs_PD","D2 medium spiny neuron"
9.70479219547166e-16,0.527628354150473,0.379,0.24,2.88901958866996e-11,"OPRM1","AD_vs_PD","D2 medium spiny neuron"
9.89285015884187e-16,0.528477582192525,0.447,0.311,2.94500256378564e-11,"NFKBIZ","AD_vs_PD","D2 medium spiny neuron"
1.067127785577e-15,0.793673280880306,0.248,0.134,3.17673270488418e-11,"CENPBD1P1","AD_vs_PD","D2 medium spiny neuron"
1.09058999373021e-15,0.62821537922149,0.355,0.225,3.24657735233546e-11,"ENDOD1","AD_vs_PD","D2 medium spiny neuron"
1.09824062845534e-15,-0.724188843048216,0.402,0.476,3.2693525268487e-11,"AC011474.1","AD_vs_PD","D2 medium spiny neuron"
1.11743801400313e-15,0.697820282161893,0.347,0.219,3.32650122388591e-11,"ZNF428","AD_vs_PD","D2 medium spiny neuron"
1.1563568851414e-15,0.678509873002225,0.204,0.099,3.44235881137743e-11,"WASHC1","AD_vs_PD","D2 medium spiny neuron"
1.15692800017904e-15,0.552755140701511,0.404,0.261,3.44405896373297e-11,"ATP6V1G1","AD_vs_PD","D2 medium spiny neuron"
1.26280797405949e-15,0.963548546091758,0.222,0.115,3.7592530579777e-11,"DDIT3","AD_vs_PD","D2 medium spiny neuron"
1.32648360315909e-15,1.07570345814211,0.213,0.109,3.94880903824429e-11,"BAG1","AD_vs_PD","D2 medium spiny neuron"
1.42554696807183e-15,0.607925927523866,0.426,0.291,4.24371076925304e-11,"LARP6","AD_vs_PD","D2 medium spiny neuron"
1.43431567280829e-15,0.507632147595045,0.526,0.387,4.26981432638299e-11,"RCN1","AD_vs_PD","D2 medium spiny neuron"
1.53092959581368e-15,0.906026959985221,0.225,0.12,4.55742431377776e-11,"RUNDC3A-AS1","AD_vs_PD","D2 medium spiny neuron"
1.55826455663902e-15,0.663327686381876,0.278,0.159,4.63879775865869e-11,"NPC1","AD_vs_PD","D2 medium spiny neuron"
1.88812916560011e-15,0.701230022847804,0.297,0.175,5.62077171307498e-11,"NDUFV2-AS1","AD_vs_PD","D2 medium spiny neuron"
2.0290222278217e-15,0.834612338245468,0.238,0.13,6.04019627000243e-11,"C11orf1","AD_vs_PD","D2 medium spiny neuron"
2.03279370795117e-15,0.785990623836742,0.287,0.167,6.05142358919982e-11,"DCTN3","AD_vs_PD","D2 medium spiny neuron"
2.25544685605208e-15,1.00971276134686,0.22,0.116,6.71423974578144e-11,"OCIAD2","AD_vs_PD","D2 medium spiny neuron"
2.48871285691419e-15,0.881772838887289,0.22,0.116,7.40864930374786e-11,"AC233280.1","AD_vs_PD","D2 medium spiny neuron"
2.6069410683133e-15,0.572342095801158,0.438,0.299,7.76060286626185e-11,"RPL7L1","AD_vs_PD","D2 medium spiny neuron"
2.66666758940082e-15,0.607814356042067,0.394,0.252,7.93840274688729e-11,"SET","AD_vs_PD","D2 medium spiny neuron"
2.6851271511515e-15,0.578107609031624,0.435,0.297,7.99335501626289e-11,"PSMD5-AS1","AD_vs_PD","D2 medium spiny neuron"
2.79236822073768e-15,0.638106140745296,0.321,0.2,8.31260095631401e-11,"CCDC47","AD_vs_PD","D2 medium spiny neuron"
2.79337154323237e-15,0.505636133368524,0.295,0.17,8.31558774704843e-11,"AVEN","AD_vs_PD","D2 medium spiny neuron"
2.8732152734646e-15,0.537141771580356,0.519,0.388,8.55327454757675e-11,"COA6","AD_vs_PD","D2 medium spiny neuron"
2.95786859694567e-15,0.748348201651068,0.316,0.196,8.80527902624758e-11,"FIS1","AD_vs_PD","D2 medium spiny neuron"
3.35226734633055e-15,0.645246854632631,0.338,0.209,9.9793646632914e-11,"PSMA7","AD_vs_PD","D2 medium spiny neuron"
3.54740598846446e-15,0.62993978555502,0.402,0.273,1.05602728870599e-10,"LSM5","AD_vs_PD","D2 medium spiny neuron"
3.57061540026247e-15,0.607626756005109,0.318,0.191,1.06293649850414e-10,"EAF1","AD_vs_PD","D2 medium spiny neuron"
3.63350888045921e-15,0.679066482266708,0.334,0.203,1.0816592586239e-10,"RNF187","AD_vs_PD","D2 medium spiny neuron"
3.77445600081899e-15,0.832965551465592,0.245,0.134,1.12361780688381e-10,"GNL3","AD_vs_PD","D2 medium spiny neuron"
3.94867767623364e-15,0.827796239475276,0.286,0.17,1.17548185743799e-10,"COX7B","AD_vs_PD","D2 medium spiny neuron"
3.96523200814611e-15,0.580315490164905,0.409,0.277,1.18040991650501e-10,"TLL1","AD_vs_PD","D2 medium spiny neuron"
4.04887692780384e-15,0.679832098207127,0.271,0.158,1.20531017263793e-10,"ABCB1","AD_vs_PD","D2 medium spiny neuron"
4.32476525965584e-15,0.532326465873498,0.403,0.271,1.28743937014695e-10,"CCDC25","AD_vs_PD","D2 medium spiny neuron"
4.42334804653234e-15,0.838469669435637,0.227,0.125,1.31678647997221e-10,"HHIP","AD_vs_PD","D2 medium spiny neuron"
4.97152715836978e-15,0.561507398211366,0.435,0.302,1.4799739197751e-10,"KCNIP2-AS1","AD_vs_PD","D2 medium spiny neuron"
4.99316083868156e-15,0.757729339721983,0.274,0.157,1.48641405006712e-10,"MRPL18","AD_vs_PD","D2 medium spiny neuron"
5.11936190517036e-15,-0.632833099375302,0.413,0.499,1.52398284555017e-10,"RPH3A","AD_vs_PD","D2 medium spiny neuron"
5.126713296775e-15,0.949472072288535,0.2,0.1,1.52617128131695e-10,"PTMAP2","AD_vs_PD","D2 medium spiny neuron"
5.31920736213951e-15,0.905527867576756,0.218,0.113,1.58347483963531e-10,"NDUFV2P1","AD_vs_PD","D2 medium spiny neuron"
5.34441953148038e-15,-0.563408050747295,0.491,0.552,1.59098025032639e-10,"GARNL3","AD_vs_PD","D2 medium spiny neuron"
5.41762950963795e-15,0.819277805068535,0.241,0.134,1.61277412872412e-10,"AGBL5","AD_vs_PD","D2 medium spiny neuron"
5.50507676684682e-15,-0.685540869166036,0.389,0.478,1.63880630272263e-10,"KLHL1","AD_vs_PD","D2 medium spiny neuron"
5.52532397947909e-15,0.569893602287802,0.374,0.242,1.64483369545113e-10,"GML","AD_vs_PD","D2 medium spiny neuron"
5.62713326692975e-15,0.639702505464937,0.265,0.149,1.67514130223232e-10,"ALK","AD_vs_PD","D2 medium spiny neuron"
5.80731491305722e-15,0.526017655034459,0.44,0.307,1.728779576468e-10,"ABCB8","AD_vs_PD","D2 medium spiny neuron"
6.16929083214921e-15,0.674397841782655,0.365,0.235,1.8365361878225e-10,"SCN1B","AD_vs_PD","D2 medium spiny neuron"
6.49683778259087e-15,0.792170832038595,0.296,0.182,1.93404363949947e-10,"AC145285.5","AD_vs_PD","D2 medium spiny neuron"
6.52897440006965e-15,0.810828858953339,0.283,0.167,1.94361038915674e-10,"SRSF9","AD_vs_PD","D2 medium spiny neuron"
6.60295420349142e-15,-1.01899862717585,0.126,0.226,1.96563343683736e-10,"LINC01793","AD_vs_PD","D2 medium spiny neuron"
6.65135641093615e-15,0.529621321937246,0.504,0.369,1.98004228997158e-10,"STRAP","AD_vs_PD","D2 medium spiny neuron"
7.0251165262915e-15,0.776688727534561,0.204,0.102,2.09130693871172e-10,"AC130364.1","AD_vs_PD","D2 medium spiny neuron"
7.10295502282067e-15,0.876819790682422,0.208,0.109,2.11447868074348e-10,"OXSM","AD_vs_PD","D2 medium spiny neuron"
7.11442500076592e-15,0.830526092425469,0.212,0.111,2.11789317847801e-10,"BHLHE40","AD_vs_PD","D2 medium spiny neuron"
7.1483880182579e-15,0.504679984270543,0.438,0.302,2.12800362915519e-10,"OGFOD1","AD_vs_PD","D2 medium spiny neuron"
7.28280435676816e-15,0.520147704869498,0.413,0.278,2.16801802896631e-10,"TTN","AD_vs_PD","D2 medium spiny neuron"
7.67480800224177e-15,0.668065945111869,0.278,0.161,2.28471359418735e-10,"SPSB3","AD_vs_PD","D2 medium spiny neuron"
8.00127587555972e-15,0.979422112586652,0.228,0.126,2.38189981539537e-10,"MRPS7","AD_vs_PD","D2 medium spiny neuron"
8.4158677934895e-15,0.686982926037887,0.322,0.202,2.50531968344389e-10,"RBM4B","AD_vs_PD","D2 medium spiny neuron"
8.67858521530624e-15,0.501433604515972,0.425,0.282,2.58352803274451e-10,"EIF2A","AD_vs_PD","D2 medium spiny neuron"
8.72677515364516e-15,-0.598705143237447,0.521,0.568,2.59787369548863e-10,"AGBL1","AD_vs_PD","D2 medium spiny neuron"
8.7916183570173e-15,0.785453999346953,0.243,0.139,2.61717686870048e-10,"RPA3","AD_vs_PD","D2 medium spiny neuron"
8.82751841939638e-15,0.542501759158425,0.338,0.21,2.62786395827011e-10,"RPL36AL","AD_vs_PD","D2 medium spiny neuron"
8.93947214055275e-15,0.574342271152285,0.313,0.191,2.66119146152115e-10,"TSPAN31","AD_vs_PD","D2 medium spiny neuron"
1.06174153298404e-14,0.738456288120447,0.3,0.189,3.16069836954019e-10,"AL031428.1","AD_vs_PD","D2 medium spiny neuron"
1.06339295988826e-14,0.750478957697321,0.248,0.136,3.16561450229135e-10,"LINC00116","AD_vs_PD","D2 medium spiny neuron"
1.21060641674953e-14,0.79994105697,0.291,0.179,3.60385424202168e-10,"SSR2","AD_vs_PD","D2 medium spiny neuron"
1.21543039612759e-14,0.599179680728273,0.411,0.278,3.61821474623224e-10,"MESD","AD_vs_PD","D2 medium spiny neuron"
1.22958414312255e-14,0.717806705450933,0.261,0.151,3.66034903566152e-10,"LAMTOR5","AD_vs_PD","D2 medium spiny neuron"
1.23481180472333e-14,0.505852927547637,0.469,0.336,3.67591126148088e-10,"SAT1","AD_vs_PD","D2 medium spiny neuron"
1.51006915768619e-14,0.938160631212738,0.224,0.121,4.49532487551602e-10,"POMZP3","AD_vs_PD","D2 medium spiny neuron"
1.55073521060981e-14,0.840213746475746,0.295,0.178,4.61638364846435e-10,"CCT7","AD_vs_PD","D2 medium spiny neuron"
1.58394476165757e-14,0.91741682512041,0.202,0.106,4.71524516097843e-10,"SERHL2","AD_vs_PD","D2 medium spiny neuron"
1.60661749847408e-14,-0.773966553578187,0.292,0.394,4.78273963120749e-10,"RFLNA","AD_vs_PD","D2 medium spiny neuron"
1.61293643123613e-14,0.658616569618824,0.289,0.171,4.80155046214682e-10,"RCSD1","AD_vs_PD","D2 medium spiny neuron"
1.62923226407873e-14,0.562817078720507,0.471,0.341,4.85006152693598e-10,"KLHDC2","AD_vs_PD","D2 medium spiny neuron"
1.63076132492024e-14,0.665737107605539,0.312,0.191,4.85461338815506e-10,"FAT1","AD_vs_PD","D2 medium spiny neuron"
1.64964792462422e-14,0.665838875218716,0.295,0.181,4.91083690681383e-10,"EID2B","AD_vs_PD","D2 medium spiny neuron"
1.76389830651249e-14,0.860127296985135,0.244,0.139,5.25094886865703e-10,"TSTD2","AD_vs_PD","D2 medium spiny neuron"
1.7650531073329e-14,0.525222079796704,0.448,0.319,5.25438659521932e-10,"SLC36A1","AD_vs_PD","D2 medium spiny neuron"
1.82874299243071e-14,0.547558091240035,0.381,0.254,5.44398501416699e-10,"COX20","AD_vs_PD","D2 medium spiny neuron"
1.946301297525e-14,0.660624731949705,0.368,0.245,5.79394433260216e-10,"RPS27L","AD_vs_PD","D2 medium spiny neuron"
1.97166501531005e-14,0.509284377621132,0.426,0.299,5.86944958407649e-10,"VCPKMT","AD_vs_PD","D2 medium spiny neuron"
2.07167320234311e-14,0.74012488453415,0.302,0.191,6.16716395605521e-10,"AC025043.1","AD_vs_PD","D2 medium spiny neuron"
2.08151953751691e-14,0.784423834529484,0.266,0.156,6.19647551123409e-10,"AC010198.1","AD_vs_PD","D2 medium spiny neuron"
2.1911698025691e-14,0.844805171845843,0.224,0.121,6.52289338526796e-10,"MRPL51","AD_vs_PD","D2 medium spiny neuron"
2.26066299969976e-14,0.524842609210581,0.433,0.295,6.7297676838062e-10,"UQCR10","AD_vs_PD","D2 medium spiny neuron"
2.28703762306043e-14,0.815533839923942,0.222,0.12,6.80828230008859e-10,"TDRD6","AD_vs_PD","D2 medium spiny neuron"
2.30079886637725e-14,0.818209228705195,0.202,0.104,6.84924814531843e-10,"AC215219.1","AD_vs_PD","D2 medium spiny neuron"
2.6193313711118e-14,0.505642823927377,0.465,0.329,7.79748755866272e-10,"ATP5G2","AD_vs_PD","D2 medium spiny neuron"
2.72130787743887e-14,0.845056863079332,0.211,0.111,8.10106142034779e-10,"IGSF10","AD_vs_PD","D2 medium spiny neuron"
2.72766309024976e-14,0.541973116650948,0.414,0.28,8.1199802533645e-10,"IGFBP5","AD_vs_PD","D2 medium spiny neuron"
2.95968541201983e-14,0.779798082411135,0.234,0.13,8.81068750304184e-10,"LENG8-AS1","AD_vs_PD","D2 medium spiny neuron"
3.36231170509999e-14,0.53599726009363,0.467,0.326,1.00092657149122e-09,"B3GNT2","AD_vs_PD","D2 medium spiny neuron"
3.5267286010468e-14,0.826553961729408,0.244,0.141,1.04987183724562e-09,"AL122035.1","AD_vs_PD","D2 medium spiny neuron"
3.64563242904095e-14,0.623621559894653,0.412,0.296,1.0852683178012e-09,"TESPA1","AD_vs_PD","D2 medium spiny neuron"
3.81215357307687e-14,0.885804139888728,0.23,0.13,1.13483999716925e-09,"LINC00710","AD_vs_PD","D2 medium spiny neuron"
3.87620003994585e-14,0.69152287724647,0.327,0.212,1.15390598989148e-09,"CXorf38","AD_vs_PD","D2 medium spiny neuron"
3.88062099321788e-14,0.511141571517602,0.468,0.336,1.15522206347103e-09,"SLC30A5","AD_vs_PD","D2 medium spiny neuron"
4.81093211462761e-14,0.972202730985125,0.242,0.14,1.43216638120349e-09,"NCBP2","AD_vs_PD","D2 medium spiny neuron"
5.18296406283483e-14,0.666842296542362,0.251,0.141,1.5429165718653e-09,"GNG3","AD_vs_PD","D2 medium spiny neuron"
5.25449382072821e-14,0.815038450531524,0.215,0.116,1.56421026549258e-09,"C8orf76","AD_vs_PD","D2 medium spiny neuron"
5.57515421502861e-14,0.551225066820404,0.454,0.313,1.65966765827187e-09,"RPL4","AD_vs_PD","D2 medium spiny neuron"
5.60580521273655e-14,0.508972227142982,0.342,0.214,1.66879215377954e-09,"RPS28","AD_vs_PD","D2 medium spiny neuron"
5.76885265517093e-14,0.768386333838649,0.277,0.166,1.71732974691783e-09,"MRPS33","AD_vs_PD","D2 medium spiny neuron"
6.12286461199958e-14,0.510549608022472,0.413,0.281,1.82271556634616e-09,"CYSTM1","AD_vs_PD","D2 medium spiny neuron"
7.29701272103853e-14,0.610732111232589,0.403,0.277,2.17224771692596e-09,"TOX4","AD_vs_PD","D2 medium spiny neuron"
7.31070859634939e-14,0.785864251199949,0.222,0.12,2.17632484204725e-09,"MANEA","AD_vs_PD","D2 medium spiny neuron"
7.38895615831516e-14,0.511096343737135,0.417,0.289,2.19961835876884e-09,"RBBP5","AD_vs_PD","D2 medium spiny neuron"
7.83622764309638e-14,0.827061323209942,0.217,0.119,2.33276660707336e-09,"SNHG19","AD_vs_PD","D2 medium spiny neuron"
8.12945810631858e-14,0.627462132074635,0.311,0.195,2.42005838366998e-09,"A2ML1-AS1","AD_vs_PD","D2 medium spiny neuron"
8.37237716767573e-14,0.715455444678424,0.339,0.224,2.49237295904539e-09,"RNH1","AD_vs_PD","D2 medium spiny neuron"
8.51996277176859e-14,0.746383030733685,0.241,0.136,2.53630771752779e-09,"AMZ2P1","AD_vs_PD","D2 medium spiny neuron"
9.5887975052846e-14,0.697650925403137,0.222,0.12,2.85448912934817e-09,"TSHZ3","AD_vs_PD","D2 medium spiny neuron"
9.98679097198807e-14,0.507737420686888,0.436,0.307,2.97296780445113e-09,"SLIRP","AD_vs_PD","D2 medium spiny neuron"
9.99036235265322e-14,0.75284751308325,0.237,0.132,2.97403096876134e-09,"BANF1","AD_vs_PD","D2 medium spiny neuron"
1.07957355770603e-13,0.732957513901558,0.26,0.154,3.21378252393509e-09,"THYN1","AD_vs_PD","D2 medium spiny neuron"
1.09017989935367e-13,0.659480534077713,0.227,0.124,3.24535654238595e-09,"SDCCAG3","AD_vs_PD","D2 medium spiny neuron"
1.14563849519512e-13,0.528832225505034,0.468,0.329,3.41045123634636e-09,"TGOLN2","AD_vs_PD","D2 medium spiny neuron"
1.1904126325029e-13,0.720448213856467,0.316,0.2,3.54373936569788e-09,"MYL12B","AD_vs_PD","D2 medium spiny neuron"
1.28780439867631e-13,0.731612749091854,0.219,0.119,3.83366491441951e-09,"MOGS","AD_vs_PD","D2 medium spiny neuron"
1.3339404672161e-13,0.68471263891971,0.285,0.178,3.97100737685562e-09,"MYNN","AD_vs_PD","D2 medium spiny neuron"
1.461754977435e-13,0.569117701455723,0.378,0.256,4.35149839232626e-09,"KDM7A","AD_vs_PD","D2 medium spiny neuron"
1.47544301572185e-13,0.725175159844084,0.312,0.196,4.39224631350236e-09,"NCL","AD_vs_PD","D2 medium spiny neuron"
1.50647775117852e-13,0.501120067221026,0.419,0.291,4.48463361748333e-09,"MSANTD2","AD_vs_PD","D2 medium spiny neuron"
1.58165708229795e-13,0.833166998258127,0.228,0.129,4.70843496829278e-09,"ARL16","AD_vs_PD","D2 medium spiny neuron"
1.67515631621232e-13,0.529685079987237,0.36,0.236,4.98677283773246e-09,"RINT1","AD_vs_PD","D2 medium spiny neuron"
1.69701220192128e-13,0.776344682471417,0.254,0.148,5.05183562389945e-09,"TUBB4B","AD_vs_PD","D2 medium spiny neuron"
1.74674468898595e-13,0.541546148900955,0.362,0.237,5.19988426464229e-09,"ZNF790","AD_vs_PD","D2 medium spiny neuron"
2.03202730861456e-13,0.784816672814634,0.232,0.132,6.04914209501467e-09,"SLC9A2","AD_vs_PD","D2 medium spiny neuron"
2.04106903602659e-13,0.5216477001919,0.389,0.261,6.07605841334754e-09,"AC139795.1","AD_vs_PD","D2 medium spiny neuron"
2.07859267383762e-13,0.906937845588534,0.234,0.134,6.18776253074722e-09,"MAGEF1","AD_vs_PD","D2 medium spiny neuron"
2.26463616148839e-13,0.585569474616888,0.352,0.235,6.7415953891348e-09,"POMP","AD_vs_PD","D2 medium spiny neuron"
2.41698639569884e-13,0.827765582922434,0.212,0.116,7.19512680135588e-09,"MAGEH1","AD_vs_PD","D2 medium spiny neuron"
2.45130034657063e-13,0.755611094238588,0.262,0.16,7.29727600170612e-09,"LINC02340","AD_vs_PD","D2 medium spiny neuron"
2.5144540754495e-13,0.807402507838989,0.263,0.162,7.48527833720561e-09,"AC009690.2","AD_vs_PD","D2 medium spiny neuron"
2.5576492986506e-13,0.578018900232098,0.365,0.248,7.61386619715298e-09,"AC140912.1","AD_vs_PD","D2 medium spiny neuron"
2.96941211830035e-13,0.621633501000773,0.308,0.196,8.83964293496831e-09,"PTS","AD_vs_PD","D2 medium spiny neuron"
2.97425609933794e-13,0.550820131233254,0.429,0.299,8.85406298211913e-09,"ELOC","AD_vs_PD","D2 medium spiny neuron"
3.09277205700409e-13,0.644429029242799,0.354,0.232,9.20687313649548e-09,"MOAP1","AD_vs_PD","D2 medium spiny neuron"
3.16382927420944e-13,0.784937613637858,0.209,0.113,9.41840336639407e-09,"LMO2","AD_vs_PD","D2 medium spiny neuron"
3.26176462123744e-13,0.515800753562373,0.441,0.309,9.70994710096173e-09,"SSU72","AD_vs_PD","D2 medium spiny neuron"
3.76483304726025e-13,0.65062695766964,0.248,0.145,1.12075314983891e-08,"PLPP5","AD_vs_PD","D2 medium spiny neuron"
3.83744465544181e-13,0.655608603348749,0.277,0.17,1.14236889947847e-08,"CTSL","AD_vs_PD","D2 medium spiny neuron"
3.95336058887149e-13,0.500960688013766,0.41,0.284,1.17687591370115e-08,"IKZF2","AD_vs_PD","D2 medium spiny neuron"
4.17561303152784e-13,0.835722097776242,0.248,0.148,1.24303824335552e-08,"ASNSD1","AD_vs_PD","D2 medium spiny neuron"
4.23301225138966e-13,0.581909237102565,0.323,0.207,1.26012541711619e-08,"DHFR","AD_vs_PD","D2 medium spiny neuron"
4.33425839247992e-13,-0.712261301517395,0.374,0.453,1.29026538085735e-08,"AC068875.1","AD_vs_PD","D2 medium spiny neuron"
4.49005772055808e-13,0.692406705569859,0.242,0.141,1.33664528283293e-08,"POLR3H","AD_vs_PD","D2 medium spiny neuron"
4.511166048883e-13,0.57768266876683,0.228,0.127,1.34292902109198e-08,"SLC22A10","AD_vs_PD","D2 medium spiny neuron"
4.98234430581964e-13,0.843672117360636,0.204,0.111,1.48319407639945e-08,"AC018462.1","AD_vs_PD","D2 medium spiny neuron"
5.05405980942515e-13,0.704555425552813,0.244,0.141,1.50454306466777e-08,"INTS6-AS1","AD_vs_PD","D2 medium spiny neuron"
5.06105320056269e-13,0.554705967665497,0.414,0.296,1.50662492727551e-08,"FAM45A","AD_vs_PD","D2 medium spiny neuron"
5.32163442579748e-13,0.773463843089392,0.218,0.121,1.58419735221565e-08,"CD151","AD_vs_PD","D2 medium spiny neuron"
5.33083952334606e-13,0.599678415480716,0.351,0.23,1.58693761770489e-08,"GSTO1","AD_vs_PD","D2 medium spiny neuron"
5.534967911751e-13,0.604082753133295,0.295,0.184,1.64770459764915e-08,"NPIPA1","AD_vs_PD","D2 medium spiny neuron"
5.54420344409804e-13,0.632781016018531,0.238,0.137,1.65045392327354e-08,"MIR7-3HG","AD_vs_PD","D2 medium spiny neuron"
5.91430144979135e-13,0.716478887583198,0.216,0.119,1.76062839858839e-08,"TMEM160","AD_vs_PD","D2 medium spiny neuron"
6.96869348041091e-13,0.881579160106518,0.207,0.114,2.07451036218352e-08,"TMEM5","AD_vs_PD","D2 medium spiny neuron"
7.07805303526439e-13,0.517949368583345,0.435,0.306,2.10706560806786e-08,"SMS","AD_vs_PD","D2 medium spiny neuron"
7.64934014785576e-13,0.545046391556376,0.425,0.308,2.27713206861518e-08,"ENY2","AD_vs_PD","D2 medium spiny neuron"
8.19551591239257e-13,0.51278987429903,0.447,0.319,2.43972313196014e-08,"TOMM7","AD_vs_PD","D2 medium spiny neuron"
8.23127551795034e-13,0.97429928647868,0.216,0.124,2.45036840893864e-08,"TBC1D7","AD_vs_PD","D2 medium spiny neuron"
8.92662811378575e-13,0.616876918958961,0.42,0.298,2.65736792319288e-08,"SCG3","AD_vs_PD","D2 medium spiny neuron"
8.98968413565578e-13,0.759817293100399,0.284,0.179,2.67613907034337e-08,"ZNF226","AD_vs_PD","D2 medium spiny neuron"
9.40964675990428e-13,0.510548360808043,0.406,0.281,2.8011577439559e-08,"ARF4","AD_vs_PD","D2 medium spiny neuron"
9.46672354568621e-13,0.517495512941328,0.455,0.332,2.81814893231533e-08,"HES4","AD_vs_PD","D2 medium spiny neuron"
9.96811442114218e-13,0.524497357113902,0.327,0.209,2.96740798202982e-08,"KCTD21-AS1","AD_vs_PD","D2 medium spiny neuron"
1.07426757984364e-12,0.531402848262017,0.318,0.203,3.19798715843654e-08,"CTPS1","AD_vs_PD","D2 medium spiny neuron"
1.07801187877626e-12,0.558986524904578,0.296,0.184,3.20913356192906e-08,"AC025034.1","AD_vs_PD","D2 medium spiny neuron"
1.08825477272224e-12,0.651021175249347,0.307,0.193,3.23962563291685e-08,"DYNLT3","AD_vs_PD","D2 medium spiny neuron"
1.25474387212491e-12,0.571968450231512,0.326,0.212,3.73524703292865e-08,"C5orf51","AD_vs_PD","D2 medium spiny neuron"
1.28227318537894e-12,0.519063831799574,0.349,0.226,3.81719904555457e-08,"ATP5G1","AD_vs_PD","D2 medium spiny neuron"
1.39542543076351e-12,0.712881049223496,0.217,0.122,4.1540419648399e-08,"HIF1A-AS2","AD_vs_PD","D2 medium spiny neuron"
1.52016024735177e-12,0.760641135935605,0.229,0.132,4.52536504034147e-08,"ABCA1","AD_vs_PD","D2 medium spiny neuron"
1.54515767823531e-12,0.69765760660713,0.217,0.122,4.59977989233869e-08,"PAPPA2","AD_vs_PD","D2 medium spiny neuron"
1.63085514235744e-12,0.764933084138955,0.228,0.132,4.85489267328388e-08,"UFC1","AD_vs_PD","D2 medium spiny neuron"
1.66561225394623e-12,0.911603494704932,0.209,0.118,4.95836111877252e-08,"SPAG5-AS1","AD_vs_PD","D2 medium spiny neuron"
1.67918806714209e-12,0.606319709984884,0.306,0.195,4.99877495707529e-08,"NDUFA1","AD_vs_PD","D2 medium spiny neuron"
1.70020025264112e-12,0.784238807319856,0.216,0.123,5.06132613208735e-08,"AQP11","AD_vs_PD","D2 medium spiny neuron"
1.71682511959732e-12,0.545300026734203,0.37,0.249,5.11081669852925e-08,"NDUFA8","AD_vs_PD","D2 medium spiny neuron"
1.86953314069963e-12,0.833144766509573,0.235,0.14,5.56541320654873e-08,"ERP29","AD_vs_PD","D2 medium spiny neuron"
1.95656156725069e-12,0.895883489496614,0.206,0.114,5.82448812954858e-08,"TAF6","AD_vs_PD","D2 medium spiny neuron"
2.07231784276681e-12,0.870215632559361,0.219,0.125,6.16908298613253e-08,"VAT1","AD_vs_PD","D2 medium spiny neuron"
2.20757118935265e-12,0.589874973042091,0.231,0.13,6.5717186735839e-08,"MRPS34","AD_vs_PD","D2 medium spiny neuron"
2.28536921362071e-12,0.533865822219945,0.449,0.322,6.80331561202749e-08,"KLHDC3","AD_vs_PD","D2 medium spiny neuron"
2.36239818296708e-12,0.513317637649386,0.371,0.248,7.03262315087471e-08,"OMG","AD_vs_PD","D2 medium spiny neuron"
2.48882613659911e-12,0.633314412568913,0.243,0.144,7.4089865260419e-08,"ASB1","AD_vs_PD","D2 medium spiny neuron"
2.52569689146364e-12,0.55526365879403,0.347,0.231,7.51874707619812e-08,"SAP18","AD_vs_PD","D2 medium spiny neuron"
2.56511470298608e-12,0.575903286875916,0.354,0.239,7.63608995931925e-08,"RPS23","AD_vs_PD","D2 medium spiny neuron"
2.57446762716151e-12,0.763149295289952,0.231,0.136,7.66393267929709e-08,"NR1I3","AD_vs_PD","D2 medium spiny neuron"
2.65098091940509e-12,0.680122150578142,0.291,0.181,7.89170509897701e-08,"PHAX","AD_vs_PD","D2 medium spiny neuron"
3.22049178286819e-12,0.716346885225421,0.231,0.133,9.58708198842031e-08,"C1orf216","AD_vs_PD","D2 medium spiny neuron"
3.30572198091287e-12,0.650240102910432,0.289,0.183,9.84080376497953e-08,"TRIR","AD_vs_PD","D2 medium spiny neuron"
3.43987508998221e-12,0.69282205964292,0.272,0.169,1.0240164155368e-07,"TMEM9B","AD_vs_PD","D2 medium spiny neuron"
3.58790335420717e-12,0.713504705699674,0.216,0.122,1.06808294951393e-07,"GADD45GIP1","AD_vs_PD","D2 medium spiny neuron"
3.78237957366139e-12,0.517410092938021,0.404,0.283,1.12597657528326e-07,"CLTB","AD_vs_PD","D2 medium spiny neuron"
4.11394285297226e-12,0.611707733846094,0.253,0.153,1.22467964790131e-07,"OPRK1","AD_vs_PD","D2 medium spiny neuron"
4.25689287839855e-12,0.746879288879637,0.297,0.195,1.26723444097046e-07,"SPDYE3","AD_vs_PD","D2 medium spiny neuron"
4.32224849302259e-12,0.688895624247238,0.258,0.156,1.28669015388789e-07,"TCEAL3","AD_vs_PD","D2 medium spiny neuron"
4.51560119589441e-12,0.771778665879439,0.207,0.118,1.34424932000581e-07,"DLGAP4-AS1","AD_vs_PD","D2 medium spiny neuron"
4.72617202655756e-12,-0.542325405899714,0.37,0.459,1.40693415058592e-07,"CCDC59","AD_vs_PD","D2 medium spiny neuron"
4.84295423423391e-12,0.824695447862593,0.218,0.125,1.44169904598909e-07,"SF3B6","AD_vs_PD","D2 medium spiny neuron"
4.92701013019945e-12,0.62754175787577,0.263,0.16,1.46672164565907e-07,"LINC01616","AD_vs_PD","D2 medium spiny neuron"
4.95203906414742e-12,0.699123018487092,0.263,0.16,1.47417250900605e-07,"AP002954.1","AD_vs_PD","D2 medium spiny neuron"
4.98466181334152e-12,0.767731682614987,0.235,0.141,1.48388397521364e-07,"LANCL1-AS1","AD_vs_PD","D2 medium spiny neuron"
5.3620580177282e-12,0.69430367082886,0.234,0.137,1.59623105129751e-07,"LSM4","AD_vs_PD","D2 medium spiny neuron"
5.37011581802614e-12,0.657986854800205,0.299,0.192,1.5986297778682e-07,"LRRTM1","AD_vs_PD","D2 medium spiny neuron"
5.42101845853287e-12,0.718551950207177,0.218,0.125,1.61378298492065e-07,"FAT2","AD_vs_PD","D2 medium spiny neuron"
5.58501774683424e-12,0.676062394714925,0.242,0.145,1.66260393305508e-07,"POP1","AD_vs_PD","D2 medium spiny neuron"
5.61579636525084e-12,0.573773791381856,0.308,0.198,1.67176641997152e-07,"CDK5R2","AD_vs_PD","D2 medium spiny neuron"
5.62233207138734e-12,-0.745180722674378,0.297,0.374,1.6737120343313e-07,"HSPA1A","AD_vs_PD","D2 medium spiny neuron"
5.98808519418673e-12,0.593876646496275,0.292,0.186,1.78259308145745e-07,"FBF1","AD_vs_PD","D2 medium spiny neuron"
6.14331733889701e-12,0.680471864173168,0.235,0.142,1.82880413861625e-07,"TH2LCRR","AD_vs_PD","D2 medium spiny neuron"
6.16078149144619e-12,-0.541402853804875,0.46,0.528,1.83400304218862e-07,"POR","AD_vs_PD","D2 medium spiny neuron"
6.79299460538993e-12,0.544001540691828,0.386,0.273,2.02220656407853e-07,"MCFD2","AD_vs_PD","D2 medium spiny neuron"
6.8832356867566e-12,0.713252963327138,0.241,0.147,2.04907043159057e-07,"SLC6A11","AD_vs_PD","D2 medium spiny neuron"
7.90130333151044e-12,0.629418720571068,0.332,0.223,2.35213898875734e-07,"GNPDA1","AD_vs_PD","D2 medium spiny neuron"
8.62983719792189e-12,0.501009137740766,0.332,0.217,2.56901623544937e-07,"ATXN7L3B","AD_vs_PD","D2 medium spiny neuron"
8.82162714080817e-12,0.599379507964207,0.361,0.253,2.62611018354718e-07,"C15orf61","AD_vs_PD","D2 medium spiny neuron"
9.15199601824334e-12,0.582841627171549,0.288,0.182,2.72445769467086e-07,"AC017083.2","AD_vs_PD","D2 medium spiny neuron"
9.71724904883483e-12,0.821120396036526,0.215,0.125,2.89272786934764e-07,"CISD2","AD_vs_PD","D2 medium spiny neuron"
1.0848721155318e-11,0.546447378787721,0.284,0.179,3.22955580072662e-07,"FAM96B","AD_vs_PD","D2 medium spiny neuron"
1.08852557387198e-11,0.560907805945554,0.276,0.173,3.24043178085949e-07,"PUDP","AD_vs_PD","D2 medium spiny neuron"
1.15085131291871e-11,0.603607447187214,0.311,0.207,3.4259692734277e-07,"AKIP1","AD_vs_PD","D2 medium spiny neuron"
1.18749771933605e-11,0.577378645526463,0.312,0.205,3.53506196069148e-07,"HAT1","AD_vs_PD","D2 medium spiny neuron"
1.25564190272165e-11,-0.594756779010876,0.317,0.405,3.73792038021207e-07,"SRCIN1","AD_vs_PD","D2 medium spiny neuron"
1.25764721782538e-11,0.525824415015067,0.312,0.203,3.74389000274438e-07,"LINC01535","AD_vs_PD","D2 medium spiny neuron"
1.30360023024459e-11,0.510044833780792,0.309,0.197,3.88068752541512e-07,"UBE2M","AD_vs_PD","D2 medium spiny neuron"
1.30976515277461e-11,0.567188750740129,0.223,0.128,3.89903988329475e-07,"SLC35B1","AD_vs_PD","D2 medium spiny neuron"
1.3646804468656e-11,0.594885942464552,0.286,0.184,4.06251722227421e-07,"FAM120AOS","AD_vs_PD","D2 medium spiny neuron"
1.36617518060399e-11,0.742822311562712,0.234,0.144,4.06696689514001e-07,"SPDYE21P","AD_vs_PD","D2 medium spiny neuron"
1.40419584835709e-11,0.778464900723002,0.208,0.121,4.18015062097423e-07,"AL360181.5","AD_vs_PD","D2 medium spiny neuron"
1.41974083612728e-11,-0.638995428901309,0.373,0.451,4.2264264950673e-07,"PKNOX2","AD_vs_PD","D2 medium spiny neuron"
1.54004168310004e-11,0.698098195040261,0.225,0.134,4.58455008642051e-07,"RELL2","AD_vs_PD","D2 medium spiny neuron"
1.54916285797426e-11,0.52292138381067,0.292,0.189,4.61170291190356e-07,"HACD4","AD_vs_PD","D2 medium spiny neuron"
1.55447591654229e-11,0.804628252234341,0.226,0.137,4.62751935595475e-07,"SPDYE2","AD_vs_PD","D2 medium spiny neuron"
1.563806600058e-11,0.531892989631846,0.347,0.241,4.65529586771266e-07,"NCOA4","AD_vs_PD","D2 medium spiny neuron"
1.67344226548261e-11,-0.869098471646531,0.14,0.226,4.98167028011517e-07,"C20orf203","AD_vs_PD","D2 medium spiny neuron"
1.72511901779564e-11,-0.704612019400663,0.299,0.385,5.13550680407585e-07,"POU2F2","AD_vs_PD","D2 medium spiny neuron"
1.76193041388406e-11,0.507901010247718,0.426,0.31,5.24509064909147e-07,"FLOT1","AD_vs_PD","D2 medium spiny neuron"
2.01688026492856e-11,0.557278637443715,0.346,0.239,6.00405086066583e-07,"ABHD10","AD_vs_PD","D2 medium spiny neuron"
2.21267568851821e-11,0.803455950957806,0.203,0.118,6.58691425714987e-07,"AP001462.1","AD_vs_PD","D2 medium spiny neuron"
2.3974081574846e-11,0.591841395360724,0.312,0.207,7.13684434401591e-07,"EDF1","AD_vs_PD","D2 medium spiny neuron"
2.53093914434223e-11,-0.820684866287427,0.124,0.21,7.53435273879239e-07,"ZNF208","AD_vs_PD","D2 medium spiny neuron"
2.95621060127978e-11,0.908232159299064,0.203,0.118,8.80034333894976e-07,"DNAJB9","AD_vs_PD","D2 medium spiny neuron"
3.07464135445648e-11,0.589205747231161,0.287,0.185,9.15289984808149e-07,"GSTM3","AD_vs_PD","D2 medium spiny neuron"
3.09264930739284e-11,0.717729630904511,0.208,0.123,9.20650772317775e-07,"SNHG25","AD_vs_PD","D2 medium spiny neuron"
3.26019511929218e-11,0.547350311009851,0.357,0.247,9.70527485062088e-07,"RALBP1","AD_vs_PD","D2 medium spiny neuron"
3.39550207846813e-11,0.600036502696361,0.274,0.174,1.01080701373918e-06,"CDH10","AD_vs_PD","D2 medium spiny neuron"
4.33652420933388e-11,0.535775691731316,0.354,0.25,1.2909398918766e-06,"LINC00667","AD_vs_PD","D2 medium spiny neuron"
4.38196206635043e-11,-0.558439637486502,0.366,0.446,1.30446628753186e-06,"ZDHHC11","AD_vs_PD","D2 medium spiny neuron"
4.62345052975518e-11,0.646038565852858,0.24,0.148,1.37635498820282e-06,"ZNF552","AD_vs_PD","D2 medium spiny neuron"
4.63204515013014e-11,0.571383453406949,0.257,0.161,1.37891352074224e-06,"ARHGEF37","AD_vs_PD","D2 medium spiny neuron"
4.84819274689868e-11,0.619230220004305,0.256,0.163,1.44325849882427e-06,"BRIX1","AD_vs_PD","D2 medium spiny neuron"
5.17788034820591e-11,0.71448303968845,0.214,0.126,1.54140320085742e-06,"TSR2","AD_vs_PD","D2 medium spiny neuron"
5.86498580863304e-11,0.5286225280419,0.326,0.217,1.74594762537197e-06,"PCYOX1","AD_vs_PD","D2 medium spiny neuron"
5.99405037600547e-11,0.52066110632623,0.426,0.316,1.78436885643307e-06,"NOMO1","AD_vs_PD","D2 medium spiny neuron"
6.20384363855284e-11,0.672551582750614,0.258,0.161,1.8468222127608e-06,"MRPL35","AD_vs_PD","D2 medium spiny neuron"
6.86196837230284e-11,0.614385426108685,0.261,0.165,2.04273936475083e-06,"SRA1","AD_vs_PD","D2 medium spiny neuron"
7.25961328300681e-11,0.504576654104086,0.299,0.196,2.1611142782183e-06,"AC109830.1","AD_vs_PD","D2 medium spiny neuron"
7.44523357268833e-11,0.573239419466752,0.263,0.166,2.21637158225359e-06,"C19orf25","AD_vs_PD","D2 medium spiny neuron"
7.86457429428722e-11,0.617585120408326,0.25,0.154,2.34120512166636e-06,"TXNDC9","AD_vs_PD","D2 medium spiny neuron"
7.92117183880043e-11,0.761602315843406,0.211,0.127,2.3580536446925e-06,"BACH2","AD_vs_PD","D2 medium spiny neuron"
8.16168415353674e-11,0.599344071174562,0.32,0.221,2.42965175566635e-06,"AKTIP","AD_vs_PD","D2 medium spiny neuron"
8.3000449376317e-11,0.577401783511742,0.298,0.198,2.47084037748358e-06,"LSM8","AD_vs_PD","D2 medium spiny neuron"
8.44079522717951e-11,0.543756009841593,0.322,0.219,2.51274033117907e-06,"RPF1","AD_vs_PD","D2 medium spiny neuron"
8.81726246222432e-11,0.64581778840104,0.235,0.144,2.62481086237956e-06,"AC084033.3","AD_vs_PD","D2 medium spiny neuron"
8.9253532975476e-11,0.671214831410511,0.211,0.125,2.65698842314695e-06,"LINC00574","AD_vs_PD","D2 medium spiny neuron"
8.95939428436131e-11,-0.57007233656053,0.302,0.389,2.66712208451152e-06,"PPP1CA","AD_vs_PD","D2 medium spiny neuron"
9.49352733900697e-11,0.510621181175285,0.297,0.195,2.82612815354898e-06,"OLMALINC","AD_vs_PD","D2 medium spiny neuron"
9.56270113332122e-11,0.689598478995708,0.204,0.118,2.84672050037839e-06,"MORC4","AD_vs_PD","D2 medium spiny neuron"
9.90747902855188e-11,0.712032340084568,0.213,0.126,2.94935743200961e-06,"TMED9","AD_vs_PD","D2 medium spiny neuron"
1.03880184253686e-10,0.50653321441833,0.327,0.224,3.09240920504798e-06,"ATIC","AD_vs_PD","D2 medium spiny neuron"
1.08641785036862e-10,0.651101478816688,0.287,0.193,3.23415729876236e-06,"TMEM243","AD_vs_PD","D2 medium spiny neuron"
1.08692024104466e-10,0.645173898812252,0.22,0.132,3.23565286556586e-06,"PKP2","AD_vs_PD","D2 medium spiny neuron"
1.10925694689199e-10,0.574002812988023,0.317,0.217,3.30214700520277e-06,"AC008771.1","AD_vs_PD","D2 medium spiny neuron"
1.21492656518716e-10,0.510708293394542,0.346,0.24,3.61671489190565e-06,"ABCA10","AD_vs_PD","D2 medium spiny neuron"
1.26962048203843e-10,0.600164869307937,0.211,0.125,3.77953321298021e-06,"ACE","AD_vs_PD","D2 medium spiny neuron"
1.27312662841434e-10,0.633887576169174,0.26,0.168,3.78997066012665e-06,"ICMT","AD_vs_PD","D2 medium spiny neuron"
1.31617629887392e-10,0.640200414918797,0.235,0.147,3.91812522411778e-06,"GNG5","AD_vs_PD","D2 medium spiny neuron"
1.32254682948332e-10,0.570035256060893,0.317,0.213,3.93708965668889e-06,"PRDX1","AD_vs_PD","D2 medium spiny neuron"
1.33040892891822e-10,0.621784364456967,0.26,0.167,3.96049434049663e-06,"ZNF436-AS1","AD_vs_PD","D2 medium spiny neuron"
1.3621530778892e-10,0.602143225770202,0.287,0.188,4.05499349756835e-06,"CDIPT","AD_vs_PD","D2 medium spiny neuron"
1.38518154374528e-10,0.554205054924203,0.241,0.151,4.12354693757532e-06,"ENKUR","AD_vs_PD","D2 medium spiny neuron"
1.44947521641432e-10,0.574895349971648,0.279,0.182,4.31494277174379e-06,"ACAA1","AD_vs_PD","D2 medium spiny neuron"
1.53544889635014e-10,0.538707629108234,0.313,0.216,4.57087781954473e-06,"NPIPB4","AD_vs_PD","D2 medium spiny neuron"
1.63966708343702e-10,-0.633590725220549,0.281,0.369,4.88112494068366e-06,"AC022387.1","AD_vs_PD","D2 medium spiny neuron"
1.64104027912993e-10,0.706326278944375,0.229,0.142,4.8852128069419e-06,"TP53TG5","AD_vs_PD","D2 medium spiny neuron"
1.66186953080792e-10,0.5032382100216,0.218,0.128,4.9472194062621e-06,"OST4","AD_vs_PD","D2 medium spiny neuron"
1.76547965735611e-10,0.74519099411327,0.218,0.133,5.25565639198341e-06,"EIF3D","AD_vs_PD","D2 medium spiny neuron"
2.02171770635063e-10,0.753183074693778,0.244,0.154,6.01845144003518e-06,"SNRPC","AD_vs_PD","D2 medium spiny neuron"
2.08436834018205e-10,0.515357976380802,0.398,0.294,6.20495611188796e-06,"CCDC112","AD_vs_PD","D2 medium spiny neuron"
2.10747012539963e-10,0.542556935185579,0.221,0.133,6.27372781630217e-06,"NARFL","AD_vs_PD","D2 medium spiny neuron"
2.17410199822169e-10,0.579715685908948,0.295,0.196,6.47208423850616e-06,"MRPL4","AD_vs_PD","D2 medium spiny neuron"
2.24734694020535e-10,0.528666132056947,0.356,0.254,6.6901271062973e-06,"RPS24","AD_vs_PD","D2 medium spiny neuron"
2.43275437492384e-10,0.624453499269396,0.3,0.202,7.24206649871079e-06,"FKBP1B","AD_vs_PD","D2 medium spiny neuron"
2.62966026893557e-10,0.589019329899653,0.254,0.16,7.82823565459429e-06,"RBP4","AD_vs_PD","D2 medium spiny neuron"
2.6571710555229e-10,0.531248646607677,0.279,0.184,7.91013251518611e-06,"RNASEH2C","AD_vs_PD","D2 medium spiny neuron"
2.81196466352143e-10,-0.704297025195572,0.195,0.281,8.37093760683695e-06,"ARHGEF28","AD_vs_PD","D2 medium spiny neuron"
2.83064191394829e-10,0.602595718920391,0.257,0.167,8.42653791363266e-06,"SRP14-AS1","AD_vs_PD","D2 medium spiny neuron"
2.85068260681551e-10,-0.538554904938389,0.459,0.493,8.48619705222908e-06,"GOLGA8B","AD_vs_PD","D2 medium spiny neuron"
3.07647910840300e-10,0.75469176013485,0.242,0.156,9.15837065780488e-06,"NOB1","AD_vs_PD","D2 medium spiny neuron"
3.1141509038084e-10,0.660796793479161,0.208,0.125,9.27051582554723e-06,"ZNF124","AD_vs_PD","D2 medium spiny neuron"
3.14572442678181e-10,0.743136614939381,0.221,0.137,9.36450704608676e-06,"GRHPR","AD_vs_PD","D2 medium spiny neuron"
3.23192336433084e-10,0.629348840558289,0.228,0.14,9.62111266327647e-06,"GAS2L1","AD_vs_PD","D2 medium spiny neuron"
3.38632014742038e-10,0.797855388806902,0.2,0.12,1.00807364468557e-05,"AL662799.1","AD_vs_PD","D2 medium spiny neuron"
3.51095760572917e-10,0.712340274633716,0.219,0.132,1.04517696964952e-05,"EIF5A","AD_vs_PD","D2 medium spiny neuron"
3.59195087510794e-10,0.50215420251684,0.339,0.236,1.06928785601088e-05,"OAZ2","AD_vs_PD","D2 medium spiny neuron"
3.74047920044583e-10,-0.560988358914889,0.392,0.458,1.11350325318072e-05,"AC104162.1","AD_vs_PD","D2 medium spiny neuron"
3.9813063930035e-10,0.614028299509442,0.256,0.167,1.18519510013321e-05,"LPXN","AD_vs_PD","D2 medium spiny neuron"
4.01854276960059e-10,0.620970108967001,0.212,0.128,1.1962799970824e-05,"AC020915.4","AD_vs_PD","D2 medium spiny neuron"
4.09882758271916e-10,0.801878757055178,0.218,0.134,1.22017998309967e-05,"TCEAL7","AD_vs_PD","D2 medium spiny neuron"
4.11132101340315e-10,0.568106861997209,0.322,0.222,1.22389915247998e-05,"EIF2S2","AD_vs_PD","D2 medium spiny neuron"
4.17774961793521e-10,0.566008805075467,0.25,0.158,1.24367428376313e-05,"GPR27","AD_vs_PD","D2 medium spiny neuron"
4.60244701969155e-10,0.603295126110364,0.272,0.179,1.37010245329198e-05,"RPL35P5","AD_vs_PD","D2 medium spiny neuron"
4.96907998731346e-10,0.618410063602709,0.2,0.119,1.47924542142334e-05,"MRPS15","AD_vs_PD","D2 medium spiny neuron"
5.57675664533417e-10,0.528124889784035,0.245,0.155,1.66014468574953e-05,"LINC00909","AD_vs_PD","D2 medium spiny neuron"
5.79966678575559e-10,0.561934098118162,0.293,0.196,1.72650280545158e-05,"RAB4A","AD_vs_PD","D2 medium spiny neuron"
5.98104534198248e-10,0.715266723317456,0.209,0.127,1.78049738785477e-05,"PMVK","AD_vs_PD","D2 medium spiny neuron"
6.49190670557251e-10,0.524555879759995,0.305,0.205,1.93257570718188e-05,"SNHG7","AD_vs_PD","D2 medium spiny neuron"
7.00510025429489e-10,0.509798260602659,0.313,0.214,2.08534829470104e-05,"CAMK2G","AD_vs_PD","D2 medium spiny neuron"
7.79073484713925e-10,0.700385279225474,0.232,0.145,2.31922385664488e-05,"PYURF","AD_vs_PD","D2 medium spiny neuron"
8.26343421341384e-10,0.515897836897278,0.284,0.189,2.45994173099117e-05,"CHST10","AD_vs_PD","D2 medium spiny neuron"
8.50405751844716e-10,0.500570756264874,0.272,0.181,2.53157288266653e-05,"C12orf73","AD_vs_PD","D2 medium spiny neuron"
8.99645666511333e-10,-0.993027298036383,0.225,0.29,2.67815518463759e-05,"HSPB1","AD_vs_PD","D2 medium spiny neuron"
9.24746400682063e-10,0.594745479506458,0.212,0.128,2.75287756019043e-05,"ZDHHC16","AD_vs_PD","D2 medium spiny neuron"
9.36257707820976e-10,0.657522889316305,0.227,0.144,2.78714557041226e-05,"SNRPD1","AD_vs_PD","D2 medium spiny neuron"
9.44289300923715e-10,0.643363057314138,0.209,0.127,2.81105481991981e-05,"NDUFB11","AD_vs_PD","D2 medium spiny neuron"
9.57742606128204e-10,-0.587381765943987,0.264,0.353,2.85110396418305e-05,"HMGCS1","AD_vs_PD","D2 medium spiny neuron"
9.57944129447497e-10,0.559422946087491,0.25,0.16,2.85170387895225e-05,"AC010615.2","AD_vs_PD","D2 medium spiny neuron"
9.77682293291158e-10,0.536372727414714,0.274,0.183,2.91046241889845e-05,"TMEM126B","AD_vs_PD","D2 medium spiny neuron"
9.80694775392139e-10,0.505882123061454,0.261,0.169,2.91943027686486e-05,"LIN7B","AD_vs_PD","D2 medium spiny neuron"
9.965964666717e-10,0.670578172166485,0.226,0.143,2.96676802163499e-05,"NDUFB3","AD_vs_PD","D2 medium spiny neuron"
1.04499663055225e-09,0.56420134567757,0.243,0.156,3.110850469491e-05,"AL365361.1","AD_vs_PD","D2 medium spiny neuron"
1.04640241247679e-09,0.502148018845633,0.3,0.2,3.11503534170216e-05,"TMEM246","AD_vs_PD","D2 medium spiny neuron"
1.06581774089512e-09,0.506497589230392,0.287,0.191,3.17283283287067e-05,"FAM210B","AD_vs_PD","D2 medium spiny neuron"
1.1139645357629e-09,0.58135086400697,0.284,0.193,3.31616102651258e-05,"DMAC1","AD_vs_PD","D2 medium spiny neuron"
1.20879686178985e-09,0.774354577795926,0.223,0.14,3.59846737786221e-05,"MRPL50","AD_vs_PD","D2 medium spiny neuron"
1.21994113627732e-09,-0.860945432291659,0.143,0.218,3.63164276858395e-05,"PI4KAP1","AD_vs_PD","D2 medium spiny neuron"
1.2272735757067e-09,0.699674231900624,0.233,0.147,3.65347070752126e-05,"CUEDC2","AD_vs_PD","D2 medium spiny neuron"
1.36293761176499e-09,0.572252771413353,0.238,0.152,4.05732897646321e-05,"NDUFB9","AD_vs_PD","D2 medium spiny neuron"
1.65955983341112e-09,0.566441059920125,0.298,0.205,4.94034366808156e-05,"RAP2B","AD_vs_PD","D2 medium spiny neuron"
1.6685189667571e-09,0.571453009677014,0.204,0.124,4.9670141121392e-05,"SPRED2","AD_vs_PD","D2 medium spiny neuron"
1.70110301168689e-09,0.592980684512296,0.229,0.144,5.0640135554907e-05,"RSL24D1","AD_vs_PD","D2 medium spiny neuron"
1.85238152759813e-09,0.598786831034989,0.228,0.146,5.51435456950688e-05,"DPH1","AD_vs_PD","D2 medium spiny neuron"
1.86332375910701e-09,-0.712830567140235,0.19,0.271,5.54692849848565e-05,"DIO2","AD_vs_PD","D2 medium spiny neuron"
1.90454666488611e-09,0.632425349766768,0.206,0.127,5.66964496669946e-05,"LINC00863","AD_vs_PD","D2 medium spiny neuron"
1.93864222725166e-09,0.538194634814201,0.37,0.268,5.77114404630546e-05,"DNER","AD_vs_PD","D2 medium spiny neuron"
1.96773765194807e-09,-0.824571094126682,0.161,0.24,5.8577582160842e-05,"ZNF100","AD_vs_PD","D2 medium spiny neuron"
1.98297506506489e-09,0.635363980893048,0.209,0.129,5.90311847119166e-05,"CMTR2","AD_vs_PD","D2 medium spiny neuron"
2.04609687292498e-09,0.549258638161302,0.216,0.134,6.09102578101037e-05,"FLJ37453","AD_vs_PD","D2 medium spiny neuron"
2.099163425169e-09,0.633315461617923,0.205,0.124,6.2489996003856e-05,"PHB","AD_vs_PD","D2 medium spiny neuron"
2.13301103355782e-09,0.669938289697583,0.255,0.17,6.34976054579828e-05,"C19orf60","AD_vs_PD","D2 medium spiny neuron"
2.16046216451626e-09,0.510840352688227,0.341,0.243,6.43147981754846e-05,"DDX51","AD_vs_PD","D2 medium spiny neuron"
2.17813916852765e-09,0.516087792063916,0.24,0.15,6.48410249078995e-05,"TMEM151A","AD_vs_PD","D2 medium spiny neuron"
2.31165256651867e-09,0.722388686141294,0.253,0.169,6.88155852526942e-05,"FAM133A","AD_vs_PD","D2 medium spiny neuron"
2.64167170744635e-09,0.64800968763298,0.234,0.149,7.86399250589704e-05,"DEXI","AD_vs_PD","D2 medium spiny neuron"
2.6793538007722e-09,0.700407920771174,0.2,0.123,7.97616832951878e-05,"SNAPC5","AD_vs_PD","D2 medium spiny neuron"
2.87264102190319e-09,0.504555302258577,0.22,0.135,8.5515650581036e-05,"ARHGDIG","AD_vs_PD","D2 medium spiny neuron"
3.04374811068618e-09,0.527150188074009,0.331,0.233,9.0609337507017e-05,"PLRG1","AD_vs_PD","D2 medium spiny neuron"
3.20739311164655e-09,0.578967156706898,0.225,0.143,9.54808855406062e-05,"AC097534.2","AD_vs_PD","D2 medium spiny neuron"
3.24691483420177e-09,0.552971309737517,0.285,0.194,9.66574076993524e-05,"VPS28","AD_vs_PD","D2 medium spiny neuron"
3.36869157089207e-09,0.669712402415039,0.229,0.147,0.000100282579373886,"MRPL43","AD_vs_PD","D2 medium spiny neuron"
3.4267570249182e-09,0.548527018773588,0.37,0.271,0.00010201112987479,"TCP1","AD_vs_PD","D2 medium spiny neuron"
3.53946512167945e-09,0.712197082287241,0.209,0.132,0.000105366337207276,"SPAG6","AD_vs_PD","D2 medium spiny neuron"
4.04837775448236e-09,0.551764686100593,0.308,0.214,0.000120516157373185,"MRPS11","AD_vs_PD","D2 medium spiny neuron"
4.05745749236744e-09,0.658545099389747,0.219,0.142,0.000120786452090286,"NBPF8","AD_vs_PD","D2 medium spiny neuron"
4.29700595811772e-09,0.667941279115157,0.202,0.127,0.000127917570367206,"DDX58","AD_vs_PD","D2 medium spiny neuron"
4.29984606791399e-09,0.523132116859613,0.26,0.169,0.000128002117595731,"SPARCL1","AD_vs_PD","D2 medium spiny neuron"
4.46905101471637e-09,-0.508450409451885,0.36,0.428,0.000133039179657092,"SLC8A2","AD_vs_PD","D2 medium spiny neuron"
4.54928945490883e-09,0.512157425716715,0.262,0.172,0.000135427797783181,"DHPS","AD_vs_PD","D2 medium spiny neuron"
5.07160073771879e-09,0.651309104381236,0.215,0.136,0.000150976482361151,"EMC4","AD_vs_PD","D2 medium spiny neuron"
5.13145664461869e-09,0.531296402240511,0.245,0.157,0.000152758332853654,"TUFM","AD_vs_PD","D2 medium spiny neuron"
5.17436789813875e-09,0.659381227086376,0.201,0.124,0.000154035757959693,"FAM189B","AD_vs_PD","D2 medium spiny neuron"
5.87749991109095e-09,0.663192875719306,0.238,0.156,0.000174967294853267,"ZNHIT3","AD_vs_PD","D2 medium spiny neuron"
5.89528021596207e-09,0.653058997515121,0.215,0.132,0.000175496596748975,"AURKAIP1","AD_vs_PD","D2 medium spiny neuron"
6.14548172900265e-09,0.569242776409321,0.286,0.196,0.00018294484559068,"SYNGR3","AD_vs_PD","D2 medium spiny neuron"
6.20399833072945e-09,0.640370449495108,0.23,0.151,0.000184686826307485,"KCNK12","AD_vs_PD","D2 medium spiny neuron"
6.21188235865358e-09,-0.540780802508029,0.353,0.428,0.000184921525934759,"AL049544.1","AD_vs_PD","D2 medium spiny neuron"
6.38975493836877e-09,0.602328652212998,0.225,0.144,0.0001902166147603,"ADI1","AD_vs_PD","D2 medium spiny neuron"
6.46467030278235e-09,0.582260074225627,0.215,0.137,0.000192446770243528,"EXOC3","AD_vs_PD","D2 medium spiny neuron"
6.78511866601496e-09,0.560027511789263,0.216,0.139,0.000201986197568599,"AC124016.1","AD_vs_PD","D2 medium spiny neuron"
6.84536193884578e-09,0.626953355158346,0.215,0.139,0.0002037795795575,"TMEM41A","AD_vs_PD","D2 medium spiny neuron"
7.29730488523382e-09,-0.790602499635487,0.153,0.229,0.000217233469128526,"ZNF732","AD_vs_PD","D2 medium spiny neuron"
7.46177819391804e-09,0.574987310112677,0.212,0.132,0.000222129675054746,"PCBD1","AD_vs_PD","D2 medium spiny neuron"
7.54982776725914e-09,-0.524291447652766,0.391,0.456,0.000224750822803537,"NRXN2","AD_vs_PD","D2 medium spiny neuron"
7.64959802273853e-09,0.521886798409042,0.335,0.239,0.000227720883538903,"TUBB","AD_vs_PD","D2 medium spiny neuron"
8.01362426761806e-09,0.548666211176939,0.24,0.159,0.000238557580822722,"METAP1","AD_vs_PD","D2 medium spiny neuron"
8.2518549299413e-09,0.671221663335053,0.213,0.135,0.000245649469409423,"SYNJ2","AD_vs_PD","D2 medium spiny neuron"
8.30486883610002e-09,0.740623823631521,0.202,0.127,0.000247227640381861,"MARCH2","AD_vs_PD","D2 medium spiny neuron"
8.35439598122251e-09,0.704452089767773,0.236,0.158,0.000248702013965013,"C10orf107","AD_vs_PD","D2 medium spiny neuron"
8.3751647447155e-09,0.527826408966323,0.276,0.188,0.000249320279285436,"FAM229B","AD_vs_PD","D2 medium spiny neuron"
8.88222503492492e-09,0.590411694084513,0.206,0.13,0.00026441495706468,"PSMD6-AS2","AD_vs_PD","D2 medium spiny neuron"
8.9988018486474e-09,0.688360386824475,0.208,0.132,0.000267885332232385,"PPIL1","AD_vs_PD","D2 medium spiny neuron"
9.11244855220752e-09,0.567923211307269,0.234,0.153,0.000271268480950666,"TXN","AD_vs_PD","D2 medium spiny neuron"
9.65425072996428e-09,0.594705229958494,0.261,0.177,0.000287397389980307,"AL009174.1","AD_vs_PD","D2 medium spiny neuron"
9.87353934317198e-09,0.587612531415528,0.237,0.154,0.000293925392706887,"MLLT11","AD_vs_PD","D2 medium spiny neuron"
1.06901079676013e-08,0.583078052256973,0.223,0.144,0.000318233824087522,"ZNF7","AD_vs_PD","D2 medium spiny neuron"
1.08434803770907e-08,0.733589800129058,0.202,0.127,0.000322799567345612,"PDCD2","AD_vs_PD","D2 medium spiny neuron"
1.09117515008383e-08,0.531072234779167,0.232,0.151,0.000324831930428456,"ZNF32","AD_vs_PD","D2 medium spiny neuron"
1.1437242537678e-08,0.602061446571686,0.237,0.157,0.000340475273104135,"CWC15","AD_vs_PD","D2 medium spiny neuron"
1.18257301500853e-08,0.624218333162442,0.253,0.17,0.000352040160837891,"FBXL15","AD_vs_PD","D2 medium spiny neuron"
1.26951567900373e-08,0.519572489345738,0.245,0.163,0.000377922122482622,"ATOX1","AD_vs_PD","D2 medium spiny neuron"
1.36775625931805e-08,0.597907992160259,0.238,0.156,0.00040716736083639,"CCDC106","AD_vs_PD","D2 medium spiny neuron"
1.43630520197694e-08,0.524461026676317,0.28,0.191,0.000427573695576516,"HSBP1","AD_vs_PD","D2 medium spiny neuron"
1.46787560044062e-08,0.552180478894611,0.217,0.139,0.000436971887495168,"CDV3","AD_vs_PD","D2 medium spiny neuron"
1.58497490418517e-08,-0.685605454687157,0.186,0.262,0.000471831179226882,"DDO","AD_vs_PD","D2 medium spiny neuron"
1.69470454295783e-08,0.610208695264851,0.269,0.184,0.000504496595393117,"APMAP","AD_vs_PD","D2 medium spiny neuron"
1.70175168179052e-08,0.684384370792131,0.205,0.132,0.000506594458152221,"AC018682.1","AD_vs_PD","D2 medium spiny neuron"
1.85829209579534e-08,0.598506809711617,0.204,0.13,0.000553194973997314,"SPATC1L","AD_vs_PD","D2 medium spiny neuron"
1.90910345729803e-08,0.686486067255696,0.201,0.127,0.000568321008203051,"AAMP","AD_vs_PD","D2 medium spiny neuron"
1.96094016013955e-08,0.548743264851653,0.281,0.197,0.000583752276271942,"ERH","AD_vs_PD","D2 medium spiny neuron"
1.99273035261239e-08,0.552405334671242,0.321,0.231,0.000593215898669182,"LYSMD2","AD_vs_PD","D2 medium spiny neuron"
2.02498723456969e-08,0.526026630642092,0.203,0.128,0.000602818449859051,"ATP6V0E2-AS1","AD_vs_PD","D2 medium spiny neuron"
2.13253923556856e-08,0.563944057328882,0.216,0.139,0.000634835605036404,"LRRC42","AD_vs_PD","D2 medium spiny neuron"
2.21531798855247e-08,0.503283759059814,0.202,0.127,0.000659478012012185,"RHBDL1","AD_vs_PD","D2 medium spiny neuron"
2.72196974582427e-08,0.523863252351232,0.202,0.127,0.000810303173634428,"FHL2","AD_vs_PD","D2 medium spiny neuron"
2.79679267758414e-08,0.613651047395579,0.208,0.135,0.000832577212190024,"ZNF778","AD_vs_PD","D2 medium spiny neuron"
3.02522456347316e-08,0.609706011482101,0.236,0.158,0.000900579100300324,"BLOC1S2","AD_vs_PD","D2 medium spiny neuron"
3.11232813009849e-08,0.534638769618659,0.276,0.194,0.00092650896104902,"MAGOH","AD_vs_PD","D2 medium spiny neuron"
3.8202016300908e-08,0.53103578687898,0.246,0.168,0.00113723582326173,"TALDO1","AD_vs_PD","D2 medium spiny neuron"
3.85215218744323e-08,0.639827044248665,0.209,0.136,0.00114674718467998,"TXN2","AD_vs_PD","D2 medium spiny neuron"
3.86638061278338e-08,-0.608608094223122,0.3,0.362,0.00115098284461949,"LINC01277","AD_vs_PD","D2 medium spiny neuron"
3.95006644504171e-08,0.621998559370219,0.226,0.15,0.00117589528002447,"SYF2","AD_vs_PD","D2 medium spiny neuron"
4.13653881343293e-08,0.537531060118158,0.241,0.164,0.00123140623937085,"NDUFS6","AD_vs_PD","D2 medium spiny neuron"
4.54658646982934e-08,0.574006553953998,0.233,0.158,0.0013534733262035,"AP002812.2","AD_vs_PD","D2 medium spiny neuron"
4.93909880795709e-08,0.511444144432551,0.26,0.181,0.00147032032414075,"SDHAF4","AD_vs_PD","D2 medium spiny neuron"
5.22860339589185e-08,0.520385314147453,0.232,0.154,0.00155650294492304,"THOC5","AD_vs_PD","D2 medium spiny neuron"
5.24040236001872e-08,0.637254134944962,0.261,0.182,0.00156001537855397,"GNAS","AD_vs_PD","D2 medium spiny neuron"
5.38504321873155e-08,0.522103588436952,0.264,0.182,0.00160307351578419,"EMC7","AD_vs_PD","D2 medium spiny neuron"
5.57722347114699e-08,0.55185404722948,0.211,0.138,0.00166028365512575,"RNF126","AD_vs_PD","D2 medium spiny neuron"
5.63755188706759e-08,0.598139844152341,0.208,0.135,0.00167824282126115,"DCTN6","AD_vs_PD","D2 medium spiny neuron"
5.69894526771032e-08,-0.599763892506531,0.343,0.395,0.00169651901674468,"CYP4F29P","AD_vs_PD","D2 medium spiny neuron"
5.84612633821627e-08,0.52925742949252,0.287,0.203,0.0017403333496236,"ENPP4","AD_vs_PD","D2 medium spiny neuron"
6.13560112222706e-08,0.653600176756819,0.202,0.13,0.00182650709807577,"AC010642.2","AD_vs_PD","D2 medium spiny neuron"
6.24113801455474e-08,0.539293078163199,0.216,0.142,0.0018579243755528,"FAM98A","AD_vs_PD","D2 medium spiny neuron"
6.29961104518203e-08,0.534738505366508,0.296,0.21,0.00187533121204024,"PDHA1","AD_vs_PD","D2 medium spiny neuron"
6.53416007654747e-08,0.53335091132244,0.286,0.205,0.00194515411318741,"C14orf166","AD_vs_PD","D2 medium spiny neuron"
6.90096090675642e-08,0.553319864452252,0.254,0.174,0.00205434705233232,"GLRX","AD_vs_PD","D2 medium spiny neuron"
6.92223737025531e-08,0.547658991336406,0.234,0.16,0.0020606808427513,"AC023389.1","AD_vs_PD","D2 medium spiny neuron"
7.83278257082834e-08,-0.528713036332564,0.182,0.259,0.00233174104350989,"RPS4Y1","AD_vs_PD","D2 medium spiny neuron"
8.4687358058177e-08,-0.593915996536652,0.327,0.388,0.00252105796203387,"AL445433.2","AD_vs_PD","D2 medium spiny neuron"
8.59448323787941e-08,0.62555516311368,0.214,0.14,0.00255849171508432,"UBE2Q1","AD_vs_PD","D2 medium spiny neuron"
9.00205124579792e-08,0.564340056475064,0.216,0.143,0.00267982063536158,"ZNF561","AD_vs_PD","D2 medium spiny neuron"
9.04982795848739e-08,-0.54024711283559,0.326,0.393,0.00269404328496211,"LINC01237","AD_vs_PD","D2 medium spiny neuron"
1.02842409841141e-07,0.613128341204271,0.2,0.13,0.00306151569856094,"FH","AD_vs_PD","D2 medium spiny neuron"
1.15716678513664e-07,-0.534002839930175,0.33,0.393,0.00344476980267327,"AC068675.1","AD_vs_PD","D2 medium spiny neuron"
1.20904700475951e-07,-0.696179631521041,0.251,0.313,0.0035992120284686,"LINC01260","AD_vs_PD","D2 medium spiny neuron"
1.2139912570341e-07,0.705349340144702,0.206,0.136,0.00361393057306482,"SDF2","AD_vs_PD","D2 medium spiny neuron"
1.28771478855073e-07,-0.648778363511769,0.206,0.273,0.00383339815403666,"MRVI1-AS1","AD_vs_PD","D2 medium spiny neuron"
1.31628598056906e-07,-0.617053635828552,0.257,0.322,0.00391845173555602,"TRIM26","AD_vs_PD","D2 medium spiny neuron"
1.52828849523949e-07,-0.667962573872566,0.484,0.505,0.00454956202147844,"SLC26A3","AD_vs_PD","D2 medium spiny neuron"
1.5500851782957e-07,0.577242447081227,0.283,0.202,0.00461444856726848,"CCT6A","AD_vs_PD","D2 medium spiny neuron"
1.64405929897177e-07,-0.576335384168964,0.287,0.35,0.00489420012710907,"TSHZ1","AD_vs_PD","D2 medium spiny neuron"
1.81432073178276e-07,0.530579252468662,0.241,0.168,0.00540105138644409,"AL035413.1","AD_vs_PD","D2 medium spiny neuron"
2.01258494843654e-07,0.514473325813328,0.294,0.212,0.00599126413300074,"MSRB2","AD_vs_PD","D2 medium spiny neuron"
2.06168345129791e-07,0.532172814233627,0.203,0.135,0.00613742546616876,"RPS6KL1","AD_vs_PD","D2 medium spiny neuron"
2.1550471087184e-07,-0.574592171139132,0.263,0.331,0.00641535973794381,"DMKN","AD_vs_PD","D2 medium spiny neuron"
2.46763977327532e-07,0.559175969420591,0.205,0.137,0.00734591684106331,"PEX2","AD_vs_PD","D2 medium spiny neuron"
2.47691344166643e-07,-0.619143959040946,0.334,0.388,0.00737352362449679,"AL109930.1","AD_vs_PD","D2 medium spiny neuron"
3.07915447930445e-07,0.500980043492641,0.241,0.169,0.00916633496944142,"HSDL2","AD_vs_PD","D2 medium spiny neuron"
3.47716932971228e-07,-0.507545432830958,0.352,0.411,0.0103511853776205,"AC084337.2","AD_vs_PD","D2 medium spiny neuron"
3.5017634099617e-07,0.56027853345321,0.206,0.137,0.010424399495115,"ZNF181","AD_vs_PD","D2 medium spiny neuron"
3.57301993663343e-07,0.507108327850283,0.234,0.16,0.0106365230493641,"FAM89B","AD_vs_PD","D2 medium spiny neuron"
3.78776038433363e-07,-0.596129314788246,0.238,0.305,0.0112757838881228,"TCF7L2","AD_vs_PD","D2 medium spiny neuron"
4.47655127916508e-07,0.522581930969776,0.22,0.148,0.0133262455029465,"HTATSF1","AD_vs_PD","D2 medium spiny neuron"
4.89950810291875e-07,0.563205046686947,0.237,0.167,0.0145853456715788,"C5orf15","AD_vs_PD","D2 medium spiny neuron"
5.72781262919207e-07,0.517548142696804,0.202,0.137,0.0170511254158419,"MYOM2","AD_vs_PD","D2 medium spiny neuron"
6.48146763276044e-07,-0.819846640593443,0.157,0.217,0.0192946809959646,"TTF2","AD_vs_PD","D2 medium spiny neuron"
6.96147395024717e-07,-0.713595856004316,0.193,0.255,0.0207236118024908,"SOX9-AS1","AD_vs_PD","D2 medium spiny neuron"
6.96990694932163e-07,0.531072296134148,0.213,0.146,0.0207487159974356,"ARHGEF6","AD_vs_PD","D2 medium spiny neuron"
7.25927327471411e-07,0.508024962066203,0.264,0.19,0.0216101306114964,"CTBS","AD_vs_PD","D2 medium spiny neuron"
8.12125657718744e-07,0.639389480267508,0.213,0.152,0.0241761687046293,"AC114546.1","AD_vs_PD","D2 medium spiny neuron"
8.75691405465511e-07,-0.547207924188415,0.148,0.212,0.0260684574493028,"LINC01945","AD_vs_PD","D2 medium spiny neuron"
1.04465087290423e-06,-0.637053767448278,0.252,0.312,0.0310982118354861,"KLF3-AS1","AD_vs_PD","D2 medium spiny neuron"
1.17455713847833e-06,-0.858144481256665,0.581,0.543,0.0349653914553614,"FP236383.1","AD_vs_PD","D2 medium spiny neuron"
4.84223879861188e-22,-1.27725210519844,0.392,0.781,1.44148606795877e-17,"UTY","AD_vs_PD","Eccentric medium spiny neuron"
4.07390380529494e-21,1.99168209192147,0.578,0.142,1.21276042379825e-16,"XIST","AD_vs_PD","Eccentric medium spiny neuron"
4.31952444759523e-16,-1.05524280532121,0.418,0.794,1.28587923280462e-11,"TTTY14","AD_vs_PD","Eccentric medium spiny neuron"
1.51652627393017e-15,2.64348536697206,0.427,0.12,4.51454706486273e-11,"AC105402.3","AD_vs_PD","Eccentric medium spiny neuron"
6.1009367621128e-15,-1.09629733543778,0.375,0.755,1.81618786471336e-10,"USP9Y","AD_vs_PD","Eccentric medium spiny neuron"
3.95480401020242e-14,-0.978481858217879,0.405,0.794,1.17730560579716e-09,"NLGN4Y","AD_vs_PD","Eccentric medium spiny neuron"
9.54919632189171e-14,-0.733446336415155,0.724,0.867,2.84270025306394e-09,"LINC01481","AD_vs_PD","Eccentric medium spiny neuron"
3.58255258072348e-13,1.03947234237376,0.716,0.399,1.06649007775557e-08,"DCC","AD_vs_PD","Eccentric medium spiny neuron"
8.24367903863117e-13,0.907354122752163,0.806,0.554,2.45406081301011e-08,"TPT1","AD_vs_PD","Eccentric medium spiny neuron"
1.68409919296129e-12,-1.30753142225151,0.267,0.575,5.01339488752646e-08,"GYG2P1","AD_vs_PD","Eccentric medium spiny neuron"
7.77558740767881e-12,2.44194803131148,0.31,0.069,2.3147146153919e-07,"AC217777.1","AD_vs_PD","Eccentric medium spiny neuron"
2.13425129549627e-11,-0.749177405659907,0.612,0.811,6.35345268156283e-07,"PCDH9","AD_vs_PD","Eccentric medium spiny neuron"
4.17911638693909e-11,1.04705438186243,0.642,0.386,1.2440811572279e-06,"SLC38A2","AD_vs_PD","Eccentric medium spiny neuron"
5.22712753779177e-11,0.8914932309172,0.754,0.558,1.55606359672523e-06,"LINC00513","AD_vs_PD","Eccentric medium spiny neuron"
1.71766024513976e-10,1.00911310855518,0.668,0.433,5.11330278375654e-06,"H2AFZ","AD_vs_PD","Eccentric medium spiny neuron"
2.72069634240336e-10,2.93051344465968,0.207,0.021,8.09924094170056e-06,"NPIPB15","AD_vs_PD","Eccentric medium spiny neuron"
4.53412237579983e-10,1.19836572228398,0.591,0.369,1.34976289005185e-05,"RPL10","AD_vs_PD","Eccentric medium spiny neuron"
5.59602274966598e-10,1.2412388692333,0.534,0.279,1.66588001234806e-05,"SLIRP","AD_vs_PD","Eccentric medium spiny neuron"
8.84886868706008e-10,0.809831641239194,0.724,0.502,2.63421971945091e-05,"MGST1","AD_vs_PD","Eccentric medium spiny neuron"
1.20064961356492e-09,0.71782358742555,0.793,0.515,3.5742138346214e-05,"SCG2","AD_vs_PD","Eccentric medium spiny neuron"
2.22477341054133e-09,1.37060134103503,0.517,0.288,6.62292796584048e-05,"AC010168.1","AD_vs_PD","Eccentric medium spiny neuron"
2.27101750175319e-09,0.720852235080741,0.763,0.635,6.76059200096908e-05,"SRSF7","AD_vs_PD","Eccentric medium spiny neuron"
3.82521931825604e-09,0.844971225394123,0.677,0.416,0.000113872953885164,"PRLR","AD_vs_PD","Eccentric medium spiny neuron"
8.96468669797997e-09,1.41458595929605,0.375,0.146,0.000266869758312166,"INTS4P1","AD_vs_PD","Eccentric medium spiny neuron"
9.22681975694376e-09,1.23086210362545,0.353,0.12,0.000274673197344459,"ITGA10","AD_vs_PD","Eccentric medium spiny neuron"
9.67493945940386e-09,1.15904119976077,0.487,0.232,0.000288013272766993,"KCTD8","AD_vs_PD","Eccentric medium spiny neuron"
1.0656878284069e-08,0.989426160168934,0.53,0.262,0.000317244609638449,"GRB14","AD_vs_PD","Eccentric medium spiny neuron"
1.15100292334262e-08,1.36136457437712,0.418,0.189,0.000342642060249864,"P2RY14","AD_vs_PD","Eccentric medium spiny neuron"
1.296920189015e-08,1.13385243102259,0.53,0.313,0.000386080171067875,"AC012404.1","AD_vs_PD","Eccentric medium spiny neuron"
1.39368528512136e-08,1.3317251890154,0.414,0.193,0.000414886172527777,"APOE","AD_vs_PD","Eccentric medium spiny neuron"
1.55301629326882e-08,1.31417466975093,0.466,0.232,0.000462317420343194,"SYNJ2","AD_vs_PD","Eccentric medium spiny neuron"
1.90565464091551e-08,1.38703937754149,0.375,0.15,0.00056729433005414,"HDHD3","AD_vs_PD","Eccentric medium spiny neuron"
2.14055177677285e-08,-1.13785705846279,0.237,0.498,0.000637220858427509,"KDM5D","AD_vs_PD","Eccentric medium spiny neuron"
2.32910072218329e-08,1.13279330828429,0.5,0.27,0.000693349993986742,"NUP210L","AD_vs_PD","Eccentric medium spiny neuron"
3.31179062271157e-08,0.745115052350483,0.78,0.554,0.000985886950475008,"AL138828.1","AD_vs_PD","Eccentric medium spiny neuron"
4.18790919203014e-08,0.735863962037201,0.69,0.403,0.00124669868737545,"SRP14","AD_vs_PD","Eccentric medium spiny neuron"
4.7160344098508e-08,-1.03076937237009,0.302,0.536,0.00140391628346849,"TOGARAM2","AD_vs_PD","Eccentric medium spiny neuron"
6.00244614674509e-08,1.23886352229946,0.203,0.034,0.00178686819342455,"MT1G","AD_vs_PD","Eccentric medium spiny neuron"
7.96545092272346e-08,-1.01040302101504,0.328,0.545,0.00237123508518555,"LEPR","AD_vs_PD","Eccentric medium spiny neuron"
9.73438361039627e-08,1.41495682892117,0.384,0.18,0.00289782865697887,"AC013640.1","AD_vs_PD","Eccentric medium spiny neuron"
1.15355296983127e-07,1.26244705724806,0.409,0.193,0.0034340118358907,"AC104827.1","AD_vs_PD","Eccentric medium spiny neuron"
1.18357026922378e-07,0.587800713429038,0.754,0.584,0.00352337033445227,"IP6K2","AD_vs_PD","Eccentric medium spiny neuron"
1.31555338944126e-07,-1.22192859137711,0.147,0.365,0.0039162708850277,"TTTY10","AD_vs_PD","Eccentric medium spiny neuron"
1.44380846853224e-07,0.921658687551747,0.655,0.506,0.00429807342997362,"AP001831.1","AD_vs_PD","Eccentric medium spiny neuron"
1.53432017865748e-07,1.05437531768092,0.461,0.249,0.00456751773984547,"CHST10","AD_vs_PD","Eccentric medium spiny neuron"
2.19896280344654e-07,0.972980415348773,0.539,0.335,0.00654609236958,"AC130650.1","AD_vs_PD","Eccentric medium spiny neuron"
2.69072326608298e-07,0.972254614798353,0.586,0.382,0.00801001409080241,"AC023905.1","AD_vs_PD","Eccentric medium spiny neuron"
3.04826757966536e-07,0.871576193617783,0.651,0.438,0.00907438775790581,"AC027288.3","AD_vs_PD","Eccentric medium spiny neuron"
3.08904803938798e-07,0.532725502013615,0.841,0.618,0.00919578710845408,"FTL","AD_vs_PD","Eccentric medium spiny neuron"
3.7109833910831e-07,1.15630892344467,0.453,0.249,0.0110472264569153,"AC058791.1","AD_vs_PD","Eccentric medium spiny neuron"
3.80098187539101e-07,0.513828247748157,0.828,0.708,0.0113151429448515,"CRLF3","AD_vs_PD","Eccentric medium spiny neuron"
4.59617823344184e-07,-1.21684882757787,0.185,0.391,0.013682362983133,"TTTY15","AD_vs_PD","Eccentric medium spiny neuron"
5.25451304964533e-07,1.52852998249234,0.332,0.15,0.0156421598974892,"FN1","AD_vs_PD","Eccentric medium spiny neuron"
5.64907988964022e-07,0.915450164906983,0.504,0.296,0.01681674592347,"KIAA0355","AD_vs_PD","Eccentric medium spiny neuron"
5.99696517394795e-07,0.837845015584285,0.599,0.399,0.0178523656263257,"CCDC65","AD_vs_PD","Eccentric medium spiny neuron"
7.62455351589827e-07,-0.772311460244287,0.509,0.678,0.0226975333614776,"PDE9A","AD_vs_PD","Eccentric medium spiny neuron"
9.23527876450309e-07,0.911631197646771,0.565,0.373,0.0274925013540493,"CHCHD2","AD_vs_PD","Eccentric medium spiny neuron"
9.98028489811857e-07,1.04734964981285,0.491,0.305,0.0297103101132092,"LDHA","AD_vs_PD","Eccentric medium spiny neuron"
1.03196862579543e-06,0.93175034420513,0.522,0.335,0.0307206740213041,"AC090709.1","AD_vs_PD","Eccentric medium spiny neuron"
1.0832918530274e-06,-0.631030162272301,0.616,0.76,0.0322485151727727,"NTM","AD_vs_PD","Eccentric medium spiny neuron"
1.10090717346198e-06,-1.14664854988133,0.22,0.421,0.0327729056467898,"ANOS2P","AD_vs_PD","Eccentric medium spiny neuron"
1.15204171003586e-06,1.20619939024958,0.371,0.176,0.0342951296660576,"LHFPL2","AD_vs_PD","Eccentric medium spiny neuron"
1.18484144783683e-06,0.581355104939338,0.763,0.536,0.0352715450606546,"DYNLL1","AD_vs_PD","Eccentric medium spiny neuron"
1.24707330162115e-06,1.15460953719173,0.44,0.253,0.03712412511596,"OVCH1-AS1","AD_vs_PD","Eccentric medium spiny neuron"
1.33055478921435e-06,0.550700740192235,0.746,0.597,0.0396092855201221,"PCMTD2","AD_vs_PD","Eccentric medium spiny neuron"
1.37234238563847e-06,0.561316589644089,0.797,0.635,0.0408532604780717,"JUND","AD_vs_PD","Eccentric medium spiny neuron"
1.41568311535202e-06,0.568534311993242,0.784,0.614,0.0421434706609143,"FTH1","AD_vs_PD","Eccentric medium spiny neuron"
1.59046711219883e-06,1.47883196308909,0.25,0.086,0.047346615463047,"AC016168.2","AD_vs_PD","Eccentric medium spiny neuron"
1.61975728667841e-06,0.647963506029322,0.737,0.614,0.0482185546671297,"SNAP25-AS1","AD_vs_PD","Eccentric medium spiny neuron"
7.61091112961113e-66,0.560625496745325,0.965,0.819,2.26569213417394e-61,"FKBP5","AD_vs_PD","Microglia"
5.40619825626328e-52,1.77143874522525,0.578,0.194,1.60937115890702e-47,"ZBTB16","AD_vs_PD","Microglia"
1.12714511101124e-51,1.19378198005906,0.725,0.419,3.35539828096937e-47,"NHSL1","AD_vs_PD","Microglia"
7.76931179316592e-50,0.725392709344621,0.872,0.649,2.31284642770756e-45,"CSGALNACT1","AD_vs_PD","Microglia"
1.8239098140436e-45,1.57137045345854,0.58,0.194,5.42959712542639e-41,"XIST","AD_vs_PD","Microglia"
1.13804917188901e-42,0.682382565208505,0.85,0.626,3.38785857979639e-38,"HS3ST4","AD_vs_PD","Microglia"
6.13110265361195e-42,-1.36392048667168,0.333,0.623,1.82516794895374e-37,"HSPH1","AD_vs_PD","Microglia"
3.13350528074125e-38,3.14773881811152,0.317,0.046,9.32813187023861e-34,"PDK4","AD_vs_PD","Microglia"
5.57975087047473e-37,1.10726139032459,0.659,0.344,1.66103603663162e-32,"CCND3","AD_vs_PD","Microglia"
7.43849091278704e-37,-1.0155880091627,0.459,0.698,2.21436435982757e-32,"P4HA1","AD_vs_PD","Microglia"
3.6278845838302e-34,5.91681159882231,0.22,0.003,1.07998496176041e-29,"AC105402.3","AD_vs_PD","Microglia"
7.55794917754114e-33,1.36700067013351,0.523,0.23,2.24992589066222e-28,"CACNA1A","AD_vs_PD","Microglia"
1.14750013711038e-31,-0.747940224836411,0.544,0.773,3.41599315816389e-27,"HSPA1A","AD_vs_PD","Microglia"
9.25504672778966e-31,-2.12327854954519,0.089,0.316,2.7551348603957e-26,"HAMP","AD_vs_PD","Microglia"
6.90618252749715e-30,-1.45117754009762,0.188,0.445,2.05590147661063e-25,"LAP3","AD_vs_PD","Microglia"
2.66864495982598e-27,-2.20468841574931,0.091,0.295,7.94428918090596e-23,"DNAJB1","AD_vs_PD","Microglia"
3.34276657035881e-27,-0.647301971643312,0.561,0.786,9.95108180330113e-23,"PDE4B","AD_vs_PD","Microglia"
3.8874604890838e-27,0.942595812103292,0.62,0.377,1.15725811299536e-22,"SDK1","AD_vs_PD","Microglia"
4.6890896490671e-25,-1.37624205981955,0.228,0.442,1.39589509763079e-20,"HSPB1","AD_vs_PD","Microglia"
5.27292420492257e-25,1.28187382385067,0.455,0.196,1.5696968065634e-20,"GLDN","AD_vs_PD","Microglia"
6.37023217774414e-25,-1.59143571791646,0.147,0.365,1.89635441699265e-20,"NAMPT","AD_vs_PD","Microglia"
1.28273034099348e-24,-0.950232461632694,0.333,0.574,3.81855995210349e-20,"HSPA1B","AD_vs_PD","Microglia"
1.35650216958272e-24,0.524050713261896,0.81,0.639,4.03817130863081e-20,"SMAP2","AD_vs_PD","Microglia"
3.22073957291277e-24,0.829059516427978,0.662,0.424,9.58781963460402e-20,"ZFP36L2","AD_vs_PD","Microglia"
1.62639359350486e-23,-0.921146655649813,0.362,0.576,4.84161108850461e-19,"ZC3HAV1","AD_vs_PD","Microglia"
2.37996249038872e-23,0.61548298905214,0.745,0.595,7.08491033763818e-19,"OXR1","AD_vs_PD","Microglia"
8.2226616552183e-23,-1.09251939883527,0.217,0.467,2.44780414814194e-18,"UTY","AD_vs_PD","Microglia"
8.51761259796799e-23,-1.55998570839016,0.147,0.352,2.53560809428909e-18,"GK","AD_vs_PD","Microglia"
1.47441945441069e-22,-2.26796316776134,0.055,0.22,4.38919927383517e-18,"HLA-DRB1","AD_vs_PD","Microglia"
5.2979432753114e-22,-0.750978006265576,0.441,0.648,1.57714473362745e-17,"PTPN2","AD_vs_PD","Microglia"
1.26564168820901e-21,0.616679107008069,0.736,0.542,3.76768874162941e-17,"GALNT2","AD_vs_PD","Microglia"
1.85728687003759e-21,-1.70178562041119,0.109,0.295,5.52895728341489e-17,"SLC7A5","AD_vs_PD","Microglia"
4.22033103825114e-20,-1.21698808211144,0.19,0.392,1.25635034677698e-15,"PTPN1","AD_vs_PD","Microglia"
5.25344135790741e-20,-1.2083919526593,0.202,0.405,1.56389695783546e-15,"LY96","AD_vs_PD","Microglia"
1.26184950554794e-19,-0.849230810784024,0.353,0.555,3.75639979306568e-15,"PLSCR1","AD_vs_PD","Microglia"
1.29081478042505e-19,-0.575601811006603,0.614,0.721,3.84262651984734e-15,"HSP90AA1","AD_vs_PD","Microglia"
2.20053425409129e-19,0.539399300308278,0.741,0.577,6.55077042100436e-15,"AKT3","AD_vs_PD","Microglia"
3.13981809190177e-19,-1.12878641507609,0.203,0.406,9.34692447778239e-15,"FAM129A","AD_vs_PD","Microglia"
1.09294263411377e-18,1.45614449262192,0.316,0.119,3.25358092749329e-14,"AL158071.3","AD_vs_PD","Microglia"
1.28404427702563e-18,1.9006049415487,0.268,0.093,3.82247140827761e-14,"AC090579.1","AD_vs_PD","Microglia"
2.65916389499066e-18,0.816512927646698,0.565,0.352,7.9160649989977e-14,"P2RY12","AD_vs_PD","Microglia"
2.66973930316276e-17,-1.25704815590069,0.167,0.347,7.94754693158522e-13,"LIMK2","AD_vs_PD","Microglia"
3.75954482810684e-17,0.860605887304869,0.516,0.31,1.11917889987913e-12,"FAM177B","AD_vs_PD","Microglia"
6.64753297827431e-17,0.803660964238906,0.531,0.323,1.97890409230248e-12,"ABCA1","AD_vs_PD","Microglia"
6.75845126110762e-17,-1.22568652536378,0.144,0.325,2.01192335591913e-12,"TTTY14","AD_vs_PD","Microglia"
2.06890629834308e-16,-0.968260951602633,0.278,0.455,6.15892715953752e-12,"CHORDC1","AD_vs_PD","Microglia"
4.70539582306723e-16,-1.00930021726592,0.249,0.427,1.40074928256888e-11,"DNAJA1","AD_vs_PD","Microglia"
5.06900405109652e-16,-0.955404531136738,0.206,0.405,1.50899181597092e-11,"LINC00278","AD_vs_PD","Microglia"
7.92625955969729e-16,0.756385584065545,0.55,0.352,2.35956820832629e-11,"KHDRBS3","AD_vs_PD","Microglia"
1.83961356060952e-15,-1.12620950809004,0.144,0.32,5.47634560857849e-11,"USP9Y","AD_vs_PD","Microglia"
2.11821483402401e-15,-1.03342927055799,0.192,0.37,6.30571373940607e-11,"BCL6","AD_vs_PD","Microglia"
2.74648037535258e-15,-0.656000784842926,0.422,0.594,8.1759974293871e-11,"HCK","AD_vs_PD","Microglia"
3.48363392260819e-15,-1.22088584039833,0.141,0.305,1.03704298242123e-10,"TMEM2","AD_vs_PD","Microglia"
4.02872094977505e-15,0.793496893410054,0.509,0.318,1.19930993953854e-10,"MITF","AD_vs_PD","Microglia"
4.41022206447018e-15,-1.12885345031278,0.138,0.308,1.31287900637213e-10,"SLC2A3","AD_vs_PD","Microglia"
5.62000929805452e-15,-1.32218999101738,0.108,0.263,1.67302056793785e-10,"PRKY","AD_vs_PD","Microglia"
5.94660002822471e-15,0.995238886182247,0.394,0.204,1.77024336240221e-10,"CARD11","AD_vs_PD","Microglia"
1.67552855013459e-14,-0.625256750000332,0.439,0.599,4.98788094089566e-10,"ACER3","AD_vs_PD","Microglia"
1.74657740335788e-14,-1.33302264707724,0.115,0.264,5.19938627205607e-10,"FCGR2A","AD_vs_PD","Microglia"
3.7801843529422e-14,-1.06681130671687,0.208,0.37,1.12532308002736e-09,"CALR","AD_vs_PD","Microglia"
4.44769606474119e-14,0.635127252127551,0.589,0.421,1.32403464151281e-09,"RIN2","AD_vs_PD","Microglia"
4.51444907990102e-14,-1.42647401014394,0.092,0.232,1.34390634659573e-09,"CLEC2B","AD_vs_PD","Microglia"
2.37436994597911e-13,0.769360373662503,0.478,0.299,7.06826189218521e-09,"TBC1D16","AD_vs_PD","Microglia"
3.61934920026198e-13,-0.546220145589397,0.488,0.633,1.07744406342599e-08,"CPEB4","AD_vs_PD","Microglia"
4.38364796004694e-13,1.62687086267304,0.22,0.083,1.30496816122637e-08,"ZFPM2-AS1","AD_vs_PD","Microglia"
4.76353658122537e-13,0.662509566660781,0.539,0.362,1.41805720486498e-08,"GAB1","AD_vs_PD","Microglia"
4.83496055218631e-13,-0.550222384939954,0.486,0.633,1.43931940678034e-08,"PPARD","AD_vs_PD","Microglia"
4.84659754781881e-13,1.50971781674232,0.222,0.082,1.44278362401018e-08,"AC066613.2","AD_vs_PD","Microglia"
5.80818711778314e-13,-1.11657863934597,0.188,0.334,1.72903922309286e-08,"HSPD1","AD_vs_PD","Microglia"
6.30935184329806e-13,1.40990348811885,0.239,0.095,1.8782309502314e-08,"MED12L","AD_vs_PD","Microglia"
6.35168639572546e-13,0.72667173636805,0.494,0.312,1.89083352314351e-08,"PRKCH","AD_vs_PD","Microglia"
8.43858086618538e-13,-0.751893303815058,0.298,0.465,2.51208113805472e-08,"SPATS2L","AD_vs_PD","Microglia"
8.84557582828661e-13,0.693685974287256,0.518,0.352,2.63323946832264e-08,"MIS18BP1","AD_vs_PD","Microglia"
1.04623296422902e-12,0.531682549918874,0.635,0.475,3.11453091121338e-08,"FOXO3","AD_vs_PD","Microglia"
1.54887232687366e-12,-1.1291330295253,0.135,0.279,4.61083802987019e-08,"MTHFD2","AD_vs_PD","Microglia"
1.68501584495455e-12,1.08515055240333,0.318,0.163,5.01612366884519e-08,"INSR","AD_vs_PD","Microglia"
2.28582001301293e-12,0.797469457968277,0.434,0.259,6.80465759673819e-08,"AXL","AD_vs_PD","Microglia"
2.74316778238606e-12,-0.907739793737455,0.22,0.374,8.16613617138507e-08,"TNFSF13B","AD_vs_PD","Microglia"
2.78790763504913e-12,0.57117749564179,0.606,0.452,8.29932223877776e-08,"ENTPD1-AS1","AD_vs_PD","Microglia"
2.87911013742839e-12,-0.692045044320666,0.407,0.537,8.57082296811057e-08,"HSP90AB1","AD_vs_PD","Microglia"
3.26182795038131e-12,-1.07334139846438,0.177,0.32,9.71013562549011e-08,"IARS","AD_vs_PD","Microglia"
5.17263491077998e-12,-0.580403079757048,0.434,0.582,1.53984168659009e-07,"TNFRSF1B","AD_vs_PD","Microglia"
6.90831735939456e-12,-0.872584914632212,0.236,0.39,2.05653699471817e-07,"RPS28P7","AD_vs_PD","Microglia"
1.21581206763223e-11,-0.795469966519878,0.288,0.432,3.6193509441344e-07,"IL4R","AD_vs_PD","Microglia"
1.60194485248812e-11,0.757981042720733,0.441,0.277,4.76882963137188e-07,"ZNF846","AD_vs_PD","Microglia"
1.73439301012717e-11,-1.18771405352044,0.127,0.258,5.16311455184757e-07,"ADGRE2","AD_vs_PD","Microglia"
2.53566191964103e-11,-0.696150307025013,0.341,0.48,7.54841196857938e-07,"DSE","AD_vs_PD","Microglia"
4.89882730714116e-11,0.744171037973541,0.438,0.279,1.45833190106285e-06,"KIAA1551","AD_vs_PD","Microglia"
5.71959695727967e-11,-0.94689941217454,0.205,0.341,1.70266681821258e-06,"ST13","AD_vs_PD","Microglia"
6.0359625500292e-11,-0.538656115531496,0.481,0.623,1.79684569151819e-06,"ABHD3","AD_vs_PD","Microglia"
8.43488020919949e-11,-0.772278195131493,0.23,0.387,2.51097948947659e-06,"ANK2","AD_vs_PD","Microglia"
1.11572026133434e-10,-0.856397590755145,0.231,0.369,3.32138764596621e-06,"ELOVL5","AD_vs_PD","Microglia"
1.36495620670047e-10,1.11170236779521,0.245,0.111,4.06333813172662e-06,"LINC01736","AD_vs_PD","Microglia"
1.73087930346719e-10,0.961329490250051,0.307,0.163,5.15265459849148e-06,"AC025569.1","AD_vs_PD","Microglia"
2.221829997488e-10,0.969290107673854,0.332,0.196,6.61416571952204e-06,"AC044781.1","AD_vs_PD","Microglia"
3.30330448289416e-10,0.663048322308045,0.485,0.331,9.83360711512764e-06,"CPM","AD_vs_PD","Microglia"
3.57813223897103e-10,0.571458662096584,0.534,0.372,1.06517418621929e-05,"CHKA","AD_vs_PD","Microglia"
4.5806897713217e-10,0.870545509046567,0.332,0.191,1.36362553802476e-05,"AC079015.1","AD_vs_PD","Microglia"
6.41191176623749e-10,0.684232663974414,0.456,0.307,1.90876201369124e-05,"KCNIP1","AD_vs_PD","Microglia"
6.9139462389395e-10,-0.99976637191671,0.133,0.259,2.0582126558699e-05,"MB21D2","AD_vs_PD","Microglia"
7.3570681450287e-10,0.886038804370593,0.334,0.196,2.19012561609359e-05,"AC008691.1","AD_vs_PD","Microglia"
7.62704558522631e-10,-0.941862200917654,0.18,0.308,2.27049520026602e-05,"CCT4","AD_vs_PD","Microglia"
7.79613656349007e-10,-1.28070023802964,0.092,0.201,2.32083189358536e-05,"CDKN1A","AD_vs_PD","Microglia"
1.05527707237391e-09,-0.796076928071719,0.257,0.39,3.1414543167499e-05,"HSPA5","AD_vs_PD","Microglia"
1.06069763155675e-09,-0.942475381287157,0.156,0.282,3.1575907793813e-05,"ARL17A","AD_vs_PD","Microglia"
1.25804525471953e-09,-0.525394809485541,0.417,0.553,3.74507491877457e-05,"RNF144B","AD_vs_PD","Microglia"
1.27421021906739e-09,-0.583835750788609,0.391,0.512,3.7931964011417e-05,"PFKFB3","AD_vs_PD","Microglia"
1.58234535183936e-09,-0.872970297262641,0.216,0.341,4.71048387789059e-05,"CREM","AD_vs_PD","Microglia"
1.68758339128909e-09,-0.80849601074846,0.21,0.346,5.02376699752849e-05,"HLA-B","AD_vs_PD","Microglia"
2.11435856170247e-09,-0.6454564630763,0.31,0.447,6.29423400233208e-05,"FAM102B","AD_vs_PD","Microglia"
2.19403363624523e-09,-1.00363964382787,0.142,0.261,6.53141873173841e-05,"XBP1","AD_vs_PD","Microglia"
2.29718057491684e-09,-1.03062817879175,0.135,0.253,6.83847685346995e-05,"CASP4","AD_vs_PD","Microglia"
2.5522649260641e-09,-0.715124053031411,0.282,0.419,7.59783745840022e-05,"NFKB1","AD_vs_PD","Microglia"
3.05321323228917e-09,-0.669560907724836,0.307,0.439,9.08911047120162e-05,"RPL37A","AD_vs_PD","Microglia"
4.28367530298188e-09,-0.941440879812171,0.148,0.269,0.000127520730094468,"CCT5","AD_vs_PD","Microglia"
5.27278389510213e-09,0.637069875686363,0.435,0.289,0.000156965503773295,"PDGFC","AD_vs_PD","Microglia"
6.5956095342479e-09,-1.01742531732354,0.159,0.272,0.000196344700225026,"GATM","AD_vs_PD","Microglia"
7.1253219939261e-09,-0.582748700369605,0.357,0.481,0.000212113710437186,"DNAJC3","AD_vs_PD","Microglia"
8.09464915328477e-09,-0.778693509766632,0.224,0.351,0.000240969610644134,"PAPD5","AD_vs_PD","Microglia"
1.03527134808676e-08,-0.788472068906458,0.232,0.349,0.000308189927611947,"GCA","AD_vs_PD","Microglia"
1.11202456329646e-08,0.539715941455349,0.518,0.385,0.000331038592247723,"ABHD15-AS1","AD_vs_PD","Microglia"
1.26053861728542e-08,0.815062214125571,0.326,0.197,0.000375249740979695,"FP700111.1","AD_vs_PD","Microglia"
1.36515153693125e-08,0.763505304864169,0.35,0.222,0.000406391961029064,"ELMO1-AS1","AD_vs_PD","Microglia"
1.43690192233582e-08,-0.733196305985609,0.216,0.344,0.00042775133326015,"JAK3","AD_vs_PD","Microglia"
1.53906465195141e-08,-0.531324517749379,0.466,0.551,0.000458164156239417,"PTGES3","AD_vs_PD","Microglia"
1.63249169096407e-08,0.652848659134078,0.436,0.315,0.000485976451483093,"ANKUB1","AD_vs_PD","Microglia"
1.65515200310378e-08,-0.886942555460949,0.178,0.295,0.000492722199803963,"RPS28","AD_vs_PD","Microglia"
1.95103552152079e-08,-0.994097156321099,0.105,0.21,0.000580803764401523,"FPR1","AD_vs_PD","Microglia"
2.19706059543562e-08,-0.966269138262614,0.14,0.25,0.00065404296865523,"RIPK2","AD_vs_PD","Microglia"
2.70122333420163e-08,-0.598959250445331,0.345,0.467,0.000804127174358483,"AC016739.1","AD_vs_PD","Microglia"
2.71411885325109e-08,-0.949857110308227,0.153,0.261,0.000807966041424318,"CASP1","AD_vs_PD","Microglia"
3.20268161684509e-08,-1.01044943452134,0.12,0.225,0.000953406290518614,"CLECL1","AD_vs_PD","Microglia"
4.38656098526683e-08,0.558835966471334,0.476,0.339,0.00130583533970408,"FEZ2","AD_vs_PD","Microglia"
4.76208053168607e-08,-0.526817257149053,0.392,0.502,0.00141762375347763,"SDCBP","AD_vs_PD","Microglia"
5.86323827940332e-08,0.926694344810721,0.262,0.15,0.00174542740339557,"TANC1","AD_vs_PD","Microglia"
5.92309200672389e-08,1.11395490838529,0.214,0.111,0.00176324525948164,"PDGFB","AD_vs_PD","Microglia"
5.98230594754247e-08,0.671873197389958,0.388,0.261,0.00178087265752392,"DLEU7","AD_vs_PD","Microglia"
6.02460232446237e-08,-0.897682296739664,0.123,0.23,0.0017934638659692,"NLGN4Y","AD_vs_PD","Microglia"
6.22625472693073e-08,0.954880557730999,0.243,0.134,0.00185349376966001,"TSC22D3","AD_vs_PD","Microglia"
6.39051664459626e-08,-0.515486512777456,0.433,0.53,0.00190239289992986,"SIPA1L1","AD_vs_PD","Microglia"
6.52460556957173e-08,-0.690213971313554,0.258,0.378,0.00194230983200581,"ITGA9","AD_vs_PD","Microglia"
7.48795734571188e-08,-0.863977789368409,0.153,0.263,0.00222909002224497,"EBI3","AD_vs_PD","Microglia"
7.62840658764744e-08,0.996563779389421,0.235,0.129,0.00227090035707677,"NAV1","AD_vs_PD","Microglia"
7.65984404360923e-08,-0.566719516117887,0.365,0.473,0.00228025897334203,"SOD2","AD_vs_PD","Microglia"
7.83872405765967e-08,-0.575707830183677,0.347,0.463,0.00233350976472471,"RPL28","AD_vs_PD","Microglia"
8.20593184359165e-08,-0.64537538732191,0.319,0.432,0.0024428238505188,"HSP90B1","AD_vs_PD","Microglia"
8.43462228950156e-08,0.843079536439543,0.267,0.152,0.00251090270936172,"ABCG1","AD_vs_PD","Microglia"
8.94457992707856e-08,-0.734013431129353,0.244,0.354,0.00266271199849202,"ERC2","AD_vs_PD","Microglia"
9.54083555803359e-08,-0.600606743982368,0.291,0.416,0.00284021133727102,"TRAF3","AD_vs_PD","Microglia"
9.56928036114443e-08,0.536828744623397,0.472,0.343,0.00284867907070909,"PSMA1","AD_vs_PD","Microglia"
1.05283408267595e-07,0.801437462753076,0.294,0.176,0.00313418178071804,"AC012368.1","AD_vs_PD","Microglia"
1.41207129368403e-07,1.05776668108392,0.207,0.106,0.00420359503416799,"TMOD1","AD_vs_PD","Microglia"
1.61111490027867e-07,-0.542204198954401,0.322,0.449,0.00479612794663958,"XRN2","AD_vs_PD","Microglia"
1.77295835811215e-07,-0.71888319915967,0.23,0.339,0.00527791973626405,"HSPA4","AD_vs_PD","Microglia"
1.84632969557688e-07,-0.58186797040817,0.273,0.405,0.0054963388707628,"RAB20","AD_vs_PD","Microglia"
1.85126742963439e-07,0.846518052105896,0.27,0.16,0.00551103801127863,"IGF1R","AD_vs_PD","Microglia"
1.86813849672112e-07,-0.521350781555902,0.359,0.473,0.00556126149088909,"ITGAV","AD_vs_PD","Microglia"
2.52964673525421e-07,0.61975345170536,0.378,0.258,0.00753050536617826,"PELI2","AD_vs_PD","Microglia"
3.01936925328061e-07,0.855250577498171,0.272,0.166,0.00898836033009106,"LINC00513","AD_vs_PD","Microglia"
3.25354017858295e-07,-0.842582227897833,0.177,0.281,0.00968546375762359,"PFN1","AD_vs_PD","Microglia"
3.56030729099543e-07,-0.974932326146664,0.122,0.215,0.0105986787745643,"HIVEP2","AD_vs_PD","Microglia"
3.64229149622612e-07,-0.67341990831004,0.232,0.343,0.0108427375551155,"RALGPS2","AD_vs_PD","Microglia"
3.7340571261158e-07,0.569519286658898,0.403,0.281,0.0111159146587341,"PRKCE","AD_vs_PD","Microglia"
4.09510351388753e-07,-0.908803248346405,0.149,0.245,0.0121907136504918,"CHCHD7","AD_vs_PD","Microglia"
4.19235672498643e-07,-0.825209835224871,0.198,0.297,0.0124802267346121,"FCGR1A","AD_vs_PD","Microglia"
4.60923684961929e-07,-0.78770812299694,0.203,0.303,0.0137212371776317,"RPL36","AD_vs_PD","Microglia"
5.18111074505832e-07,-0.539625625425623,0.326,0.447,0.0154236485769641,"CTSZ","AD_vs_PD","Microglia"
5.47152786521535e-07,-0.854212843354306,0.156,0.254,0.0162881913019596,"PRDM1","AD_vs_PD","Microglia"
5.65890502140516e-07,-0.684973592815449,0.238,0.344,0.016845994358221,"SREBF2","AD_vs_PD","Microglia"
5.94066826384285e-07,-0.745955731663149,0.197,0.299,0.0176847753546338,"NAIP","AD_vs_PD","Microglia"
6.24279582220803e-07,0.725915770290328,0.312,0.201,0.0185841788831311,"AC008957.2","AD_vs_PD","Microglia"
6.43637397524457e-07,-0.513552728227659,0.353,0.468,0.0191604416869056,"TYROBP","AD_vs_PD","Microglia"
7.66512711173433e-07,-0.825681011325931,0.15,0.248,0.0228183168989219,"GPATCH2","AD_vs_PD","Microglia"
8.00073705812817e-07,-0.918452924237629,0.119,0.212,0.0238173941483418,"IFITM3","AD_vs_PD","Microglia"
8.04247985070635e-07,0.70363968432773,0.301,0.188,0.0239416582675677,"DEPTOR","AD_vs_PD","Microglia"
1.03448223994621e-06,0.570354156091019,0.403,0.294,0.0307955018009589,"GPR34","AD_vs_PD","Microglia"
1.28724852821862e-06,-0.690851432215563,0.212,0.316,0.03832010143654,"NRP2","AD_vs_PD","Microglia"
1.45865134231822e-06,0.634374262942356,0.325,0.215,0.0434225918094711,"METTL7A","AD_vs_PD","Microglia"
1.46978212795214e-06,-0.859781020171613,0.135,0.228,0.0437539441670071,"SLC26A3","AD_vs_PD","Microglia"
1.48423050193574e-06,-0.918050083284181,0.145,0.235,0.0441840578121251,"NOP58","AD_vs_PD","Microglia"
1.55556309946143e-06,0.786799221680362,0.256,0.155,0.0463075579078674,"STK17A","AD_vs_PD","Microglia"
0,0.555952520018442,0.941,0.758,0,"FTH1","AD_vs_PD","Oligodendrocyte"
1.86295255116442e-295,0.6938574382962,0.851,0.613,5.54582344956136e-291,"SPP1","AD_vs_PD","Oligodendrocyte"
1.71289462815369e-264,0.836669746374048,0.77,0.49,5.09911601855072e-260,"RGCC","AD_vs_PD","Oligodendrocyte"
7.01251175901465e-228,0.554640921170352,0.851,0.675,2.08755462554107e-223,"SELENOP","AD_vs_PD","Oligodendrocyte"
4.96876216898583e-221,1.44913267052763,0.452,0.185,1.47915081008539e-216,"ENO4","AD_vs_PD","Oligodendrocyte"
1.21609410803357e-219,1.68110697364997,0.372,0.107,3.62019055020515e-215,"XIST","AD_vs_PD","Oligodendrocyte"
1.86171421868844e-201,0.957824023497607,0.622,0.341,5.54213705761362e-197,"FKBP5","AD_vs_PD","Oligodendrocyte"
2.48341515111805e-189,-1.53594428070745,0.172,0.402,7.39287856336333e-185,"HSPA1B","AD_vs_PD","Oligodendrocyte"
4.06802235094747e-187,-1.64320058947731,0.139,0.365,1.21100957365355e-182,"GRIN2A","AD_vs_PD","Oligodendrocyte"
2.87235654194323e-171,0.717758064089812,0.705,0.477,8.55071818971081e-167,"H3F3B","AD_vs_PD","Oligodendrocyte"
9.19968548704343e-171,1.12193981904796,0.487,0.252,2.73865437263796e-166,"HEPN1","AD_vs_PD","Oligodendrocyte"
5.71501363122628e-168,1.24704569890872,0.439,0.21,1.70130240787975e-163,"ANKUB1","AD_vs_PD","Oligodendrocyte"
8.10815840745152e-161,1.86124824991739,0.281,0.087,2.41371767631424e-156,"LINC01470","AD_vs_PD","Oligodendrocyte"
5.13958348777514e-156,0.982922461155518,0.522,0.291,1.53000260847578e-151,"PPA1","AD_vs_PD","Oligodendrocyte"
3.20229631428952e-152,1.38272016931216,0.371,0.161,9.53291589800848e-148,"LINC01572","AD_vs_PD","Oligodendrocyte"
7.66910114087196e-152,0.803872343724868,0.609,0.376,2.28301471862617e-147,"HAPLN2","AD_vs_PD","Oligodendrocyte"
2.04513333814933e-141,2.28374237285219,0.209,0.051,6.08815743433674e-137,"TMPRSS5","AD_vs_PD","Oligodendrocyte"
4.00888232678775e-141,-0.701712875878132,0.428,0.666,1.19340417986144e-136,"GRID2","AD_vs_PD","Oligodendrocyte"
1.43842851246916e-140,0.618241516120953,0.704,0.501,4.28205783876943e-136,"NKX6-2","AD_vs_PD","Oligodendrocyte"
9.42807761449192e-139,0.562236527079016,0.782,0.542,2.8066444250581e-134,"LRP1B","AD_vs_PD","Oligodendrocyte"
2.67008036294403e-138,-0.881978125450867,0.308,0.526,7.94856223244808e-134,"UTY","AD_vs_PD","Oligodendrocyte"
1.90152947800732e-135,0.500067239580065,0.804,0.614,5.66066310308e-131,"PTMA","AD_vs_PD","Oligodendrocyte"
3.72219978366086e-131,-1.65895468747736,0.115,0.287,1.108061653598e-126,"HSPA4L","AD_vs_PD","Oligodendrocyte"
8.30807736382681e-130,1.24827180475292,0.367,0.174,2.4732315504376e-125,"AP003086.2","AD_vs_PD","Oligodendrocyte"
4.99777740270733e-126,1.24220057195488,0.359,0.17,1.48778835501195e-121,"LINC00513","AD_vs_PD","Oligodendrocyte"
8.98382484886165e-125,1.18219013369766,0.365,0.172,2.67439481925762e-120,"RASSF4","AD_vs_PD","Oligodendrocyte"
2.56536989836767e-119,-1.43291892672008,0.142,0.312,7.63684965045072e-115,"DNAJB1","AD_vs_PD","Oligodendrocyte"
1.33274127594638e-115,-1.315205349367,0.165,0.332,3.96743750436478e-111,"PDE1A","AD_vs_PD","Oligodendrocyte"
1.11059745188349e-114,0.66145541396505,0.615,0.433,3.30613755451195e-110,"OLIG1","AD_vs_PD","Oligodendrocyte"
1.00752770806967e-110,1.12300555251029,0.367,0.188,2.9993092341526e-106,"AP002370.2","AD_vs_PD","Oligodendrocyte"
1.55551777866428e-110,0.568523749799837,0.699,0.499,4.63062087530568e-106,"EIF1","AD_vs_PD","Oligodendrocyte"
1.58778806263337e-110,1.05053300924825,0.387,0.204,4.72668628365327e-106,"PIGC","AD_vs_PD","Oligodendrocyte"
4.57315826737532e-109,0.80049242161841,0.501,0.301,1.36138348461496e-104,"RPL10","AD_vs_PD","Oligodendrocyte"
6.23851370348147e-109,-0.50513641559874,0.577,0.695,1.8571431443894e-104,"HIBCH","AD_vs_PD","Oligodendrocyte"
5.67707446296014e-108,0.82161972226539,0.497,0.301,1.69000829687861e-103,"MT2A","AD_vs_PD","Oligodendrocyte"
7.26237133190986e-108,1.59871942549623,0.24,0.089,2.16193532179625e-103,"ABCA6","AD_vs_PD","Oligodendrocyte"
5.7761049233777e-105,-0.689653722550635,0.389,0.554,1.71948867464031e-100,"PIEZO2","AD_vs_PD","Oligodendrocyte"
4.88838887766581e-104,0.962270978848723,0.405,0.22,1.45522448499234e-99,"GYPA","AD_vs_PD","Oligodendrocyte"
5.57828416098449e-102,1.20530547131683,0.314,0.149,1.66059941188347e-97,"AL139294.1","AD_vs_PD","Oligodendrocyte"
7.47610420797651e-102,1.33362563454806,0.272,0.114,2.22556146167253e-97,"AP000462.1","AD_vs_PD","Oligodendrocyte"
1.22891565535006e-101,1.49541464909179,0.245,0.096,3.65835901441158e-97,"AZGP1","AD_vs_PD","Oligodendrocyte"
1.24842872518393e-101,1.19412642494368,0.315,0.151,3.71644747200004e-97,"IPO9-AS1","AD_vs_PD","Oligodendrocyte"
1.1887697426054e-99,1.12743726392831,0.335,0.17,3.53884864676202e-95,"ELMO1-AS1","AD_vs_PD","Oligodendrocyte"
5.77412638047467e-98,0.724348623817193,0.517,0.332,1.71889968220351e-93,"ACTG1","AD_vs_PD","Oligodendrocyte"
6.86812742858154e-98,-0.631392201242123,0.5,0.604,2.04457285421444e-93,"HSPA1A","AD_vs_PD","Oligodendrocyte"
9.02977416533999e-97,1.21527841671815,0.283,0.125,2.68807347128006e-92,"KLF9","AD_vs_PD","Oligodendrocyte"
6.32546912760418e-95,0.573476838769597,0.641,0.446,1.88302890459649e-90,"TSC22D4","AD_vs_PD","Oligodendrocyte"
5.01883578998517e-93,0.649866913075512,0.567,0.377,1.49405722632068e-88,"LDLRAD3","AD_vs_PD","Oligodendrocyte"
4.07345778912983e-92,-0.95737913566619,0.226,0.387,1.21262764924606e-87,"SORBS1","AD_vs_PD","Oligodendrocyte"
6.69571223404215e-91,0.555248491214594,0.633,0.467,1.99324657495201e-86,"LRRTM3","AD_vs_PD","Oligodendrocyte"
1.93712513241379e-90,0.595488980570413,0.601,0.409,5.76662780668263e-86,"GAPDH","AD_vs_PD","Oligodendrocyte"
2.97633361015215e-89,0.775641308560998,0.46,0.284,8.86024752406193e-85,"SRP14","AD_vs_PD","Oligodendrocyte"
2.95353681968188e-88,1.50980563074444,0.209,0.079,8.79238375851099e-84,"LRP4-AS1","AD_vs_PD","Oligodendrocyte"
7.34350465748454e-88,0.80642399589688,0.439,0.271,2.18608790148657e-83,"ZNF565","AD_vs_PD","Oligodendrocyte"
1.32125368360208e-87,0.52497551865868,0.66,0.496,3.93324009071504e-83,"MIR219A2","AD_vs_PD","Oligodendrocyte"
2.99273411336643e-87,0.782087447410663,0.441,0.268,8.90907018208052e-83,"PRDX1","AD_vs_PD","Oligodendrocyte"
2.31913914213832e-86,1.42063241597091,0.218,0.086,6.90384531223158e-82,"BCL2L14","AD_vs_PD","Oligodendrocyte"
5.48871827243496e-85,-0.88864623262239,0.26,0.41,1.63393654252116e-80,"HSPH1","AD_vs_PD","Oligodendrocyte"
1.54971941205037e-84,0.560592523172287,0.622,0.444,4.61335971773275e-80,"MT3","AD_vs_PD","Oligodendrocyte"
1.84543923107853e-84,0.512038020319443,0.654,0.478,5.49368804699767e-80,"ITM2B","AD_vs_PD","Oligodendrocyte"
1.08003486852962e-82,0.740503525177757,0.462,0.297,3.21515580012581e-78,"CDKN1C","AD_vs_PD","Oligodendrocyte"
2.86565952193268e-81,0.904451487582451,0.36,0.204,8.53078183084139e-77,"BEX4","AD_vs_PD","Oligodendrocyte"
1.0736943764449e-80,1.20734739309921,0.255,0.118,3.19628078923881e-76,"AC125613.1","AD_vs_PD","Oligodendrocyte"
1.81423955574842e-80,1.07181780097958,0.31,0.165,5.40080973350746e-76,"CD63","AD_vs_PD","Oligodendrocyte"
1.76416655933619e-79,1.26429157927474,0.235,0.104,5.25174743048792e-75,"KIF19","AD_vs_PD","Oligodendrocyte"
3.96995841527674e-79,0.69130771392019,0.483,0.317,1.18181692064373e-74,"BCL2","AD_vs_PD","Oligodendrocyte"
1.00221124465894e-76,1.05349343260571,0.292,0.152,2.9834826542252e-72,"NFKBIA","AD_vs_PD","Oligodendrocyte"
2.28800955931581e-76,1.30556053331771,0.222,0.097,6.81117565712722e-72,"FAM196A","AD_vs_PD","Oligodendrocyte"
1.96155116159025e-75,0.783820094776921,0.407,0.254,5.83934165293803e-71,"SRSF7","AD_vs_PD","Oligodendrocyte"
2.1387187943676e-74,0.879950646355624,0.352,0.204,6.36675197895292e-70,"PPP3CB-AS1","AD_vs_PD","Oligodendrocyte"
3.22753020976995e-73,1.24379031293566,0.228,0.104,9.60803468146416e-69,"SEMA6A-AS1","AD_vs_PD","Oligodendrocyte"
4.67483074884121e-73,0.566987315070878,0.56,0.396,1.39165036562254e-68,"PCDH9-AS2","AD_vs_PD","Oligodendrocyte"
9.50099488546231e-73,0.753288604855959,0.407,0.251,2.82835116745328e-68,"GABARAPL2","AD_vs_PD","Oligodendrocyte"
2.66750278609717e-72,0.888902975613072,0.352,0.208,7.94088904393267e-68,"TXNIP","AD_vs_PD","Oligodendrocyte"
1.02100478667685e-71,-1.1209707422103,0.148,0.278,3.03942914945833e-67,"HSPB1","AD_vs_PD","Oligodendrocyte"
1.35059268233268e-71,0.669612859689797,0.455,0.296,4.02057935603615e-67,"RPL18","AD_vs_PD","Oligodendrocyte"
1.74496990491481e-71,0.646970553160587,0.472,0.305,5.1946009099409e-67,"RPL11","AD_vs_PD","Oligodendrocyte"
3.99190152468038e-71,1.16479587334474,0.246,0.12,1.1883491648821e-66,"AC084032.1","AD_vs_PD","Oligodendrocyte"
1.02372565417239e-70,1.36912015900551,0.201,0.086,3.04752889990579e-66,"ZBTB20-AS5","AD_vs_PD","Oligodendrocyte"
1.24578211424159e-70,0.980335057312519,0.295,0.159,3.70856877588579e-66,"BTF3","AD_vs_PD","Oligodendrocyte"
1.7329091829184e-69,0.550699987248216,0.557,0.407,5.15869734662979e-65,"JUND","AD_vs_PD","Oligodendrocyte"
2.40079202735372e-69,0.512544292626809,0.59,0.442,7.1469177862293e-65,"SLC38A2","AD_vs_PD","Oligodendrocyte"
6.61830219468209e-69,0.937679345330328,0.303,0.166,1.97020238033491e-64,"CRLF3","AD_vs_PD","Oligodendrocyte"
7.21058637084499e-69,0.542652852632867,0.555,0.402,2.14651945673684e-64,"HTRA1","AD_vs_PD","Oligodendrocyte"
6.11529421084499e-68,1.22768042530709,0.222,0.104,1.82046193362645e-63,"AC010894.3","AD_vs_PD","Oligodendrocyte"
8.31270808477814e-68,0.57624873793136,0.526,0.381,2.4746100697576e-63,"AC110285.1","AD_vs_PD","Oligodendrocyte"
2.13794688794747e-67,0.605119247562243,0.495,0.342,6.36445409073081e-63,"STMN1","AD_vs_PD","Oligodendrocyte"
2.43982786972449e-67,1.19778038941953,0.23,0.111,7.26312358538283e-63,"AC093879.1","AD_vs_PD","Oligodendrocyte"
9.06155052531164e-67,-0.554327705127555,0.405,0.534,2.69753297588002e-62,"CD22","AD_vs_PD","Oligodendrocyte"
7.14643067739439e-66,0.992110115913989,0.269,0.141,2.12742094835354e-61,"PHLDA3","AD_vs_PD","Oligodendrocyte"
9.77736516552678e-66,0.601773731386908,0.489,0.337,2.91062383612567e-61,"HSPA2","AD_vs_PD","Oligodendrocyte"
1.24613521774587e-65,0.690723132039914,0.418,0.272,3.70961992970767e-61,"MID1IP1","AD_vs_PD","Oligodendrocyte"
1.35170415370508e-65,1.29934826725121,0.2,0.089,4.02388809516464e-61,"H2AFZ","AD_vs_PD","Oligodendrocyte"
2.41830736214385e-65,0.839765470665385,0.33,0.192,7.19905918636603e-61,"DBI","AD_vs_PD","Oligodendrocyte"
3.59375478296226e-65,1.14844427832282,0.213,0.097,1.06982486134003e-60,"FMNL3","AD_vs_PD","Oligodendrocyte"
4.42083610807704e-65,0.850587832785988,0.329,0.193,1.31603870101345e-60,"PGRMC1","AD_vs_PD","Oligodendrocyte"
7.70138755209895e-65,0.514455048772051,0.566,0.403,2.29262606038434e-60,"EEF1A1","AD_vs_PD","Oligodendrocyte"
1.54010297915791e-64,-0.993515283558139,0.169,0.292,4.58473255865519e-60,"LDB3","AD_vs_PD","Oligodendrocyte"
1.2698878666083e-61,0.968381675832708,0.275,0.152,3.78032919010624e-57,"IFIT3","AD_vs_PD","Oligodendrocyte"
1.89407869504944e-61,0.660999999522997,0.417,0.273,5.63848286729268e-57,"RPL3P4","AD_vs_PD","Oligodendrocyte"
1.03268346501671e-60,0.506027245341958,0.546,0.391,3.07419540700825e-56,"B2M","AD_vs_PD","Oligodendrocyte"
1.05284277946393e-60,0.719797455121096,0.379,0.24,3.13420767018617e-56,"PTMAP2","AD_vs_PD","Oligodendrocyte"
2.29591957188242e-60,0.681708499351391,0.401,0.26,6.83472297353677e-56,"RPL8","AD_vs_PD","Oligodendrocyte"
5.84619483189431e-59,0.519779317273341,0.53,0.385,1.74035373950662e-54,"SARAF","AD_vs_PD","Oligodendrocyte"
9.51857991168092e-59,0.772881005496847,0.346,0.216,2.83358605390829e-54,"RAB11A","AD_vs_PD","Oligodendrocyte"
4.61109131233743e-58,0.810831693663593,0.312,0.184,1.37267577276973e-53,"TMEM258","AD_vs_PD","Oligodendrocyte"
3.41081056575173e-57,-0.684332069515486,0.273,0.398,1.01536419731863e-52,"SEMA6D","AD_vs_PD","Oligodendrocyte"
6.45310014795368e-57,0.760984905405169,0.342,0.215,1.92102338304433e-52,"PDXDC1","AD_vs_PD","Oligodendrocyte"
9.37420112728678e-57,0.668124720621301,0.391,0.256,2.790605933582e-52,"RPS9","AD_vs_PD","Oligodendrocyte"
4.9445462644644e-56,0.976720012793327,0.245,0.131,1.47194197746841e-51,"NHLRC3","AD_vs_PD","Oligodendrocyte"
4.90555362247165e-55,0.770094211829219,0.317,0.19,1.46033425787358e-50,"DLEU1","AD_vs_PD","Oligodendrocyte"
1.07070274336769e-54,0.893759493938409,0.27,0.153,3.18737499673127e-50,"FAM69C","AD_vs_PD","Oligodendrocyte"
1.36379133381725e-54,0.829725830409329,0.301,0.18,4.05987042164057e-50,"OLIG2","AD_vs_PD","Oligodendrocyte"
4.35608208625865e-54,0.616266373454039,0.435,0.304,1.29676207625834e-49,"ITPKB","AD_vs_PD","Oligodendrocyte"
1.09298615899365e-53,1.03674365583133,0.216,0.11,3.2537104967082e-49,"ETV5","AD_vs_PD","Oligodendrocyte"
1.95829198382636e-53,-0.577623049544301,0.364,0.476,5.82963940665269e-49,"CHORDC1","AD_vs_PD","Oligodendrocyte"
2.53863021591593e-53,-0.771203779668623,0.223,0.341,7.55724828976014e-49,"STIP1","AD_vs_PD","Oligodendrocyte"
7.02067323396684e-52,0.565873127574146,0.438,0.298,2.08998421501959e-47,"RPL41","AD_vs_PD","Oligodendrocyte"
9.02221714799054e-52,0.691911348921173,0.356,0.231,2.6858238227853e-47,"HINT1","AD_vs_PD","Oligodendrocyte"
1.43492258581831e-51,-0.592548756907908,0.323,0.442,4.27162104572252e-47,"DNAJB2","AD_vs_PD","Oligodendrocyte"
1.71981875379105e-51,0.581022199998663,0.433,0.301,5.11972844816058e-47,"RPS3","AD_vs_PD","Oligodendrocyte"
3.58678350283591e-51,0.65623873884016,0.333,0.202,1.06774958095922e-46,"XYLT1","AD_vs_PD","Oligodendrocyte"
5.09616761662068e-51,0.792349903276476,0.287,0.168,1.51707813779181e-46,"ABTB2","AD_vs_PD","Oligodendrocyte"
2.82393460670495e-49,0.898971132765446,0.22,0.114,8.40657093069997e-45,"CNTN3","AD_vs_PD","Oligodendrocyte"
4.46783475642779e-49,1.0837109399435,0.2,0.103,1.33002972864099e-44,"BTG1","AD_vs_PD","Oligodendrocyte"
5.72609354076652e-49,-0.501149782666624,0.404,0.509,1.70460078615079e-44,"CLIP2","AD_vs_PD","Oligodendrocyte"
7.03081746926227e-49,0.613502761379585,0.391,0.266,2.09300405242469e-44,"PLPP2","AD_vs_PD","Oligodendrocyte"
7.57935027796183e-49,-0.590419337860165,0.312,0.426,2.25629678424646e-44,"GARNL3","AD_vs_PD","Oligodendrocyte"
1.22835330954152e-48,0.735531615157196,0.314,0.198,3.65668496717416e-44,"PSMD5-AS1","AD_vs_PD","Oligodendrocyte"
3.52806431757427e-48,-0.549210922588661,0.352,0.462,1.05026946669868e-43,"SPATS2L","AD_vs_PD","Oligodendrocyte"
2.26343390281227e-47,0.73476586390787,0.307,0.193,6.73801638528186e-43,"GSTP1","AD_vs_PD","Oligodendrocyte"
3.53732474723265e-47,0.646011460847157,0.354,0.234,1.05302620400369e-42,"RPS14","AD_vs_PD","Oligodendrocyte"
5.16672894898432e-47,0.859212708368148,0.249,0.143,1.53808354082314e-42,"AL358216.1","AD_vs_PD","Oligodendrocyte"
1.05146364753881e-46,0.588781193754066,0.387,0.26,3.13010213235829e-42,"RPL15","AD_vs_PD","Oligodendrocyte"
1.8101038812679e-46,0.990273537448577,0.203,0.107,5.38849824414641e-42,"ERH","AD_vs_PD","Oligodendrocyte"
1.97873164674234e-46,0.645756742092937,0.349,0.228,5.89048623918726e-42,"EID1","AD_vs_PD","Oligodendrocyte"
2.2625469209517e-46,0.571423943643808,0.399,0.268,6.73537592898111e-42,"RPL19","AD_vs_PD","Oligodendrocyte"
2.30389804593753e-46,-0.987079055069018,0.108,0.204,6.85847409295144e-42,"TTTY14","AD_vs_PD","Oligodendrocyte"
2.66471506093972e-46,0.852198972633546,0.262,0.157,7.93259026491145e-42,"PDE5A","AD_vs_PD","Oligodendrocyte"
3.40291580619264e-46,0.761438656957917,0.286,0.176,1.01301400634549e-41,"PCDH9-AS1","AD_vs_PD","Oligodendrocyte"
3.92979371774704e-46,0.899672965363249,0.232,0.131,1.16986029183612e-41,"RPL36AL","AD_vs_PD","Oligodendrocyte"
2.71922164101361e-45,0.951115342501927,0.204,0.109,8.09485090313342e-41,"PTMAP5","AD_vs_PD","Oligodendrocyte"
3.8212271995706e-45,-0.917011905552714,0.126,0.225,1.13754112504017e-40,"ARL17A","AD_vs_PD","Oligodendrocyte"
4.23457921484223e-45,-0.672572048557981,0.216,0.331,1.26059188646638e-40,"NLGN4Y","AD_vs_PD","Oligodendrocyte"
2.88311672162921e-44,0.575608107963543,0.394,0.271,8.58275016861798e-40,"AC004158.1","AD_vs_PD","Oligodendrocyte"
3.46864699781727e-44,0.671967439585249,0.325,0.215,1.03258152478022e-39,"TALDO1","AD_vs_PD","Oligodendrocyte"
3.49312847681876e-44,0.6178568804724,0.362,0.248,1.03986941626418e-39,"ATP1A1","AD_vs_PD","Oligodendrocyte"
1.40567343939348e-43,0.751949910600709,0.27,0.164,4.18454926173044e-39,"RPS4X","AD_vs_PD","Oligodendrocyte"
1.42484758438393e-43,1.01346824339931,0.205,0.113,4.24162877395253e-39,"S100A6","AD_vs_PD","Oligodendrocyte"
1.96668888618785e-43,0.8733617868034,0.231,0.132,5.85463614529261e-39,"BCAN","AD_vs_PD","Oligodendrocyte"
1.0161413502837e-42,0.646055447213634,0.327,0.215,3.02495118565955e-38,"RPS2","AD_vs_PD","Oligodendrocyte"
1.85441761095515e-42,0.606488742298495,0.344,0.227,5.5204157860524e-38,"RPS27A","AD_vs_PD","Oligodendrocyte"
2.13294329177902e-42,0.855709324639337,0.235,0.138,6.34955888529696e-38,"BEX1","AD_vs_PD","Oligodendrocyte"
3.89577515866207e-42,0.577411775096336,0.38,0.262,1.15973330698211e-37,"DPYSL5","AD_vs_PD","Oligodendrocyte"
4.07857460487122e-42,0.775058291866224,0.268,0.167,1.21415087412411e-37,"KLHL28","AD_vs_PD","Oligodendrocyte"
4.53212701040494e-42,-0.533731761814926,0.334,0.437,1.34916888972745e-37,"LINC00862","AD_vs_PD","Oligodendrocyte"
4.53944587984608e-42,0.885794075223882,0.218,0.123,1.35134764397138e-37,"BEX2","AD_vs_PD","Oligodendrocyte"
4.97022712351783e-42,0.541644382419244,0.396,0.276,1.47958691240002e-37,"AC016739.1","AD_vs_PD","Oligodendrocyte"
6.05825826609257e-42,0.909298428977102,0.213,0.12,1.8034829032331e-37,"NUP210L","AD_vs_PD","Oligodendrocyte"
6.8443180349839e-42,-0.617676270717704,0.284,0.386,2.03748503583436e-37,"MT-ND5","AD_vs_PD","Oligodendrocyte"
1.94158585010038e-41,0.93361217235973,0.2,0.11,5.77990691716381e-37,"PIM3","AD_vs_PD","Oligodendrocyte"
3.67243940018481e-41,0.637294642749718,0.322,0.212,1.09324848504102e-36,"FAU","AD_vs_PD","Oligodendrocyte"
4.9152206872695e-41,0.613560337480663,0.336,0.223,1.46321204639326e-36,"ZMIZ1","AD_vs_PD","Oligodendrocyte"
5.26185180198099e-41,0.547364677133179,0.398,0.283,1.56640066293172e-36,"CLOCK","AD_vs_PD","Oligodendrocyte"
6.51947856359346e-41,0.747931995286517,0.27,0.17,1.94078357359614e-36,"SRSF3","AD_vs_PD","Oligodendrocyte"
3.86525929794134e-40,0.750842995907261,0.252,0.153,1.15064904040416e-35,"PARK7","AD_vs_PD","Oligodendrocyte"
4.42105253567303e-40,0.883455043330337,0.206,0.116,1.3161031293445e-35,"ORMDL1","AD_vs_PD","Oligodendrocyte"
6.01757553366798e-40,0.859262983747117,0.212,0.12,1.79137206061762e-35,"RBM48","AD_vs_PD","Oligodendrocyte"
8.74367267650569e-40,0.87467377165682,0.214,0.123,2.60290391906898e-35,"PLEKHH2","AD_vs_PD","Oligodendrocyte"
2.1976679200073e-39,0.802401619167167,0.233,0.138,6.54223763106974e-35,"PSMA7","AD_vs_PD","Oligodendrocyte"
2.56767284864008e-39,0.815371492277814,0.227,0.133,7.64370530311664e-35,"ADAM12","AD_vs_PD","Oligodendrocyte"
3.63704632157571e-39,0.672420131032726,0.296,0.192,1.08271231946987e-34,"CHCHD2","AD_vs_PD","Oligodendrocyte"
4.39350370411821e-39,0.517114297318655,0.401,0.283,1.30790211767895e-34,"RPL29","AD_vs_PD","Oligodendrocyte"
4.99535703059332e-39,-0.691325709158608,0.172,0.274,1.48706783443732e-34,"STMN4","AD_vs_PD","Oligodendrocyte"
5.69851841029047e-39,0.596991048076,0.322,0.213,1.69639194555937e-34,"AC073861.1","AD_vs_PD","Oligodendrocyte"
6.00780653627673e-39,0.577164988716013,0.354,0.244,1.78846392778422e-34,"SKP1","AD_vs_PD","Oligodendrocyte"
6.08322918100142e-39,0.554160972787559,0.368,0.253,1.81091649489231e-34,"RPLP1","AD_vs_PD","Oligodendrocyte"
1.18701017075293e-38,0.641505300397484,0.31,0.207,3.53361057731441e-34,"KIAA0556","AD_vs_PD","Oligodendrocyte"
2.08153212673777e-38,0.706747966539854,0.268,0.169,6.19651298808568e-34,"KLF3","AD_vs_PD","Oligodendrocyte"
1.34835082480007e-37,0.513955471476992,0.382,0.266,4.01390557034734e-33,"TEKT4P2","AD_vs_PD","Oligodendrocyte"
2.40074571689976e-37,-0.560182874143614,0.304,0.398,7.14677992463888e-33,"FP671120.1","AD_vs_PD","Oligodendrocyte"
2.53244535600423e-37,0.522957078107383,0.389,0.279,7.53883658028899e-33,"HMGN3","AD_vs_PD","Oligodendrocyte"
2.86687567627569e-37,0.637217078360698,0.277,0.172,8.53440220070512e-33,"MDGA2","AD_vs_PD","Oligodendrocyte"
5.4934023712364e-37,0.544112758965051,0.367,0.26,1.63533095189336e-32,"CFL1","AD_vs_PD","Oligodendrocyte"
6.27992087806262e-37,0.614554470117443,0.311,0.209,1.86946964619046e-32,"RPSA","AD_vs_PD","Oligodendrocyte"
6.67757407205651e-37,0.630091221873474,0.311,0.21,1.9878470255105e-32,"TRIM13","AD_vs_PD","Oligodendrocyte"
7.26051340936393e-37,0.591370129745329,0.309,0.203,2.16138223683355e-32,"APOE","AD_vs_PD","Oligodendrocyte"
7.64756336748848e-37,-0.666159569195843,0.226,0.319,2.27660313886764e-32,"SEC14L5","AD_vs_PD","Oligodendrocyte"
5.5141310776996e-36,0.693369240936395,0.267,0.173,1.64150168052039e-31,"DAD1","AD_vs_PD","Oligodendrocyte"
8.47521277967933e-36,0.543231371132718,0.35,0.243,2.52298609238274e-31,"PDK4","AD_vs_PD","Oligodendrocyte"
9.77525164099065e-36,0.632270707717993,0.29,0.192,2.90999466100651e-31,"REEP5","AD_vs_PD","Oligodendrocyte"
1.0986124339686e-35,-0.68051108746679,0.219,0.309,3.27045935468114e-31,"MT-ND4L","AD_vs_PD","Oligodendrocyte"
2.35725826491561e-35,0.661242542697023,0.262,0.166,7.01732212882727e-31,"AC022431.1","AD_vs_PD","Oligodendrocyte"
2.51648669433648e-35,0.784727778417517,0.223,0.137,7.49132924037027e-31,"TAF7","AD_vs_PD","Oligodendrocyte"
3.16989341239419e-35,0.625662719748685,0.283,0.185,9.43645569935626e-31,"TOMM20","AD_vs_PD","Oligodendrocyte"
6.00736609065217e-35,0.655844551804176,0.273,0.177,1.78833281152624e-30,"DSTN","AD_vs_PD","Oligodendrocyte"
6.51906514291896e-35,0.528154465962043,0.352,0.246,1.94066050239555e-30,"CLTA","AD_vs_PD","Oligodendrocyte"
1.43801654327136e-34,-0.809437110093501,0.169,0.254,4.28083144766452e-30,"SLC26A3","AD_vs_PD","Oligodendrocyte"
1.97746035375951e-34,0.831677815889181,0.208,0.125,5.88670172710668e-30,"KRT10","AD_vs_PD","Oligodendrocyte"
4.84707808497882e-34,-0.823364006323475,0.124,0.207,1.44292667511734e-29,"ANOS2P","AD_vs_PD","Oligodendrocyte"
5.43730365721684e-34,-0.562569936640908,0.258,0.352,1.61863092571688e-29,"GREB1L","AD_vs_PD","Oligodendrocyte"
6.7958701853957e-34,0.736276514341527,0.232,0.145,2.02306259549045e-29,"RPL5","AD_vs_PD","Oligodendrocyte"
6.79964691766822e-34,0.701420891544785,0.246,0.156,2.02418689092065e-29,"SSNA1","AD_vs_PD","Oligodendrocyte"
1.2318701614146e-33,0.677092536155878,0.254,0.163,3.66715428351511e-29,"ATP6AP2","AD_vs_PD","Oligodendrocyte"
1.31027643929033e-33,0.755132569624831,0.223,0.138,3.90056193212337e-29,"TUFM","AD_vs_PD","Oligodendrocyte"
2.28888503767997e-33,0.696050906434357,0.243,0.154,6.81378186866952e-29,"DDX24","AD_vs_PD","Oligodendrocyte"
2.41226115651297e-33,0.621140537555924,0.288,0.195,7.18106023682345e-29,"ARPC5","AD_vs_PD","Oligodendrocyte"
3.80482316999982e-33,0.724905475765619,0.221,0.135,1.13265780947725e-28,"SRSF2","AD_vs_PD","Oligodendrocyte"
4.19960270792477e-33,0.768953174698309,0.234,0.149,1.25017973012212e-28,"TMSB10","AD_vs_PD","Oligodendrocyte"
4.40929101432519e-33,0.563953350399721,0.31,0.21,1.31260184205447e-28,"COX4I1","AD_vs_PD","Oligodendrocyte"
1.08716478324911e-32,0.613841026754594,0.277,0.182,3.23638084325427e-28,"CDH8","AD_vs_PD","Oligodendrocyte"
1.14954185828447e-32,0.803238314633285,0.205,0.125,3.42207115792705e-28,"DDX18","AD_vs_PD","Oligodendrocyte"
1.42288205805074e-32,0.569279312355572,0.309,0.213,4.23577759861126e-28,"PHGDH","AD_vs_PD","Oligodendrocyte"
1.69100129825136e-32,0.668797939395282,0.259,0.17,5.03394176476449e-28,"COX5B","AD_vs_PD","Oligodendrocyte"
2.03709205165606e-32,0.729317618044249,0.225,0.141,6.06421932857492e-28,"MAP1LC3B","AD_vs_PD","Oligodendrocyte"
2.66246093777859e-32,0.527317618690586,0.349,0.248,7.92587996567309e-28,"KHDRBS3","AD_vs_PD","Oligodendrocyte"
3.82613553843737e-32,0.724482060277194,0.233,0.149,1.13900228843742e-27,"EIF1B","AD_vs_PD","Oligodendrocyte"
5.03045773121946e-32,0.610405338447163,0.291,0.199,1.49751696200672e-27,"RABAC1","AD_vs_PD","Oligodendrocyte"
5.03204094091387e-32,-0.68346187747315,0.187,0.272,1.49798826770065e-27,"FRY","AD_vs_PD","Oligodendrocyte"
5.49688473371398e-32,0.718010842858172,0.238,0.153,1.63636761637932e-27,"AP005202.1","AD_vs_PD","Oligodendrocyte"
7.49899772480483e-32,0.74368978364215,0.218,0.136,2.23237663269715e-27,"AL449266.1","AD_vs_PD","Oligodendrocyte"
1.24723211243268e-31,0.514620382764159,0.346,0.248,3.71288527550084e-27,"CFL2","AD_vs_PD","Oligodendrocyte"
3.05386009605141e-31,0.629601929981157,0.265,0.177,9.09103611993544e-27,"RACK1","AD_vs_PD","Oligodendrocyte"
5.64096652062326e-31,0.539379197612944,0.321,0.225,1.67925932352434e-26,"KCNK1","AD_vs_PD","Oligodendrocyte"
1.36148461486032e-30,0.639435900248612,0.251,0.164,4.05300354997768e-26,"GALNT7","AD_vs_PD","Oligodendrocyte"
1.5194972752338e-30,-0.701718207442604,0.169,0.25,4.52339143864349e-26,"SLC13A3","AD_vs_PD","Oligodendrocyte"
2.98585537827806e-30,0.559133939792494,0.294,0.202,8.88859287559595e-26,"METTL7A","AD_vs_PD","Oligodendrocyte"
4.40453563484665e-30,0.77268856430195,0.202,0.125,1.3111862131375e-25,"AC104461.1","AD_vs_PD","Oligodendrocyte"
5.57978412241362e-30,-0.506984365424766,0.272,0.36,1.66104593540131e-25,"ASPA","AD_vs_PD","Oligodendrocyte"
7.61744526557452e-30,0.520739832853889,0.325,0.23,2.26763728110888e-25,"RPL14","AD_vs_PD","Oligodendrocyte"
1.16531698801505e-29,0.54550484568951,0.315,0.225,3.469032141622e-25,"RCN2","AD_vs_PD","Oligodendrocyte"
1.26083233650838e-29,0.665286411564173,0.25,0.167,3.75337178255179e-25,"PACRG-AS3","AD_vs_PD","Oligodendrocyte"
1.40642344629367e-29,0.703990708598625,0.216,0.137,4.18678195727163e-25,"TRIR","AD_vs_PD","Oligodendrocyte"
1.6588544580649e-29,0.557894844392547,0.301,0.21,4.9382438362134e-25,"RPS7","AD_vs_PD","Oligodendrocyte"
2.20987144560958e-29,0.57060489572113,0.297,0.208,6.57856630643517e-25,"BRI3","AD_vs_PD","Oligodendrocyte"
2.63657916039281e-29,0.669625747064319,0.242,0.16,7.84883250257336e-25,"AC018647.1","AD_vs_PD","Oligodendrocyte"
1.11012835590929e-28,0.642320327832746,0.234,0.152,3.30474110270636e-24,"AC018730.2","AD_vs_PD","Oligodendrocyte"
2.45754803459273e-28,0.661123258924918,0.214,0.135,7.31587474417911e-24,"RPS23","AD_vs_PD","Oligodendrocyte"
2.63094404008576e-28,0.626218869926399,0.234,0.151,7.83205731293131e-24,"RPS13","AD_vs_PD","Oligodendrocyte"
3.06488868132411e-28,0.702505972305815,0.208,0.131,9.12386711543373e-24,"SEMA3C","AD_vs_PD","Oligodendrocyte"
3.13769832503748e-28,0.723702028625942,0.204,0.128,9.34061414380407e-24,"TCEAL7","AD_vs_PD","Oligodendrocyte"
5.51802170976904e-28,0.512732621545859,0.317,0.228,1.64265988278114e-23,"AC073621.1","AD_vs_PD","Oligodendrocyte"
8.21135653895309e-28,-0.675494405782787,0.148,0.227,2.44443872808094e-23,"PLA2G4C","AD_vs_PD","Oligodendrocyte"
9.99952755455996e-28,0.649731284291799,0.232,0.153,2.97675935771696e-23,"BAIAP2L2","AD_vs_PD","Oligodendrocyte"
1.10475622820284e-27,0.696365749601358,0.211,0.135,3.28874881573705e-23,"TRMT10B","AD_vs_PD","Oligodendrocyte"
2.06851445178961e-27,-0.667862401719166,0.179,0.256,6.15776067153248e-23,"LINC00854","AD_vs_PD","Oligodendrocyte"
3.14967298945999e-27,0.630815547148091,0.222,0.143,9.37626152232344e-23,"RAB9A","AD_vs_PD","Oligodendrocyte"
4.00598303130891e-27,0.676892535898166,0.208,0.132,1.19254108859035e-22,"ILF3-AS1","AD_vs_PD","Oligodendrocyte"
5.85345071596382e-27,0.601262582013713,0.244,0.163,1.74251374363527e-22,"ERGIC2","AD_vs_PD","Oligodendrocyte"
7.63328198616619e-27,0.590720676607524,0.254,0.174,2.27235171446181e-22,"RHOB","AD_vs_PD","Oligodendrocyte"
8.02885694172183e-27,0.557004585606869,0.273,0.19,2.39011042298117e-22,"SELENOT","AD_vs_PD","Oligodendrocyte"
1.10522163587432e-26,0.629490779469823,0.23,0.153,3.29013428783427e-22,"AC008021.1","AD_vs_PD","Oligodendrocyte"
1.1516796711334e-26,0.559029886077727,0.27,0.186,3.42843521299703e-22,"YBX1","AD_vs_PD","Oligodendrocyte"
1.76808362420078e-26,0.645687910695494,0.204,0.129,5.2634081408833e-22,"RALYL","AD_vs_PD","Oligodendrocyte"
2.03706135982866e-26,0.512084297161628,0.299,0.214,6.06412796207394e-22,"BEX3","AD_vs_PD","Oligodendrocyte"
2.0415117129752e-26,0.55921073170901,0.263,0.181,6.07737621835588e-22,"NDUFA4","AD_vs_PD","Oligodendrocyte"
3.20340303134093e-26,0.692959658819709,0.215,0.143,9.5362104839988e-22,"ANXA5","AD_vs_PD","Oligodendrocyte"
3.32347360657352e-26,0.664167263242808,0.207,0.133,9.8936485794087e-22,"CD59","AD_vs_PD","Oligodendrocyte"
6.35722606557735e-26,0.505893140317804,0.3,0.215,1.89248262746172e-21,"RPS16","AD_vs_PD","Oligodendrocyte"
7.13218874130541e-26,0.530748573224754,0.284,0.202,2.12318126639921e-21,"SFT2D1","AD_vs_PD","Oligodendrocyte"
8.62554049799892e-26,0.570911254798679,0.251,0.171,2.5677371508493e-21,"RPS23P8","AD_vs_PD","Oligodendrocyte"
9.73429359788752e-26,0.551369767366308,0.275,0.194,2.89780186115514e-21,"MRFAP1","AD_vs_PD","Oligodendrocyte"
1.09206153676511e-25,0.69359585012809,0.207,0.135,3.25095798879604e-21,"CSTB","AD_vs_PD","Oligodendrocyte"
1.97132377760423e-25,-0.597435733107738,0.188,0.265,5.86843375355004e-21,"PLOD3","AD_vs_PD","Oligodendrocyte"
2.38364280360526e-25,0.522337628587563,0.273,0.19,7.09586626205249e-21,"TATDN3","AD_vs_PD","Oligodendrocyte"
2.65909652239247e-25,0.567582050077567,0.249,0.17,7.91586443751013e-21,"TOMM7","AD_vs_PD","Oligodendrocyte"
4.30982856940555e-25,0.58388604283833,0.241,0.163,1.28299286682634e-20,"DDX3X","AD_vs_PD","Oligodendrocyte"
8.91530301254327e-25,0.54214086383151,0.269,0.189,2.65399655380401e-20,"SAR1B","AD_vs_PD","Oligodendrocyte"
1.87208786859372e-24,0.575574252756183,0.252,0.176,5.57301837601663e-20,"PPIB","AD_vs_PD","Oligodendrocyte"
4.65127919656099e-24,-0.504625968307058,0.231,0.309,1.38463930402424e-19,"AC139887.2","AD_vs_PD","Oligodendrocyte"
7.10235536478416e-24,0.578583195284978,0.232,0.158,2.1143001685426e-19,"HDAC2","AD_vs_PD","Oligodendrocyte"
1.39173434515469e-23,0.538352037976463,0.26,0.183,4.14305397209101e-19,"PPIA","AD_vs_PD","Oligodendrocyte"
1.66570367250212e-23,-0.639373935425014,0.148,0.218,4.95863326267155e-19,"GRIA3","AD_vs_PD","Oligodendrocyte"
5.36880299875167e-23,0.658694136277557,0.2,0.133,1.59823896469838e-18,"LMNA","AD_vs_PD","Oligodendrocyte"
9.41097341892745e-23,0.610023476693794,0.217,0.148,2.80155267708051e-18,"FAM96B","AD_vs_PD","Oligodendrocyte"
1.31381976859281e-22,-0.673562442829166,0.14,0.206,3.91111006912393e-18,"DAPK2","AD_vs_PD","Oligodendrocyte"
1.79522833397755e-22,0.520905470819311,0.259,0.185,5.34421522741777e-18,"CRYL1","AD_vs_PD","Oligodendrocyte"
1.87539872285538e-22,0.540657301549154,0.261,0.189,5.58287445806818e-18,"RPS5","AD_vs_PD","Oligodendrocyte"
2.70242813718459e-22,0.519445262860365,0.249,0.174,8.04485832158481e-18,"RPL23A","AD_vs_PD","Oligodendrocyte"
3.25317022478227e-22,-0.609711765995035,0.256,0.312,9.68436244215435e-18,"FP236383.1","AD_vs_PD","Oligodendrocyte"
6.52478814300717e-22,0.534965161963707,0.229,0.156,1.9423641822918e-17,"AC092691.1","AD_vs_PD","Oligodendrocyte"
9.62935966379179e-22,0.631158008703852,0.204,0.139,2.86656407831418e-17,"SRI","AD_vs_PD","Oligodendrocyte"
2.52281875830887e-21,0.534392443415415,0.242,0.172,7.51017916160968e-17,"RPS27L","AD_vs_PD","Oligodendrocyte"
2.64523737080603e-21,0.517624967575031,0.243,0.171,7.87460712915247e-17,"ATP6V0E1","AD_vs_PD","Oligodendrocyte"
3.01714855109454e-21,0.53974429065506,0.247,0.177,8.98174952175332e-17,"USP39","AD_vs_PD","Oligodendrocyte"
4.85286218187274e-21,0.536140214752469,0.251,0.182,1.4446485429217e-16,"UCHL1","AD_vs_PD","Oligodendrocyte"
5.4360219949932e-21,0.540871604579115,0.236,0.167,1.61824938768953e-16,"SRP9","AD_vs_PD","Oligodendrocyte"
7.23940899151644e-21,0.532349761603162,0.239,0.17,2.15509966268453e-16,"CXADR","AD_vs_PD","Oligodendrocyte"
8.57812155362711e-21,0.573576852374096,0.22,0.154,2.55362100529925e-16,"SUB1","AD_vs_PD","Oligodendrocyte"
9.52784847415952e-21,0.590666881746099,0.207,0.142,2.83634521227255e-16,"DECR1","AD_vs_PD","Oligodendrocyte"
1.21753298977415e-20,0.53420147418674,0.225,0.157,3.62447395725865e-16,"LMO4","AD_vs_PD","Oligodendrocyte"
1.49651463073154e-20,0.547138032537575,0.217,0.15,4.45497440422473e-16,"PPP1CC","AD_vs_PD","Oligodendrocyte"
2.93491615261367e-20,0.580213429704125,0.202,0.138,8.73695189471564e-16,"SLC25A3","AD_vs_PD","Oligodendrocyte"
3.29255182991955e-20,0.528421518231543,0.223,0.156,9.80159754248752e-16,"GINM1","AD_vs_PD","Oligodendrocyte"
1.4244744005146e-19,0.514233023594911,0.223,0.157,4.24051784289191e-15,"AC098829.1","AD_vs_PD","Oligodendrocyte"
1.74325050776633e-19,0.567877098260256,0.207,0.145,5.18948243656959e-15,"EDF1","AD_vs_PD","Oligodendrocyte"
2.68906927339475e-19,0.528934102939347,0.208,0.143,8.00509031996882e-15,"PDCD10","AD_vs_PD","Oligodendrocyte"
6.43816846364972e-19,0.575157703617635,0.205,0.144,1.91657836994389e-14,"PTTG1IP","AD_vs_PD","Oligodendrocyte"
6.90658729045671e-19,0.556468838776754,0.21,0.148,2.05602197049606e-14,"TMEM50A","AD_vs_PD","Oligodendrocyte"
8.01359514214591e-19,0.548843960691234,0.206,0.143,2.38556713786542e-14,"NOL7","AD_vs_PD","Oligodendrocyte"
1.12386466806568e-18,-0.555116863799544,0.191,0.252,3.34563273036472e-14,"CLASRP","AD_vs_PD","Oligodendrocyte"
2.5588783217298e-18,0.546147660103477,0.202,0.141,7.61752487595745e-14,"ITM2C","AD_vs_PD","Oligodendrocyte"
7.32018922573979e-18,0.545819657362035,0.207,0.147,2.17914713061048e-13,"RPL7AP6","AD_vs_PD","Oligodendrocyte"
1.0538069590756e-17,0.526428943650973,0.217,0.157,3.13707793647216e-13,"PCSK1N","AD_vs_PD","Oligodendrocyte"
1.73860188617667e-17,0.516711785284704,0.211,0.15,5.17564395495934e-13,"COPS9","AD_vs_PD","Oligodendrocyte"
4.91401083460441e-17,-0.540162763965383,0.148,0.206,1.46285188535339e-12,"TMEM131L","AD_vs_PD","Oligodendrocyte"
3.66717373812456e-16,0.536180374380786,0.201,0.146,1.0916809501023e-11,"SAT2","AD_vs_PD","Oligodendrocyte"
5.4761415930937e-16,-0.556422279979252,0.151,0.206,1.63019259084806e-11,"AC092958.1","AD_vs_PD","Oligodendrocyte"
7.59585940551319e-16,-0.510482857816075,0.164,0.22,2.26121138642722e-11,"GPI","AD_vs_PD","Oligodendrocyte"
