"p_val","avg_log2FC","pct.1","pct.2","p_val_adj","gene","contrast","celltype"
2.32109558243057e-172,-0.910834784842628,0.793,0.966,6.90966943933756e-168,"MT-CO3","AD_vs_Ctrl","Astrocyte"
2.40821238896977e-134,1.56604832307787,0.764,0.414,7.1690074607241e-130,"MT1G","AD_vs_Ctrl","Astrocyte"
2.49407312281987e-134,-0.585608842718556,0.943,0.991,7.42460627932247e-130,"MT-RNR2","AD_vs_Ctrl","Astrocyte"
2.96521237263306e-123,-0.746926314920302,0.801,0.956,8.82714071209135e-119,"MT-CO2","AD_vs_Ctrl","Astrocyte"
1.83701212959906e-122,-0.727843280248593,0.825,0.962,5.46860140860343e-118,"MT-RNR1","AD_vs_Ctrl","Astrocyte"
4.67889760654154e-111,2.64820299488316,0.494,0.121,1.39286102849135e-106,"MT1H","AD_vs_Ctrl","Astrocyte"
7.17648424312092e-111,-7.94372087805128,0.002,0.257,2.13636759433467e-106,"MTND1P23","AD_vs_Ctrl","Astrocyte"
7.49854452122037e-110,-0.779472785804025,0.739,0.924,2.23224171852209e-105,"MT-ATP6","AD_vs_Ctrl","Astrocyte"
5.27979418357397e-109,-3.57126224732295,0.057,0.36,1.57174193050813e-104,"IFI6","AD_vs_Ctrl","Astrocyte"
1.29690142921273e-104,-0.814250030284199,0.707,0.911,3.86074586462337e-100,"MT-CYB","AD_vs_Ctrl","Astrocyte"
5.58825693571296e-104,-3.79748439651069,0.038,0.321,1.66356820719239e-99,"IFI44L","AD_vs_Ctrl","Astrocyte"
1.70256398447499e-101,1.12239097758613,0.801,0.576,5.06836272538361e-97,"CRYAB","AD_vs_Ctrl","Astrocyte"
2.26411038621787e-96,-0.986785017693254,0.593,0.763,6.74003020873198e-92,"F3","AD_vs_Ctrl","Astrocyte"
2.75027538716758e-96,-3.93627749822873,0.034,0.297,8.18729480005916e-92,"ISG15","AD_vs_Ctrl","Astrocyte"
1.15705798180735e-92,0.685347177415669,0.905,0.688,3.44444590604231e-88,"RANBP3L","AD_vs_Ctrl","Astrocyte"
1.2848821328157e-92,1.14223649341247,0.732,0.398,3.82496562117906e-88,"LINC00513","AD_vs_Ctrl","Astrocyte"
3.3950094186627e-90,0.851200688419336,0.823,0.595,1.0106603538417e-85,"DLC1","AD_vs_Ctrl","Astrocyte"
1.7600696603996e-89,-0.722288237926309,0.719,0.904,5.23955137204357e-85,"MT-ND4","AD_vs_Ctrl","Astrocyte"
3.17665069279825e-87,0.849018935905525,0.836,0.644,9.45657144739111e-83,"MT1E","AD_vs_Ctrl","Astrocyte"
6.94013397731499e-86,0.608393416256309,0.943,0.817,2.0660084837069e-81,"MT2A","AD_vs_Ctrl","Astrocyte"
1.41096351345348e-85,1.55948716199905,0.569,0.214,4.20029728319966e-81,"LSAMP-AS1","AD_vs_Ctrl","Astrocyte"
3.5723154271767e-83,1.09903830851764,0.725,0.476,1.06344257951623e-78,"HSPA1A","AD_vs_Ctrl","Astrocyte"
1.76354521173316e-82,1.51502138442695,0.584,0.247,5.24989774080843e-78,"DDIT4","AD_vs_Ctrl","Astrocyte"
1.1383095297103e-81,1.25351430659384,0.655,0.366,3.3886336389946e-77,"TMEM241","AD_vs_Ctrl","Astrocyte"
1.57626749210935e-78,-4.47335574191409,0.017,0.225,4.69239069726034e-74,"CHI3L2","AD_vs_Ctrl","Astrocyte"
2.87347615841923e-77,1.16360366720015,0.676,0.378,8.55405117599819e-73,"AC012404.1","AD_vs_Ctrl","Astrocyte"
1.22443492658317e-76,0.603896215803469,0.884,0.703,3.64502033294543e-72,"SLC39A11","AD_vs_Ctrl","Astrocyte"
2.98436000254363e-76,-0.817394086697491,0.629,0.828,8.88414129157214e-72,"MT-ND2","AD_vs_Ctrl","Astrocyte"
1.30915174862282e-72,-2.01770282935361,0.14,0.409,3.89721384047527e-68,"HLA-E","AD_vs_Ctrl","Astrocyte"
2.85917915409413e-71,-1.80261046046504,0.186,0.451,8.51149042382281e-67,"PLSCR1","AD_vs_Ctrl","Astrocyte"
6.11884790447658e-71,-1.19330326128562,0.368,0.638,1.82151983268363e-66,"MT-ND5","AD_vs_Ctrl","Astrocyte"
3.77793051399041e-69,-0.579075283167848,0.745,0.818,1.1246521347098e-64,"ATP1B2","AD_vs_Ctrl","Astrocyte"
5.91291134535489e-67,0.649155857235151,0.854,0.65,1.7602145783987e-62,"PNISR","AD_vs_Ctrl","Astrocyte"
9.69279621052619e-65,-1.69148358070396,0.233,0.479,2.88544850391154e-60,"HLA-A","AD_vs_Ctrl","Astrocyte"
2.35121065048944e-64,3.74210045822251,0.249,0.024,6.99931898544202e-60,"AC105402.3","AD_vs_Ctrl","Astrocyte"
6.01967719954882e-64,0.665565519562132,0.837,0.631,1.79199770553369e-59,"SLC7A11","AD_vs_Ctrl","Astrocyte"
6.45714398274865e-64,1.94928939863341,0.413,0.148,1.92222719222445e-59,"MT2P1","AD_vs_Ctrl","Astrocyte"
2.07065994394961e-63,-2.18739847061569,0.11,0.347,6.1641475871436e-59,"STAT1","AD_vs_Ctrl","Astrocyte"
2.84796719088371e-63,-3.29033333979851,0.028,0.217,8.47811353054173e-59,"CD74","AD_vs_Ctrl","Astrocyte"
5.11966499529644e-63,-2.54657020866105,0.059,0.275,1.5240730724498e-58,"TRIM22","AD_vs_Ctrl","Astrocyte"
1.36816779345637e-62,-2.8245239804275,0.036,0.234,4.07289870434026e-58,"SOCS3","AD_vs_Ctrl","Astrocyte"
2.57180943370164e-62,1.08794057913772,0.624,0.356,7.6560195031864e-58,"MYBPC1","AD_vs_Ctrl","Astrocyte"
5.90156340630941e-62,0.774565286594737,0.771,0.533,1.75683641042425e-57,"KIAA0930","AD_vs_Ctrl","Astrocyte"
3.30880929841167e-61,1.28687176474355,0.559,0.289,9.84999440044172e-57,"MT1F","AD_vs_Ctrl","Astrocyte"
6.57656807784327e-61,0.917674456802438,0.699,0.436,1.95777855109316e-56,"HSPB1","AD_vs_Ctrl","Astrocyte"
1.10234429095307e-60,0.614163979851622,0.863,0.644,3.28156871973819e-56,"FKBP5","AD_vs_Ctrl","Astrocyte"
1.86989346654526e-60,1.14435713871693,0.58,0.297,5.5664858605586e-56,"AC244669.1","AD_vs_Ctrl","Astrocyte"
3.99461332719383e-60,-0.726427078282778,0.623,0.808,1.18915644137233e-55,"MT-CO1","AD_vs_Ctrl","Astrocyte"
2.26234851306516e-59,1.04854737708263,0.619,0.352,6.73478528854368e-55,"TLR4","AD_vs_Ctrl","Astrocyte"
2.98505618013762e-59,0.661406547512937,0.821,0.591,8.88621374265169e-55,"ITGB8","AD_vs_Ctrl","Astrocyte"
1.82551206466996e-56,0.942507088910839,0.725,0.468,5.43436686531601e-52,"PDK4","AD_vs_Ctrl","Astrocyte"
5.73418614034886e-55,0.879243234264638,0.664,0.411,1.70700987212045e-50,"PDE4DIP","AD_vs_Ctrl","Astrocyte"
1.25643120870049e-54,1.30642605068672,0.506,0.253,3.74027006518048e-50,"NDUFB2","AD_vs_Ctrl","Astrocyte"
9.91133449768349e-54,1.24425404063634,0.519,0.266,2.9505051666154e-49,"HSPA1B","AD_vs_Ctrl","Astrocyte"
5.33711975515575e-52,-1.89360884380022,0.103,0.316,1.58880717991231e-47,"SERPING1","AD_vs_Ctrl","Astrocyte"
8.98362655502364e-52,0.508139743281286,0.891,0.703,2.67433578916499e-47,"LRP4","AD_vs_Ctrl","Astrocyte"
9.76742598947936e-52,-2.35525340551848,0.09,0.289,2.90766504280811e-47,"IFIT1","AD_vs_Ctrl","Astrocyte"
1.96289938764768e-51,0.775656896689973,0.701,0.505,5.84335518708837e-47,"ZNF98","AD_vs_Ctrl","Astrocyte"
3.95304479376332e-51,1.5209803405169,0.417,0.176,1.1767819046554e-46,"AC104827.1","AD_vs_Ctrl","Astrocyte"
4.59653332485474e-51,0.773832898810102,0.742,0.527,1.36834200547601e-46,"MT1M","AD_vs_Ctrl","Astrocyte"
1.02919032300817e-50,1.67412376654093,0.374,0.134,3.06379667256302e-46,"LRP4-AS1","AD_vs_Ctrl","Astrocyte"
1.80172759354064e-50,0.916806517675001,0.63,0.4,5.36356287321112e-46,"IFRD1","AD_vs_Ctrl","Astrocyte"
5.6769351225405e-50,0.924510158733525,0.619,0.382,1.68996681662908e-45,"HDDC2","AD_vs_Ctrl","Astrocyte"
5.95834838566518e-50,-1.02037968543458,0.417,0.597,1.77374073092867e-45,"LRRC3B","AD_vs_Ctrl","Astrocyte"
1.14931559681803e-49,-2.49077563117664,0.069,0.254,3.42139760016759e-45,"MX1","AD_vs_Ctrl","Astrocyte"
2.60856440460139e-48,2.40770835966032,0.262,0.06,7.76543537605786e-44,"ADAM33","AD_vs_Ctrl","Astrocyte"
9.60927686345176e-48,1.03726972186834,0.563,0.323,2.86058562948096e-43,"ZBTB20-AS5","AD_vs_Ctrl","Astrocyte"
3.26177921004629e-47,2.01208536059319,0.307,0.095,9.7099905303868e-43,"MT1P3","AD_vs_Ctrl","Astrocyte"
9.25356729948383e-47,0.827961284672851,0.669,0.429,2.75469444938334e-42,"PCDH9-AS2","AD_vs_Ctrl","Astrocyte"
1.53781750753428e-46,0.794648006504511,0.667,0.435,4.57792893817879e-42,"TPCN1","AD_vs_Ctrl","Astrocyte"
3.91767955952724e-46,1.94707354270126,0.306,0.093,1.16625402807566e-41,"GADD45G","AD_vs_Ctrl","Astrocyte"
5.03188571211077e-46,1.51953419164353,0.388,0.163,1.49794205763825e-41,"MT1XP1","AD_vs_Ctrl","Astrocyte"
6.16452467010074e-46,0.646726000140418,0.786,0.53,1.83511734904229e-41,"HEPN1","AD_vs_Ctrl","Astrocyte"
1.02706383261467e-45,1.15298646584476,0.494,0.259,3.0574663233106e-41,"AC093879.1","AD_vs_Ctrl","Astrocyte"
1.55952717739521e-45,0.775049639919803,0.693,0.455,4.6425564543878e-41,"AC079385.1","AD_vs_Ctrl","Astrocyte"
1.92921417352284e-45,0.802725118858456,0.653,0.424,5.74307767316015e-41,"PPM1B","AD_vs_Ctrl","Astrocyte"
7.53444496554584e-45,-1.97104740953434,0.137,0.328,2.24292892179334e-40,"IFIT3","AD_vs_Ctrl","Astrocyte"
9.57852510654176e-45,-0.585143937222719,0.637,0.738,2.85143113896642e-40,"CNN3","AD_vs_Ctrl","Astrocyte"
1.41847973412093e-44,1.01100958924803,0.512,0.258,4.22267232050461e-40,"OLMALINC","AD_vs_Ctrl","Astrocyte"
1.64595817508967e-44,0.626206303440682,0.78,0.568,4.89985289142443e-40,"ACACB","AD_vs_Ctrl","Astrocyte"
1.86471477580886e-44,1.05735908973434,0.514,0.267,5.55106941610539e-40,"GRK3","AD_vs_Ctrl","Astrocyte"
6.21756039228404e-43,-0.671458763586791,0.631,0.752,1.85090555317903e-38,"VIM","AD_vs_Ctrl","Astrocyte"
1.08766805702768e-41,1.98118725876574,0.27,0.078,3.23787903896571e-37,"AC007193.2","AD_vs_Ctrl","Astrocyte"
1.08869161773245e-41,0.904478807730267,0.559,0.335,3.24092607682773e-37,"PDXDC1","AD_vs_Ctrl","Astrocyte"
1.92479109622062e-41,1.15999591052849,0.495,0.295,5.72991061433917e-37,"NDUFB4","AD_vs_Ctrl","Astrocyte"
2.12383182188144e-41,1.19406263665092,0.445,0.219,6.32243495055885e-37,"AC058791.1","AD_vs_Ctrl","Astrocyte"
2.29312572100724e-41,1.0127040921181,0.53,0.324,6.82640595886646e-37,"SLC39A12","AD_vs_Ctrl","Astrocyte"
4.97379018228237e-41,-0.926214165357357,0.506,0.624,1.48064759936364e-36,"SOD2","AD_vs_Ctrl","Astrocyte"
6.97817511604617e-41,0.914594916841763,0.556,0.337,2.07733295029579e-36,"RPL10","AD_vs_Ctrl","Astrocyte"
1.41062380010016e-40,-1.06318139590189,0.51,0.61,4.19928599051815e-36,"B2M","AD_vs_Ctrl","Astrocyte"
1.41532060525167e-40,0.627716366182951,0.715,0.514,4.21326790977371e-36,"HP1BP3","AD_vs_Ctrl","Astrocyte"
5.51849221140749e-40,1.43922250443672,0.375,0.17,1.6427999464139e-35,"RGCC","AD_vs_Ctrl","Astrocyte"
9.28804817795404e-40,-0.748870674376666,0.544,0.665,2.76495906209514e-35,"H3F3B","AD_vs_Ctrl","Astrocyte"
1.58121665992904e-39,-0.906251268369312,0.374,0.564,4.70712387494275e-35,"CIRBP","AD_vs_Ctrl","Astrocyte"
2.45165755123984e-39,1.5508361141847,0.315,0.114,7.29833936428589e-35,"MKLN1-AS","AD_vs_Ctrl","Astrocyte"
5.96964279765761e-39,0.631422294563286,0.712,0.514,1.77710296443469e-34,"FAM19A5","AD_vs_Ctrl","Astrocyte"
6.80612957157483e-39,-1.34049738291622,0.208,0.401,2.02611671216211e-34,"SLC39A14","AD_vs_Ctrl","Astrocyte"
8.83158864179763e-39,-1.90940413426389,0.084,0.252,2.62907562277674e-34,"BST2","AD_vs_Ctrl","Astrocyte"
1.05638057292789e-38,0.70917941929201,0.657,0.431,3.14473932754903e-34,"RFX2","AD_vs_Ctrl","Astrocyte"
1.29943852974383e-38,-0.567400218407889,0.639,0.779,3.8682985591944e-34,"MT-ND1","AD_vs_Ctrl","Astrocyte"
1.77853878476604e-38,1.87496088500774,0.27,0.086,5.29453210837003e-34,"AC023421.2","AD_vs_Ctrl","Astrocyte"
4.64119270531425e-38,1.21402577743674,0.416,0.205,1.381636656445e-33,"ANKUB1","AD_vs_Ctrl","Astrocyte"
4.75105251122619e-38,-0.574507936456173,0.669,0.75,1.41434082206693e-33,"TUBB2B","AD_vs_Ctrl","Astrocyte"
8.81690479255814e-38,0.870468477687349,0.565,0.35,2.62470438769663e-33,"AL160272.1","AD_vs_Ctrl","Astrocyte"
9.49444238651929e-38,0.566453429684636,0.768,0.566,2.82640055404293e-33,"SLC25A18","AD_vs_Ctrl","Astrocyte"
2.15356513257713e-37,0.825552220017017,0.57,0.363,6.41094804316887e-33,"THUMPD3-AS1","AD_vs_Ctrl","Astrocyte"
2.19172933453663e-37,1.23972259014071,0.383,0.177,6.52455905598209e-33,"SLC38A2","AD_vs_Ctrl","Astrocyte"
3.06370041433999e-37,0.892237121376315,0.545,0.328,9.1203297634487e-33,"RORA-AS1","AD_vs_Ctrl","Astrocyte"
3.10759814528917e-37,-1.80843736159644,0.112,0.285,9.25100891871134e-33,"NAMPT","AD_vs_Ctrl","Astrocyte"
1.00572886181472e-36,-1.11869028483253,0.256,0.452,2.99395424873623e-32,"TMBIM1","AD_vs_Ctrl","Astrocyte"
1.18879434223393e-36,-1.47858499540959,0.151,0.331,3.53892187739618e-32,"LAP3","AD_vs_Ctrl","Astrocyte"
3.06816151290794e-36,0.681128406088057,0.68,0.452,9.13361000777566e-32,"P2RY14","AD_vs_Ctrl","Astrocyte"
1.21124973348423e-35,-1.19992925825971,0.251,0.433,3.6057693316092e-31,"PPDPF","AD_vs_Ctrl","Astrocyte"
1.58603895317894e-35,1.20306339721677,0.421,0.227,4.72147935971837e-31,"UQCRQ","AD_vs_Ctrl","Astrocyte"
1.80967808585827e-35,0.633405605542114,0.758,0.639,5.38723069379147e-31,"DYNLL1","AD_vs_Ctrl","Astrocyte"
2.15266513956012e-35,-0.889468420578253,0.356,0.536,6.40826885395651e-31,"TXNIP","AD_vs_Ctrl","Astrocyte"
2.19805042231471e-35,1.00376974315138,0.436,0.219,6.54337630218866e-31,"NWD1","AD_vs_Ctrl","Astrocyte"
5.82000974510476e-35,0.955565147436212,0.458,0.246,1.73255870102024e-30,"AC241952.1","AD_vs_Ctrl","Astrocyte"
1.67091871345571e-34,1.1765338577021,0.393,0.19,4.97415791808631e-30,"C9orf84","AD_vs_Ctrl","Astrocyte"
2.25382127271282e-34,1.09026742804261,0.444,0.252,6.70940054673879e-30,"MRPL33","AD_vs_Ctrl","Astrocyte"
2.73825135221906e-34,0.760865868322879,0.592,0.373,8.15150045042091e-30,"MOB3B","AD_vs_Ctrl","Astrocyte"
2.91578264453199e-34,-0.963994928906646,0.316,0.509,8.67999335450728e-30,"AQP1","AD_vs_Ctrl","Astrocyte"
4.54834269364232e-34,0.787128712369613,0.587,0.36,1.35399613647038e-29,"COL5A3","AD_vs_Ctrl","Astrocyte"
5.75813848507758e-34,0.682637166393509,0.635,0.405,1.71414024562274e-29,"AP000462.1","AD_vs_Ctrl","Astrocyte"
2.06976665442702e-33,1.2827128037081,0.343,0.152,6.16148835356378e-29,"PTCH2","AD_vs_Ctrl","Astrocyte"
4.00872599878064e-33,0.523400195945679,0.763,0.589,1.19335764257701e-28,"GRAMD1C","AD_vs_Ctrl","Astrocyte"
4.59583441118228e-33,1.02378824970417,0.435,0.238,1.36813394586485e-28,"AHSA2","AD_vs_Ctrl","Astrocyte"
6.45015531588466e-33,1.05598658653246,0.457,0.269,1.9201467359857e-28,"RPS23P8","AD_vs_Ctrl","Astrocyte"
6.61453317671941e-33,0.819042957301186,0.612,0.474,1.9690803813776e-28,"ATP5E","AD_vs_Ctrl","Astrocyte"
8.17465501662425e-33,-1.23918416649903,0.231,0.405,2.43351305189887e-28,"PCSK1N","AD_vs_Ctrl","Astrocyte"
8.98729749758254e-33,0.581248872828645,0.693,0.521,2.67542859205535e-28,"WASF3","AD_vs_Ctrl","Astrocyte"
9.98644064660619e-33,1.57866958305685,0.275,0.103,2.9728635160882e-28,"AC012085.2","AD_vs_Ctrl","Astrocyte"
1.55157605792594e-32,-1.63408892716613,0.121,0.284,4.61888676683973e-28,"PARP14","AD_vs_Ctrl","Astrocyte"
3.76218390901552e-32,-1.64725585100356,0.154,0.312,1.11996452787483e-27,"RARRES3","AD_vs_Ctrl","Astrocyte"
3.88438839355037e-32,0.653696045595312,0.642,0.456,1.15634358087601e-27,"FAM182B","AD_vs_Ctrl","Astrocyte"
4.71727931596737e-32,0.759694427917185,0.575,0.372,1.40428687957033e-27,"PDGFRB","AD_vs_Ctrl","Astrocyte"
7.81770979767787e-32,0.939384953551725,0.467,0.267,2.32725402967072e-27,"FAM13C","AD_vs_Ctrl","Astrocyte"
1.06520556868125e-31,0.694062947520679,0.646,0.492,3.17101045740721e-27,"S100A1","AD_vs_Ctrl","Astrocyte"
1.53445401836378e-31,0.520786671556979,0.758,0.563,4.56791616726714e-27,"EYA2","AD_vs_Ctrl","Astrocyte"
1.60226481639319e-31,-1.79806160890689,0.079,0.223,4.76978213192088e-27,"HERC6","AD_vs_Ctrl","Astrocyte"
2.13436433646413e-31,-0.716515258843494,0.5,0.617,6.35378919322006e-27,"CEBPD","AD_vs_Ctrl","Astrocyte"
2.21341994149202e-31,-1.34897139441651,0.155,0.324,6.58912982382761e-27,"GADD45A","AD_vs_Ctrl","Astrocyte"
6.26269482354459e-31,0.503611243827679,0.768,0.591,1.86434162202099e-26,"PLPP1","AD_vs_Ctrl","Astrocyte"
6.68441994155259e-31,0.851193120013076,0.557,0.401,1.98988497240079e-26,"DBI","AD_vs_Ctrl","Astrocyte"
7.17966798252742e-31,0.82607229526644,0.49,0.287,2.13731536171859e-26,"GLRX","AD_vs_Ctrl","Astrocyte"
8.11116046099973e-31,-1.6147439600917,0.103,0.254,2.41461135763501e-26,"GALNT16","AD_vs_Ctrl","Astrocyte"
1.97547282253793e-30,-0.745954762213834,0.397,0.568,5.88078504541317e-26,"AC091826.2","AD_vs_Ctrl","Astrocyte"
2.19204696462801e-30,-1.11153153050123,0.213,0.389,6.52550460900111e-26,"RASD1","AD_vs_Ctrl","Astrocyte"
2.45308861439138e-30,0.614225111404653,0.672,0.528,7.30259949618171e-26,"PTMA","AD_vs_Ctrl","Astrocyte"
2.6799429666314e-30,1.0228131892863,0.381,0.188,7.97792221736501e-26,"HIP1R","AD_vs_Ctrl","Astrocyte"
4.00009661038282e-30,-1.22341577446628,0.229,0.392,1.19078875994486e-25,"SELENOM","AD_vs_Ctrl","Astrocyte"
6.42472259483255e-30,1.30600333186528,0.315,0.141,1.9125756692557e-25,"CACYBP","AD_vs_Ctrl","Astrocyte"
7.54963683298332e-30,-1.66135771323082,0.147,0.3,2.2474513888108e-25,"WARS","AD_vs_Ctrl","Astrocyte"
1.18713615325264e-29,0.848246800896152,0.539,0.376,3.53398561461777e-25,"TOMM7","AD_vs_Ctrl","Astrocyte"
1.2872588160828e-29,1.3475948260559,0.316,0.148,3.83204076959687e-25,"AC093535.1","AD_vs_Ctrl","Astrocyte"
1.75581147449945e-29,-1.16887717668308,0.208,0.375,5.22687517843742e-25,"ZFP36","AD_vs_Ctrl","Astrocyte"
3.77553901907875e-29,-1.39532492423794,0.118,0.275,1.12394021058955e-24,"SLC43A2","AD_vs_Ctrl","Astrocyte"
4.29688667527973e-29,-0.790129067546171,0.334,0.521,1.27914019436402e-24,"RFX3-AS1","AD_vs_Ctrl","Astrocyte"
4.78928718464997e-29,1.05559737602864,0.394,0.219,1.42572290199845e-24,"PRDX5","AD_vs_Ctrl","Astrocyte"
5.5798184371223e-29,0.877577929217468,0.467,0.274,1.66105615054694e-24,"AL138828.1","AD_vs_Ctrl","Astrocyte"
9.65150259341738e-29,0.541938110113835,0.707,0.514,2.87315580703442e-24,"MERTK","AD_vs_Ctrl","Astrocyte"
1.01053225482295e-28,0.52749969522004,0.712,0.52,3.00825346938244e-24,"MRAS","AD_vs_Ctrl","Astrocyte"
1.13661850594454e-28,0.551924594527292,0.711,0.531,3.38359963034629e-24,"OSBPL11","AD_vs_Ctrl","Astrocyte"
1.34590266098955e-28,0.807625468227775,0.506,0.318,4.0066176314998e-24,"PFKP","AD_vs_Ctrl","Astrocyte"
1.81246821817727e-28,0.567367949702481,0.679,0.463,5.39553663869191e-24,"RFTN2","AD_vs_Ctrl","Astrocyte"
2.65926369808706e-28,1.71471483858546,0.213,0.068,7.91636210283538e-24,"AL138686.1","AD_vs_Ctrl","Astrocyte"
7.7119254428939e-28,0.950653979780055,0.423,0.244,2.29576308509509e-23,"SH3RF3","AD_vs_Ctrl","Astrocyte"
9.22605106301333e-28,1.69611637186653,0.219,0.073,2.74650314094844e-23,"VAV3","AD_vs_Ctrl","Astrocyte"
9.78958407079446e-28,1.54168323683877,0.225,0.077,2.9142612820348e-23,"AC244669.2","AD_vs_Ctrl","Astrocyte"
1.17749008457925e-27,0.999514938224316,0.39,0.21,3.50527023278398e-23,"A2ML1-AS1","AD_vs_Ctrl","Astrocyte"
1.46159191894992e-27,-0.629270858782193,0.531,0.634,4.35101298352201e-23,"MAOB","AD_vs_Ctrl","Astrocyte"
1.86056625214952e-27,1.35784604010656,0.255,0.098,5.53871967602391e-23,"AL355974.2","AD_vs_Ctrl","Astrocyte"
2.00057685634636e-27,-0.637316299882473,0.542,0.619,5.95551724365748e-23,"TPST1","AD_vs_Ctrl","Astrocyte"
2.46031936102192e-27,-0.695332502824747,0.467,0.578,7.32412470582616e-23,"SCARA3","AD_vs_Ctrl","Astrocyte"
3.0797564885708e-27,0.929934014929977,0.465,0.303,9.1681270908264e-23,"NDUFA12","AD_vs_Ctrl","Astrocyte"
3.44461757356841e-27,-1.13859818496025,0.198,0.361,1.02542820547558e-22,"PIK3IP1","AD_vs_Ctrl","Astrocyte"
3.6758059959173e-27,1.11407518722961,0.344,0.174,1.09425068692462e-22,"IGSF10","AD_vs_Ctrl","Astrocyte"
3.76076604002307e-27,-1.17411000190313,0.175,0.333,1.11954244245447e-22,"C10orf10","AD_vs_Ctrl","Astrocyte"
4.12929788243113e-27,-1.22833493351317,0.151,0.306,1.22925068662092e-22,"FAM20C","AD_vs_Ctrl","Astrocyte"
5.21566784912035e-27,1.63083791333867,0.217,0.073,1.55265216200464e-22,"LINC01338","AD_vs_Ctrl","Astrocyte"
5.43750122683519e-27,0.59024195981606,0.625,0.454,1.61868974021657e-22,"PTGES3","AD_vs_Ctrl","Astrocyte"
6.22930854022272e-27,0.94952046538572,0.421,0.252,1.8544028593389e-22,"RPS23","AD_vs_Ctrl","Astrocyte"
6.43817002784515e-27,-0.542761957554582,0.56,0.674,1.91657883558922e-22,"PMP22","AD_vs_Ctrl","Astrocyte"
7.417106657053e-27,-1.0826099602488,0.218,0.378,2.20799848073811e-22,"MAP3K14","AD_vs_Ctrl","Astrocyte"
8.92046579353249e-27,1.16518946653765,0.308,0.144,2.65553346207669e-22,"TRDN","AD_vs_Ctrl","Astrocyte"
1.21885375752524e-26,0.512376521505273,0.706,0.537,3.6284057507769e-22,"FRMD5","AD_vs_Ctrl","Astrocyte"
1.26477234436904e-26,1.16252584482622,0.33,0.165,3.76510079195219e-22,"AP000787.1","AD_vs_Ctrl","Astrocyte"
1.66450829188458e-26,0.938550100868526,0.395,0.215,4.95507473411121e-22,"EAF2","AD_vs_Ctrl","Astrocyte"
1.99782817642017e-26,-0.530989440915379,0.649,0.691,5.9473346983852e-22,"ACTG1","AD_vs_Ctrl","Astrocyte"
2.08972356079523e-26,0.71868872012022,0.526,0.332,6.22089806813132e-22,"AP000311.1","AD_vs_Ctrl","Astrocyte"
2.12528966534623e-26,1.56689588962493,0.231,0.087,6.32677480476919e-22,"AL360091.3","AD_vs_Ctrl","Astrocyte"
2.50560828458863e-26,-1.09035803634877,0.205,0.364,7.4589453023919e-22,"YBX3","AD_vs_Ctrl","Astrocyte"
2.71859849832634e-26,0.574613074010509,0.643,0.471,8.09299586966767e-22,"DNM3","AD_vs_Ctrl","Astrocyte"
2.98184411994184e-26,1.24630874829672,0.285,0.127,8.87665176065487e-22,"CDH23","AD_vs_Ctrl","Astrocyte"
3.14228761098653e-26,-0.659695311236156,0.506,0.611,9.3542759891458e-22,"IFITM3","AD_vs_Ctrl","Astrocyte"
4.13824888774433e-26,-0.726166269138102,0.387,0.535,1.23191531139261e-21,"FAM66D","AD_vs_Ctrl","Astrocyte"
4.2567080839514e-26,0.720323685236057,0.57,0.421,1.26717942951149e-21,"ATP5J","AD_vs_Ctrl","Astrocyte"
5.34521274370077e-26,0.948515033908568,0.407,0.238,1.59121638167228e-21,"CRLF3","AD_vs_Ctrl","Astrocyte"
5.67357327244232e-26,0.932712343617244,0.384,0.204,1.68896602747335e-21,"LRFN5","AD_vs_Ctrl","Astrocyte"
7.08646609180616e-26,-1.30662224366058,0.096,0.237,2.10957009086977e-21,"PML","AD_vs_Ctrl","Astrocyte"
7.21012780015857e-26,0.645690958579083,0.591,0.421,2.14638294482921e-21,"RPL11","AD_vs_Ctrl","Astrocyte"
7.25469573651803e-26,-1.3020181504101,0.15,0.297,2.15965037380405e-21,"APOL6","AD_vs_Ctrl","Astrocyte"
8.43109327276997e-26,0.628105957939956,0.59,0.399,2.50985215637089e-21,"AC245297.3","AD_vs_Ctrl","Astrocyte"
1.00018935981737e-25,1.23819096785683,0.278,0.124,2.97746370524033e-21,"AC018682.1","AD_vs_Ctrl","Astrocyte"
1.12710958386998e-25,0.888543086206192,0.421,0.245,3.35529252022255e-21,"XRRA1","AD_vs_Ctrl","Astrocyte"
1.15190976264432e-25,1.12598791577142,0.345,0.187,3.42912017241589e-21,"NDUFS6","AD_vs_Ctrl","Astrocyte"
1.18072022439821e-25,0.537188275780049,0.653,0.492,3.51488603601104e-21,"ANAPC16","AD_vs_Ctrl","Astrocyte"
1.50354962472388e-25,1.03120290689405,0.389,0.234,4.47591687784052e-21,"MRPL51","AD_vs_Ctrl","Astrocyte"
2.27966334274091e-25,0.516002578703853,0.7,0.53,6.78632980500542e-21,"CNTN1","AD_vs_Ctrl","Astrocyte"
2.78615637619725e-25,-1.14234210627582,0.149,0.302,8.29410891630159e-21,"PLAGL1","AD_vs_Ctrl","Astrocyte"
2.80759834415438e-25,-1.28336341641802,0.125,0.269,8.35793951071317e-21,"LMOD1","AD_vs_Ctrl","Astrocyte"
2.94946489845234e-25,0.611273511910023,0.586,0.412,8.78026205620277e-21,"MEGF9","AD_vs_Ctrl","Astrocyte"
3.47704917737501e-25,-0.823039842994954,0.331,0.488,1.03508276961277e-20,"ZFP36L2","AD_vs_Ctrl","Astrocyte"
3.69913688968169e-25,-0.737991449633393,0.408,0.533,1.10119606068934e-20,"CRIM1","AD_vs_Ctrl","Astrocyte"
3.79251280188504e-25,-1.04444806839712,0.206,0.364,1.12899313599316e-20,"ATP6V0E2","AD_vs_Ctrl","Astrocyte"
4.16632790458215e-25,1.58934075258562,0.229,0.09,1.24027415391506e-20,"ATP8B1","AD_vs_Ctrl","Astrocyte"
4.84554545045468e-25,-0.50933446437193,0.6,0.691,1.44247042514585e-20,"AGT","AD_vs_Ctrl","Astrocyte"
5.89424356058834e-25,0.686851160226473,0.528,0.346,1.75465736555154e-20,"KIAA1211","AD_vs_Ctrl","Astrocyte"
6.59078388674206e-25,0.95210513486817,0.389,0.228,1.96201045524424e-20,"NDUFC1","AD_vs_Ctrl","Astrocyte"
1.54684249794689e-24,0.979038947829649,0.379,0.22,4.60479543213809e-20,"NDUFA1","AD_vs_Ctrl","Astrocyte"
1.77967083346074e-24,0.904255770874222,0.425,0.264,5.29790210412929e-20,"OOEP","AD_vs_Ctrl","Astrocyte"
2.59069362913291e-24,1.0939729656565,0.315,0.158,7.71223586456575e-20,"KNOP1","AD_vs_Ctrl","Astrocyte"
2.59820802428429e-24,0.562907167117429,0.624,0.422,7.7346054674919e-20,"PDE3A","AD_vs_Ctrl","Astrocyte"
2.75751727954136e-24,0.834144200766102,0.418,0.247,8.20885318946669e-20,"ERLEC1","AD_vs_Ctrl","Astrocyte"
3.95696617705591e-24,-0.774674680262785,0.465,0.57,1.17794926124777e-19,"RASGEF1B","AD_vs_Ctrl","Astrocyte"
4.72069161112979e-24,1.10787462189235,0.28,0.129,1.40530268571723e-19,"HAP1","AD_vs_Ctrl","Astrocyte"
4.7393462220614e-24,-0.898145678255772,0.25,0.41,1.41085597684546e-19,"LIMK2","AD_vs_Ctrl","Astrocyte"
8.26534657840784e-24,-1.04687489711411,0.156,0.31,2.46051102292623e-19,"FAS","AD_vs_Ctrl","Astrocyte"
8.58323704120402e-24,-0.705678353314167,0.4,0.542,2.55514383479602e-19,"NAT8L","AD_vs_Ctrl","Astrocyte"
2.57195509382996e-23,0.515355347999187,0.654,0.474,7.65645311882241e-19,"CAB39L","AD_vs_Ctrl","Astrocyte"
3.17936450354512e-23,0.55680504641586,0.619,0.434,9.46465019060346e-19,"SH3PXD2B","AD_vs_Ctrl","Astrocyte"
3.23968516380254e-23,0.50453910086489,0.657,0.495,9.64421876412379e-19,"ZNF680","AD_vs_Ctrl","Astrocyte"
7.78062501244329e-23,1.50335843980522,0.213,0.084,2.31621425995424e-18,"COA6","AD_vs_Ctrl","Astrocyte"
8.46535983331026e-23,1.00654819723871,0.329,0.176,2.52005296877813e-18,"MRPL34","AD_vs_Ctrl","Astrocyte"
1.01179088754871e-22,0.6362114913499,0.533,0.362,3.01200029314375e-18,"SMS","AD_vs_Ctrl","Astrocyte"
1.19529051336083e-22,0.976618418140403,0.37,0.223,3.55826032922385e-18,"ATP5I","AD_vs_Ctrl","Astrocyte"
1.56143443978553e-22,0.74781258085593,0.455,0.289,4.64823418379755e-18,"PTPRJ","AD_vs_Ctrl","Astrocyte"
3.43000721204284e-22,0.836536984425881,0.434,0.282,1.02107884695303e-17,"LINC00844","AD_vs_Ctrl","Astrocyte"
4.14197330486163e-22,1.41167211772486,0.22,0.091,1.23302403312426e-17,"TSHR","AD_vs_Ctrl","Astrocyte"
4.57405260077293e-22,0.716439713772963,0.467,0.299,1.36164971872409e-17,"HSPH1","AD_vs_Ctrl","Astrocyte"
4.68143886580482e-22,-0.830347463053791,0.286,0.436,1.39361753596144e-17,"MT-ND4L","AD_vs_Ctrl","Astrocyte"
4.94931477253634e-22,-0.947290180105654,0.298,0.431,1.47336151463634e-17,"RPL28","AD_vs_Ctrl","Astrocyte"
5.73469766242687e-22,-0.554476005504595,0.573,0.635,1.70716214712786e-17,"SLC44A3-AS1","AD_vs_Ctrl","Astrocyte"
6.95298839828294e-22,1.03516199259994,0.314,0.165,2.06983511628485e-17,"MAK","AD_vs_Ctrl","Astrocyte"
8.11187352175929e-22,0.60368521167491,0.552,0.387,2.41482362869252e-17,"RNPC3","AD_vs_Ctrl","Astrocyte"
8.33712509360795e-22,0.710687655309467,0.48,0.323,2.48187876911615e-17,"HSPA5","AD_vs_Ctrl","Astrocyte"
8.48411541214537e-22,-0.534264700915007,0.525,0.632,2.52563631704155e-17,"SOX9","AD_vs_Ctrl","Astrocyte"
9.01316443880029e-22,-0.809066303491082,0.294,0.444,2.68312892178646e-17,"TSPAN7","AD_vs_Ctrl","Astrocyte"
1.19686722334778e-21,1.40917774727268,0.227,0.099,3.56295403718401e-17,"AC017101.1","AD_vs_Ctrl","Astrocyte"
1.30660760396046e-21,1.44435888555028,0.216,0.09,3.8896401762299e-17,"ATP5EP2","AD_vs_Ctrl","Astrocyte"
1.3875257008602e-21,1.29778330482831,0.222,0.091,4.13052525889074e-17,"AC090825.1","AD_vs_Ctrl","Astrocyte"
1.3875626038569e-21,0.995547658155475,0.321,0.176,4.1306351154216e-17,"HVCN1","AD_vs_Ctrl","Astrocyte"
1.39616431610903e-21,0.819369698692756,0.372,0.213,4.15624155262496e-17,"DANCR","AD_vs_Ctrl","Astrocyte"
1.58752101479847e-21,1.34047995614601,0.211,0.083,4.72589130895357e-17,"SMTN","AD_vs_Ctrl","Astrocyte"
1.65440679251058e-21,1.25749501721294,0.239,0.107,4.92500358062475e-17,"AC008731.1","AD_vs_Ctrl","Astrocyte"
2.08883556122962e-21,-1.35719234635999,0.093,0.213,6.21825458222445e-17,"AL807742.1","AD_vs_Ctrl","Astrocyte"
2.1698643086286e-21,1.12606379363927,0.282,0.142,6.45946906035647e-17,"SERPINB9","AD_vs_Ctrl","Astrocyte"
2.19065288586662e-21,0.815205264332699,0.405,0.25,6.52135457593633e-17,"AC022431.1","AD_vs_Ctrl","Astrocyte"
2.29574553330557e-21,1.35007137986831,0.221,0.093,6.83420487809734e-17,"COX17","AD_vs_Ctrl","Astrocyte"
2.72120981157054e-21,1.4480714810155,0.204,0.08,8.10076948806434e-17,"SEMA3D","AD_vs_Ctrl","Astrocyte"
3.29742367377916e-21,-0.921555378013129,0.208,0.355,9.81610053447319e-17,"NKAIN4","AD_vs_Ctrl","Astrocyte"
3.48885210806421e-21,1.04907888041459,0.299,0.155,1.03859638404963e-16,"STARD13-AS","AD_vs_Ctrl","Astrocyte"
3.70245719375323e-21,1.00557175819949,0.311,0.162,1.1021844820084e-16,"RALYL","AD_vs_Ctrl","Astrocyte"
4.09575334249988e-21,-1.13171548509885,0.171,0.304,1.21926481252879e-16,"C3","AD_vs_Ctrl","Astrocyte"
4.57701755057796e-21,-0.800908506965838,0.361,0.486,1.36253235463155e-16,"RPL15","AD_vs_Ctrl","Astrocyte"
4.63956125469094e-21,-1.04003923981427,0.179,0.316,1.38115098990895e-16,"MIDN","AD_vs_Ctrl","Astrocyte"
5.57914768495968e-21,0.921859973588004,0.412,0.275,1.66085647433565e-16,"NDUFB3","AD_vs_Ctrl","Astrocyte"
5.59328604346166e-21,-1.35962580346842,0.086,0.203,1.6650653222781e-16,"LINC00173","AD_vs_Ctrl","Astrocyte"
5.76521635594872e-21,0.600552830020758,0.574,0.428,1.71624725700237e-16,"AC016739.1","AD_vs_Ctrl","Astrocyte"
5.83185010975987e-21,1.12114585258497,0.277,0.138,1.73608345917441e-16,"BCL2L14","AD_vs_Ctrl","Astrocyte"
6.76089851362572e-21,0.875967433652395,0.365,0.216,2.01265187852124e-16,"CHORDC1","AD_vs_Ctrl","Astrocyte"
7.33395672238078e-21,-1.40600148265743,0.105,0.223,2.18324557668554e-16,"IFI16","AD_vs_Ctrl","Astrocyte"
7.43794076943573e-21,1.10040756253021,0.267,0.13,2.21420058765332e-16,"SLC17A5","AD_vs_Ctrl","Astrocyte"
7.60176416651487e-21,0.575378590960645,0.557,0.397,2.26296917472981e-16,"HNRNPH1","AD_vs_Ctrl","Astrocyte"
7.72363119699878e-21,1.06785758623019,0.307,0.167,2.29924777103457e-16,"NDUFA6","AD_vs_Ctrl","Astrocyte"
9.77439329216075e-21,0.626681743833695,0.503,0.335,2.90973913914333e-16,"TFDP2","AD_vs_Ctrl","Astrocyte"
1.17135925022887e-20,0.594466882694982,0.582,0.46,3.48701935200634e-16,"SOD1","AD_vs_Ctrl","Astrocyte"
1.22754318609766e-20,1.27757999020185,0.219,0.094,3.65427331069413e-16,"AC020611.2","AD_vs_Ctrl","Astrocyte"
1.33720035989628e-20,0.921743543164181,0.325,0.177,3.98071175137523e-16,"TOM1L1","AD_vs_Ctrl","Astrocyte"
1.55449423120107e-20,-0.733303926293011,0.427,0.549,4.62757387686245e-16,"FP236383.1","AD_vs_Ctrl","Astrocyte"
1.60558791021097e-20,0.688129329179382,0.482,0.336,4.77967464990703e-16,"DOCK5","AD_vs_Ctrl","Astrocyte"
2.00893774001326e-20,0.541776062084949,0.583,0.413,5.98040675824547e-16,"FAM13A","AD_vs_Ctrl","Astrocyte"
2.56013398695305e-20,0.879207690224919,0.35,0.203,7.62126286576054e-16,"IFI27L2","AD_vs_Ctrl","Astrocyte"
3.14915525751744e-20,0.540944294907792,0.59,0.442,9.37472028610367e-16,"SCRG1","AD_vs_Ctrl","Astrocyte"
3.34502140970195e-20,0.809975133525186,0.415,0.275,9.95779423454174e-16,"COX6B1","AD_vs_Ctrl","Astrocyte"
4.26685054435056e-20,0.643589382027049,0.502,0.343,1.27019873854772e-15,"PDE5A","AD_vs_Ctrl","Astrocyte"
4.60120038910454e-20,0.809917428055173,0.433,0.3,1.36973134383253e-15,"COMMD6","AD_vs_Ctrl","Astrocyte"
5.19737094644855e-20,-1.28095635324876,0.121,0.244,1.54720535704827e-15,"NCL","AD_vs_Ctrl","Astrocyte"
5.37982326635171e-20,0.794023416471944,0.388,0.237,1.60151958816024e-15,"PWWP2A","AD_vs_Ctrl","Astrocyte"
6.62927543173532e-20,0.839257609323468,0.363,0.219,1.97346900327329e-15,"AC005332.7","AD_vs_Ctrl","Astrocyte"
7.1009511681657e-20,-1.00836525122969,0.181,0.316,2.11388215325125e-15,"NOD1","AD_vs_Ctrl","Astrocyte"
7.2928416331936e-20,0.800023691932457,0.433,0.296,2.1710060257854e-15,"RPL36AL","AD_vs_Ctrl","Astrocyte"
7.36964576590933e-20,0.832869482792031,0.38,0.231,2.19386984805355e-15,"SLC7A2","AD_vs_Ctrl","Astrocyte"
7.62969982498507e-20,-0.788719815232907,0.278,0.417,2.2712853408998e-15,"SLC44A3","AD_vs_Ctrl","Astrocyte"
8.48646997048101e-20,-0.928176782307065,0.305,0.429,2.52633724551249e-15,"SLC26A3","AD_vs_Ctrl","Astrocyte"
9.25792311137271e-20,-1.08076179796118,0.173,0.302,2.75599113102454e-15,"LGALS3","AD_vs_Ctrl","Astrocyte"
9.84331548714617e-20,0.558838438403687,0.573,0.422,2.93025658736854e-15,"GNG12-AS1","AD_vs_Ctrl","Astrocyte"
1.08617939591877e-19,-1.00867228513521,0.184,0.317,3.2334474437106e-15,"SHISA5","AD_vs_Ctrl","Astrocyte"
1.16143960157511e-19,0.825314912138343,0.424,0.293,3.45748954992896e-15,"AL009174.1","AD_vs_Ctrl","Astrocyte"
1.20262306064658e-19,0.672334297365037,0.454,0.3,3.5800885892388e-15,"MEF2C","AD_vs_Ctrl","Astrocyte"
1.32300221314673e-19,-0.53749698612165,0.521,0.61,3.93844528831651e-15,"SYT11","AD_vs_Ctrl","Astrocyte"
1.34644959010812e-19,-0.988457552704715,0.187,0.324,4.00824578479286e-15,"C1RL","AD_vs_Ctrl","Astrocyte"
1.41505155172072e-19,1.18639295578959,0.25,0.121,4.2124669643174e-15,"AC069228.1","AD_vs_Ctrl","Astrocyte"
1.43584420344907e-19,0.967513887488445,0.303,0.164,4.27436460924753e-15,"ARMC3","AD_vs_Ctrl","Astrocyte"
1.51872634221467e-19,0.609217495717709,0.517,0.358,4.52109644813886e-15,"RIPOR2","AD_vs_Ctrl","Astrocyte"
1.58536404869544e-19,1.19524916987945,0.248,0.122,4.71947023656147e-15,"SYCP3","AD_vs_Ctrl","Astrocyte"
1.6077369232949e-19,0.9369130512825,0.311,0.172,4.7860720469566e-15,"HOOK2","AD_vs_Ctrl","Astrocyte"
1.90687198405834e-19,0.61823471444485,0.524,0.382,5.67656720934327e-15,"RPLP1","AD_vs_Ctrl","Astrocyte"
2.60552068593894e-19,-0.521739368194156,0.542,0.626,7.75637452997164e-15,"TMBIM6","AD_vs_Ctrl","Astrocyte"
2.73786299885872e-19,0.721179079710737,0.416,0.27,8.15034436130251e-15,"SUGT1","AD_vs_Ctrl","Astrocyte"
2.80886893282509e-19,0.697216342708196,0.418,0.267,8.36172192612702e-15,"EEF2K","AD_vs_Ctrl","Astrocyte"
3.23586155311752e-19,0.683539802689432,0.482,0.344,9.63283625747554e-15,"COX7B","AD_vs_Ctrl","Astrocyte"
4.28351587583061e-19,1.0406824761033,0.276,0.146,1.27515984107601e-14,"ZNF667-AS1","AD_vs_Ctrl","Astrocyte"
4.47165529879825e-19,-0.9183237133984,0.246,0.374,1.33116706589925e-14,"OSMR","AD_vs_Ctrl","Astrocyte"
4.54976064651734e-19,-0.583979106461562,0.464,0.564,1.35441824686175e-14,"ANOS1","AD_vs_Ctrl","Astrocyte"
5.45531170550997e-19,0.899154300467955,0.34,0.201,1.62399174161326e-14,"FKBP2","AD_vs_Ctrl","Astrocyte"
5.5819420210212e-19,0.63067305288521,0.469,0.31,1.6616883202378e-14,"AP002336.2","AD_vs_Ctrl","Astrocyte"
5.58400423488274e-19,0.704777079630313,0.401,0.247,1.66230222068224e-14,"TMEM184B","AD_vs_Ctrl","Astrocyte"
5.95300202949886e-19,0.641948080292471,0.468,0.306,1.77214917416151e-14,"AC093865.1","AD_vs_Ctrl","Astrocyte"
6.45594405584824e-19,0.678763438903832,0.467,0.328,1.92186998598546e-14,"RPLP2","AD_vs_Ctrl","Astrocyte"
7.07340234492316e-19,0.932404899247119,0.328,0.192,2.10568114406018e-14,"STK17B","AD_vs_Ctrl","Astrocyte"
8.12504943213145e-19,1.00066640437909,0.288,0.153,2.41874596545121e-14,"NUP210L","AD_vs_Ctrl","Astrocyte"
8.1867215979343e-19,0.5901565405994,0.509,0.359,2.43710515248906e-14,"HERC3","AD_vs_Ctrl","Astrocyte"
8.43758633840455e-19,1.05946508281298,0.286,0.157,2.51178507707965e-14,"BANF1","AD_vs_Ctrl","Astrocyte"
8.54230069482161e-19,1.23669132189795,0.201,0.084,2.54295749384144e-14,"APOLD1","AD_vs_Ctrl","Astrocyte"
8.60807516507041e-19,0.702915521064035,0.495,0.375,2.56253789588981e-14,"COX6C","AD_vs_Ctrl","Astrocyte"
1.11307305225554e-18,0.858079010607917,0.333,0.192,3.3135071692595e-14,"HIF1A-AS2","AD_vs_Ctrl","Astrocyte"
1.27870566995906e-18,0.904081356678179,0.376,0.254,3.80657890890112e-14,"RPL38","AD_vs_Ctrl","Astrocyte"
1.45896704864415e-18,0.869271509680066,0.344,0.205,4.34319900710878e-14,"VEGFA","AD_vs_Ctrl","Astrocyte"
1.64778150262255e-18,0.757920713831217,0.382,0.234,4.90528075515707e-14,"CACNA1B","AD_vs_Ctrl","Astrocyte"
1.72726792119287e-18,-0.615681063247945,0.449,0.55,5.14190387459905e-14,"CLIC4","AD_vs_Ctrl","Astrocyte"
1.7454395398943e-18,0.798345239643148,0.348,0.208,5.19599896631133e-14,"RMND5A","AD_vs_Ctrl","Astrocyte"
1.80083404595114e-18,0.719465164751498,0.418,0.281,5.36090287139195e-14,"UQCRH","AD_vs_Ctrl","Astrocyte"
1.8235723761975e-18,0.919567298241804,0.303,0.171,5.42859260670233e-14,"CKMT2","AD_vs_Ctrl","Astrocyte"
2.36469517392075e-18,0.981328621096369,0.266,0.138,7.03946106324467e-14,"C4orf47","AD_vs_Ctrl","Astrocyte"
2.36876774768367e-18,0.86154278320471,0.326,0.188,7.05158470807951e-14,"CRELD1","AD_vs_Ctrl","Astrocyte"
3.00590857555931e-18,0.712080684897337,0.422,0.281,8.94828923858251e-14,"CMC2","AD_vs_Ctrl","Astrocyte"
3.92301003304594e-18,-0.661084237790046,0.349,0.48,1.16784085673745e-13,"TUBB2A","AD_vs_Ctrl","Astrocyte"
3.97893718051813e-18,0.670892254490413,0.435,0.293,1.18448980926844e-13,"SNAP23","AD_vs_Ctrl","Astrocyte"
5.67840918171649e-18,1.00271565687774,0.278,0.151,1.69040562930518e-13,"AP003025.1","AD_vs_Ctrl","Astrocyte"
5.79074314968686e-18,0.966478120201174,0.299,0.172,1.72384632823028e-13,"SH3BGRL3","AD_vs_Ctrl","Astrocyte"
5.83666266008804e-18,0.75053161528098,0.405,0.27,1.73751610728161e-13,"GTF3C6","AD_vs_Ctrl","Astrocyte"
6.34847906551272e-18,-1.15811462622432,0.197,0.313,1.88987873301248e-13,"NRP1","AD_vs_Ctrl","Astrocyte"
6.53697538210942e-18,-0.522502669174986,0.537,0.607,1.94599220150015e-13,"MFHAS1","AD_vs_Ctrl","Astrocyte"
7.14163201099011e-18,0.600532681038352,0.471,0.327,2.12599243335164e-13,"CSPP1","AD_vs_Ctrl","Astrocyte"
7.21443529628291e-18,-0.82026858228616,0.236,0.369,2.14766524335046e-13,"CRY2","AD_vs_Ctrl","Astrocyte"
7.21494844746498e-18,1.19858112796087,0.233,0.116,2.14781800332585e-13,"NOP10","AD_vs_Ctrl","Astrocyte"
8.04092390564835e-18,0.735034113782525,0.398,0.264,2.39370263747246e-13,"FAM92A","AD_vs_Ctrl","Astrocyte"
8.64612707872922e-18,0.77300549466149,0.343,0.199,2.5738655700669e-13,"JDP2","AD_vs_Ctrl","Astrocyte"
8.78975913428483e-18,1.00176308543367,0.28,0.157,2.61662339668525e-13,"UBL5","AD_vs_Ctrl","Astrocyte"
9.4654900476634e-18,-0.536256763565305,0.469,0.583,2.81778173228892e-13,"ITGB4","AD_vs_Ctrl","Astrocyte"
1.04321119296751e-17,0.515843109632915,0.568,0.417,3.10553540034498e-13,"COX4I1","AD_vs_Ctrl","Astrocyte"
1.07560298543544e-17,0.904328536407343,0.307,0.176,3.20196252734276e-13,"DNASE1","AD_vs_Ctrl","Astrocyte"
1.3326039806058e-17,1.2849749809266,0.202,0.091,3.96702878986542e-13,"RHBDL2","AD_vs_Ctrl","Astrocyte"
1.41053384706322e-17,-1.2155806948397,0.098,0.206,4.1990182093225e-13,"C1R","AD_vs_Ctrl","Astrocyte"
1.41865152191376e-17,1.04210302234469,0.225,0.106,4.22318371558508e-13,"CAP2","AD_vs_Ctrl","Astrocyte"
1.60820531884218e-17,1.17765701596281,0.225,0.109,4.78746641366127e-13,"C5orf64","AD_vs_Ctrl","Astrocyte"
1.62905547980731e-17,0.55030583484945,0.525,0.378,4.8495352578384e-13,"ZNF862","AD_vs_Ctrl","Astrocyte"
1.9056771208631e-17,0.746107800815339,0.382,0.248,5.67301022109735e-13,"MRPS5","AD_vs_Ctrl","Astrocyte"
1.96461212600918e-17,0.578666682841762,0.485,0.334,5.84845383791671e-13,"IRAK1BP1","AD_vs_Ctrl","Astrocyte"
2.19089425848078e-17,0.87498934835996,0.329,0.2,6.52207311807142e-13,"H2AFZ","AD_vs_Ctrl","Astrocyte"
2.46236489873252e-17,0.612257499633491,0.431,0.281,7.33021406703683e-13,"CEP126","AD_vs_Ctrl","Astrocyte"
2.47948786254132e-17,-0.695293936533913,0.385,0.483,7.38118741799925e-13,"ARHGEF3","AD_vs_Ctrl","Astrocyte"
3.11206962892718e-17,-0.963540848395527,0.145,0.267,9.26432007835333e-13,"PROS1","AD_vs_Ctrl","Astrocyte"
3.29828861426699e-17,0.61070516527047,0.486,0.347,9.8186753758114e-13,"CLYBL","AD_vs_Ctrl","Astrocyte"
3.46779357592266e-17,0.620812077666858,0.434,0.286,1.03232746961642e-12,"STARD3","AD_vs_Ctrl","Astrocyte"
3.8624286277515e-17,0.773115917840034,0.352,0.217,1.14980637819534e-12,"ARNTL","AD_vs_Ctrl","Astrocyte"
4.49231589807575e-17,0.535128190222049,0.523,0.379,1.33731751969817e-12,"FAM214A","AD_vs_Ctrl","Astrocyte"
5.92783771105935e-17,0.656788454471771,0.421,0.275,1.76465800820526e-12,"PELI2","AD_vs_Ctrl","Astrocyte"
6.42572064655988e-17,0.730243371223286,0.379,0.242,1.91287277927441e-12,"USP45","AD_vs_Ctrl","Astrocyte"
7.15153916605439e-17,0.632810806808114,0.48,0.362,2.12894169434273e-12,"DYNLRB1","AD_vs_Ctrl","Astrocyte"
8.22503979694114e-17,0.604826403731364,0.52,0.409,2.44851209715141e-12,"RPS24","AD_vs_Ctrl","Astrocyte"
1.05674604452454e-16,-0.621820842094285,0.391,0.506,3.14582729994509e-12,"ITGA6","AD_vs_Ctrl","Astrocyte"
1.09806283816261e-16,0.548204992385619,0.492,0.354,3.26882326292627e-12,"ASXL2","AD_vs_Ctrl","Astrocyte"
1.21166629522407e-16,0.920328210203349,0.278,0.155,3.60700939425252e-12,"CDH12","AD_vs_Ctrl","Astrocyte"
1.30761719307649e-16,-0.920221669787715,0.242,0.361,3.89264562206941e-12,"RPS2","AD_vs_Ctrl","Astrocyte"
1.41833060933428e-16,0.581061654651972,0.498,0.37,4.22222839092722e-12,"ATP5L","AD_vs_Ctrl","Astrocyte"
1.44132066478865e-16,0.874187905672249,0.259,0.135,4.29066748700934e-12,"FAM227A","AD_vs_Ctrl","Astrocyte"
1.4969642333232e-16,0.966431133040345,0.289,0.168,4.45631282617983e-12,"ZSCAN16-AS1","AD_vs_Ctrl","Astrocyte"
1.61942997173316e-16,-0.502155078797158,0.543,0.587,4.82088108285243e-12,"ETV6","AD_vs_Ctrl","Astrocyte"
1.68244383862325e-16,0.639777361838722,0.409,0.273,5.00846706319755e-12,"ZBTB1","AD_vs_Ctrl","Astrocyte"
1.99535869101188e-16,0.814144433082237,0.283,0.156,5.93998328727326e-12,"SH3BGR","AD_vs_Ctrl","Astrocyte"
2.14941826086559e-16,0.821525906344879,0.306,0.178,6.39860322077079e-12,"UTP23","AD_vs_Ctrl","Astrocyte"
2.15653488936856e-16,0.794483727299981,0.32,0.189,6.41978871216128e-12,"C19orf53","AD_vs_Ctrl","Astrocyte"
2.39471477342584e-16,0.968184258509938,0.276,0.157,7.1288264090114e-12,"AC093305.1","AD_vs_Ctrl","Astrocyte"
3.76629025162405e-16,0.672616095227212,0.389,0.25,1.12118694500596e-11,"SH3D19","AD_vs_Ctrl","Astrocyte"
3.93034206251161e-16,0.62971601427178,0.421,0.284,1.17002352858908e-11,"AC011477.1","AD_vs_Ctrl","Astrocyte"
4.02978247094664e-16,-0.800819063199052,0.226,0.352,1.1996259437761e-11,"LIX1","AD_vs_Ctrl","Astrocyte"
4.14260679181073e-16,0.66330779635152,0.414,0.282,1.23321261585414e-11,"SLIRP","AD_vs_Ctrl","Astrocyte"
4.60422057312552e-16,0.617065582972672,0.438,0.304,1.37063042241374e-11,"KDM3A","AD_vs_Ctrl","Astrocyte"
4.70091618165508e-16,1.09148937659791,0.232,0.121,1.3994157381169e-11,"DNAJC3-AS1","AD_vs_Ctrl","Astrocyte"
4.7303566839019e-16,0.657783830251659,0.396,0.264,1.40817988123076e-11,"FDFT1","AD_vs_Ctrl","Astrocyte"
5.21375843163799e-16,-0.638250004177701,0.309,0.44,1.55208374751431e-11,"CD38","AD_vs_Ctrl","Astrocyte"
5.75210022194199e-16,-0.956106123168336,0.2,0.316,1.71234271506991e-11,"DDX58","AD_vs_Ctrl","Astrocyte"
6.01769521716808e-16,0.805996562527637,0.321,0.195,1.79140768919876e-11,"LRRIQ1","AD_vs_Ctrl","Astrocyte"
6.14589820582224e-16,-0.703314337510491,0.26,0.391,1.82957243689122e-11,"ZCCHC24","AD_vs_Ctrl","Astrocyte"
6.88556933453415e-16,0.55309962167895,0.526,0.401,2.04976513519747e-11,"S100A13","AD_vs_Ctrl","Astrocyte"
7.20808771513411e-16,0.845807758461951,0.306,0.187,2.14577563191827e-11,"UFC1","AD_vs_Ctrl","Astrocyte"
7.40657564042049e-16,1.05458226833158,0.232,0.119,2.20486350239678e-11,"FREM2","AD_vs_Ctrl","Astrocyte"
7.9495018090715e-16,0.6466826607226,0.362,0.223,2.36648719354249e-11,"PHYHD1","AD_vs_Ctrl","Astrocyte"
8.27938146343707e-16,-0.894385069140255,0.181,0.3,2.46468906785058e-11,"TRIM47","AD_vs_Ctrl","Astrocyte"
8.5407153915363e-16,0.921558408537901,0.279,0.162,2.54248556490644e-11,"MARS","AD_vs_Ctrl","Astrocyte"
8.97170044483336e-16,-0.836158974693181,0.237,0.362,2.67078550542244e-11,"TUBA1B","AD_vs_Ctrl","Astrocyte"
9.01822871790173e-16,0.873902970631316,0.269,0.147,2.68463650703216e-11,"CPM","AD_vs_Ctrl","Astrocyte"
1.24046565086763e-15,0.821686724038462,0.315,0.192,3.69274219606785e-11,"MRPS36","AD_vs_Ctrl","Astrocyte"
1.28168741553563e-15,-0.821514619909133,0.248,0.365,3.81545526730803e-11,"GADD45B","AD_vs_Ctrl","Astrocyte"
1.36440196918794e-15,-0.780285953653005,0.253,0.374,4.06168822207559e-11,"C1S","AD_vs_Ctrl","Astrocyte"
1.42058145741295e-15,0.640039698765065,0.423,0.295,4.2289289405726e-11,"RAPH1","AD_vs_Ctrl","Astrocyte"
1.54228146365757e-15,0.810408150419321,0.324,0.203,4.59121768916223e-11,"CDS1","AD_vs_Ctrl","Astrocyte"
1.66535062282132e-15,0.724781125539804,0.348,0.22,4.95758226907677e-11,"ATP1B3","AD_vs_Ctrl","Astrocyte"
1.67102904680156e-15,0.88860039532412,0.256,0.138,4.97448636942355e-11,"TMEM38A","AD_vs_Ctrl","Astrocyte"
1.77503349136524e-15,0.961213922414146,0.238,0.126,5.2840972004452e-11,"FKBP4","AD_vs_Ctrl","Astrocyte"
1.84815209115551e-15,-0.506316835796952,0.477,0.581,5.50176396016082e-11,"GPR37L1","AD_vs_Ctrl","Astrocyte"
1.91342302347454e-15,0.814356186707177,0.275,0.153,5.69606899858135e-11,"RPGR","AD_vs_Ctrl","Astrocyte"
2.11438137025297e-15,0.538704096842627,0.481,0.342,6.29430190110606e-11,"APBA2","AD_vs_Ctrl","Astrocyte"
2.30788824871641e-15,0.836324819827665,0.274,0.156,6.87035252760388e-11,"SMIM4","AD_vs_Ctrl","Astrocyte"
2.80356220191662e-15,0.718452033812397,0.351,0.219,8.34592431888558e-11,"MAFG","AD_vs_Ctrl","Astrocyte"
2.91483337176791e-15,-0.789850438415033,0.223,0.344,8.6771674644159e-11,"CD44","AD_vs_Ctrl","Astrocyte"
2.96168178348768e-15,0.863741379330812,0.275,0.16,8.81663050126448e-11,"MRPS16","AD_vs_Ctrl","Astrocyte"
3.06787741994278e-15,0.981377301096515,0.239,0.127,9.13276429142767e-11,"LINC00903","AD_vs_Ctrl","Astrocyte"
3.28024782232486e-15,1.00635184849889,0.227,0.12,9.76496974227887e-11,"AC114491.1","AD_vs_Ctrl","Astrocyte"
3.49284811636302e-15,0.569745233961041,0.427,0.293,1.03978595576011e-10,"TTC1","AD_vs_Ctrl","Astrocyte"
3.66542527234026e-15,0.926441343375477,0.245,0.13,1.09116044932297e-10,"ADAL","AD_vs_Ctrl","Astrocyte"
3.67926845664437e-15,1.01344599460456,0.204,0.098,1.09528142685846e-10,"AC005237.1","AD_vs_Ctrl","Astrocyte"
3.94403495103181e-15,0.628841195562611,0.381,0.243,1.17409976457266e-10,"COL27A1","AD_vs_Ctrl","Astrocyte"
4.94612609324789e-15,0.613372418856844,0.429,0.297,1.47241227669896e-10,"AL078459.1","AD_vs_Ctrl","Astrocyte"
4.95540735351612e-15,0.80869931370342,0.266,0.146,1.47517521506821e-10,"PPIL6","AD_vs_Ctrl","Astrocyte"
5.73778350808424e-15,-0.526439465267156,0.45,0.545,1.7080807725216e-10,"LGI4","AD_vs_Ctrl","Astrocyte"
5.8692548194059e-15,0.673428774030537,0.368,0.234,1.74721846718894e-10,"POT1-AS1","AD_vs_Ctrl","Astrocyte"
6.46733954068122e-15,1.00437714854673,0.247,0.139,1.92526230786539e-10,"MORN2","AD_vs_Ctrl","Astrocyte"
7.90438988516982e-15,-1.19325697513005,0.11,0.209,2.3530578249162e-10,"NRGN","AD_vs_Ctrl","Astrocyte"
8.99621883039882e-15,0.514337666340514,0.529,0.419,2.67808438362143e-10,"RPS25","AD_vs_Ctrl","Astrocyte"
9.09769262792274e-15,-0.902154772214361,0.195,0.304,2.70829211840632e-10,"MYH9","AD_vs_Ctrl","Astrocyte"
9.38726919686247e-15,-0.875665524989533,0.145,0.257,2.79449616721399e-10,"RASL10A","AD_vs_Ctrl","Astrocyte"
1.06071871766622e-14,0.516958831509802,0.476,0.342,3.15765355062058e-10,"NR1D2","AD_vs_Ctrl","Astrocyte"
1.12328544170805e-14,0.518742746540279,0.494,0.369,3.34390843142069e-10,"RPL23A","AD_vs_Ctrl","Astrocyte"
1.18805502859005e-14,0.912351706011401,0.306,0.196,3.53672101460971e-10,"NDUFB4P12","AD_vs_Ctrl","Astrocyte"
1.24130840714314e-14,0.589340851234825,0.45,0.31,3.6952509972244e-10,"PPP1R3C","AD_vs_Ctrl","Astrocyte"
1.36553956175874e-14,0.87673119425294,0.27,0.156,4.06507472139958e-10,"ZNF81","AD_vs_Ctrl","Astrocyte"
1.3683900834472e-14,0.665169439374979,0.37,0.245,4.07356043941397e-10,"RPS29","AD_vs_Ctrl","Astrocyte"
1.59576422562621e-14,0.864682826674495,0.294,0.184,4.75043052326665e-10,"COX7CP1","AD_vs_Ctrl","Astrocyte"
1.62594144134634e-14,0.671168712265067,0.352,0.223,4.84026507674392e-10,"AC138207.8","AD_vs_Ctrl","Astrocyte"
1.66485058645817e-14,0.509837042999382,0.491,0.358,4.95609371082732e-10,"ARMC8","AD_vs_Ctrl","Astrocyte"
1.70156658614302e-14,0.730893310203317,0.317,0.196,5.06539357028914e-10,"ANKRD13D","AD_vs_Ctrl","Astrocyte"
1.83378242709526e-14,0.779067979843533,0.275,0.153,5.45898690721989e-10,"AC010099.4","AD_vs_Ctrl","Astrocyte"
1.90600623555047e-14,-0.924652029444881,0.178,0.285,5.67398996261018e-10,"IL33","AD_vs_Ctrl","Astrocyte"
1.94291909709853e-14,0.899038174280307,0.234,0.126,5.78387586015261e-10,"PAN2","AD_vs_Ctrl","Astrocyte"
1.96561692001417e-14,0.545757959768919,0.468,0.339,5.85144500919018e-10,"FUT10","AD_vs_Ctrl","Astrocyte"
1.97321004765016e-14,0.573034895888974,0.472,0.357,5.87404899084977e-10,"DNAJA1","AD_vs_Ctrl","Astrocyte"
2.63705906758864e-14,0.867685719967029,0.252,0.14,7.85026113830464e-10,"JAKMIP2-AS1","AD_vs_Ctrl","Astrocyte"
2.76180935262787e-14,0.793689023476321,0.279,0.163,8.22163026183791e-10,"EP400NL","AD_vs_Ctrl","Astrocyte"
2.87145038575274e-14,-0.897251228037518,0.206,0.316,8.54802065334733e-10,"NORAD","AD_vs_Ctrl","Astrocyte"
3.13081283224793e-14,-0.929320476505471,0.154,0.262,9.32011672031885e-10,"HLA-C","AD_vs_Ctrl","Astrocyte"
3.17875025895264e-14,0.774921592399019,0.287,0.17,9.4628216458761e-10,"NQO1","AD_vs_Ctrl","Astrocyte"
3.21765254778959e-14,0.734831256019589,0.31,0.192,9.57862986951484e-10,"C8orf59","AD_vs_Ctrl","Astrocyte"
3.7807161718751e-14,-0.88496084254276,0.128,0.235,1.1254813972055e-09,"TMEM72-AS1","AD_vs_Ctrl","Astrocyte"
4.6477290522987e-14,0.678782442614612,0.343,0.221,1.3835824615788e-09,"C9orf72","AD_vs_Ctrl","Astrocyte"
4.97867509396073e-14,0.741684895446727,0.326,0.21,1.48210178872117e-09,"GNG5","AD_vs_Ctrl","Astrocyte"
5.52497914602392e-14,-0.697679341268974,0.322,0.43,1.64473104197986e-09,"RPL18","AD_vs_Ctrl","Astrocyte"
5.87005170382587e-14,0.687668826731945,0.343,0.226,1.74745569171192e-09,"KRBOX4","AD_vs_Ctrl","Astrocyte"
6.07234173436696e-14,0.992963144429733,0.213,0.11,1.8076754109037e-09,"TTLL7","AD_vs_Ctrl","Astrocyte"
6.17289567670201e-14,-0.621730482865997,0.338,0.449,1.83760931399742e-09,"SSPN","AD_vs_Ctrl","Astrocyte"
6.58027401923432e-14,0.657548352406256,0.365,0.246,1.95888177278586e-09,"SRP14-AS1","AD_vs_Ctrl","Astrocyte"
7.06389935815191e-14,-0.844081657504881,0.192,0.3,2.10285219992824e-09,"AC138627.1","AD_vs_Ctrl","Astrocyte"
7.37894816457427e-14,-0.835115628280769,0.192,0.306,2.19663907911211e-09,"C2orf82","AD_vs_Ctrl","Astrocyte"
7.62187858590465e-14,-0.647855351021381,0.384,0.474,2.26895703623795e-09,"LINGO1","AD_vs_Ctrl","Astrocyte"
7.79011978513178e-14,0.542084334860151,0.413,0.277,2.31904075883588e-09,"AC005162.3","AD_vs_Ctrl","Astrocyte"
7.89165719273671e-14,-1.2554606516349,0.112,0.204,2.34926742970579e-09,"HPCA","AD_vs_Ctrl","Astrocyte"
8.14355600651359e-14,0.715927785007813,0.37,0.264,2.42425518757903e-09,"OST4","AD_vs_Ctrl","Astrocyte"
9.61007267513351e-14,0.573433217249853,0.455,0.338,2.86082253466049e-09,"PFDN5","AD_vs_Ctrl","Astrocyte"
1.002270735176e-13,0.916507232800837,0.262,0.154,2.98365975154544e-09,"USP3-AS1","AD_vs_Ctrl","Astrocyte"
1.04991446292917e-13,0.817961574107758,0.265,0.153,3.12549036469385e-09,"NMNAT3","AD_vs_Ctrl","Astrocyte"
1.1234325270928e-13,-1.12500147798306,0.107,0.2,3.34434628990257e-09,"BEX1","AD_vs_Ctrl","Astrocyte"
1.1283419023011e-13,0.558842223321436,0.404,0.276,3.35896100896015e-09,"RNF169","AD_vs_Ctrl","Astrocyte"
1.26531384866151e-13,-0.973132985656445,0.174,0.275,3.76671279608045e-09,"ITPKC","AD_vs_Ctrl","Astrocyte"
1.4427941277451e-13,0.746640013311451,0.301,0.185,4.2950538388844e-09,"APIP","AD_vs_Ctrl","Astrocyte"
1.45227717717555e-13,0.628078457703807,0.37,0.25,4.32328392873391e-09,"GKAP1","AD_vs_Ctrl","Astrocyte"
1.49729894084119e-13,-1.00826608457397,0.146,0.246,4.45730921699013e-09,"THSD4","AD_vs_Ctrl","Astrocyte"
1.5800819930012e-13,-0.636961691639168,0.165,0.282,4.70374608496527e-09,"MBP","AD_vs_Ctrl","Astrocyte"
1.72366538963106e-13,0.761149698770613,0.294,0.181,5.13117949839271e-09,"AC107021.1","AD_vs_Ctrl","Astrocyte"
1.86588524886278e-13,-0.931953866082319,0.135,0.236,5.55455379733961e-09,"AC115622.1","AD_vs_Ctrl","Astrocyte"
1.93049004671601e-13,0.648084127338795,0.336,0.215,5.7468758200689e-09,"GMNN","AD_vs_Ctrl","Astrocyte"
2.12903205257301e-13,-0.675386009093376,0.326,0.427,6.33791551730459e-09,"CBR1","AD_vs_Ctrl","Astrocyte"
2.1352828833826e-13,-1.01041108852085,0.109,0.203,6.35652361554166e-09,"VASN","AD_vs_Ctrl","Astrocyte"
2.2493316257483e-13,0.543035606009423,0.454,0.335,6.6960353166901e-09,"XPR1","AD_vs_Ctrl","Astrocyte"
2.79618198157196e-13,0.786351793485358,0.247,0.138,8.32395414094156e-09,"LMNTD1","AD_vs_Ctrl","Astrocyte"
2.85723022782236e-13,0.916566795844057,0.227,0.126,8.50568866520437e-09,"AP000769.1","AD_vs_Ctrl","Astrocyte"
2.99000438528093e-13,-0.77853739163445,0.145,0.25,8.90094405454281e-09,"AC097515.1","AD_vs_Ctrl","Astrocyte"
3.01129653849347e-13,0.599685364561542,0.393,0.27,8.9643286654412e-09,"AC139887.2","AD_vs_Ctrl","Astrocyte"
3.39316132935213e-13,-0.634533401798957,0.329,0.431,1.01011019613484e-08,"ELL2","AD_vs_Ctrl","Astrocyte"
3.46929944741207e-13,0.91717652632605,0.211,0.11,1.0327757525001e-08,"PARD6G-AS1","AD_vs_Ctrl","Astrocyte"
3.84896383096694e-13,-0.850739783869083,0.182,0.286,1.14579804284055e-08,"LGALS3BP","AD_vs_Ctrl","Astrocyte"
3.87904069681305e-13,-0.573114664099645,0.337,0.448,1.15475162503428e-08,"AL022068.1","AD_vs_Ctrl","Astrocyte"
4.18079575672828e-13,0.939181383432594,0.216,0.118,1.24458108882044e-08,"ENPP5","AD_vs_Ctrl","Astrocyte"
4.1910021799275e-13,-0.927597032171024,0.15,0.252,1.24761943894262e-08,"EPAS1","AD_vs_Ctrl","Astrocyte"
4.33069981234022e-13,0.745324802047867,0.248,0.141,1.28920602713556e-08,"LSM7","AD_vs_Ctrl","Astrocyte"
4.34699861359503e-13,-0.753498417291479,0.36,0.436,1.2940580172811e-08,"RPL3P4","AD_vs_Ctrl","Astrocyte"
5.25498376895377e-13,-0.643297657090996,0.299,0.409,1.56435611817985e-08,"WBP2","AD_vs_Ctrl","Astrocyte"
5.87922573745167e-13,0.60098552822903,0.391,0.273,1.75018670978199e-08,"PLCG1","AD_vs_Ctrl","Astrocyte"
5.89606044030122e-13,0.944172050818988,0.22,0.121,1.75519823247327e-08,"AC211433.1","AD_vs_Ctrl","Astrocyte"
6.41260708480509e-13,-0.639031194996297,0.421,0.5,1.90896900307563e-08,"CHI3L1","AD_vs_Ctrl","Astrocyte"
6.97141055214334e-13,0.692422649459573,0.315,0.201,2.07531920726755e-08,"SPATS2","AD_vs_Ctrl","Astrocyte"
7.36929426249013e-13,0.524907454705196,0.439,0.316,2.19376520900069e-08,"TAF1D","AD_vs_Ctrl","Astrocyte"
7.69228779400921e-13,0.782384900894643,0.279,0.172,2.2899171533986e-08,"SLC30A1","AD_vs_Ctrl","Astrocyte"
8.08545535999052e-13,0.764314262933562,0.234,0.127,2.40695920611558e-08,"PRKX","AD_vs_Ctrl","Astrocyte"
8.44997918806718e-13,-0.977613947061814,0.144,0.24,2.51547430449572e-08,"ARPP21","AD_vs_Ctrl","Astrocyte"
8.76216112179485e-13,0.582463336943625,0.385,0.269,2.60840774434711e-08,"RPL24","AD_vs_Ctrl","Astrocyte"
9.11007432808588e-13,0.83469479358328,0.241,0.138,2.71197802672789e-08,"DCDC1","AD_vs_Ctrl","Astrocyte"
1.01251648515108e-12,0.768783769981118,0.275,0.171,3.01416032464625e-08,"NDUFA8","AD_vs_Ctrl","Astrocyte"
1.15521931085937e-12,0.704197277087719,0.29,0.18,3.43897236649725e-08,"SLC22A15","AD_vs_Ctrl","Astrocyte"
1.21182434310604e-12,0.921252811706194,0.243,0.144,3.60747988699238e-08,"AC245297.1","AD_vs_Ctrl","Astrocyte"
1.21740827754592e-12,0.51376613362981,0.423,0.304,3.62410270142646e-08,"ITGB5","AD_vs_Ctrl","Astrocyte"
1.22930575577776e-12,-0.683148705370024,0.314,0.417,3.6595203043748e-08,"TIPARP","AD_vs_Ctrl","Astrocyte"
1.29829215948235e-12,-0.862613211455501,0.175,0.277,3.864885929563e-08,"GPC1","AD_vs_Ctrl","Astrocyte"
1.34272066690909e-12,0.577029024480532,0.344,0.225,3.99714515332166e-08,"TPM1","AD_vs_Ctrl","Astrocyte"
1.42568163972687e-12,0.701120315454085,0.284,0.176,4.24411167330293e-08,"PTMAP2","AD_vs_Ctrl","Astrocyte"
1.44126527946556e-12,-0.855034412674728,0.178,0.28,4.29050261044102e-08,"COPE","AD_vs_Ctrl","Astrocyte"
1.49767802241965e-12,0.835674715878014,0.262,0.161,4.45843770494105e-08,"TCEAL9","AD_vs_Ctrl","Astrocyte"
1.66066509897119e-12,0.527372746307805,0.466,0.353,4.94363393312735e-08,"CFAP54","AD_vs_Ctrl","Astrocyte"
1.7978772881261e-12,-0.9306574519792,0.133,0.23,5.35210089902259e-08,"HMGB2","AD_vs_Ctrl","Astrocyte"
1.86551673993731e-12,0.726620088071929,0.282,0.174,5.55345678311936e-08,"FAM133B","AD_vs_Ctrl","Astrocyte"
1.88865664557582e-12,0.626715073528967,0.347,0.235,5.62234196821464e-08,"MBTD1","AD_vs_Ctrl","Astrocyte"
1.89040554301513e-12,0.867907814005687,0.273,0.173,5.62754826100173e-08,"RPL12P4","AD_vs_Ctrl","Astrocyte"
1.91131663638881e-12,0.872375439992784,0.219,0.122,5.68979849486585e-08,"LAMTOR5-AS1","AD_vs_Ctrl","Astrocyte"
1.95860901261669e-12,-0.695705838425761,0.23,0.335,5.83058316965863e-08,"AC091078.1","AD_vs_Ctrl","Astrocyte"
1.9841028150804e-12,-0.594535387238987,0.306,0.417,5.90647567021285e-08,"SCG3","AD_vs_Ctrl","Astrocyte"
2.02769243926019e-12,0.918496924464136,0.201,0.107,6.03623762243367e-08,"BCO2","AD_vs_Ctrl","Astrocyte"
2.09584195012078e-12,0.819704497228408,0.248,0.147,6.23911190131455e-08,"TMEM258","AD_vs_Ctrl","Astrocyte"
2.30213492709004e-12,-0.668082905568023,0.242,0.351,6.85322546445435e-08,"C1orf228","AD_vs_Ctrl","Astrocyte"
2.30611588879684e-12,0.657436028879012,0.321,0.209,6.8650763893593e-08,"AAMDC","AD_vs_Ctrl","Astrocyte"
2.47544284736728e-12,0.921584114269925,0.216,0.12,7.36914581232765e-08,"LIN7A","AD_vs_Ctrl","Astrocyte"
2.56406069713843e-12,-0.503349815111508,0.373,0.48,7.6329522893114e-08,"ARHGAP24","AD_vs_Ctrl","Astrocyte"
2.59201499684187e-12,0.733789697817336,0.291,0.185,7.71616944409858e-08,"FAM196A","AD_vs_Ctrl","Astrocyte"
2.69454133367565e-12,0.866383533972217,0.21,0.114,8.02138009621903e-08,"KCTD13","AD_vs_Ctrl","Astrocyte"
2.94637641432359e-12,0.887111200771273,0.233,0.135,8.77106794779989e-08,"RBMS3-AS3","AD_vs_Ctrl","Astrocyte"
2.95146201924174e-12,0.831020577534458,0.243,0.142,8.78620728508074e-08,"CCDC144CP","AD_vs_Ctrl","Astrocyte"
2.97696030055454e-12,-0.797092095638273,0.164,0.266,8.8621131187208e-08,"FADS1","AD_vs_Ctrl","Astrocyte"
3.07861554560716e-12,0.55901664863163,0.397,0.281,9.16473061771797e-08,"AC074032.1","AD_vs_Ctrl","Astrocyte"
3.11163194720916e-12,0.777851005118816,0.225,0.125,9.26301714364696e-08,"AC010615.4","AD_vs_Ctrl","Astrocyte"
3.32167401559887e-12,0.796766023430307,0.229,0.128,9.88829137703627e-08,"LINC01088","AD_vs_Ctrl","Astrocyte"
3.50318534696588e-12,0.802635556540577,0.26,0.157,1.04286324593827e-07,"PPID","AD_vs_Ctrl","Astrocyte"
3.6883909815585e-12,-0.918055867629612,0.11,0.2,1.09799711130015e-07,"LINC00623","AD_vs_Ctrl","Astrocyte"
4.24715995689312e-12,0.759630541579022,0.205,0.108,1.26433704756751e-07,"KCNE4","AD_vs_Ctrl","Astrocyte"
4.26656416273027e-12,-0.750999236474459,0.178,0.282,1.27011348560317e-07,"GPCPD1","AD_vs_Ctrl","Astrocyte"
4.30205830716848e-12,0.734023376299949,0.271,0.169,1.28067973746099e-07,"CARS","AD_vs_Ctrl","Astrocyte"
4.41400631135063e-12,0.514277709276968,0.439,0.321,1.31400553882597e-07,"UBAP2","AD_vs_Ctrl","Astrocyte"
5.02911640563027e-12,0.835346069835798,0.209,0.114,1.49711766279207e-07,"TCP11L2","AD_vs_Ctrl","Astrocyte"
5.37670014745733e-12,0.714404662803805,0.292,0.187,1.60058986689657e-07,"SNX7","AD_vs_Ctrl","Astrocyte"
5.46658643263126e-12,0.81169075686013,0.237,0.137,1.62734811513e-07,"AC026202.2","AD_vs_Ctrl","Astrocyte"
6.07967897476929e-12,0.663853175677597,0.31,0.201,1.80985963399907e-07,"TRMT13","AD_vs_Ctrl","Astrocyte"
6.13559870579641e-12,0.611316193534972,0.319,0.207,1.82650637872853e-07,"UBE2Q2P2","AD_vs_Ctrl","Astrocyte"
6.32999048455809e-12,0.51867071502953,0.443,0.324,1.8843748673481e-07,"AC068587.6","AD_vs_Ctrl","Astrocyte"
6.48381186834713e-12,-0.815820380210327,0.208,0.308,1.93016595508826e-07,"AC073621.1","AD_vs_Ctrl","Astrocyte"
6.75793161359632e-12,0.706903540661435,0.316,0.212,2.01176866205149e-07,"ERO1B","AD_vs_Ctrl","Astrocyte"
6.76725765541739e-12,0.74891764289129,0.284,0.184,2.0145449314412e-07,"ATP5H","AD_vs_Ctrl","Astrocyte"
6.93323708459007e-12,0.723513441122152,0.286,0.182,2.06395534771162e-07,"PGP","AD_vs_Ctrl","Astrocyte"
7.43426214599161e-12,0.727026015559591,0.327,0.223,2.21310549824024e-07,"LAMA2","AD_vs_Ctrl","Astrocyte"
7.68744760327611e-12,0.566417390791996,0.373,0.257,2.28847627701926e-07,"DNAJC6","AD_vs_Ctrl","Astrocyte"
8.20847851057008e-12,0.609836151885361,0.273,0.166,2.44358196781161e-07,"STIP1","AD_vs_Ctrl","Astrocyte"
8.33544404327436e-12,-0.839721405539958,0.196,0.293,2.48137833724234e-07,"RPL13AP5","AD_vs_Ctrl","Astrocyte"
8.50790925867084e-12,0.557214851373709,0.384,0.276,2.53271950721372e-07,"PPP2R3C","AD_vs_Ctrl","Astrocyte"
8.64774503423635e-12,-0.66799762750412,0.269,0.373,2.57434721924182e-07,"NUDT3","AD_vs_Ctrl","Astrocyte"
9.34538821546902e-12,0.892279448614358,0.214,0.119,2.78202861786297e-07,"RGS6","AD_vs_Ctrl","Astrocyte"
9.84123822233284e-12,0.886615545716105,0.208,0.115,2.92963820640626e-07,"AC092839.1","AD_vs_Ctrl","Astrocyte"
1.04613463528942e-11,0.810852516998696,0.213,0.117,3.11423819579307e-07,"TSHZ2","AD_vs_Ctrl","Astrocyte"
1.1368858270041e-11,-0.95265683712934,0.136,0.227,3.3843954184085e-07,"PNMA2","AD_vs_Ctrl","Astrocyte"
1.16010707713559e-11,0.696505162062663,0.268,0.163,3.45352275792494e-07,"PPM1E","AD_vs_Ctrl","Astrocyte"
1.24640475958585e-11,0.771535915087255,0.257,0.159,3.71042232881113e-07,"ZNF471","AD_vs_Ctrl","Astrocyte"
1.26379822333375e-11,-0.718927520443118,0.2,0.304,3.76220093104225e-07,"MCL1","AD_vs_Ctrl","Astrocyte"
1.29460611276401e-11,0.636708119120521,0.326,0.222,3.85391293708717e-07,"ZSWIM7","AD_vs_Ctrl","Astrocyte"
1.31911259869336e-11,0.588853274760097,0.365,0.26,3.92686629505025e-07,"NAPEPLD","AD_vs_Ctrl","Astrocyte"
1.3584159216807e-11,0.501572324641064,0.428,0.322,4.04386835725128e-07,"SAFB2","AD_vs_Ctrl","Astrocyte"
1.36352385533544e-11,-0.60953856313534,0.368,0.443,4.05907416494808e-07,"COLEC12","AD_vs_Ctrl","Astrocyte"
1.44687631722918e-11,0.509178925074844,0.402,0.285,4.30720610875955e-07,"NBPF19","AD_vs_Ctrl","Astrocyte"
1.55300756717237e-11,-0.639284656892511,0.267,0.372,4.62314822671542e-07,"GNAI2","AD_vs_Ctrl","Astrocyte"
1.56451045329235e-11,0.829130052789945,0.243,0.149,4.65739116840599e-07,"ITPKB-AS1","AD_vs_Ctrl","Astrocyte"
1.59352191615723e-11,0.609460781002033,0.311,0.201,4.74375539220847e-07,"OSBP2","AD_vs_Ctrl","Astrocyte"
1.62894222082461e-11,0.602560940285272,0.325,0.219,4.84919809717278e-07,"ZSWIM8","AD_vs_Ctrl","Astrocyte"
1.85225608576677e-11,0.755419100226426,0.248,0.15,5.5139811417191e-07,"ZNF365","AD_vs_Ctrl","Astrocyte"
1.85503205178736e-11,0.629953388407809,0.319,0.214,5.52224491496578e-07,"HERC2P2","AD_vs_Ctrl","Astrocyte"
2.42655060935139e-11,0.862711202695967,0.224,0.131,7.22359850897816e-07,"AC011092.2","AD_vs_Ctrl","Astrocyte"
2.53326069217643e-11,-0.671613659236498,0.348,0.424,7.54126375454001e-07,"RPS19","AD_vs_Ctrl","Astrocyte"
2.64451884382871e-11,0.820050360829472,0.236,0.143,7.87246814619368e-07,"AMZ2P1","AD_vs_Ctrl","Astrocyte"
2.78649620303369e-11,0.805783237345828,0.231,0.137,8.29512054681098e-07,"RNF19B","AD_vs_Ctrl","Astrocyte"
2.85180671533525e-11,0.517055708492468,0.393,0.281,8.48954341088151e-07,"AL731577.2","AD_vs_Ctrl","Astrocyte"
2.94696728023999e-11,0.699225912432895,0.293,0.195,8.77282689654643e-07,"SAP30","AD_vs_Ctrl","Astrocyte"
2.97375817127101e-11,0.535328438187515,0.386,0.278,8.85258070005667e-07,"PAIP2","AD_vs_Ctrl","Astrocyte"
3.09081828192214e-11,-0.847077533827691,0.177,0.27,9.20105694345401e-07,"IER5L","AD_vs_Ctrl","Astrocyte"
3.11811598468745e-11,0.790848166790465,0.251,0.155,9.28231947481608e-07,"HDAC3","AD_vs_Ctrl","Astrocyte"
3.32845841382241e-11,0.551727334799574,0.367,0.26,9.90848785210795e-07,"ZNF83","AD_vs_Ctrl","Astrocyte"
3.33521604687463e-11,0.595137090008301,0.308,0.201,9.9286046499411e-07,"PKD1","AD_vs_Ctrl","Astrocyte"
3.44351702879573e-11,0.503642642826067,0.41,0.304,1.0251005843022e-06,"C14orf2","AD_vs_Ctrl","Astrocyte"
3.88167809921838e-11,-0.598419505808029,0.268,0.372,1.15553675335632e-06,"LINC02340","AD_vs_Ctrl","Astrocyte"
4.00211208621899e-11,0.543726091491758,0.36,0.255,1.19138874694653e-06,"MRPL20","AD_vs_Ctrl","Astrocyte"
4.04944806574294e-11,0.716211881695612,0.251,0.153,1.20548019469102e-06,"PQLC1","AD_vs_Ctrl","Astrocyte"
4.86308713835742e-11,0.573899875573639,0.38,0.276,1.44769241021762e-06,"SWT1","AD_vs_Ctrl","Astrocyte"
4.99000072623578e-11,0.515640823061908,0.388,0.275,1.48547331619313e-06,"EYA1","AD_vs_Ctrl","Astrocyte"
5.21541073585725e-11,-0.811749068737782,0.159,0.25,1.55257562195734e-06,"LINC00886","AD_vs_Ctrl","Astrocyte"
5.46168771312165e-11,0.593321069612118,0.33,0.223,1.62588981531918e-06,"CTXND1","AD_vs_Ctrl","Astrocyte"
5.62201229567873e-11,0.901042560034393,0.205,0.117,1.6736168403006e-06,"KIAA1217","AD_vs_Ctrl","Astrocyte"
6.62000770961582e-11,0.598215218682484,0.298,0.196,1.97071009507553e-06,"COMMD2","AD_vs_Ctrl","Astrocyte"
6.62292024787012e-11,0.69020990053722,0.261,0.165,1.97157712858846e-06,"GGA2","AD_vs_Ctrl","Astrocyte"
6.92957877194974e-11,0.681036802774004,0.274,0.179,2.06286630462172e-06,"AHSA1","AD_vs_Ctrl","Astrocyte"
7.20048653069454e-11,0.726730805509847,0.239,0.144,2.14351283532246e-06,"HS3ST5","AD_vs_Ctrl","Astrocyte"
7.30146390735545e-11,0.754946768920884,0.252,0.159,2.17357279058064e-06,"AC058822.1","AD_vs_Ctrl","Astrocyte"
7.52030723336463e-11,-0.647440341193582,0.243,0.343,2.23872026030032e-06,"RETREG1","AD_vs_Ctrl","Astrocyte"
7.80370632510397e-11,0.754883246147573,0.267,0.175,2.3230853359202e-06,"GTF2A2","AD_vs_Ctrl","Astrocyte"
8.02774667964438e-11,0.670882839014699,0.296,0.2,2.38977990906333e-06,"YBX1","AD_vs_Ctrl","Astrocyte"
8.13292650221058e-11,-0.646810261794609,0.249,0.347,2.42109089044307e-06,"TUBB4B","AD_vs_Ctrl","Astrocyte"
8.20404167798302e-11,-0.514199962140984,0.365,0.463,2.44226116711877e-06,"APC2","AD_vs_Ctrl","Astrocyte"
9.57644930013085e-11,0.705496722376544,0.243,0.149,2.85081319215595e-06,"SYNM","AD_vs_Ctrl","Astrocyte"
1.0084712236316e-10,0.598759853549328,0.339,0.234,3.00211798562892e-06,"NBPF1","AD_vs_Ctrl","Astrocyte"
1.0169978191757e-10,0.782042622566236,0.326,0.24,3.02750080790415e-06,"MIR4300HG","AD_vs_Ctrl","Astrocyte"
1.05222103210252e-10,0.648695053709291,0.306,0.207,3.132356790466e-06,"PAQR3","AD_vs_Ctrl","Astrocyte"
1.06426610395948e-10,-0.641852453082406,0.23,0.33,3.16821376487698e-06,"ALPK1","AD_vs_Ctrl","Astrocyte"
1.08284641780262e-10,0.69079083880938,0.239,0.145,3.22352550115663e-06,"ATP1A1-AS1","AD_vs_Ctrl","Astrocyte"
1.19467816294458e-10,-0.857487588266211,0.119,0.203,3.55643742326971e-06,"ARRDC3","AD_vs_Ctrl","Astrocyte"
1.3129085482904e-10,-0.640553139725698,0.25,0.35,3.90839745740569e-06,"SLC9A3R1","AD_vs_Ctrl","Astrocyte"
1.37398991185115e-10,-0.549533250902743,0.33,0.421,4.09023056858969e-06,"OSMR-AS1","AD_vs_Ctrl","Astrocyte"
1.46389269523939e-10,-0.80787647963412,0.126,0.212,4.35786216445815e-06,"DIRC3","AD_vs_Ctrl","Astrocyte"
1.48490315507093e-10,0.780287734107765,0.226,0.136,4.42040820233066e-06,"TUB","AD_vs_Ctrl","Astrocyte"
1.57164679925494e-10,0.545022125621353,0.29,0.185,4.67863535670204e-06,"CDKL1","AD_vs_Ctrl","Astrocyte"
1.60549186232125e-10,0.522797297786235,0.398,0.293,4.77938872494413e-06,"TLE4","AD_vs_Ctrl","Astrocyte"
1.69428528309237e-10,0.501323280496396,0.371,0.258,5.04371785923769e-06,"PPARGC1A","AD_vs_Ctrl","Astrocyte"
1.71695977614501e-10,0.719886462739171,0.248,0.159,5.11121755760609e-06,"RPS3AP6","AD_vs_Ctrl","Astrocyte"
1.80255671933298e-10,0.56614057158369,0.331,0.227,5.36603109778234e-06,"LCORL","AD_vs_Ctrl","Astrocyte"
1.87690367958153e-10,0.631645351626028,0.309,0.211,5.58735456374627e-06,"CEP162","AD_vs_Ctrl","Astrocyte"
1.96215097648457e-10,-0.62730588055747,0.304,0.393,5.84112724189693e-06,"PEA15","AD_vs_Ctrl","Astrocyte"
1.99801986769053e-10,0.70485058649507,0.247,0.154,5.94790534412795e-06,"NFATC2","AD_vs_Ctrl","Astrocyte"
2.12550089443299e-10,-0.92117524909895,0.155,0.24,6.32740361263756e-06,"LINC00854","AD_vs_Ctrl","Astrocyte"
2.59191521209915e-10,0.633043566500718,0.28,0.184,7.71587239489795e-06,"ZNF565","AD_vs_Ctrl","Astrocyte"
2.59779040335763e-10,-0.653938666820838,0.183,0.281,7.73336225175534e-06,"AC021231.1","AD_vs_Ctrl","Astrocyte"
2.69062683544739e-10,0.563892359307292,0.358,0.261,8.00972702644333e-06,"GYPA","AD_vs_Ctrl","Astrocyte"
2.80977890370857e-10,0.5480006981327,0.397,0.3,8.36443081845006e-06,"RPS13","AD_vs_Ctrl","Astrocyte"
3.02364297321523e-10,-0.661956160693886,0.223,0.316,9.00108276696443e-06,"NDRG1","AD_vs_Ctrl","Astrocyte"
3.02651218385791e-10,0.738679099094876,0.23,0.141,9.00962412012661e-06,"AC005480.1","AD_vs_Ctrl","Astrocyte"
3.2468560551313e-10,0.708446255854275,0.25,0.158,9.66556579052037e-06,"EPB42","AD_vs_Ctrl","Astrocyte"
3.32489804289355e-10,0.604353405068745,0.32,0.222,9.8978889838898e-06,"AGTPBP1","AD_vs_Ctrl","Astrocyte"
3.3493269903914e-10,0.604178582794517,0.306,0.208,9.97061151769615e-06,"AC016831.5","AD_vs_Ctrl","Astrocyte"
3.36489161993412e-10,-0.718423880963965,0.194,0.285,1.00169458633819e-05,"YTHDF1","AD_vs_Ctrl","Astrocyte"
3.44932722439434e-10,-0.720801874726433,0.198,0.291,1.02683022142995e-05,"LINC00271","AD_vs_Ctrl","Astrocyte"
3.78409987042422e-10,0.527379247305349,0.326,0.221,1.12648869042659e-05,"AP001992.1","AD_vs_Ctrl","Astrocyte"
4.30105533035386e-10,0.648739566150804,0.276,0.184,1.28038116129304e-05,"MITD1","AD_vs_Ctrl","Astrocyte"
4.3932848958675e-10,0.703601774298021,0.259,0.166,1.3078369806508e-05,"CFAP47","AD_vs_Ctrl","Astrocyte"
4.51510117039427e-10,0.53539313090818,0.35,0.246,1.34410046741467e-05,"GINS3","AD_vs_Ctrl","Astrocyte"
4.55030135280871e-10,-0.882459659044221,0.149,0.234,1.35457920971762e-05,"NCDN","AD_vs_Ctrl","Astrocyte"
4.71342908037088e-10,-0.550396160591189,0.393,0.463,1.40314070293561e-05,"CHCHD2","AD_vs_Ctrl","Astrocyte"
4.88175630275243e-10,0.506502747790248,0.355,0.25,1.45325003376637e-05,"PPP4R4","AD_vs_Ctrl","Astrocyte"
5.16485823889229e-10,0.720580210290692,0.201,0.114,1.53752664913585e-05,"C7orf61","AD_vs_Ctrl","Astrocyte"
5.6043366714329e-10,0.610916434979877,0.285,0.188,1.66835498371886e-05,"LRRC37B","AD_vs_Ctrl","Astrocyte"
5.97769457961863e-10,0.569439171831112,0.297,0.197,1.77949989940667e-05,"NAA38","AD_vs_Ctrl","Astrocyte"
5.99461816286824e-10,-0.506814998277888,0.362,0.453,1.78453788090425e-05,"AKAP12","AD_vs_Ctrl","Astrocyte"
6.27601988295973e-10,0.600656880144044,0.28,0.184,1.86830835895828e-05,"PHC1","AD_vs_Ctrl","Astrocyte"
6.4524675521078e-10,0.662594366887473,0.261,0.169,1.92083506558697e-05,"IL7","AD_vs_Ctrl","Astrocyte"
6.82223748623873e-10,-0.713823190946365,0.159,0.246,2.03091187727841e-05,"LINC01515","AD_vs_Ctrl","Astrocyte"
6.9332518855628e-10,0.561703511069504,0.32,0.221,2.06395975381319e-05,"KLHL28","AD_vs_Ctrl","Astrocyte"
7.00335244771361e-10,0.543811955063827,0.32,0.22,2.08482799015987e-05,"RPL32P3","AD_vs_Ctrl","Astrocyte"
7.4907840931246e-10,-0.635053490247952,0.209,0.304,2.22993151668226e-05,"CRLS1","AD_vs_Ctrl","Astrocyte"
7.91210779827391e-10,0.770499551602037,0.221,0.137,2.35535537046816e-05,"LINC01322","AD_vs_Ctrl","Astrocyte"
9.13389971478729e-10,0.700394795368214,0.23,0.143,2.71907060609503e-05,"ARHGAP29","AD_vs_Ctrl","Astrocyte"
9.16565784506545e-10,0.528829370813829,0.327,0.227,2.72852468389753e-05,"SALL3","AD_vs_Ctrl","Astrocyte"
9.6841346515982e-10,-0.652122741356845,0.222,0.313,2.88287004443427e-05,"PARP9","AD_vs_Ctrl","Astrocyte"
9.90250028385058e-10,-0.854473397132811,0.164,0.246,2.94787530949948e-05,"CCDC85B","AD_vs_Ctrl","Astrocyte"
1.00515270491927e-09,0.554870275762475,0.305,0.209,2.99223908727419e-05,"SLC25A29","AD_vs_Ctrl","Astrocyte"
1.06371548900487e-09,0.537236145399353,0.344,0.243,3.1665746392186e-05,"ADRA1A","AD_vs_Ctrl","Astrocyte"
1.09750786772722e-09,0.611771557008873,0.311,0.217,3.26717117143717e-05,"DDX3P1","AD_vs_Ctrl","Astrocyte"
1.20300095158163e-09,0.552554875464427,0.312,0.213,3.58121353276337e-05,"EFHC1","AD_vs_Ctrl","Astrocyte"
1.24270722844733e-09,0.530539414078825,0.351,0.254,3.69941514836485e-05,"AC104986.2","AD_vs_Ctrl","Astrocyte"
1.28552380580264e-09,-0.65846275300627,0.308,0.387,3.82687581749389e-05,"RPL13","AD_vs_Ctrl","Astrocyte"
1.32114295618157e-09,0.623965759768206,0.225,0.137,3.93291046625692e-05,"RPP38","AD_vs_Ctrl","Astrocyte"
1.37614518567038e-09,0.701989258828029,0.252,0.163,4.09664660322216e-05,"ITGA9","AD_vs_Ctrl","Astrocyte"
1.44395974826502e-09,0.575552681580249,0.316,0.227,4.29852377461013e-05,"GOLGA8A","AD_vs_Ctrl","Astrocyte"
1.51774266764136e-09,0.52271239792907,0.348,0.25,4.51816814730156e-05,"KLHL21","AD_vs_Ctrl","Astrocyte"
1.53452679848836e-09,0.735550466817639,0.224,0.141,4.56813282641999e-05,"NXPE3","AD_vs_Ctrl","Astrocyte"
1.5472414003846e-09,-0.853295404471053,0.146,0.226,4.60598292480492e-05,"ACTN1","AD_vs_Ctrl","Astrocyte"
1.55123558888625e-09,-0.637500211922199,0.231,0.321,4.61787322455549e-05,"HMGN2","AD_vs_Ctrl","Astrocyte"
1.580456347687e-09,0.537237641061884,0.356,0.263,4.70486050142942e-05,"IARS","AD_vs_Ctrl","Astrocyte"
1.63856356483513e-09,-0.66250144301599,0.301,0.381,4.87783987615771e-05,"CXCL14","AD_vs_Ctrl","Astrocyte"
1.75008052380308e-09,-0.525421192218281,0.245,0.343,5.20981471130938e-05,"UNC80","AD_vs_Ctrl","Astrocyte"
1.78179802656782e-09,0.523642723234278,0.363,0.264,5.30423454528976e-05,"DLGAP1","AD_vs_Ctrl","Astrocyte"
1.90243305838487e-09,-0.803587019523198,0.145,0.226,5.66335297150591e-05,"TRIM5","AD_vs_Ctrl","Astrocyte"
1.95492904339728e-09,-0.75695523600982,0.185,0.27,5.81962826928937e-05,"EEF2","AD_vs_Ctrl","Astrocyte"
1.99322808943493e-09,0.835895032568896,0.224,0.144,5.93364069943884e-05,"FILIP1L","AD_vs_Ctrl","Astrocyte"
2.04554111509854e-09,-0.671786490986832,0.181,0.269,6.08937134553683e-05,"CRISPLD1","AD_vs_Ctrl","Astrocyte"
2.09246286241632e-09,0.505941001472089,0.354,0.263,6.22905269512715e-05,"SH3YL1","AD_vs_Ctrl","Astrocyte"
2.10039769813944e-09,0.549341553222209,0.371,0.283,6.25267390759128e-05,"FAM162A","AD_vs_Ctrl","Astrocyte"
2.19352151323447e-09,-0.730773477257348,0.163,0.251,6.52989419274771e-05,"RER1","AD_vs_Ctrl","Astrocyte"
2.33971188288045e-09,-0.76382776742472,0.137,0.219,6.96508830414682e-05,"MTATP6P1","AD_vs_Ctrl","Astrocyte"
2.35440274551813e-09,0.646060370455669,0.265,0.177,7.00882153313293e-05,"SMIM20","AD_vs_Ctrl","Astrocyte"
2.43925471438475e-09,0.531261632814628,0.314,0.222,7.26141735925196e-05,"LARP7","AD_vs_Ctrl","Astrocyte"
2.44993541558682e-09,0.684405502390889,0.229,0.145,7.29321273866042e-05,"AL353743.1","AD_vs_Ctrl","Astrocyte"
2.5439539271378e-09,-0.536192070219778,0.332,0.421,7.57309644569652e-05,"ADCYAP1R1","AD_vs_Ctrl","Astrocyte"
2.57537376137044e-09,0.805633851780684,0.238,0.158,7.66663015022367e-05,"BOLA3","AD_vs_Ctrl","Astrocyte"
2.64973170523256e-09,0.739632852309327,0.215,0.134,7.88798631330681e-05,"ZNF213","AD_vs_Ctrl","Astrocyte"
2.78067003185441e-09,0.736506146936294,0.206,0.125,8.2777766178274e-05,"IFT20","AD_vs_Ctrl","Astrocyte"
3.00309612251403e-09,0.737721510396807,0.203,0.123,8.939916847112e-05,"C2orf88","AD_vs_Ctrl","Astrocyte"
3.18190336147188e-09,0.536475934476765,0.315,0.22,9.47220811676564e-05,"SPSB3","AD_vs_Ctrl","Astrocyte"
3.45775918728709e-09,-0.681661488014246,0.188,0.277,0.000102934033246349,"USP11","AD_vs_Ctrl","Astrocyte"
3.68123219579299e-09,0.529393203688385,0.289,0.193,0.000109586601236562,"BHMT2","AD_vs_Ctrl","Astrocyte"
3.85779706186779e-09,-0.79748477720247,0.133,0.214,0.000114842760734742,"C12orf57","AD_vs_Ctrl","Astrocyte"
3.89296917679007e-09,0.513198866035792,0.33,0.237,0.000115889799423864,"MGRN1","AD_vs_Ctrl","Astrocyte"
3.98418439408808e-09,0.748500595400568,0.214,0.134,0.000118605185227608,"SRPK1","AD_vs_Ctrl","Astrocyte"
4.35685368694575e-09,-0.811252245495198,0.137,0.215,0.000129699177406688,"KDELR1","AD_vs_Ctrl","Astrocyte"
4.47362865767573e-09,-0.720676727557886,0.164,0.248,0.000133175451510349,"PPP2R1A","AD_vs_Ctrl","Astrocyte"
4.49030061560426e-09,0.622075088703267,0.252,0.166,0.000133671759025923,"WDR73","AD_vs_Ctrl","Astrocyte"
4.80043446627649e-09,0.710191167025927,0.246,0.164,0.000142904133626585,"ZNF814","AD_vs_Ctrl","Astrocyte"
4.80046192954968e-09,0.686967783783674,0.236,0.151,0.000142904951180764,"SPOCK1","AD_vs_Ctrl","Astrocyte"
5.56504966876234e-09,0.55130458018836,0.323,0.231,0.000165665963589386,"LARP1B","AD_vs_Ctrl","Astrocyte"
6.12229525248753e-09,-0.577726270106864,0.324,0.404,0.000182254607371301,"DDX24","AD_vs_Ctrl","Astrocyte"
6.30554472517592e-09,0.690090210012521,0.214,0.133,0.000187709760923762,"DISP3","AD_vs_Ctrl","Astrocyte"
6.3342849841132e-09,0.530066228620828,0.335,0.243,0.000188565329692066,"ADIPOR2","AD_vs_Ctrl","Astrocyte"
6.34102099544875e-09,0.654807332674803,0.255,0.171,0.000188765854013514,"BIRC6-AS2","AD_vs_Ctrl","Astrocyte"
6.4210872424899e-09,0.697919781995075,0.25,0.169,0.000191149346121682,"AC007038.1","AD_vs_Ctrl","Astrocyte"
6.79877061951945e-09,0.637186497868117,0.244,0.16,0.000202392602572474,"IQCG","AD_vs_Ctrl","Astrocyte"
6.99351097650351e-09,-0.756902699036106,0.173,0.255,0.000208189828259533,"VPS28","AD_vs_Ctrl","Astrocyte"
6.99374695941528e-09,0.525701030060287,0.32,0.23,0.000208196853234833,"LRRC6","AD_vs_Ctrl","Astrocyte"
7.01775777124955e-09,0.598512030577557,0.268,0.18,0.000208911631092328,"NDUFAF2","AD_vs_Ctrl","Astrocyte"
7.11819370625132e-09,0.530624769288172,0.352,0.262,0.000211901508441395,"EMSY","AD_vs_Ctrl","Astrocyte"
7.52717488961949e-09,0.614392901695024,0.243,0.157,0.000224076469289083,"RPL7P9","AD_vs_Ctrl","Astrocyte"
7.60840844072217e-09,-0.624242351819949,0.191,0.277,0.000226494710871858,"CASP7","AD_vs_Ctrl","Astrocyte"
7.74849753689346e-09,0.577997353667432,0.251,0.163,0.000230665023175781,"ATF6B","AD_vs_Ctrl","Astrocyte"
7.94973649465895e-09,0.678574355485846,0.268,0.188,0.000236655705709502,"LSM3","AD_vs_Ctrl","Astrocyte"
8.24033532798076e-09,0.532725252485889,0.344,0.254,0.000245306542378659,"CHIC2","AD_vs_Ctrl","Astrocyte"
8.29903846387749e-09,-0.787699450126301,0.124,0.2,0.000247054076031169,"ADAMTSL4-AS1","AD_vs_Ctrl","Astrocyte"
8.32604344952856e-09,0.587090367260028,0.278,0.19,0.000247857987449016,"KRT10","AD_vs_Ctrl","Astrocyte"
8.62581377466345e-09,0.643816852472042,0.238,0.154,0.000256781850257956,"ZNF235","AD_vs_Ctrl","Astrocyte"
8.91719801994781e-09,0.660086780083514,0.232,0.149,0.000265456067855826,"GAREM2","AD_vs_Ctrl","Astrocyte"
9.00357721811424e-09,0.761828616999232,0.231,0.153,0.000268027490206043,"SEC61G","AD_vs_Ctrl","Astrocyte"
9.43108661841846e-09,0.697093083274986,0.222,0.143,0.000280754017543699,"SYNGAP1","AD_vs_Ctrl","Astrocyte"
9.73695288308283e-09,-0.781441893129756,0.154,0.233,0.000289859350376493,"ARHGDIA","AD_vs_Ctrl","Astrocyte"
1.11390261407157e-08,0.735067011934335,0.202,0.124,0.000331597669182966,"ZNF135","AD_vs_Ctrl","Astrocyte"
1.14196951656656e-08,0.726566899186827,0.227,0.149,0.000339952905386699,"GPR135","AD_vs_Ctrl","Astrocyte"
1.1539333252849e-08,0.560184330524694,0.321,0.232,0.000343514411604061,"MTERF4","AD_vs_Ctrl","Astrocyte"
1.16124194329856e-08,-0.787489961605301,0.128,0.204,0.000345690114100549,"PAQR6","AD_vs_Ctrl","Astrocyte"
1.21417265850508e-08,0.500930934886006,0.323,0.231,0.000361447058710376,"C2CD2","AD_vs_Ctrl","Astrocyte"
1.34149694908252e-08,0.696918289018212,0.213,0.136,0.000399350226772376,"AK6","AD_vs_Ctrl","Astrocyte"
1.38072481654203e-08,0.729946233650878,0.205,0.128,0.000411027970636397,"AC016716.2","AD_vs_Ctrl","Astrocyte"
1.41256022700226e-08,0.740370158041817,0.211,0.135,0.000420505053976302,"MCTS1","AD_vs_Ctrl","Astrocyte"
1.47441871467748e-08,0.608459067332982,0.266,0.183,0.00043891970717234,"NDUFB1","AD_vs_Ctrl","Astrocyte"
1.53872874469245e-08,0.692582239303569,0.205,0.126,0.000458064160007494,"AC003991.1","AD_vs_Ctrl","Astrocyte"
1.98498228590222e-08,-0.840801954441433,0.127,0.2,0.000590909376690233,"CDR1.1","AD_vs_Ctrl","Astrocyte"
2.13155335594503e-08,0.673356450523325,0.227,0.149,0.000634542118531276,"CCT5","AD_vs_Ctrl","Astrocyte"
2.27602018281283e-08,0.569452997428705,0.285,0.201,0.000677548448221553,"ENPP7P4","AD_vs_Ctrl","Astrocyte"
2.28445055238939e-08,0.640938432983278,0.246,0.166,0.000680058084940799,"SYNC","AD_vs_Ctrl","Astrocyte"
2.32626015047924e-08,-0.834994239660655,0.154,0.227,0.000692504384196164,"MAP1A","AD_vs_Ctrl","Astrocyte"
2.36015753318307e-08,-0.783051802383987,0.134,0.209,0.000702595296053267,"RASA3","AD_vs_Ctrl","Astrocyte"
2.36021861714804e-08,0.645956689511608,0.236,0.157,0.000702613480138799,"AC084033.3","AD_vs_Ctrl","Astrocyte"
2.36217759015403e-08,0.717759631727258,0.204,0.13,0.000703196646812954,"SPRYD7","AD_vs_Ctrl","Astrocyte"
2.42784771155756e-08,-0.718602695959699,0.128,0.203,0.000722745985253571,"BCYRN1","AD_vs_Ctrl","Astrocyte"
2.54956300278079e-08,-0.822111231384697,0.132,0.204,0.000758979410297814,"CADPS","AD_vs_Ctrl","Astrocyte"
2.64902697668722e-08,0.523227992269882,0.315,0.228,0.00078858884069002,"SRSF6","AD_vs_Ctrl","Astrocyte"
2.70980837603053e-08,0.648676808478123,0.207,0.13,0.000806682855460529,"ANKRD27","AD_vs_Ctrl","Astrocyte"
2.74507477297566e-08,0.62787926091373,0.211,0.134,0.000817181309167125,"FLNB","AD_vs_Ctrl","Astrocyte"
2.76364256832907e-08,0.550671531528313,0.275,0.192,0.00082270875616588,"PYGO1","AD_vs_Ctrl","Astrocyte"
2.9129231170614e-08,0.510750699696038,0.28,0.193,0.00086714808271801,"NR2C1","AD_vs_Ctrl","Astrocyte"
3.18387911519808e-08,0.610153509863829,0.243,0.163,0.000947808973803316,"ENO4","AD_vs_Ctrl","Astrocyte"
3.93978014878268e-08,0.568946386332323,0.255,0.172,0.00117283315249112,"MITF","AD_vs_Ctrl","Astrocyte"
4.35050483410228e-08,0.588060966381513,0.309,0.232,0.00129510178406391,"SUMO1","AD_vs_Ctrl","Astrocyte"
4.57628795736346e-08,-0.708045765223082,0.185,0.26,0.00136231516202753,"RPSA","AD_vs_Ctrl","Astrocyte"
4.61789036980107e-08,0.643711195698331,0.222,0.146,0.00137469978418608,"COA5","AD_vs_Ctrl","Astrocyte"
4.63197778687232e-08,0.50392736551675,0.305,0.218,0.00137889346737402,"SLC25A16","AD_vs_Ctrl","Astrocyte"
4.83843327469144e-08,0.521035782892417,0.329,0.245,0.0014403532015429,"PDIA6","AD_vs_Ctrl","Astrocyte"
5.24731548555312e-08,0.566338303288839,0.212,0.134,0.00156207334689431,"ZC4H2","AD_vs_Ctrl","Astrocyte"
5.52029034185445e-08,0.537884237563291,0.27,0.188,0.00164333523186665,"CFAP44","AD_vs_Ctrl","Astrocyte"
5.69725780942381e-08,0.593783809276308,0.2,0.126,0.00169601667728738,"TRABD","AD_vs_Ctrl","Astrocyte"
6.18819099953e-08,0.563898196178282,0.301,0.22,0.00184216257865009,"RWDD1","AD_vs_Ctrl","Astrocyte"
6.6558388099992e-08,0.589016487000571,0.269,0.192,0.00198137665534866,"YAE1D1","AD_vs_Ctrl","Astrocyte"
6.68788924680897e-08,0.595507823983978,0.34,0.269,0.00199091774988256,"HSP90B1","AD_vs_Ctrl","Astrocyte"
6.82374239527741e-08,0.689223759729126,0.201,0.129,0.00203135987365013,"FAM131A","AD_vs_Ctrl","Astrocyte"
7.61340009875778e-08,0.669537045611384,0.217,0.143,0.0022664330753992,"CDC26","AD_vs_Ctrl","Astrocyte"
7.67104602023979e-08,0.524016125239623,0.274,0.194,0.00228359368976518,"MOB1B","AD_vs_Ctrl","Astrocyte"
7.73583509762538e-08,-0.647325273773375,0.19,0.269,0.0023028807502121,"TMED4","AD_vs_Ctrl","Astrocyte"
8.1954052070524e-08,0.527623982464711,0.358,0.284,0.00243969017608743,"BICC1","AD_vs_Ctrl","Astrocyte"
8.57283893699154e-08,0.566948727034569,0.2,0.124,0.00255204842315301,"ZNF519","AD_vs_Ctrl","Astrocyte"
8.88245897304184e-08,0.552417447012682,0.261,0.181,0.00264421921168482,"AC092902.5","AD_vs_Ctrl","Astrocyte"
1.10009858938056e-07,-0.697388038892695,0.15,0.223,0.00327488349072698,"C12orf49","AD_vs_Ctrl","Astrocyte"
1.10707544825378e-07,-0.537616344145314,0.259,0.342,0.00329565290190669,"GSTM3","AD_vs_Ctrl","Astrocyte"
1.1297493884875e-07,0.503265290336394,0.321,0.24,0.00336315095458843,"MYO1E","AD_vs_Ctrl","Astrocyte"
1.14085709290722e-07,-0.573774824800963,0.207,0.287,0.00339621747987552,"CHRDL1","AD_vs_Ctrl","Astrocyte"
1.18430708325062e-07,-0.694795594510471,0.201,0.274,0.00352556375612877,"SBDS","AD_vs_Ctrl","Astrocyte"
1.20063220308993e-07,0.553198569715335,0.241,0.163,0.00357416200537841,"MYL12A","AD_vs_Ctrl","Astrocyte"
1.3117334674539e-07,0.626541878708458,0.233,0.159,0.0039048993592635,"STRADB","AD_vs_Ctrl","Astrocyte"
1.33203986029021e-07,-0.603950402040396,0.204,0.281,0.00396534946009792,"EEPD1","AD_vs_Ctrl","Astrocyte"
1.37993469967558e-07,-0.669143598253205,0.154,0.227,0.00410792760746425,"PUF60","AD_vs_Ctrl","Astrocyte"
1.38695221222297e-07,-0.619457911164313,0.174,0.249,0.00412881804056655,"C8orf37-AS1","AD_vs_Ctrl","Astrocyte"
1.41216166077228e-07,0.529152370932261,0.266,0.186,0.00420386404795301,"MTMR2","AD_vs_Ctrl","Astrocyte"
1.44806885452811e-07,0.61745062818768,0.245,0.172,0.00431075617304474,"PFDN2","AD_vs_Ctrl","Astrocyte"
1.46662684860288e-07,0.507026778007081,0.283,0.205,0.00436600146560591,"PCMTD2","AD_vs_Ctrl","Astrocyte"
1.47082231674571e-07,-0.651041915870731,0.211,0.285,0.00437849095472031,"TOMM20","AD_vs_Ctrl","Astrocyte"
1.48901860806651e-07,-0.511375053799938,0.321,0.397,0.00443265949435321,"IDS","AD_vs_Ctrl","Astrocyte"
1.49672497328147e-07,0.608734817728927,0.207,0.134,0.00445560057296161,"CCDC149","AD_vs_Ctrl","Astrocyte"
1.51181352429996e-07,0.624782062788861,0.216,0.142,0.00450051768048854,"PEX6","AD_vs_Ctrl","Astrocyte"
1.51532490407686e-07,-0.518152884882427,0.26,0.342,0.0045109707069464,"SEPT9","AD_vs_Ctrl","Astrocyte"
1.55735536470562e-07,-0.621665269729202,0.139,0.211,0.00463609118519215,"AC087482.1","AD_vs_Ctrl","Astrocyte"
1.67208162808343e-07,0.558221663960413,0.235,0.159,0.00497761979864156,"COL6A1","AD_vs_Ctrl","Astrocyte"
1.73303215283349e-07,-0.702437483519042,0.167,0.24,0.00515906341577003,"GNB2","AD_vs_Ctrl","Astrocyte"
1.76596001666958e-07,0.68084386275339,0.202,0.132,0.00525708637362367,"MYLK-AS1","AD_vs_Ctrl","Astrocyte"
1.77343336460771e-07,-0.680877144552778,0.135,0.203,0.00527933378310069,"FGF14","AD_vs_Ctrl","Astrocyte"
1.80807437610132e-07,-0.666581342374356,0.151,0.224,0.00538245661021603,"TRIM69","AD_vs_Ctrl","Astrocyte"
1.8288286724536e-07,-0.554729494670193,0.229,0.308,0.00544424007502711,"TNFRSF1A","AD_vs_Ctrl","Astrocyte"
1.84608314137196e-07,0.522332252538713,0.223,0.147,0.00549560490355019,"CROCC","AD_vs_Ctrl","Astrocyte"
1.93723534636688e-07,0.625746554559272,0.202,0.131,0.00576695590259955,"CRIPT","AD_vs_Ctrl","Astrocyte"
2.13431960144901e-07,-0.567844102078734,0.26,0.333,0.00635365602155355,"GRINA","AD_vs_Ctrl","Astrocyte"
2.19763334601287e-07,0.599808697441247,0.214,0.141,0.00654213470774572,"SPHK2","AD_vs_Ctrl","Astrocyte"
2.23844575165909e-07,0.530787231154727,0.259,0.183,0.00666362915811394,"AGFG2","AD_vs_Ctrl","Astrocyte"
2.28518596573779e-07,0.513819510032101,0.286,0.208,0.00680277010140484,"MFSD11","AD_vs_Ctrl","Astrocyte"
2.39643628773115e-07,0.723902962966743,0.2,0.132,0.00713395118494687,"AP003025.2","AD_vs_Ctrl","Astrocyte"
2.39907490673567e-07,0.559362124478803,0.289,0.217,0.00714180608986142,"TMEM126B","AD_vs_Ctrl","Astrocyte"
2.58973019517958e-07,0.710752482510429,0.202,0.135,0.00770936781803009,"VAC14","AD_vs_Ctrl","Astrocyte"
2.68413530940394e-07,0.59845613736211,0.205,0.134,0.0079904024025646,"ELOA-AS1","AD_vs_Ctrl","Astrocyte"
2.73968339639765e-07,0.537838071238408,0.249,0.171,0.00815576350273617,"ZNF528-AS1","AD_vs_Ctrl","Astrocyte"
2.76142452353501e-07,-0.537759564252482,0.406,0.448,0.00822048466411138,"BAALC-AS1","AD_vs_Ctrl","Astrocyte"
2.81556853222146e-07,-0.590353725984954,0.251,0.326,0.00838166596357007,"NDRG4","AD_vs_Ctrl","Astrocyte"
3.13426506388408e-07,-0.82146072350801,0.148,0.214,0.00933039366867653,"RPL7A","AD_vs_Ctrl","Astrocyte"
3.42852574150065e-07,-0.575948753794223,0.246,0.316,0.0102063782798733,"DAB2IP","AD_vs_Ctrl","Astrocyte"
3.56745676581411e-07,-0.551394437204447,0.335,0.396,0.010619962046152,"GSTP1","AD_vs_Ctrl","Astrocyte"
3.61802068677345e-07,-0.532443205459603,0.2,0.277,0.0107704857824559,"AL137145.2","AD_vs_Ctrl","Astrocyte"
3.80706537241158e-07,0.587348105180056,0.217,0.145,0.011333252907132,"WDR12","AD_vs_Ctrl","Astrocyte"
3.84550442960121e-07,0.662767329312139,0.213,0.145,0.0114476821364798,"HSBP1L1","AD_vs_Ctrl","Astrocyte"
3.8907309577513e-07,0.609451525236254,0.225,0.156,0.0115823169881298,"MYL6B","AD_vs_Ctrl","Astrocyte"
4.07942587138173e-07,0.570680656554295,0.228,0.154,0.0121440428765163,"NUP88","AD_vs_Ctrl","Astrocyte"
4.20000656738097e-07,0.63178752914431,0.209,0.139,0.0125029995504364,"LIAS","AD_vs_Ctrl","Astrocyte"
4.71209827350954e-07,0.50658926535296,0.267,0.192,0.0140274453504105,"CLMN","AD_vs_Ctrl","Astrocyte"
4.71954219991036e-07,0.529610094763944,0.274,0.2,0.0140496051749131,"PKP4","AD_vs_Ctrl","Astrocyte"
5.02796838363078e-07,0.510407896986299,0.26,0.186,0.0149677590812305,"TXNDC11","AD_vs_Ctrl","Astrocyte"
5.04836830573741e-07,-0.725984303352741,0.145,0.212,0.0150284876093497,"TBCB","AD_vs_Ctrl","Astrocyte"
5.22784955143552e-07,-0.717843657556158,0.133,0.2,0.0155627853296684,"PRRC2A","AD_vs_Ctrl","Astrocyte"
5.91842782039664e-07,0.639655053510885,0.202,0.134,0.0176185677785387,"AL136311.1","AD_vs_Ctrl","Astrocyte"
6.17541093461031e-07,0.610509239471691,0.215,0.146,0.0183835808112414,"SIAH1","AD_vs_Ctrl","Astrocyte"
6.64533810025915e-07,0.555091022606568,0.242,0.172,0.0197825069906615,"DNAJC9","AD_vs_Ctrl","Astrocyte"
7.22649425776468e-07,-0.546011558384225,0.255,0.328,0.0215125507559397,"MTPN","AD_vs_Ctrl","Astrocyte"
7.49019513787979e-07,0.583389538992723,0.225,0.156,0.0222975619059543,"LSM8","AD_vs_Ctrl","Astrocyte"
7.94511568926155e-07,-0.640270822372655,0.189,0.259,0.0236518148953627,"RHOC","AD_vs_Ctrl","Astrocyte"
8.0003435596247e-07,0.621337863014774,0.208,0.141,0.0238162227426468,"PDK3","AD_vs_Ctrl","Astrocyte"
8.19887936816029e-07,-0.606300354861419,0.202,0.273,0.0244072439910764,"RTF1","AD_vs_Ctrl","Astrocyte"
8.23835158994425e-07,0.586848304420398,0.206,0.139,0.024524748848105,"MRPS33","AD_vs_Ctrl","Astrocyte"
8.51966766777802e-07,0.606431674902155,0.219,0.15,0.0253621986802084,"C10orf90","AD_vs_Ctrl","Astrocyte"
8.8126813980138e-07,-0.512565460949551,0.31,0.378,0.0262344712537473,"COMT","AD_vs_Ctrl","Astrocyte"
9.0364963433907e-07,0.558608579600914,0.232,0.161,0.0269007459646398,"TBC1D23","AD_vs_Ctrl","Astrocyte"
9.12255071393369e-07,0.518690957066802,0.276,0.203,0.0271569212203092,"WDR78","AD_vs_Ctrl","Astrocyte"
9.18620663004222e-07,0.631843807508552,0.213,0.146,0.0273464185169727,"TPTE2P5","AD_vs_Ctrl","Astrocyte"
9.33444277172649e-07,0.503849905487837,0.262,0.189,0.0277877026871526,"DIAPH3","AD_vs_Ctrl","Astrocyte"
9.60721711727171e-07,0.574469083257987,0.212,0.145,0.0285997246364062,"AC008443.1","AD_vs_Ctrl","Astrocyte"
1.03502237075856e-06,-0.645563486818898,0.169,0.238,0.0308115809551116,"TUBB","AD_vs_Ctrl","Astrocyte"
1.04508780419834e-06,0.610957647601801,0.223,0.157,0.0311112188431804,"RAD52","AD_vs_Ctrl","Astrocyte"
1.06310778851306e-06,0.520769266681174,0.262,0.192,0.0316476557562451,"GGCX","AD_vs_Ctrl","Astrocyte"
1.12432357391915e-06,-0.519226636439668,0.256,0.331,0.0334699884719992,"ATP5A1","AD_vs_Ctrl","Astrocyte"
1.16025863385588e-06,-0.602828936979075,0.282,0.34,0.0345397392712558,"TMSB10","AD_vs_Ctrl","Astrocyte"
1.18760662054423e-06,0.509506348748657,0.218,0.151,0.0353538614869811,"RUVBL1","AD_vs_Ctrl","Astrocyte"
1.213120444658e-06,0.5106550004499,0.237,0.165,0.036113382517024,"GGA1","AD_vs_Ctrl","Astrocyte"
1.23910278681755e-06,-0.641801104704896,0.146,0.211,0.0368868508607715,"ERBB2","AD_vs_Ctrl","Astrocyte"
1.31342257993145e-06,0.552654280081482,0.204,0.137,0.0390992767819795,"RGL3","AD_vs_Ctrl","Astrocyte"
1.33736218780464e-06,0.606043624720923,0.201,0.137,0.0398119349687563,"LINC00116","AD_vs_Ctrl","Astrocyte"
1.34097393487759e-06,0.558407308181621,0.251,0.182,0.0399194530673709,"ATXN2L","AD_vs_Ctrl","Astrocyte"
1.39973797707034e-06,-0.599125588389048,0.202,0.271,0.0416687998394068,"CCNL1","AD_vs_Ctrl","Astrocyte"
1.49488662900962e-06,0.514341537334988,0.205,0.137,0.0445012800589874,"ZCCHC8","AD_vs_Ctrl","Astrocyte"
1.54580015190536e-06,-0.581310492017093,0.216,0.285,0.0460169247220708,"ARF1","AD_vs_Ctrl","Astrocyte"
2.38843259205849e-46,-1.03085803124212,0.559,0.795,7.11012498329893e-42,"HLA-B","AD_vs_Ctrl","Capillary EC"
7.29397011592639e-45,-2.41113532327465,0.139,0.494,2.17134196381013e-40,"CX3CL1","AD_vs_Ctrl","Capillary EC"
6.96931825157812e-44,-8.22207618490036,0,0.237,2.07469635031229e-39,"MTRNR2L12","AD_vs_Ctrl","Capillary EC"
1.39636879430685e-43,-2.90532749914191,0.064,0.38,4.15685026377205e-39,"HLA-DRB1","AD_vs_Ctrl","Capillary EC"
4.69919419603114e-42,-0.763934663094717,0.672,0.863,1.39890312021651e-37,"HLA-A","AD_vs_Ctrl","Capillary EC"
5.04406589825434e-41,-1.74916174235256,0.268,0.599,1.50156797725133e-36,"IFI44L","AD_vs_Ctrl","Capillary EC"
3.21547787046366e-39,-1.44734509258608,0.339,0.656,9.57215607258326e-35,"IFI6","AD_vs_Ctrl","Capillary EC"
1.16710508250605e-38,-3.09265812559774,0.047,0.323,3.47435512011225e-34,"TNFAIP3","AD_vs_Ctrl","Capillary EC"
6.06950258660407e-36,-3.48310968049609,0.039,0.289,1.80683022500617e-31,"VCAM1","AD_vs_Ctrl","Capillary EC"
7.10155956090447e-35,-2.54349926878983,0.092,0.376,2.11406326568565e-30,"ICAM1","AD_vs_Ctrl","Capillary EC"
7.17680864483915e-35,0.967788791603739,0.764,0.531,2.13646416548217e-30,"SLC38A2","AD_vs_Ctrl","Capillary EC"
1.57976876819462e-31,-3.61315548365892,0.039,0.264,4.70281364603855e-27,"C8orf4","AD_vs_Ctrl","Capillary EC"
2.31973989124074e-31,-2.97750840705099,0.035,0.262,6.90563368223456e-27,"BIRC3","AD_vs_Ctrl","Capillary EC"
7.93223163257486e-29,-3.48796322311265,0.038,0.246,2.36134603470121e-24,"RPL10P9","AD_vs_Ctrl","Capillary EC"
1.35232262492986e-28,4.8801684023504,0.273,0.021,4.02572922215369e-24,"AC105402.3","AD_vs_Ctrl","Capillary EC"
2.57942134147659e-26,-2.70979805610065,0.046,0.253,7.67867939144166e-22,"EGR1","AD_vs_Ctrl","Capillary EC"
2.88154397328394e-26,-1.68022568305133,0.188,0.453,8.57806825406896e-22,"CD74","AD_vs_Ctrl","Capillary EC"
1.81422626366839e-25,-2.27699750526608,0.063,0.282,5.40077016431442e-21,"RELB","AD_vs_Ctrl","Capillary EC"
2.84856242699986e-23,-1.75802938689118,0.11,0.346,8.47988548893589e-19,"HLA-F","AD_vs_Ctrl","Capillary EC"
2.35229790976352e-22,-0.719034641789468,0.629,0.765,7.00255564757503e-18,"SOD2","AD_vs_Ctrl","Capillary EC"
6.45803711047524e-22,0.646237450007555,0.767,0.624,1.92249306741737e-17,"HERPUD1","AD_vs_Ctrl","Capillary EC"
9.4642186085609e-22,0.793533675899282,0.752,0.49,2.81740323758249e-17,"ZBTB16","AD_vs_Ctrl","Capillary EC"
1.58077397638063e-20,-2.0685217576649,0.063,0.253,4.7058060502875e-16,"MX2","AD_vs_Ctrl","Capillary EC"
1.61068966233012e-20,-0.532445141187597,0.731,0.845,4.79486205579055e-16,"ACTG1","AD_vs_Ctrl","Capillary EC"
1.79101095508379e-20,0.912670208416154,0.631,0.41,5.33166051218894e-16,"TSC22D3","AD_vs_Ctrl","Capillary EC"
5.86061048967381e-20,-1.31551208027581,0.267,0.485,1.744645136671e-15,"ARRDC3","AD_vs_Ctrl","Capillary EC"
7.28256262282926e-20,-1.07278091110641,0.394,0.59,2.16794606719004e-15,"ISG15","AD_vs_Ctrl","Capillary EC"
1.5556777694022e-19,-0.692192927106673,0.576,0.749,4.6310971517334e-15,"FP671120.1","AD_vs_Ctrl","Capillary EC"
5.79551877261768e-19,-2.2363362232606,0.072,0.253,1.72526798342056e-14,"SERPINE1","AD_vs_Ctrl","Capillary EC"
1.25276340520297e-18,-1.85904460791407,0.113,0.31,3.72935138094873e-14,"SLC6A6","AD_vs_Ctrl","Capillary EC"
3.05192020773261e-18,-1.1871244339794,0.223,0.465,9.08526126639921e-14,"GBP1","AD_vs_Ctrl","Capillary EC"
4.38092421192278e-18,-1.54967993836539,0.114,0.319,1.30415732864729e-13,"CXCL12","AD_vs_Ctrl","Capillary EC"
1.92346210496079e-17,0.627198932708226,0.76,0.59,5.72595434025777e-13,"FKBP5","AD_vs_Ctrl","Capillary EC"
2.20440204447429e-17,1.0858357806077,0.525,0.296,6.56228444619551e-13,"MT1G","AD_vs_Ctrl","Capillary EC"
5.33965408553029e-17,-1.43380439999922,0.184,0.385,1.58956162472151e-12,"SLC5A6","AD_vs_Ctrl","Capillary EC"
7.90362805978358e-17,0.600955446866274,0.706,0.563,2.35283103711697e-12,"PTMS","AD_vs_Ctrl","Capillary EC"
1.51080528734712e-16,-0.90980617178852,0.365,0.581,4.49751625990365e-12,"LINGO1","AD_vs_Ctrl","Capillary EC"
4.65981314492098e-16,-1.09945734033228,0.252,0.467,1.38717977511153e-11,"STAT1","AD_vs_Ctrl","Capillary EC"
1.75477913302611e-15,1.53869386946325,0.382,0.191,5.22380200110542e-11,"AKR1C1","AD_vs_Ctrl","Capillary EC"
3.38489503725603e-15,-1.44754060868642,0.118,0.301,1.00764940364075e-10,"CYR61","AD_vs_Ctrl","Capillary EC"
4.32688822950167e-15,-0.921852112219944,0.351,0.549,1.28807135704035e-10,"MX1","AD_vs_Ctrl","Capillary EC"
5.34208720848202e-15,2.00907881941134,0.277,0.093,1.59028594109301e-10,"DNAH11","AD_vs_Ctrl","Capillary EC"
6.4928092457608e-15,-1.14206065726541,0.286,0.483,1.93284438437053e-10,"SLC26A3","AD_vs_Ctrl","Capillary EC"
6.4997632459266e-15,0.790458326569098,0.602,0.437,1.93491452067989e-10,"HIGD1B","AD_vs_Ctrl","Capillary EC"
8.48076207460742e-15,-1.65041634817554,0.074,0.232,2.52463806198988e-10,"RBM3","AD_vs_Ctrl","Capillary EC"
1.00560479438169e-14,-2.44553351861118,0.06,0.203,2.99358491239485e-10,"THBS1","AD_vs_Ctrl","Capillary EC"
1.21710762999409e-14,-0.90435243036663,0.34,0.542,3.62320770372941e-10,"NFKB1","AD_vs_Ctrl","Capillary EC"
1.33230863597764e-14,-1.01181591101332,0.335,0.513,3.96614957844184e-10,"ZFP36","AD_vs_Ctrl","Capillary EC"
1.35451596648842e-14,-1.34205871971966,0.165,0.351,4.03225858063937e-10,"IFIH1","AD_vs_Ctrl","Capillary EC"
1.60935445898421e-14,0.806432501412926,0.594,0.408,4.7908872889501e-10,"SMIM3","AD_vs_Ctrl","Capillary EC"
1.65110162881818e-14,-1.67542639400365,0.09,0.253,4.91516443882884e-10,"MDK","AD_vs_Ctrl","Capillary EC"
2.39087450001661e-14,1.80115376652386,0.269,0.087,7.11739429909946e-10,"SHISA6","AD_vs_Ctrl","Capillary EC"
6.62372294411302e-14,-0.656651671263782,0.505,0.663,1.97181608323301e-09,"FP236383.1","AD_vs_Ctrl","Capillary EC"
1.13662412527395e-13,-1.7186770556561,0.074,0.221,3.38361635852802e-09,"SEMA3G","AD_vs_Ctrl","Capillary EC"
3.32752196775177e-13,-1.24964823815405,0.201,0.378,9.90570014580025e-09,"IFIT3","AD_vs_Ctrl","Capillary EC"
3.33232016106586e-13,0.61643395979022,0.666,0.524,9.91998388747695e-09,"RNF115","AD_vs_Ctrl","Capillary EC"
4.42499322517434e-13,0.809191416935512,0.597,0.446,1.31727623320215e-08,"ATP1B3","AD_vs_Ctrl","Capillary EC"
4.84675767456815e-13,-1.40264243335893,0.115,0.28,1.44283129214219e-08,"BTN3A2","AD_vs_Ctrl","Capillary EC"
5.05037593153982e-13,-0.847016553055702,0.418,0.588,1.50344641106009e-08,"RASGEF1B","AD_vs_Ctrl","Capillary EC"
5.52012967850292e-13,0.64291977570961,0.673,0.503,1.64328740399353e-08,"INSR","AD_vs_Ctrl","Capillary EC"
6.07496472751214e-13,-0.973557655777032,0.251,0.444,1.80845624973309e-08,"TCN2","AD_vs_Ctrl","Capillary EC"
7.00639708119275e-13,-1.22500021254843,0.194,0.371,2.08573434710027e-08,"NR4A1","AD_vs_Ctrl","Capillary EC"
7.60426704173283e-13,-0.886556415912561,0.369,0.535,2.26371425565345e-08,"SSH1","AD_vs_Ctrl","Capillary EC"
1.15910996877142e-12,1.26527115318075,0.399,0.223,3.45055446603565e-08,"KCNE4","AD_vs_Ctrl","Capillary EC"
1.34160934054725e-12,0.851524678244503,0.539,0.383,3.99383684587511e-08,"PRELP","AD_vs_Ctrl","Capillary EC"
1.38716050859014e-12,0.861534327942957,0.534,0.355,4.12943811802199e-08,"PTH1R","AD_vs_Ctrl","Capillary EC"
1.92597633374754e-12,-1.4707270449694,0.105,0.257,5.73343894793306e-08,"BCL6B","AD_vs_Ctrl","Capillary EC"
1.93576597823986e-12,-0.528976811780222,0.597,0.702,5.76258174062223e-08,"ADIRF","AD_vs_Ctrl","Capillary EC"
2.04022990833535e-12,1.14192239527099,0.377,0.191,6.07356041412349e-08,"RIPOR3","AD_vs_Ctrl","Capillary EC"
2.2077153333859e-12,-1.13943647945273,0.15,0.323,6.57214777595648e-08,"ALPL","AD_vs_Ctrl","Capillary EC"
2.87326860538753e-12,-1.05002207178915,0.253,0.428,8.55343331137815e-08,"TNFSF10","AD_vs_Ctrl","Capillary EC"
3.19648508684119e-12,1.54419867030391,0.303,0.134,9.51561645501753e-08,"AP001011.1","AD_vs_Ctrl","Capillary EC"
3.45962864550052e-12,-1.41108309664409,0.151,0.312,1.02989685147905e-07,"CTNNA2","AD_vs_Ctrl","Capillary EC"
4.08439071060096e-12,-1.14628249090455,0.185,0.355,1.2158822706388e-07,"TNFRSF10B","AD_vs_Ctrl","Capillary EC"
6.0794835139986e-12,0.667507766650127,0.629,0.433,1.80980144728224e-07,"DDIT4","AD_vs_Ctrl","Capillary EC"
7.42445393160724e-12,-1.80551544118664,0.106,0.246,2.21018569090016e-07,"C2CD4B","AD_vs_Ctrl","Capillary EC"
8.78257616546919e-12,-1.17022067105603,0.208,0.371,2.61448509869852e-07,"SOX7","AD_vs_Ctrl","Capillary EC"
1.77180373797892e-11,-1.02889274127379,0.216,0.383,5.27448254758943e-07,"ARID5A","AD_vs_Ctrl","Capillary EC"
1.83315064475952e-11,-1.25100455565474,0.125,0.278,5.45710615438462e-07,"BCL3","AD_vs_Ctrl","Capillary EC"
2.275157684816e-11,-1.35434314440914,0.118,0.267,6.77291691192874e-07,"HERC6","AD_vs_Ctrl","Capillary EC"
2.31948549081604e-11,0.540514616360254,0.709,0.544,6.90487635761026e-07,"RGCC","AD_vs_Ctrl","Capillary EC"
2.56369590528853e-11,-0.780341243665647,0.414,0.551,7.63186634045343e-07,"JUN","AD_vs_Ctrl","Capillary EC"
2.81239866667304e-11,0.813826056094189,0.527,0.364,8.37222959081897e-07,"DSE","AD_vs_Ctrl","Capillary EC"
4.56427731629782e-11,1.90582135330027,0.239,0.093,1.3587397142887e-06,"FAM167B","AD_vs_Ctrl","Capillary EC"
6.79398641820848e-11,-1.2337869013006,0.123,0.273,2.02250181683648e-06,"DAPK1","AD_vs_Ctrl","Capillary EC"
7.60859174926491e-11,-0.774363015404762,0.294,0.474,2.26500167783867e-06,"SMAD6","AD_vs_Ctrl","Capillary EC"
8.79389483070723e-11,-0.661037202370401,0.433,0.581,2.61785455215323e-06,"XAF1","AD_vs_Ctrl","Capillary EC"
1.49486062878711e-10,-0.7038678629632,0.481,0.601,4.45005060583636e-06,"ADAMTS9","AD_vs_Ctrl","Capillary EC"
1.5084310669265e-10,-1.10307070053668,0.22,0.371,4.4904484431335e-06,"PPP1R15A","AD_vs_Ctrl","Capillary EC"
1.77682436795012e-10,-1.19824220586111,0.2,0.351,5.28942846095072e-06,"RCAN1","AD_vs_Ctrl","Capillary EC"
1.78113379301736e-10,0.878037773363663,0.489,0.353,5.30225718843339e-06,"CPM","AD_vs_Ctrl","Capillary EC"
1.84856165207968e-10,-1.08281143551947,0.137,0.289,5.50298318207601e-06,"DUSP5","AD_vs_Ctrl","Capillary EC"
2.14719071783395e-10,-0.554898052532783,0.477,0.651,6.39197204791988e-06,"PARP14","AD_vs_Ctrl","Capillary EC"
2.16302821372522e-10,0.734995584941416,0.519,0.378,6.4391186894386e-06,"MXD4","AD_vs_Ctrl","Capillary EC"
2.23792418699432e-10,-0.676249865387591,0.417,0.572,6.66207651226339e-06,"SERPINH1","AD_vs_Ctrl","Capillary EC"
2.86977854789406e-10,-0.747440691902719,0.383,0.531,8.54304375922584e-06,"CDH5","AD_vs_Ctrl","Capillary EC"
4.47315121205319e-10,0.911456762921057,0.46,0.317,1.33161238431611e-05,"SLC6A12","AD_vs_Ctrl","Capillary EC"
4.61145072320683e-10,0.808621756188562,0.495,0.337,1.37278276579144e-05,"CRYAB","AD_vs_Ctrl","Capillary EC"
4.99554819512462e-10,1.64685950135504,0.249,0.109,1.48712474220665e-05,"A2ML1-AS1","AD_vs_Ctrl","Capillary EC"
5.10602306221581e-10,0.519582105282131,0.698,0.533,1.52001200539102e-05,"ADAMTS9-AS2","AD_vs_Ctrl","Capillary EC"
6.50549897262543e-10,-0.994422928006169,0.192,0.349,1.93662198916086e-05,"LDLR","AD_vs_Ctrl","Capillary EC"
6.75187321828813e-10,0.603362888683657,0.603,0.462,2.00996513835219e-05,"NR2F2","AD_vs_Ctrl","Capillary EC"
8.16137976264226e-10,-1.32157711869512,0.105,0.235,2.42956114154098e-05,"HBEGF","AD_vs_Ctrl","Capillary EC"
8.72876250423496e-10,-0.738277565596693,0.399,0.544,2.5984653098857e-05,"GPCPD1","AD_vs_Ctrl","Capillary EC"
9.19803769448621e-10,0.808739522028925,0.483,0.333,2.7381638412716e-05,"CTDSPL","AD_vs_Ctrl","Capillary EC"
9.91849556980247e-10,-1.27139621598695,0.142,0.28,2.9526369461745e-05,"CSF1","AD_vs_Ctrl","Capillary EC"
1.22520005088532e-09,-1.19720701227362,0.166,0.305,3.6472980314805e-05,"FAM155A","AD_vs_Ctrl","Capillary EC"
1.24794254103372e-09,1.16380112433704,0.314,0.162,3.71500015040328e-05,"MT1P3","AD_vs_Ctrl","Capillary EC"
1.26733195511928e-09,-1.29019697295601,0.103,0.235,3.77272049719457e-05,"IER5","AD_vs_Ctrl","Capillary EC"
1.41956820213599e-09,-0.781068635546496,0.287,0.456,4.22591258093863e-05,"RPL27A","AD_vs_Ctrl","Capillary EC"
1.46084708396464e-09,-0.529514734333384,0.503,0.631,4.34879568425432e-05,"LMO2","AD_vs_Ctrl","Capillary EC"
1.61951306140013e-09,-0.914043109989763,0.243,0.396,4.82112843248206e-05,"SLC4A7","AD_vs_Ctrl","Capillary EC"
1.89193589805199e-09,0.822899530041471,0.458,0.31,5.63210397491096e-05,"SNHG7","AD_vs_Ctrl","Capillary EC"
2.17005435557739e-09,0.820214440474212,0.527,0.41,6.46003481111834e-05,"RIMKLB","AD_vs_Ctrl","Capillary EC"
2.71390724964513e-09,-1.35142745055142,0.174,0.303,8.0790304914686e-05,"MGP","AD_vs_Ctrl","Capillary EC"
2.87941659107218e-09,0.920013453795208,0.391,0.239,8.57173524996278e-05,"ADI1","AD_vs_Ctrl","Capillary EC"
2.9738397038513e-09,-0.64954511373248,0.374,0.538,8.85282341439494e-05,"RPL37","AD_vs_Ctrl","Capillary EC"
2.98817944658981e-09,-0.888595162019593,0.229,0.383,8.89551139455321e-05,"B4GALT1","AD_vs_Ctrl","Capillary EC"
3.37587436518817e-09,-1.36289224117072,0.114,0.241,0.000100496403977287,"RSAD2","AD_vs_Ctrl","Capillary EC"
3.91166924596491e-09,-0.679422297334923,0.374,0.535,0.000116446481783129,"TAPBP","AD_vs_Ctrl","Capillary EC"
4.29505642226103e-09,0.693270987639208,0.529,0.399,0.000127859534634289,"MT1L","AD_vs_Ctrl","Capillary EC"
4.6368729070087e-09,0.503546591584897,0.633,0.533,0.000138035069568742,"MXI1","AD_vs_Ctrl","Capillary EC"
5.20208754547885e-09,0.759475559303964,0.492,0.358,0.00015486094414136,"TBX3","AD_vs_Ctrl","Capillary EC"
5.76340751133272e-09,0.540935899225347,0.617,0.462,0.000171570878204864,"TUBB4B","AD_vs_Ctrl","Capillary EC"
6.45152838690635e-09,-0.554921058587425,0.489,0.599,0.000192055548549815,"MCL1","AD_vs_Ctrl","Capillary EC"
6.58896271255643e-09,-1.2744758033166,0.095,0.216,0.000196146830990092,"PLA2G4C","AD_vs_Ctrl","Capillary EC"
6.85694247911686e-09,-0.783564330899454,0.357,0.501,0.00020412432066083,"COL4A1","AD_vs_Ctrl","Capillary EC"
1.02285325454267e-08,-1.24227148745159,0.127,0.253,0.000304493185344809,"PLK2","AD_vs_Ctrl","Capillary EC"
1.0321020062438e-08,1.42246566174791,0.261,0.13,0.000307246446238716,"RANBP3L","AD_vs_Ctrl","Capillary EC"
1.42522139486186e-08,-1.00349199830181,0.141,0.276,0.000424274157036426,"GADD45A","AD_vs_Ctrl","Capillary EC"
1.42774498144488e-08,0.513009810161347,0.641,0.533,0.000425025403526325,"ANKS1A","AD_vs_Ctrl","Capillary EC"
2.17800088400002e-08,0.630054740224979,0.529,0.383,0.000648369083157966,"ZIC1","AD_vs_Ctrl","Capillary EC"
2.23147769546744e-08,0.514951677052315,0.621,0.499,0.000664288595163701,"H2AFZ","AD_vs_Ctrl","Capillary EC"
2.29889816757276e-08,0.62425160005207,0.527,0.367,0.000684358995504735,"PDK4","AD_vs_Ctrl","Capillary EC"
2.31520502982757e-08,0.56618633457618,0.579,0.433,0.00068921338532937,"KALRN","AD_vs_Ctrl","Capillary EC"
2.49512417121856e-08,1.37254980657863,0.245,0.121,0.000742773514530054,"HRCT1","AD_vs_Ctrl","Capillary EC"
2.6355726379169e-08,-0.906880907669039,0.164,0.303,0.000784583618581483,"SLC38A3","AD_vs_Ctrl","Capillary EC"
3.19602493357344e-08,-0.927569307732342,0.142,0.276,0.000951424662475478,"PDLIM7","AD_vs_Ctrl","Capillary EC"
3.32596883218281e-08,-0.633931903035846,0.428,0.549,0.000990107661652502,"SOX18","AD_vs_Ctrl","Capillary EC"
3.79203256228212e-08,0.623216950340859,0.448,0.278,0.00112885017346576,"APOD","AD_vs_Ctrl","Capillary EC"
3.89497501651625e-08,-0.758844049719429,0.26,0.412,0.00115949511266672,"SAMD4A","AD_vs_Ctrl","Capillary EC"
3.99913927397132e-08,-0.755486106086146,0.229,0.38,0.00119050377046852,"HMGN2","AD_vs_Ctrl","Capillary EC"
4.54553128032291e-08,0.65810787294489,0.504,0.367,0.00135315920683933,"PLEKHA5","AD_vs_Ctrl","Capillary EC"
4.72208026492598e-08,0.787404106710776,0.44,0.319,0.00140571607406582,"CDK2AP2","AD_vs_Ctrl","Capillary EC"
4.83345188318236e-08,-0.696859179483039,0.402,0.517,0.00143887029110456,"COL4A2","AD_vs_Ctrl","Capillary EC"
5.0889719410589e-08,-0.878463520508846,0.176,0.312,0.00151493605713382,"DEGS2","AD_vs_Ctrl","Capillary EC"
5.42863549387795e-08,0.937443206591142,0.386,0.255,0.00161605050017253,"LINC00513","AD_vs_Ctrl","Capillary EC"
5.79874367363331e-08,-0.757152478944368,0.265,0.408,0.0017262280042039,"IFI44","AD_vs_Ctrl","Capillary EC"
5.89928432257507e-08,0.618147291934109,0.513,0.396,0.00175615794998737,"CGGBP1","AD_vs_Ctrl","Capillary EC"
6.25265292316734e-08,0.692180850042476,0.449,0.308,0.00186135224869769,"YPEL3","AD_vs_Ctrl","Capillary EC"
6.70500814220013e-08,0.629122881798827,0.479,0.328,0.00199601387385156,"NOVA1","AD_vs_Ctrl","Capillary EC"
7.07350010585289e-08,-0.653093340910122,0.375,0.499,0.00210571024651135,"HSPA1B","AD_vs_Ctrl","Capillary EC"
7.54177507682257e-08,-0.898160223531601,0.173,0.308,0.00224511102261931,"EOGT","AD_vs_Ctrl","Capillary EC"
8.51651452102097e-08,-0.968357643175356,0.239,0.362,0.00253528120776273,"IGFBP4","AD_vs_Ctrl","Capillary EC"
8.63884244555059e-08,0.919465903926175,0.383,0.255,0.00257169700761595,"ISYNA1","AD_vs_Ctrl","Capillary EC"
8.66567922087185e-08,-0.8976972482004,0.145,0.273,0.00257968604726134,"NAALADL2","AD_vs_Ctrl","Capillary EC"
9.83142778195243e-08,-0.987180539685642,0.133,0.255,0.00292671773640942,"TRAF3","AD_vs_Ctrl","Capillary EC"
1.00388265094132e-07,0.750858275364696,0.479,0.355,0.00298845826358722,"ANGPT2","AD_vs_Ctrl","Capillary EC"
1.0299440305996e-07,0.569888992819899,0.554,0.446,0.00306604038469194,"UBA2","AD_vs_Ctrl","Capillary EC"
1.07674237265922e-07,0.838343647348878,0.387,0.257,0.00320535436916923,"DEAF1","AD_vs_Ctrl","Capillary EC"
1.13924395831359e-07,0.713134568171366,0.475,0.362,0.00339141533950373,"TDRP","AD_vs_Ctrl","Capillary EC"
1.27691192648625e-07,-0.950351357137049,0.224,0.346,0.00380123911395692,"EMP1","AD_vs_Ctrl","Capillary EC"
1.5027276024507e-07,1.30378708230434,0.241,0.123,0.00447346979973549,"AC058791.1","AD_vs_Ctrl","Capillary EC"
1.5373665846921e-07,-0.908718282757716,0.286,0.401,0.00457658658596993,"BAG3","AD_vs_Ctrl","Capillary EC"
1.63211496866783e-07,-0.988004517399398,0.114,0.23,0.00485864305022725,"C1orf198","AD_vs_Ctrl","Capillary EC"
1.86538726090841e-07,-0.736731907747136,0.275,0.41,0.00555307133699824,"ARID5B","AD_vs_Ctrl","Capillary EC"
1.97444156301437e-07,-0.706824918823729,0.22,0.367,0.00587771508893748,"APOL6","AD_vs_Ctrl","Capillary EC"
1.98375308030093e-07,0.720557905263489,0.452,0.337,0.00590543454474784,"PCBD1","AD_vs_Ctrl","Capillary EC"
2.09155627844828e-07,-0.856315006750636,0.168,0.296,0.00622635388531269,"LCP2","AD_vs_Ctrl","Capillary EC"
2.29341360076418e-07,1.23267128825996,0.216,0.1,0.00682726294811489,"PAX8-AS1","AD_vs_Ctrl","Capillary EC"
2.38894666916893e-07,1.24256400564028,0.247,0.13,0.00711165533944899,"CDA","AD_vs_Ctrl","Capillary EC"
2.3900792478266e-07,-0.56596085061137,0.448,0.565,0.007115026912855,"ACTN1","AD_vs_Ctrl","Capillary EC"
2.43541127414143e-07,-0.513991490819233,0.465,0.581,0.00724997582199163,"G3BP1","AD_vs_Ctrl","Capillary EC"
2.71235114046747e-07,1.32881213210083,0.233,0.118,0.00807439811005761,"AKR1C2","AD_vs_Ctrl","Capillary EC"
2.87701119873833e-07,-0.539843241386979,0.414,0.549,0.00856457463752414,"ANXA2","AD_vs_Ctrl","Capillary EC"
2.94898525321424e-07,-0.951729370312567,0.165,0.287,0.00877883420029347,"DDX60","AD_vs_Ctrl","Capillary EC"
3.03725289720904e-07,-0.964798610865549,0.129,0.244,0.00904159814970159,"RRP7A","AD_vs_Ctrl","Capillary EC"
3.08688114383595e-07,-0.746755060905953,0.241,0.38,0.00918933647708523,"RAMP3","AD_vs_Ctrl","Capillary EC"
3.40693657542284e-07,-0.968876248164666,0.126,0.241,0.0101421094913762,"OAS2","AD_vs_Ctrl","Capillary EC"
3.40713500862908e-07,-0.643846819982943,0.296,0.437,0.0101427002071879,"NTRK2","AD_vs_Ctrl","Capillary EC"
3.79894690836129e-07,1.02916132304933,0.294,0.171,0.0113090850515007,"FBXO25","AD_vs_Ctrl","Capillary EC"
3.82605860454154e-07,0.501604265821422,0.567,0.444,0.0113897938598597,"TMEM204","AD_vs_Ctrl","Capillary EC"
3.92595864330383e-07,-1.03796443757202,0.158,0.276,0.0116871862852512,"TTYH1","AD_vs_Ctrl","Capillary EC"
3.94929232461094e-07,1.08516760300447,0.279,0.159,0.0117566483211343,"AP000787.1","AD_vs_Ctrl","Capillary EC"
4.14601804234883e-07,0.741936234373726,0.41,0.28,0.0123422811102682,"PLXDC1","AD_vs_Ctrl","Capillary EC"
4.198288000621e-07,-0.62877469521135,0.349,0.483,0.0124978835490487,"MIDN","AD_vs_Ctrl","Capillary EC"
4.34153339225477e-07,-0.518966384587479,0.508,0.597,0.0129243107554032,"HIVEP2","AD_vs_Ctrl","Capillary EC"
4.75200582432728e-07,0.945007624796013,0.296,0.173,0.0141462461384399,"FTH1P8","AD_vs_Ctrl","Capillary EC"
4.98346839194209e-07,-0.788415455644712,0.29,0.415,0.0148352870559724,"FOS","AD_vs_Ctrl","Capillary EC"
5.06159408693613e-07,0.974750643776653,0.377,0.26,0.0150678594374002,"CTGF","AD_vs_Ctrl","Capillary EC"
5.0885229982685e-07,-0.790099207980114,0.28,0.396,0.0151480241135455,"ADAMTS1","AD_vs_Ctrl","Capillary EC"
5.63658323428892e-07,0.613192328131495,0.508,0.399,0.0167795446301547,"PDE8B","AD_vs_Ctrl","Capillary EC"
5.70163811180138e-07,0.510396463529186,0.554,0.444,0.0169732064950215,"CCND3","AD_vs_Ctrl","Capillary EC"
5.75242774086005e-07,0.570564483546426,0.536,0.426,0.0171244021417663,"GRAMD2B","AD_vs_Ctrl","Capillary EC"
5.7834325882144e-07,1.02840638085683,0.273,0.157,0.0172167004718554,"AKR1C3","AD_vs_Ctrl","Capillary EC"
6.10270077904302e-07,0.880048504386039,0.323,0.196,0.0181671299491332,"CDKN1C","AD_vs_Ctrl","Capillary EC"
6.18565190015403e-07,-0.859115838830961,0.177,0.298,0.0184140671415685,"DDX60L","AD_vs_Ctrl","Capillary EC"
6.34916382631821e-07,-1.00969470520815,0.102,0.207,0.0189008257945667,"ID2","AD_vs_Ctrl","Capillary EC"
7.00208871763344e-07,0.603691415249021,0.508,0.396,0.020844517903523,"RBMS3-AS3","AD_vs_Ctrl","Capillary EC"
7.10042835938695e-07,-0.925521177580341,0.142,0.26,0.021137265183059,"MRPL23","AD_vs_Ctrl","Capillary EC"
8.0092408493811e-07,-0.566884124428417,0.347,0.492,0.0238427090845226,"CIRBP","AD_vs_Ctrl","Capillary EC"
8.03736125866041e-07,1.18309110978303,0.229,0.118,0.0239264207309062,"CCDC144NL-AS1","AD_vs_Ctrl","Capillary EC"
8.3384564099163e-07,-0.852039969890377,0.151,0.271,0.0248227508866798,"MAP2K3","AD_vs_Ctrl","Capillary EC"
8.38809781495209e-07,0.909795782926491,0.294,0.171,0.0249705283853309,"CDKN2D","AD_vs_Ctrl","Capillary EC"
9.12329670135229e-07,-0.826143241882764,0.236,0.358,0.0271591419502556,"VWA1","AD_vs_Ctrl","Capillary EC"
9.56305629557054e-07,0.727830686493483,0.421,0.298,0.0284682622862839,"MAFF","AD_vs_Ctrl","Capillary EC"
9.79452880960403e-07,0.806838124676908,0.351,0.223,0.0291573328133102,"GPER1","AD_vs_Ctrl","Capillary EC"
9.86010039819507e-07,0.536647897914317,0.542,0.444,0.0293525328753869,"CARHSP1","AD_vs_Ctrl","Capillary EC"
9.99053078183321e-07,-0.68342277250568,0.284,0.419,0.0297408110844393,"ARHGEF3","AD_vs_Ctrl","Capillary EC"
1.0766034882626e-06,-1.0148255583866,0.185,0.296,0.0320494092420895,"IFIT1","AD_vs_Ctrl","Capillary EC"
1.10316453819913e-06,-0.989001676255706,0.123,0.23,0.0328401051376499,"SLFN12L","AD_vs_Ctrl","Capillary EC"
1.10702307624384e-06,-1.16829687101348,0.165,0.271,0.0329549699567029,"CYTOR","AD_vs_Ctrl","Capillary EC"
1.10989579530346e-06,-1.1505436629148,0.113,0.214,0.0330404879303887,"SLC16A14","AD_vs_Ctrl","Capillary EC"
1.25872472587586e-06,-0.828662389280578,0.133,0.246,0.0374709763645984,"AC241585.2","AD_vs_Ctrl","Capillary EC"
1.56036089534847e-06,-0.935368259743309,0.129,0.237,0.0464503834936285,"TRPM6","AD_vs_Ctrl","Capillary EC"
1.57817014971795e-06,-0.697641435806786,0.295,0.415,0.0469805471869535,"ATP13A3","AD_vs_Ctrl","Capillary EC"
1.62613305541804e-06,0.532516340143857,0.529,0.41,0.0484083549267397,"DAAM2","AD_vs_Ctrl","Capillary EC"
1.65411693183553e-06,1.061039286083,0.204,0.098,0.0492414069438118,"KCNB1","AD_vs_Ctrl","Capillary EC"
6.16637228194498e-135,-0.651106300447705,0.918,0.917,1.8356673646122e-130,"FGF7P3","AD_vs_Ctrl","D1 medium spiny neuron"
9.16767653672383e-106,-3.61952951839057,0.067,0.422,2.72912562821732e-101,"IFI6","AD_vs_Ctrl","D1 medium spiny neuron"
3.33861810328626e-104,0.975302805749324,0.901,0.632,9.93873223167287e-100,"DPH6-AS1","AD_vs_Ctrl","D1 medium spiny neuron"
4.443599332825e-100,-7.82100897047219,0,0.274,1.32281508538867e-95,"LINC02470","AD_vs_Ctrl","D1 medium spiny neuron"
2.93691374615661e-88,0.692972994459554,0.941,0.777,8.74289853093361e-84,"HP1BP3","AD_vs_Ctrl","D1 medium spiny neuron"
2.18657676244072e-87,-5.58960191316957,0.01,0.268,6.50922036410978e-83,"MTND1P23","AD_vs_Ctrl","D1 medium spiny neuron"
6.53654203031998e-84,-0.609440213401951,0.879,0.865,1.94586319700595e-79,"TARBP1","AD_vs_Ctrl","D1 medium spiny neuron"
7.85866672186607e-82,1.02738440748127,0.843,0.58,2.33944649643231e-77,"LINC00513","AD_vs_Ctrl","D1 medium spiny neuron"
4.15356716224933e-75,1.68392373051193,0.607,0.246,1.23647540853e-70,"NUP210L","AD_vs_Ctrl","D1 medium spiny neuron"
2.44922122444734e-74,-3.22908819496826,0.051,0.32,7.29108666305727e-70,"LINC02133","AD_vs_Ctrl","D1 medium spiny neuron"
1.25171857301985e-73,0.566349230438824,0.943,0.819,3.7262410200228e-69,"DTNBP1","AD_vs_Ctrl","D1 medium spiny neuron"
2.58794105677644e-69,1.77711913534602,0.526,0.163,7.70404173191779e-65,"OVCH1-AS1","AD_vs_Ctrl","D1 medium spiny neuron"
2.71399693546756e-68,1.73196431557785,0.555,0.207,8.07929747719337e-64,"DNAH11","AD_vs_Ctrl","D1 medium spiny neuron"
1.86874356900316e-66,0.785605165213309,0.89,0.62,5.56306273056551e-62,"TEKT4P2","AD_vs_Ctrl","D1 medium spiny neuron"
7.07136627094417e-65,1.01557037415292,0.746,0.444,2.10507502519737e-60,"OVCH1","AD_vs_Ctrl","D1 medium spiny neuron"
5.19602333452996e-64,0.823268396889788,0.856,0.617,1.54680418645622e-59,"MGST1","AD_vs_Ctrl","D1 medium spiny neuron"
2.49999658508001e-58,-1.87520306154096,0.149,0.435,7.44223983412469e-54,"AC010997.3","AD_vs_Ctrl","D1 medium spiny neuron"
7.10202511963951e-58,1.08170132261127,0.728,0.454,2.11420185786549e-53,"AC027288.3","AD_vs_Ctrl","D1 medium spiny neuron"
2.30584304105007e-56,0.565850757585035,0.924,0.81,6.86426414890195e-52,"GALNTL6","AD_vs_Ctrl","D1 medium spiny neuron"
2.06813674696926e-53,1.26644939577185,0.61,0.311,6.15663628205279e-49,"AP000787.1","AD_vs_Ctrl","D1 medium spiny neuron"
4.02438098131801e-53,1.18218223294762,0.639,0.334,1.19801797432856e-48,"AL136040.1","AD_vs_Ctrl","D1 medium spiny neuron"
1.18737686545487e-52,0.838075718607079,0.795,0.56,3.53470219077262e-48,"LRP4","AD_vs_Ctrl","D1 medium spiny neuron"
5.850495457217e-52,-1.55593812071611,0.24,0.507,1.74163399265893e-47,"AC079760.1","AD_vs_Ctrl","D1 medium spiny neuron"
1.0964501824304e-51,2.07866500061244,0.381,0.103,3.26402254807706e-47,"MRAP2","AD_vs_Ctrl","D1 medium spiny neuron"
1.17903882695059e-51,1.27169718481766,0.588,0.287,3.5098806839492e-47,"AC093865.1","AD_vs_Ctrl","D1 medium spiny neuron"
2.89974808036653e-51,1.26101108300408,0.613,0.35,8.63226006044312e-47,"CFAP161","AD_vs_Ctrl","D1 medium spiny neuron"
3.0845410671141e-51,1.04605242313753,0.686,0.405,9.18237030269195e-47,"AC006059.1","AD_vs_Ctrl","D1 medium spiny neuron"
6.16666610431863e-51,-0.515556404551613,0.858,0.831,1.83575483259461e-46,"FP700111.1","AD_vs_Ctrl","D1 medium spiny neuron"
1.07427778138481e-50,2.57774535920559,0.303,0.05,3.19801752740446e-46,"LSAMP-AS1","AD_vs_Ctrl","D1 medium spiny neuron"
1.67888396278179e-50,-1.03566855183657,0.53,0.698,4.9978696688051e-46,"MRPL41","AD_vs_Ctrl","D1 medium spiny neuron"
1.88644556441795e-50,0.850929668051683,0.808,0.555,5.61575980071578e-46,"CTNNA3","AD_vs_Ctrl","D1 medium spiny neuron"
2.89746256230234e-50,0.698515056296297,0.852,0.645,8.62545630171784e-46,"GABRA5","AD_vs_Ctrl","D1 medium spiny neuron"
5.68214939574627e-50,1.28955691975132,0.564,0.25,1.69151905361971e-45,"TDRD9","AD_vs_Ctrl","D1 medium spiny neuron"
2.62853927588317e-49,0.711083723217996,0.844,0.6,7.82489857037662e-45,"DSCAM","AD_vs_Ctrl","D1 medium spiny neuron"
3.07831030771104e-49,1.21042366059275,0.6,0.314,9.16382195502499e-45,"RPL10","AD_vs_Ctrl","D1 medium spiny neuron"
7.84828796524858e-48,-0.929929895937894,0.523,0.701,2.33635684437485e-43,"GOLGA8B","AD_vs_Ctrl","D1 medium spiny neuron"
1.77026884240441e-47,-0.563645073758373,0.808,0.868,5.26991331695367e-43,"AQP4-AS1","AD_vs_Ctrl","D1 medium spiny neuron"
2.37005497217784e-47,-1.19011238145099,0.389,0.615,7.0554166466762e-43,"GOLT1B","AD_vs_Ctrl","D1 medium spiny neuron"
5.74720989378949e-47,0.677901113816513,0.827,0.625,1.71088691328219e-42,"SRSF7","AD_vs_Ctrl","D1 medium spiny neuron"
2.80611359730347e-46,0.556618802842231,0.895,0.704,8.35351956781269e-42,"ANKRD34B","AD_vs_Ctrl","D1 medium spiny neuron"
3.32297125944905e-46,-2.18206591168008,0.148,0.374,9.89215314225387e-42,"STAT1","AD_vs_Ctrl","D1 medium spiny neuron"
3.76727899187327e-46,1.62985143776497,0.422,0.147,1.12148128309075e-41,"AC104827.1","AD_vs_Ctrl","D1 medium spiny neuron"
3.76905350238077e-46,-1.36733008647588,0.371,0.605,1.12200953712373e-41,"CST3","AD_vs_Ctrl","D1 medium spiny neuron"
8.8121020352171e-45,1.62937167091706,0.402,0.138,2.62327465486378e-40,"DNAJB1","AD_vs_Ctrl","D1 medium spiny neuron"
5.80033716094301e-44,-1.18191864773529,0.316,0.575,1.72670236944113e-39,"SOX9-AS1","AD_vs_Ctrl","D1 medium spiny neuron"
9.26483383974006e-44,-2.08749828051401,0.074,0.282,2.75804838575222e-39,"AC013460.1","AD_vs_Ctrl","D1 medium spiny neuron"
2.35918795984657e-43,-1.23997363365203,0.367,0.587,7.02306663766724e-39,"LINC01588","AD_vs_Ctrl","D1 medium spiny neuron"
5.2979794534567e-43,0.637844658599467,0.847,0.666,1.57715550349952e-38,"CRLF3","AD_vs_Ctrl","D1 medium spiny neuron"
7.59245611116717e-43,0.723946303984653,0.81,0.586,2.26019825973335e-38,"AC069437.1","AD_vs_Ctrl","D1 medium spiny neuron"
1.47629571092444e-41,-1.44836638388433,0.197,0.438,4.39478470185096e-37,"NCAN","AD_vs_Ctrl","D1 medium spiny neuron"
5.5686741681665e-41,0.683682955129933,0.821,0.602,1.65773861312149e-36,"ZNF365","AD_vs_Ctrl","D1 medium spiny neuron"
1.41435432868481e-40,1.05915569486254,0.576,0.306,4.21039140106181e-36,"MAK","AD_vs_Ctrl","D1 medium spiny neuron"
2.35128162653214e-40,-1.37614193156768,0.377,0.57,6.99953027402354e-36,"B2M","AD_vs_Ctrl","D1 medium spiny neuron"
3.04901702626002e-40,1.05664478797051,0.609,0.349,9.07661878547344e-36,"AC006387.1","AD_vs_Ctrl","D1 medium spiny neuron"
3.12532608894415e-40,1.79229064446789,0.389,0.147,9.30378323417785e-36,"AC105402.3","AD_vs_Ctrl","D1 medium spiny neuron"
4.45443629987245e-40,0.508073088546365,0.893,0.723,1.32604114210903e-35,"DTWD1","AD_vs_Ctrl","D1 medium spiny neuron"
4.52520178581611e-40,-1.26135908636442,0.265,0.503,1.3471073196196e-35,"AC127164.1","AD_vs_Ctrl","D1 medium spiny neuron"
7.95444980963465e-40,-0.699740304761544,0.663,0.759,2.36796016383014e-35,"BDH1","AD_vs_Ctrl","D1 medium spiny neuron"
2.9375498178289e-39,0.567221704276376,0.878,0.687,8.74479205269486e-35,"THY1","AD_vs_Ctrl","D1 medium spiny neuron"
9.05579998278812e-39,0.582909954199929,0.872,0.681,2.69582109687619e-34,"SLC22A17","AD_vs_Ctrl","D1 medium spiny neuron"
2.83401369959174e-38,0.824656960396636,0.685,0.458,8.43657538231465e-34,"C16orf87","AD_vs_Ctrl","D1 medium spiny neuron"
4.96591666229528e-38,1.57074053114967,0.362,0.123,1.47830373119868e-33,"AC011511.1","AD_vs_Ctrl","D1 medium spiny neuron"
7.39748874280932e-38,1.77108044147718,0.31,0.08,2.20215842384691e-33,"DEFB109A","AD_vs_Ctrl","D1 medium spiny neuron"
1.09515019418538e-37,1.94894804089067,0.307,0.085,3.26015261307045e-33,"AL139147.1","AD_vs_Ctrl","D1 medium spiny neuron"
4.86512943975912e-37,2.03229586103028,0.298,0.081,1.44830038292189e-32,"AC007192.2","AD_vs_Ctrl","D1 medium spiny neuron"
7.43160115439762e-37,0.691419859942597,0.76,0.496,2.21231334765263e-32,"SLC35F1","AD_vs_Ctrl","D1 medium spiny neuron"
9.76637379875372e-37,-0.991713262850642,0.443,0.618,2.907351816151e-32,"AC011474.1","AD_vs_Ctrl","D1 medium spiny neuron"
1.74568482611297e-36,0.624979237258367,0.812,0.612,5.19672915885572e-32,"AL117190.2","AD_vs_Ctrl","D1 medium spiny neuron"
2.15347722748425e-36,1.05614877178039,0.555,0.306,6.41068635849786e-32,"AC058791.1","AD_vs_Ctrl","D1 medium spiny neuron"
3.04354612951104e-36,2.21489036896738,0.238,0.04,9.06033247294141e-32,"ITGA10","AD_vs_Ctrl","D1 medium spiny neuron"
4.55516574571163e-36,0.538994400098681,0.891,0.722,1.35602729084089e-31,"PTPN13","AD_vs_Ctrl","D1 medium spiny neuron"
5.87917128633026e-36,1.31176922654741,0.446,0.202,1.75017050022765e-31,"ARHGAP6","AD_vs_Ctrl","D1 medium spiny neuron"
8.63277838673664e-36,0.829869134426079,0.632,0.396,2.56989179794763e-31,"YAE1D1","AD_vs_Ctrl","D1 medium spiny neuron"
1.32924790136721e-35,1.13059282122647,0.508,0.264,3.95703807758006e-31,"DUSP19","AD_vs_Ctrl","D1 medium spiny neuron"
2.48990802830462e-35,1.1558653701576,0.489,0.231,7.41220720946002e-31,"GRK3","AD_vs_Ctrl","D1 medium spiny neuron"
2.59966652575815e-35,0.762853215865341,0.713,0.495,7.73894728052945e-31,"AP000769.1","AD_vs_Ctrl","D1 medium spiny neuron"
3.42535014207471e-35,1.40830976688341,0.397,0.169,1.01969248379422e-30,"HIST1H2AC","AD_vs_Ctrl","D1 medium spiny neuron"
3.45507094584524e-35,0.797757922779931,0.715,0.492,1.02854006986867e-30,"AC015923.1","AD_vs_Ctrl","D1 medium spiny neuron"
4.30643460070535e-35,-1.27163842332683,0.364,0.55,1.28198251628397e-30,"APOE","AD_vs_Ctrl","D1 medium spiny neuron"
6.64224968772724e-35,0.61904491769127,0.814,0.595,1.97733130953952e-30,"TMEM59L","AD_vs_Ctrl","D1 medium spiny neuron"
9.24756076326177e-35,-1.45966301190412,0.162,0.372,2.7529063636154e-30,"LINC01310","AD_vs_Ctrl","D1 medium spiny neuron"
9.54500644584545e-35,-1.60127392627418,0.138,0.344,2.84145296886373e-30,"IKBKE","AD_vs_Ctrl","D1 medium spiny neuron"
1.70954774520644e-34,0.970146223976186,0.574,0.325,5.08915268270505e-30,"HCN1","AD_vs_Ctrl","D1 medium spiny neuron"
2.48933521842923e-34,1.15413661530579,0.485,0.243,7.41050201174199e-30,"CACNA2D3-AS1","AD_vs_Ctrl","D1 medium spiny neuron"
6.29571551644089e-34,-0.582162676861114,0.773,0.802,1.87417155208929e-29,"LINC01481","AD_vs_Ctrl","D1 medium spiny neuron"
6.99897975094576e-34,0.909652630684275,0.556,0.298,2.08352628205904e-29,"KATNAL2","AD_vs_Ctrl","D1 medium spiny neuron"
7.14881244716438e-34,1.12229322581574,0.49,0.248,2.12812997739637e-29,"C2orf88","AD_vs_Ctrl","D1 medium spiny neuron"
7.50216527587197e-34,0.890631618824414,0.637,0.404,2.23331958097433e-29,"AC012404.1","AD_vs_Ctrl","D1 medium spiny neuron"
8.54097017204284e-34,0.556793845084869,0.834,0.662,2.54256141051543e-29,"KTN1","AD_vs_Ctrl","D1 medium spiny neuron"
8.55856498016356e-34,-1.40946110623302,0.256,0.46,2.54779920894489e-29,"STARD4-AS1","AD_vs_Ctrl","D1 medium spiny neuron"
1.00985969989501e-33,1.32032017738678,0.426,0.192,3.00625134061747e-29,"C9orf84","AD_vs_Ctrl","D1 medium spiny neuron"
1.20554147347118e-33,0.70115281931301,0.756,0.548,3.58877641237636e-29,"SCG2","AD_vs_Ctrl","D1 medium spiny neuron"
1.22894963854988e-33,-0.992901328506403,0.395,0.587,3.65846017899913e-29,"AC018730.2","AD_vs_Ctrl","D1 medium spiny neuron"
1.54289003797503e-33,0.83865458212608,0.632,0.394,4.59302935404786e-29,"FAM13C","AD_vs_Ctrl","D1 medium spiny neuron"
1.77674546501268e-33,-1.16757100574441,0.235,0.457,5.28919357479624e-29,"LINC01359","AD_vs_Ctrl","D1 medium spiny neuron"
2.12264142486369e-33,0.503416788217083,0.871,0.689,6.31889125767672e-29,"LRRC37A3","AD_vs_Ctrl","D1 medium spiny neuron"
2.81530842305536e-33,0.690302591496014,0.736,0.504,8.38089164459349e-29,"ARID5B","AD_vs_Ctrl","D1 medium spiny neuron"
2.95037927883791e-33,-1.64641240681917,0.12,0.311,8.78298407517259e-29,"AC115622.1","AD_vs_Ctrl","D1 medium spiny neuron"
3.15085682471872e-33,0.643813977415351,0.755,0.562,9.37978568150514e-29,"MPDZ","AD_vs_Ctrl","D1 medium spiny neuron"
4.11714397962716e-33,0.651296321245825,0.755,0.554,1.22563259129521e-28,"ASPHD2","AD_vs_Ctrl","D1 medium spiny neuron"
4.9768736328201e-33,-1.63383406043024,0.132,0.325,1.48156551175422e-28,"MAP1LC3B2","AD_vs_Ctrl","D1 medium spiny neuron"
6.58451342010059e-33,-2.1904952295146,0.09,0.261,1.96014380002974e-28,"ISG15","AD_vs_Ctrl","D1 medium spiny neuron"
8.94815408910163e-33,0.522600406787819,0.861,0.708,2.66377599078466e-28,"RAB11A","AD_vs_Ctrl","D1 medium spiny neuron"
9.70126943710705e-33,0.924605855036104,0.558,0.326,2.8879708987324e-28,"LINC00862","AD_vs_Ctrl","D1 medium spiny neuron"
1.76821020663725e-32,-0.629888993578593,0.713,0.776,5.26378496413844e-28,"HGSNAT","AD_vs_Ctrl","D1 medium spiny neuron"
2.13250379556001e-32,0.526794265119423,0.855,0.66,6.34825054900259e-28,"SNAP25-AS1","AD_vs_Ctrl","D1 medium spiny neuron"
2.17922808029288e-32,0.871991764511861,0.659,0.448,6.48734407222386e-28,"AL450384.2","AD_vs_Ctrl","D1 medium spiny neuron"
2.92461839336002e-32,0.838393951745942,0.611,0.383,8.70629649519345e-28,"AC090709.1","AD_vs_Ctrl","D1 medium spiny neuron"
4.82944628419228e-32,1.44184181562483,0.372,0.156,1.4376778643412e-27,"TUBBP5","AD_vs_Ctrl","D1 medium spiny neuron"
5.84310147116989e-32,0.98854081805346,0.565,0.34,1.73943287695256e-27,"AL390783.1","AD_vs_Ctrl","D1 medium spiny neuron"
6.66598485270112e-32,0.630900392545414,0.744,0.535,1.9843970308006e-27,"IP6K2","AD_vs_Ctrl","D1 medium spiny neuron"
9.47876102399458e-32,1.16855333070315,0.43,0.195,2.82173236923295e-27,"DLGAP1-AS4","AD_vs_Ctrl","D1 medium spiny neuron"
1.20554832827259e-31,1.19127026708781,0.435,0.207,3.58879681843468e-27,"SLC5A4-AS1","AD_vs_Ctrl","D1 medium spiny neuron"
1.25289959124688e-31,0.548866765974036,0.804,0.607,3.72975679318283e-27,"SEM1","AD_vs_Ctrl","D1 medium spiny neuron"
1.72663155030083e-31,1.80805946738112,0.274,0.08,5.14000946209054e-27,"AC004448.4","AD_vs_Ctrl","D1 medium spiny neuron"
2.0559895014506e-31,-0.978505551253471,0.386,0.578,6.12047514686829e-27,"CIRBP","AD_vs_Ctrl","D1 medium spiny neuron"
2.3429941772438e-31,0.567156647534669,0.811,0.629,6.97485936623705e-27,"RAPH1","AD_vs_Ctrl","D1 medium spiny neuron"
2.5187734949508e-31,0.93826195181893,0.554,0.338,7.49813681711905e-27,"GCNA","AD_vs_Ctrl","D1 medium spiny neuron"
7.54319412516306e-31,0.588774305020194,0.796,0.623,2.24553345911979e-26,"AL138828.1","AD_vs_Ctrl","D1 medium spiny neuron"
7.88300949857729e-31,1.29951262518912,0.365,0.149,2.34669309763147e-26,"SNX31","AD_vs_Ctrl","D1 medium spiny neuron"
1.59208934618696e-30,0.586803222386995,0.766,0.583,4.73949077466395e-26,"SRSF5","AD_vs_Ctrl","D1 medium spiny neuron"
4.05694446705918e-30,-1.27115902593884,0.216,0.418,1.20771179839885e-25,"AC008537.1","AD_vs_Ctrl","D1 medium spiny neuron"
5.67967897536378e-30,1.45129972151998,0.351,0.143,1.69078363417604e-25,"PAX8-AS1","AD_vs_Ctrl","D1 medium spiny neuron"
5.79338288162962e-30,1.29822608870008,0.381,0.165,1.72463215003232e-25,"UBASH3B","AD_vs_Ctrl","D1 medium spiny neuron"
5.82987245397785e-30,1.49502450806957,0.302,0.104,1.73549473082467e-25,"OR2H2","AD_vs_Ctrl","D1 medium spiny neuron"
5.89971104518472e-30,0.76624566985423,0.651,0.422,1.75628498104104e-25,"SHC3","AD_vs_Ctrl","D1 medium spiny neuron"
6.05811792224983e-30,1.10024554559791,0.43,0.208,1.80344112427455e-25,"TMEM202-AS1","AD_vs_Ctrl","D1 medium spiny neuron"
6.6336324251993e-30,0.857683568460788,0.559,0.325,1.97476603665758e-25,"RBM48","AD_vs_Ctrl","D1 medium spiny neuron"
1.2546591216252e-29,0.801912532090851,0.58,0.344,3.73499473916605e-25,"AL590705.1","AD_vs_Ctrl","D1 medium spiny neuron"
1.49510055670907e-29,0.740416551287876,0.606,0.354,4.45076484726723e-25,"AC021439.1","AD_vs_Ctrl","D1 medium spiny neuron"
1.51309724943937e-29,1.0788660611998,0.428,0.207,4.50433920185606e-25,"SS18L2","AD_vs_Ctrl","D1 medium spiny neuron"
1.67117967569648e-29,1.15318517927292,0.377,0.16,4.97493477658084e-25,"LINC02281","AD_vs_Ctrl","D1 medium spiny neuron"
2.10302730830457e-29,0.878021736212284,0.559,0.333,6.26050199409186e-25,"AC026790.1","AD_vs_Ctrl","D1 medium spiny neuron"
5.82426766661312e-29,-1.48058973317835,0.126,0.306,1.73382624167406e-24,"AC068722.1","AD_vs_Ctrl","D1 medium spiny neuron"
9.00050445336783e-29,0.602860883912452,0.731,0.498,2.67936017072307e-24,"FAM182B","AD_vs_Ctrl","D1 medium spiny neuron"
9.05686753671265e-29,-2.22224046370514,0.065,0.214,2.69613889700399e-24,"PDE3A","AD_vs_Ctrl","D1 medium spiny neuron"
2.28120264004509e-28,1.120966819105,0.425,0.21,6.79091213915024e-24,"HSPA8","AD_vs_Ctrl","D1 medium spiny neuron"
4.65919132563339e-28,0.99225759866831,0.441,0.217,1.3869946657278e-23,"ANKRD55","AD_vs_Ctrl","D1 medium spiny neuron"
5.43579572232263e-28,0.841915168815023,0.52,0.292,1.61818202857822e-23,"MRPS16","AD_vs_Ctrl","D1 medium spiny neuron"
1.17630974539294e-27,0.69519812021225,0.634,0.408,3.50175648106026e-23,"LINC02198","AD_vs_Ctrl","D1 medium spiny neuron"
1.33332659576666e-27,1.32695376532988,0.361,0.16,3.96917994293777e-23,"DLGAP1-AS5","AD_vs_Ctrl","D1 medium spiny neuron"
1.56096051902614e-27,0.945583451875778,0.456,0.233,4.64682336908892e-23,"FAM227B","AD_vs_Ctrl","D1 medium spiny neuron"
2.23299352905929e-27,1.52511804398614,0.31,0.122,6.6473984366566e-23,"OLMALINC","AD_vs_Ctrl","D1 medium spiny neuron"
2.45626995111895e-27,0.81185116565992,0.584,0.37,7.312070017486e-23,"SLC38A2","AD_vs_Ctrl","D1 medium spiny neuron"
2.53079490870747e-27,-1.80091591154638,0.186,0.354,7.53392336373127e-23,"MX1","AD_vs_Ctrl","D1 medium spiny neuron"
2.76515355915777e-27,0.633265460103044,0.709,0.484,8.23158563025677e-23,"OPRM1","AD_vs_Ctrl","D1 medium spiny neuron"
3.53906261066233e-27,-1.47778704875585,0.11,0.281,1.05354354856807e-22,"AL353626.3","AD_vs_Ctrl","D1 medium spiny neuron"
4.04317450960681e-27,0.83286072622512,0.586,0.364,1.20361261976485e-22,"TMTC2","AD_vs_Ctrl","D1 medium spiny neuron"
4.75211956383657e-27,0.75904243144597,0.604,0.389,1.41465847295851e-22,"AC103974.1","AD_vs_Ctrl","D1 medium spiny neuron"
4.855873438561e-27,-1.25881523272339,0.195,0.379,1.44554496392522e-22,"AC087457.1","AD_vs_Ctrl","D1 medium spiny neuron"
5.1009835702237e-27,1.23217320323586,0.318,0.123,1.51851179901989e-22,"AL160314.2","AD_vs_Ctrl","D1 medium spiny neuron"
5.77492554873412e-27,0.854737915729155,0.547,0.331,1.71913758660266e-22,"AC130650.1","AD_vs_Ctrl","D1 medium spiny neuron"
7.81910549597716e-27,1.5171844059579,0.301,0.117,2.32766951509744e-22,"P2RY1","AD_vs_Ctrl","D1 medium spiny neuron"
8.45583663566547e-27,0.859629823985905,0.594,0.431,2.51721800807125e-22,"PRKG1","AD_vs_Ctrl","D1 medium spiny neuron"
9.36174359329911e-27,1.03090641204361,0.387,0.177,2.78689745028921e-22,"PAWR","AD_vs_Ctrl","D1 medium spiny neuron"
9.42707518695786e-27,1.29417243226606,0.356,0.159,2.80634601240549e-22,"AC131571.1","AD_vs_Ctrl","D1 medium spiny neuron"
1.07744886404089e-26,0.744511316299517,0.673,0.514,3.20745752336332e-22,"AP001831.1","AD_vs_Ctrl","D1 medium spiny neuron"
1.08383310487989e-26,1.08125440412355,0.426,0.22,3.22646276991696e-22,"AC131009.2","AD_vs_Ctrl","D1 medium spiny neuron"
1.12296521416626e-26,-1.50008345199667,0.126,0.298,3.34295514605154e-22,"UPB1","AD_vs_Ctrl","D1 medium spiny neuron"
1.42541560579057e-26,0.500592143210362,0.815,0.643,4.24331971687796e-22,"LAMP5","AD_vs_Ctrl","D1 medium spiny neuron"
2.59178342823389e-26,0.944337727572726,0.431,0.216,7.71548008750946e-22,"ADAL","AD_vs_Ctrl","D1 medium spiny neuron"
3.95537500101606e-26,0.589334794579985,0.735,0.532,1.17747558405247e-21,"ZBTB1","AD_vs_Ctrl","D1 medium spiny neuron"
4.53506195110814e-26,1.21306410377101,0.341,0.143,1.35004259222538e-21,"AC008731.1","AD_vs_Ctrl","D1 medium spiny neuron"
6.43849330869488e-26,0.754955428964813,0.628,0.429,1.91667507306538e-21,"COL24A1","AD_vs_Ctrl","D1 medium spiny neuron"
1.05394951840618e-25,1.57816669094605,0.252,0.079,3.13750232134336e-21,"AP001439.1","AD_vs_Ctrl","D1 medium spiny neuron"
1.18073240802991e-25,-1.23765211725307,0.22,0.397,3.51492230546422e-21,"AC005697.1","AD_vs_Ctrl","D1 medium spiny neuron"
1.78203175992147e-25,-1.08659630596109,0.251,0.435,5.30493034611024e-21,"AL671511.2","AD_vs_Ctrl","D1 medium spiny neuron"
1.92163630914072e-25,1.1038710517269,0.38,0.179,5.720519128681e-21,"AC096576.2","AD_vs_Ctrl","D1 medium spiny neuron"
2.4650357775939e-25,0.548192944884924,0.742,0.533,7.33816500631929e-21,"GPR12","AD_vs_Ctrl","D1 medium spiny neuron"
3.1632800817275e-25,1.28826836070306,0.332,0.144,9.41676847529459e-21,"AC096576.3","AD_vs_Ctrl","D1 medium spiny neuron"
3.48243987295802e-25,0.541220013992957,0.75,0.561,1.03668752578087e-20,"RBPJ","AD_vs_Ctrl","D1 medium spiny neuron"
4.63737725968686e-25,1.17462434833866,0.316,0.129,1.38050083643618e-20,"PIGP","AD_vs_Ctrl","D1 medium spiny neuron"
4.93622606960754e-25,0.548302513270081,0.742,0.544,1.46946513866147e-20,"EWSR1","AD_vs_Ctrl","D1 medium spiny neuron"
9.75039875520726e-25,1.31768228995293,0.291,0.111,2.90259620543765e-20,"ZBTB20-AS5","AD_vs_Ctrl","D1 medium spiny neuron"
9.88288954749988e-25,0.688765647519838,0.63,0.439,2.94203738939524e-20,"ZNF680","AD_vs_Ctrl","D1 medium spiny neuron"
1.20469432063201e-24,1.46482669809768,0.258,0.088,3.58625452308944e-20,"AL049869.3","AD_vs_Ctrl","D1 medium spiny neuron"
1.23276718188245e-24,-1.02159238658384,0.292,0.471,3.66982462374586e-20,"NOXA1","AD_vs_Ctrl","D1 medium spiny neuron"
1.76415766137375e-24,0.804820500483692,0.54,0.332,5.2517209421435e-20,"P2RY14","AD_vs_Ctrl","D1 medium spiny neuron"
2.0927813481497e-24,0.602753355767934,0.677,0.483,6.23000079530683e-20,"CRELD1","AD_vs_Ctrl","D1 medium spiny neuron"
2.56117833687141e-24,0.662822045926453,0.627,0.425,7.62437179103252e-20,"PDE1C","AD_vs_Ctrl","D1 medium spiny neuron"
2.82574825254248e-24,1.20768404131237,0.35,0.163,8.41196997299371e-20,"GNAI1","AD_vs_Ctrl","D1 medium spiny neuron"
2.99553289144887e-24,0.967028327305582,0.463,0.267,8.91740186455413e-20,"SLC24A4","AD_vs_Ctrl","D1 medium spiny neuron"
3.75830942543881e-24,1.52809352999454,0.254,0.087,1.11881113285888e-19,"AC104461.1","AD_vs_Ctrl","D1 medium spiny neuron"
3.84842306523024e-24,0.709071315142725,0.589,0.393,1.14563706228839e-19,"ACTL6B","AD_vs_Ctrl","D1 medium spiny neuron"
4.46547428888661e-24,0.890806381341052,0.446,0.232,1.32932704105866e-19,"AP000462.1","AD_vs_Ctrl","D1 medium spiny neuron"
4.51328062770281e-24,0.895021097688237,0.454,0.253,1.34355851006085e-19,"AC010275.1","AD_vs_Ctrl","D1 medium spiny neuron"
6.43305094546747e-24,1.20096280029813,0.386,0.2,1.91505493595621e-19,"GRIA4","AD_vs_Ctrl","D1 medium spiny neuron"
6.64302303868034e-24,0.91199000171906,0.488,0.291,1.97756152838475e-19,"ADAMTSL1","AD_vs_Ctrl","D1 medium spiny neuron"
7.79902764021102e-24,-1.0235286435864,0.296,0.47,2.32169253821442e-19,"RFLNA","AD_vs_Ctrl","D1 medium spiny neuron"
9.50295005007977e-24,-0.968991964543012,0.356,0.517,2.82893320040825e-19,"LINC01277","AD_vs_Ctrl","D1 medium spiny neuron"
9.86244520054576e-24,0.681244252137538,0.566,0.368,2.93595131175047e-19,"DNAJA1","AD_vs_Ctrl","D1 medium spiny neuron"
1.170501862376e-23,0.757399968473201,0.48,0.256,3.48446699410711e-19,"GAB2","AD_vs_Ctrl","D1 medium spiny neuron"
1.7031841014695e-23,-0.613073949419477,0.561,0.683,5.07020875166456e-19,"AL450332.1","AD_vs_Ctrl","D1 medium spiny neuron"
2.15544996285369e-23,1.24630215576945,0.336,0.155,6.41655899441915e-19,"KCTD4","AD_vs_Ctrl","D1 medium spiny neuron"
2.3674989219671e-23,0.943990467791322,0.466,0.269,7.04780754080385e-19,"PLCH1","AD_vs_Ctrl","D1 medium spiny neuron"
2.56749628303399e-23,0.832583002295391,0.487,0.283,7.64317968496388e-19,"RHBDL2","AD_vs_Ctrl","D1 medium spiny neuron"
2.65606377272876e-23,1.47342985008605,0.282,0.114,7.90683624503623e-19,"PLOD3","AD_vs_Ctrl","D1 medium spiny neuron"
2.68972394221364e-23,0.643493907687192,0.594,0.381,8.00703920357578e-19,"DSE","AD_vs_Ctrl","D1 medium spiny neuron"
2.8616028879477e-23,0.995794898898038,0.433,0.241,8.5187056371315e-19,"AC016723.1","AD_vs_Ctrl","D1 medium spiny neuron"
3.39399901232285e-23,-1.22990756025039,0.161,0.327,1.01035956597839e-18,"MAMLD1","AD_vs_Ctrl","D1 medium spiny neuron"
3.46330910524678e-23,0.670754476317461,0.596,0.391,1.03099248754091e-18,"CGGBP1","AD_vs_Ctrl","D1 medium spiny neuron"
3.47838639793491e-23,1.30494692776718,0.294,0.118,1.03548084680124e-18,"AC005009.2","AD_vs_Ctrl","D1 medium spiny neuron"
4.05954895600779e-23,0.605973783943214,0.656,0.479,1.20848712871396e-18,"LINC01902","AD_vs_Ctrl","D1 medium spiny neuron"
4.21116625670232e-23,1.52363532088096,0.268,0.103,1.25362208295771e-18,"AC103770.1","AD_vs_Ctrl","D1 medium spiny neuron"
5.27525659670948e-23,1.15551816642044,0.329,0.151,1.57039113627444e-18,"HSPA1A","AD_vs_Ctrl","D1 medium spiny neuron"
5.29882373647822e-23,-0.686654915128308,0.516,0.626,1.5774068381122e-18,"AL136317.2","AD_vs_Ctrl","D1 medium spiny neuron"
5.86396595419593e-23,0.904232259188104,0.435,0.241,1.74564402490459e-18,"ZFHX2","AD_vs_Ctrl","D1 medium spiny neuron"
5.95080208623415e-23,1.39264992054737,0.294,0.122,1.77149427305104e-18,"RPL7P9","AD_vs_Ctrl","D1 medium spiny neuron"
7.41526063475415e-23,1.05368564238323,0.404,0.22,2.20744893835996e-18,"ANP32AP1","AD_vs_Ctrl","D1 medium spiny neuron"
8.22026506165825e-23,0.529222944140056,0.715,0.51,2.44709070620505e-18,"SLC8A1-AS1","AD_vs_Ctrl","D1 medium spiny neuron"
8.4466402446888e-23,0.603925108133902,0.65,0.452,2.51448033444141e-18,"MMD","AD_vs_Ctrl","D1 medium spiny neuron"
8.61844513371893e-23,0.720325270192091,0.59,0.397,2.56562493185679e-18,"DTX3","AD_vs_Ctrl","D1 medium spiny neuron"
8.65440280076411e-23,1.20927743159787,0.335,0.159,2.57632916975947e-18,"AL359317.2","AD_vs_Ctrl","D1 medium spiny neuron"
9.70957386155751e-23,0.622504371963323,0.632,0.431,2.89044304284705e-18,"HOOK2","AD_vs_Ctrl","D1 medium spiny neuron"
1.0916666847132e-22,0.713542751333619,0.591,0.391,3.24978255372272e-18,"ANKUB1","AD_vs_Ctrl","D1 medium spiny neuron"
1.30812506171425e-22,1.02714006510725,0.358,0.176,3.89415749621715e-18,"RUNX2","AD_vs_Ctrl","D1 medium spiny neuron"
1.51939322750319e-22,0.91457803666391,0.449,0.252,4.52308169895424e-18,"LINC02143","AD_vs_Ctrl","D1 medium spiny neuron"
1.94492667232119e-22,-1.00380164246872,0.26,0.433,5.78985221083296e-18,"FGF9","AD_vs_Ctrl","D1 medium spiny neuron"
2.15645970939358e-22,0.565062581371747,0.677,0.502,6.41956490889375e-18,"PTGES3","AD_vs_Ctrl","D1 medium spiny neuron"
2.79310246343631e-22,-0.835639755326097,0.354,0.527,8.31478672340354e-18,"LINC02210-CRHR1","AD_vs_Ctrl","D1 medium spiny neuron"
3.10887538539703e-22,0.649738100025342,0.588,0.383,9.25481113478843e-18,"HERC2P9","AD_vs_Ctrl","D1 medium spiny neuron"
3.17105694981852e-22,0.587936902785654,0.648,0.45,9.43991943391474e-18,"GABRA1","AD_vs_Ctrl","D1 medium spiny neuron"
3.1831402181276e-22,0.887737528661429,0.442,0.25,9.47589011534407e-18,"FAT1","AD_vs_Ctrl","D1 medium spiny neuron"
4.01247212680182e-22,-0.564994349112997,0.64,0.723,1.19447282742763e-17,"GOLGA8A","AD_vs_Ctrl","D1 medium spiny neuron"
4.20689143265284e-22,-0.644168769726683,0.596,0.699,1.25234951058642e-17,"CCDC102B","AD_vs_Ctrl","D1 medium spiny neuron"
4.88617623329892e-22,0.878813890996602,0.437,0.24,1.45456580289076e-17,"GAREM1","AD_vs_Ctrl","D1 medium spiny neuron"
5.4863672865481e-22,1.28177827877314,0.292,0.126,1.6332366775325e-17,"SCUBE2","AD_vs_Ctrl","D1 medium spiny neuron"
6.67248650350914e-22,-1.69064795665331,0.086,0.223,1.98633250722963e-17,"TNFRSF8","AD_vs_Ctrl","D1 medium spiny neuron"
6.83452038060241e-22,1.07580481559449,0.351,0.172,2.03456837210153e-17,"AL158801.3","AD_vs_Ctrl","D1 medium spiny neuron"
1.11565826591011e-21,0.590235771992398,0.666,0.483,3.32120309178781e-17,"FAM92A","AD_vs_Ctrl","D1 medium spiny neuron"
1.22012849185308e-21,-1.06081758821884,0.227,0.4,3.63220050739743e-17,"LINC00271","AD_vs_Ctrl","D1 medium spiny neuron"
1.29504791265311e-21,1.53335463251945,0.239,0.087,3.85522813117704e-17,"AC021351.1","AD_vs_Ctrl","D1 medium spiny neuron"
1.34447650056846e-21,0.842703151406396,0.469,0.274,4.00237209454224e-17,"WDR6","AD_vs_Ctrl","D1 medium spiny neuron"
1.43016977341644e-21,0.520593049114132,0.709,0.489,4.2574723984834e-17,"KCNT1","AD_vs_Ctrl","D1 medium spiny neuron"
1.4372985274912e-21,1.09369534941178,0.365,0.183,4.27869398648854e-17,"SPRED2","AD_vs_Ctrl","D1 medium spiny neuron"
1.7196226863651e-21,1.39252232462477,0.26,0.102,5.11914477504025e-17,"AC023906.4","AD_vs_Ctrl","D1 medium spiny neuron"
1.92647988729796e-21,1.11978616089731,0.339,0.165,5.73493797649729e-17,"AC017101.1","AD_vs_Ctrl","D1 medium spiny neuron"
2.64479498760606e-21,0.890779749082875,0.394,0.208,7.87329019860449e-17,"BRINP2","AD_vs_Ctrl","D1 medium spiny neuron"
3.3328593417181e-21,0.92241584348333,0.421,0.238,9.9215889743606e-17,"PCDH11Y","AD_vs_Ctrl","D1 medium spiny neuron"
3.89591635340577e-21,1.00555090777261,0.405,0.219,1.15977533924536e-16,"TMEM35A","AD_vs_Ctrl","D1 medium spiny neuron"
5.8773810169887e-21,0.771935011222693,0.495,0.305,1.74963755494737e-16,"NFKBIZ","AD_vs_Ctrl","D1 medium spiny neuron"
6.03176576796935e-21,1.17338965948213,0.314,0.144,1.7955963514668e-16,"AC008534.1","AD_vs_Ctrl","D1 medium spiny neuron"
6.07096562998947e-21,-0.57117695509159,0.627,0.706,1.80726575839157e-16,"MTERF1","AD_vs_Ctrl","D1 medium spiny neuron"
6.36927417832542e-21,0.803825872210639,0.493,0.301,1.89606923014569e-16,"ARL17A","AD_vs_Ctrl","D1 medium spiny neuron"
6.98079801057634e-21,0.971245524061404,0.394,0.218,2.07811375976847e-16,"MSH4","AD_vs_Ctrl","D1 medium spiny neuron"
7.07762300286121e-21,0.65253682308539,0.568,0.354,2.10693759172175e-16,"TSHR","AD_vs_Ctrl","D1 medium spiny neuron"
8.39160945511787e-21,0.655545767350316,0.555,0.368,2.49809821869404e-16,"DDRGK1","AD_vs_Ctrl","D1 medium spiny neuron"
8.42176136957749e-21,-0.779124107945037,0.443,0.578,2.50707414210952e-16,"ADCY1","AD_vs_Ctrl","D1 medium spiny neuron"
9.07907465008251e-21,0.669158952577404,0.577,0.401,2.70274973258306e-16,"CHORDC1","AD_vs_Ctrl","D1 medium spiny neuron"
1.03042943979742e-20,1.02591247622188,0.403,0.223,3.06748539933293e-16,"PCDH9-AS2","AD_vs_Ctrl","D1 medium spiny neuron"
1.03338503291164e-20,0.648238971199197,0.561,0.37,3.07628390447466e-16,"AC002429.2","AD_vs_Ctrl","D1 medium spiny neuron"
1.18384936186475e-20,1.61775129199193,0.206,0.065,3.52420116533516e-16,"TTC9B","AD_vs_Ctrl","D1 medium spiny neuron"
1.49159938251366e-20,-0.523217573668023,0.698,0.744,4.44034220180492e-16,"TTC8","AD_vs_Ctrl","D1 medium spiny neuron"
1.65025188395671e-20,0.904830782156862,0.389,0.21,4.91263483335073e-16,"AC010168.1","AD_vs_Ctrl","D1 medium spiny neuron"
2.60354196660761e-20,1.2050213072055,0.269,0.112,7.75048408039419e-16,"LINC02471","AD_vs_Ctrl","D1 medium spiny neuron"
2.88890531713108e-20,0.751675346815463,0.518,0.332,8.59998223856752e-16,"PROS1","AD_vs_Ctrl","D1 medium spiny neuron"
3.46210565146447e-20,0.607248099552658,0.674,0.546,1.03063423138446e-15,"SLC38A11","AD_vs_Ctrl","D1 medium spiny neuron"
4.10116508033e-20,0.60790726417859,0.628,0.45,1.22087583276344e-15,"PNCK","AD_vs_Ctrl","D1 medium spiny neuron"
5.07463909149757e-20,0.856201070689127,0.464,0.288,1.51066931114791e-15,"RPP38","AD_vs_Ctrl","D1 medium spiny neuron"
5.08851291242137e-20,1.13503523254447,0.271,0.111,1.51479940889872e-15,"NPNT","AD_vs_Ctrl","D1 medium spiny neuron"
5.71908701975509e-20,0.597856477756065,0.562,0.378,1.70251501491089e-15,"SNAP23","AD_vs_Ctrl","D1 medium spiny neuron"
5.73946942504121e-20,0.591709743333356,0.622,0.457,1.70858265314052e-15,"CLK1","AD_vs_Ctrl","D1 medium spiny neuron"
5.7675330527371e-20,1.61055898257743,0.204,0.066,1.71693691446931e-15,"LRRC37A","AD_vs_Ctrl","D1 medium spiny neuron"
5.94568676842744e-20,0.706771566425019,0.55,0.364,1.76997149409316e-15,"TIMP3","AD_vs_Ctrl","D1 medium spiny neuron"
6.6092882862039e-20,0.815659667704528,0.391,0.208,1.96751902992004e-15,"SLC2A12","AD_vs_Ctrl","D1 medium spiny neuron"
6.72376117985047e-20,0.927863013387048,0.345,0.172,2.00159646562969e-15,"COL19A1","AD_vs_Ctrl","D1 medium spiny neuron"
6.81869236916641e-20,-1.37087068965709,0.136,0.278,2.02985653137715e-15,"GFAP","AD_vs_Ctrl","D1 medium spiny neuron"
7.06668416536351e-20,0.543550479732986,0.666,0.502,2.10368120918706e-15,"SV2B","AD_vs_Ctrl","D1 medium spiny neuron"
7.30134920618629e-20,1.26913530711767,0.265,0.113,2.1735386451896e-15,"HTR5A-AS1","AD_vs_Ctrl","D1 medium spiny neuron"
9.43651314693778e-20,0.646572409964368,0.586,0.397,2.80915559871191e-15,"TLL1","AD_vs_Ctrl","D1 medium spiny neuron"
9.62027188981685e-20,1.02997599382217,0.338,0.169,2.86385873887958e-15,"AC010632.1","AD_vs_Ctrl","D1 medium spiny neuron"
9.88312329472154e-20,0.952030824702244,0.371,0.199,2.94210697360565e-15,"TTC39A","AD_vs_Ctrl","D1 medium spiny neuron"
1.00091073879488e-19,0.678436316846776,0.504,0.318,2.97961117831848e-15,"AK3","AD_vs_Ctrl","D1 medium spiny neuron"
1.16833802161629e-19,0.824763447038782,0.447,0.265,3.47802545654954e-15,"CNIH2","AD_vs_Ctrl","D1 medium spiny neuron"
1.21536383570526e-19,-0.728977830234869,0.434,0.584,3.61801660251099e-15,"TRPC6","AD_vs_Ctrl","D1 medium spiny neuron"
1.22570551922237e-19,0.857321669021732,0.414,0.228,3.64880276017308e-15,"PSPH","AD_vs_Ctrl","D1 medium spiny neuron"
1.39933854649625e-19,0.654444096260948,0.553,0.379,4.16569091906468e-15,"CARHSP1","AD_vs_Ctrl","D1 medium spiny neuron"
1.45070094829358e-19,0.91631797514969,0.391,0.216,4.31859165297515e-15,"MACROD2-AS1","AD_vs_Ctrl","D1 medium spiny neuron"
1.45159391771567e-19,0.690673687588301,0.545,0.371,4.32124993364777e-15,"RBM14-RBM4","AD_vs_Ctrl","D1 medium spiny neuron"
1.65299665071793e-19,0.704197291544455,0.55,0.363,4.92080572952221e-15,"DIAPH2-AS1","AD_vs_Ctrl","D1 medium spiny neuron"
1.71885462453416e-19,-1.52844688545033,0.094,0.225,5.11685833177575e-15,"AP003354.2","AD_vs_Ctrl","D1 medium spiny neuron"
1.7365464288865e-19,0.655817354116482,0.58,0.39,5.16952506415221e-15,"SLC39A11","AD_vs_Ctrl","D1 medium spiny neuron"
2.05118704708234e-19,0.874719645469003,0.336,0.165,6.10617872045943e-15,"ATP1A1-AS1","AD_vs_Ctrl","D1 medium spiny neuron"
2.07953540109268e-19,0.657694379287392,0.539,0.359,6.19056893551281e-15,"STYXL1","AD_vs_Ctrl","D1 medium spiny neuron"
2.47315549488982e-19,0.655278083527443,0.441,0.252,7.3623365927375e-15,"AC005037.1","AD_vs_Ctrl","D1 medium spiny neuron"
2.63225229446414e-19,1.13672717663792,0.358,0.189,7.8359518553903e-15,"CRYAB","AD_vs_Ctrl","D1 medium spiny neuron"
2.67035319673559e-19,0.793415705380999,0.435,0.263,7.94937443136217e-15,"JAZF1-AS1","AD_vs_Ctrl","D1 medium spiny neuron"
3.11999477453417e-19,0.593514315096843,0.523,0.312,9.28791244431077e-15,"JAM2","AD_vs_Ctrl","D1 medium spiny neuron"
4.17663768239615e-19,0.731753913715153,0.466,0.283,1.24334327167251e-14,"WFS1","AD_vs_Ctrl","D1 medium spiny neuron"
5.38903363389789e-19,0.648931141722104,0.549,0.363,1.60426142247506e-14,"AC019197.1","AD_vs_Ctrl","D1 medium spiny neuron"
5.78970151973488e-19,0.90649003588421,0.37,0.202,1.72353624540988e-14,"PRKD3","AD_vs_Ctrl","D1 medium spiny neuron"
6.35896122363323e-19,1.43645976381219,0.233,0.093,1.89299916666338e-14,"Z99774.1","AD_vs_Ctrl","D1 medium spiny neuron"
6.54380082961818e-19,0.577550942507981,0.609,0.444,1.94802406896904e-14,"ZNF493","AD_vs_Ctrl","D1 medium spiny neuron"
7.2026092191545e-19,0.792225793147852,0.414,0.238,2.1441447384501e-14,"GLRA3","AD_vs_Ctrl","D1 medium spiny neuron"
1.00755425475644e-18,-1.2121157177493,0.138,0.282,2.99938826098444e-14,"ZNF449","AD_vs_Ctrl","D1 medium spiny neuron"
1.16230789700434e-18,1.49104606228312,0.202,0.071,3.46007437859221e-14,"TTC3-AS1","AD_vs_Ctrl","D1 medium spiny neuron"
1.32298133039563e-18,0.682843334051318,0.484,0.303,3.93838312245475e-14,"AC244669.1","AD_vs_Ctrl","D1 medium spiny neuron"
1.46044138845086e-18,-1.01810823673862,0.295,0.434,4.34758796927935e-14,"DPYS","AD_vs_Ctrl","D1 medium spiny neuron"
1.484879745305e-18,0.540208012577628,0.646,0.473,4.42033851379845e-14,"LRRC37A2","AD_vs_Ctrl","D1 medium spiny neuron"
1.59281255962151e-18,-1.12923578144766,0.192,0.34,4.74164370873728e-14,"STUM","AD_vs_Ctrl","D1 medium spiny neuron"
1.68512086160147e-18,0.951788713670559,0.335,0.172,5.01643629290141e-14,"AP001011.1","AD_vs_Ctrl","D1 medium spiny neuron"
2.08697401529736e-18,0.598148519342335,0.531,0.345,6.21271294613871e-14,"KIAA1586","AD_vs_Ctrl","D1 medium spiny neuron"
2.1203573258539e-18,0.995047578672118,0.327,0.168,6.31209172333447e-14,"AC005258.1","AD_vs_Ctrl","D1 medium spiny neuron"
2.17969036625084e-18,-1.22512672915917,0.198,0.337,6.48872025129212e-14,"AC091946.1","AD_vs_Ctrl","D1 medium spiny neuron"
2.204849877056e-18,0.993652056335998,0.301,0.144,6.563617599008e-14,"LINGO2","AD_vs_Ctrl","D1 medium spiny neuron"
2.25365859772308e-18,0.849537646038868,0.381,0.206,6.70891627956184e-14,"BCL2","AD_vs_Ctrl","D1 medium spiny neuron"
2.32168646940749e-18,0.691628286449617,0.543,0.382,6.91142845077915e-14,"CNTNAP3B","AD_vs_Ctrl","D1 medium spiny neuron"
2.33013205809756e-18,0.90381478857837,0.382,0.213,6.93657012375062e-14,"AC025580.2","AD_vs_Ctrl","D1 medium spiny neuron"
2.35228747780077e-18,-0.816416560012454,0.42,0.543,7.0025245926651e-14,"FAM169B","AD_vs_Ctrl","D1 medium spiny neuron"
2.60761403405452e-18,0.63244571100806,0.555,0.375,7.76260621797689e-14,"C12orf40","AD_vs_Ctrl","D1 medium spiny neuron"
2.65596484310981e-18,0.681185739985827,0.498,0.32,7.90654174145359e-14,"DRD3","AD_vs_Ctrl","D1 medium spiny neuron"
2.93944243028358e-18,-0.995874042349485,0.188,0.337,8.75042617071118e-14,"D2HGDH","AD_vs_Ctrl","D1 medium spiny neuron"
3.04226822460622e-18,0.97295181709084,0.283,0.129,9.05652827783027e-14,"SFT2D2","AD_vs_Ctrl","D1 medium spiny neuron"
3.11843405419238e-18,0.689316302375453,0.491,0.313,9.2832663359253e-14,"ACADVL","AD_vs_Ctrl","D1 medium spiny neuron"
3.12349499581387e-18,1.35113781927258,0.223,0.085,9.29833225303831e-14,"PER2","AD_vs_Ctrl","D1 medium spiny neuron"
3.44190425858797e-18,0.947292692795009,0.365,0.199,1.02462047873905e-13,"NEAT1","AD_vs_Ctrl","D1 medium spiny neuron"
4.28541807263565e-18,1.09223096416626,0.259,0.111,1.27572610604291e-13,"SFTPC","AD_vs_Ctrl","D1 medium spiny neuron"
4.47745088703307e-18,0.58982737383021,0.532,0.349,1.33289235456087e-13,"AL357055.3","AD_vs_Ctrl","D1 medium spiny neuron"
5.33553898852593e-18,1.26968524269769,0.23,0.09,1.58833660149429e-13,"HIF1A-AS2","AD_vs_Ctrl","D1 medium spiny neuron"
5.37213243634719e-18,0.966715466173757,0.331,0.173,1.5992301049762e-13,"AP003469.4","AD_vs_Ctrl","D1 medium spiny neuron"
6.69578561892126e-18,0.812941979824275,0.395,0.223,1.99326842089667e-13,"TUBA1C","AD_vs_Ctrl","D1 medium spiny neuron"
7.83913263811809e-18,1.1698119681333,0.277,0.129,2.33363139504137e-13,"AC009060.1","AD_vs_Ctrl","D1 medium spiny neuron"
8.57674342201135e-18,0.798598758786046,0.392,0.226,2.55321074929856e-13,"NRIP1","AD_vs_Ctrl","D1 medium spiny neuron"
1.04693130208163e-17,0.826547841082333,0.388,0.224,3.1166097931668e-13,"AP001992.1","AD_vs_Ctrl","D1 medium spiny neuron"
1.19050984850662e-17,0.595732219294775,0.54,0.359,3.54402876801935e-13,"CCDC18","AD_vs_Ctrl","D1 medium spiny neuron"
1.22299396591562e-17,0.736385433592773,0.471,0.3,3.6407307371342e-13,"AC023590.1","AD_vs_Ctrl","D1 medium spiny neuron"
1.23894662944981e-17,0.508494612155336,0.65,0.489,3.68822022120914e-13,"NXPE3","AD_vs_Ctrl","D1 medium spiny neuron"
1.5137368169747e-17,0.699448016449387,0.458,0.286,4.50624313045198e-13,"AC073167.1","AD_vs_Ctrl","D1 medium spiny neuron"
1.55425195772467e-17,0.64362867925968,0.549,0.387,4.62685265295058e-13,"NEIL1","AD_vs_Ctrl","D1 medium spiny neuron"
1.6845405243401e-17,0.718810889220599,0.421,0.245,5.01470868690805e-13,"AC211433.1","AD_vs_Ctrl","D1 medium spiny neuron"
2.24430890145752e-17,0.7121646284082,0.499,0.33,6.68108316874888e-13,"RAB27B","AD_vs_Ctrl","D1 medium spiny neuron"
2.34362699868796e-17,0.804922118734593,0.388,0.22,6.9767432123942e-13,"FN1","AD_vs_Ctrl","D1 medium spiny neuron"
2.39048965715346e-17,0.502567689979394,0.643,0.468,7.11624866038013e-13,"HBP1","AD_vs_Ctrl","D1 medium spiny neuron"
2.77701996572748e-17,1.09847590416507,0.271,0.124,8.26691073597413e-13,"RPS3AP6","AD_vs_Ctrl","D1 medium spiny neuron"
2.84008242999892e-17,0.542817934009087,0.582,0.403,8.45464138586379e-13,"AC108062.1","AD_vs_Ctrl","D1 medium spiny neuron"
2.89353204741984e-17,0.623080690951511,0.5,0.317,8.61375555196413e-13,"AC093879.1","AD_vs_Ctrl","D1 medium spiny neuron"
2.99026927894522e-17,0.744615097032594,0.393,0.224,8.90173261649203e-13,"DHFR","AD_vs_Ctrl","D1 medium spiny neuron"
4.05871836113669e-17,0.889392750070757,0.337,0.178,1.20823986892678e-12,"AC013640.1","AD_vs_Ctrl","D1 medium spiny neuron"
4.18175987169088e-17,-1.14101849867765,0.182,0.319,1.24486809620366e-12,"GABRA6","AD_vs_Ctrl","D1 medium spiny neuron"
4.29959472632379e-17,-0.775371614079428,0.372,0.52,1.27994635407933e-12,"AL359232.1","AD_vs_Ctrl","D1 medium spiny neuron"
4.58644063397537e-17,1.05145017189255,0.238,0.1,1.36533751232813e-12,"AL024508.1","AD_vs_Ctrl","D1 medium spiny neuron"
5.15170136757376e-17,0.554846810734742,0.558,0.396,1.53360998011303e-12,"MFSD13B","AD_vs_Ctrl","D1 medium spiny neuron"
5.19809169698983e-17,0.86038512044679,0.37,0.205,1.5474199172769e-12,"L3MBTL3","AD_vs_Ctrl","D1 medium spiny neuron"
5.3118245290787e-17,0.713647307412227,0.414,0.245,1.58127704406144e-12,"RBM45","AD_vs_Ctrl","D1 medium spiny neuron"
5.4962786957815e-17,0.986124369911077,0.289,0.138,1.63618720494719e-12,"FLJ20021","AD_vs_Ctrl","D1 medium spiny neuron"
6.43083905552222e-17,0.77848978391423,0.408,0.243,1.91439647843841e-12,"AC217777.1","AD_vs_Ctrl","D1 medium spiny neuron"
6.64544170630399e-17,-1.0364121050238,0.188,0.329,1.97828154154963e-12,"INHA","AD_vs_Ctrl","D1 medium spiny neuron"
7.18692806095148e-17,0.655743137150644,0.478,0.312,2.13947661446464e-12,"IFT57","AD_vs_Ctrl","D1 medium spiny neuron"
8.53535538415327e-17,0.608015127569808,0.587,0.43,2.54088994430859e-12,"SNX3","AD_vs_Ctrl","D1 medium spiny neuron"
9.57239959486919e-17,0.56816196008336,0.534,0.36,2.84960763539661e-12,"CCT3","AD_vs_Ctrl","D1 medium spiny neuron"
9.98410224245198e-17,0.631655618594628,0.472,0.303,2.97216739655553e-12,"OTUD6B-AS1","AD_vs_Ctrl","D1 medium spiny neuron"
9.98601956040613e-17,0.591934769425194,0.497,0.314,2.9727381629373e-12,"ARG2","AD_vs_Ctrl","D1 medium spiny neuron"
1.01112951027957e-16,0.957187369008624,0.29,0.14,3.01003143915126e-12,"AC131934.1","AD_vs_Ctrl","D1 medium spiny neuron"
1.01330632831499e-16,-0.952224587933507,0.24,0.385,3.0165116087609e-12,"AC004784.1","AD_vs_Ctrl","D1 medium spiny neuron"
1.10734836685728e-16,-0.819502678663694,0.343,0.48,3.29646535329745e-12,"LINC01006","AD_vs_Ctrl","D1 medium spiny neuron"
1.19268931413709e-16,0.573124214313419,0.559,0.394,3.55051681925469e-12,"DPF2","AD_vs_Ctrl","D1 medium spiny neuron"
1.23566488747086e-16,0.735948485535029,0.383,0.213,3.678450803512e-12,"PWRN4","AD_vs_Ctrl","D1 medium spiny neuron"
1.24712354425862e-16,0.588691355510123,0.532,0.356,3.71256207890348e-12,"AP000311.1","AD_vs_Ctrl","D1 medium spiny neuron"
1.4183147054578e-16,0.639882922353646,0.548,0.384,4.22218104667732e-12,"RORA-AS1","AD_vs_Ctrl","D1 medium spiny neuron"
1.44656355429105e-16,0.548814142014172,0.592,0.429,4.30627504476902e-12,"ARL14EP","AD_vs_Ctrl","D1 medium spiny neuron"
1.47961795374001e-16,0.602716486982732,0.507,0.341,4.40467468648864e-12,"FEM1C","AD_vs_Ctrl","D1 medium spiny neuron"
1.75827949000052e-16,-1.44667944238494,0.089,0.204,5.23422221378256e-12,"AC005237.1","AD_vs_Ctrl","D1 medium spiny neuron"
1.93362875272542e-16,0.612966754290026,0.499,0.328,5.7562194339883e-12,"RCN1","AD_vs_Ctrl","D1 medium spiny neuron"
2.2372449067393e-16,0.811447779298066,0.37,0.206,6.66005436287222e-12,"AP002075.1","AD_vs_Ctrl","D1 medium spiny neuron"
2.3150694440682e-16,-0.982839559941864,0.235,0.372,6.89173022804662e-12,"ZNF441","AD_vs_Ctrl","D1 medium spiny neuron"
2.33276651644174e-16,0.690024392701954,0.462,0.296,6.94441264279542e-12,"REEP3","AD_vs_Ctrl","D1 medium spiny neuron"
2.83201663683856e-16,0.573192656836987,0.527,0.354,8.4306303262047e-12,"ITM2C","AD_vs_Ctrl","D1 medium spiny neuron"
3.07161610688402e-16,-1.26989218605097,0.126,0.251,9.14389398858303e-12,"HLA-A","AD_vs_Ctrl","D1 medium spiny neuron"
3.32138592686457e-16,-0.605249832971137,0.491,0.616,9.88743376568314e-12,"GTDC1","AD_vs_Ctrl","D1 medium spiny neuron"
3.34561408032667e-16,0.564830823949699,0.567,0.413,9.95955855572446e-12,"NF2","AD_vs_Ctrl","D1 medium spiny neuron"
3.95012836653658e-16,0.522315946717686,0.616,0.45,1.17591371343427e-11,"APOOL","AD_vs_Ctrl","D1 medium spiny neuron"
4.07939723827416e-16,0.527422451300704,0.576,0.414,1.21439576386183e-11,"PHF6","AD_vs_Ctrl","D1 medium spiny neuron"
4.93554384362747e-16,0.626218057891866,0.484,0.312,1.46926204680946e-11,"AC008267.3","AD_vs_Ctrl","D1 medium spiny neuron"
5.98668957560496e-16,0.547495652079839,0.579,0.421,1.78217761976184e-11,"MPP5","AD_vs_Ctrl","D1 medium spiny neuron"
6.79601738234294e-16,0.639827547003035,0.516,0.36,2.02310641454967e-11,"MRPS30","AD_vs_Ctrl","D1 medium spiny neuron"
7.34010762215402e-16,0.770657908251404,0.394,0.233,2.18507663803903e-11,"RPS23","AD_vs_Ctrl","D1 medium spiny neuron"
7.73489616456906e-16,0.541573117805449,0.582,0.422,2.30260123923056e-11,"LINC00159","AD_vs_Ctrl","D1 medium spiny neuron"
8.00169639291513e-16,0.776657944719817,0.379,0.227,2.38202499920691e-11,"PCDH8","AD_vs_Ctrl","D1 medium spiny neuron"
8.12274619154257e-16,0.789356966405743,0.39,0.236,2.41806031376031e-11,"OPRK1","AD_vs_Ctrl","D1 medium spiny neuron"
8.16296024831776e-16,-1.18704916057694,0.116,0.239,2.43003163632172e-11,"ADAMTSL4-AS1","AD_vs_Ctrl","D1 medium spiny neuron"
8.68014583663384e-16,0.555139150698301,0.511,0.326,2.58399261410753e-11,"MIR2052HG","AD_vs_Ctrl","D1 medium spiny neuron"
9.02501974022845e-16,0.868411434467957,0.353,0.202,2.68665812646861e-11,"EYA4","AD_vs_Ctrl","D1 medium spiny neuron"
9.36082930137435e-16,-1.09867444672287,0.242,0.372,2.78662527472613e-11,"HERC6","AD_vs_Ctrl","D1 medium spiny neuron"
9.43470444779024e-16,0.76517692632559,0.408,0.251,2.80861716706268e-11,"GML","AD_vs_Ctrl","D1 medium spiny neuron"
1.0843626173246e-15,0.663363725941833,0.501,0.336,3.22803907551361e-11,"RPS25","AD_vs_Ctrl","D1 medium spiny neuron"
1.09073068014176e-15,0.729951537464135,0.393,0.23,3.24699616171402e-11,"ENPP6","AD_vs_Ctrl","D1 medium spiny neuron"
1.09290069913254e-15,0.739617258849055,0.406,0.25,3.25345609124765e-11,"MKRN2OS","AD_vs_Ctrl","D1 medium spiny neuron"
1.10344357415767e-15,-0.648421699731703,0.473,0.584,3.28484117590996e-11,"AP001972.3","AD_vs_Ctrl","D1 medium spiny neuron"
1.11004777588977e-15,-0.538907683877086,0.52,0.651,3.30450122404626e-11,"LINC02112","AD_vs_Ctrl","D1 medium spiny neuron"
1.21977557226356e-15,0.551637722228583,0.56,0.396,3.63114990107139e-11,"RBM12B","AD_vs_Ctrl","D1 medium spiny neuron"
1.37710340495282e-15,1.08685773875766,0.2,0.077,4.09949912620404e-11,"HIST3H2A","AD_vs_Ctrl","D1 medium spiny neuron"
1.49515508094065e-15,0.933825069382123,0.343,0.199,4.45092716045223e-11,"SLC25A39","AD_vs_Ctrl","D1 medium spiny neuron"
1.57282201425948e-15,0.682674258323158,0.443,0.284,4.68213385424905e-11,"AP002336.2","AD_vs_Ctrl","D1 medium spiny neuron"
1.58618010087375e-15,0.600328508928775,0.518,0.357,4.72189954229106e-11,"AC058822.1","AD_vs_Ctrl","D1 medium spiny neuron"
1.66098017477411e-15,-1.31602984561718,0.117,0.236,4.94457188228506e-11,"AC109927.1","AD_vs_Ctrl","D1 medium spiny neuron"
1.74677026387941e-15,0.748756437401739,0.412,0.26,5.19996039854261e-11,"MCM3AP-AS1","AD_vs_Ctrl","D1 medium spiny neuron"
1.8314010863088e-15,0.862554131158567,0.325,0.178,5.45189789383266e-11,"AHSA1","AD_vs_Ctrl","D1 medium spiny neuron"
1.85422840479629e-15,0.817573708056069,0.36,0.212,5.51985253823806e-11,"KIZ-AS1","AD_vs_Ctrl","D1 medium spiny neuron"
1.90381966431276e-15,0.656485138284305,0.455,0.295,5.66748075869264e-11,"ITFG2-AS1","AD_vs_Ctrl","D1 medium spiny neuron"
1.95035587917141e-15,0.530730506220903,0.54,0.379,5.80601441670537e-11,"RPS29","AD_vs_Ctrl","D1 medium spiny neuron"
2.27080034707777e-15,0.628559268544555,0.557,0.413,6.75994555321581e-11,"FKBP5","AD_vs_Ctrl","D1 medium spiny neuron"
2.37316656691806e-15,-1.2091649614601,0.126,0.248,7.06467955305836e-11,"C20orf203","AD_vs_Ctrl","D1 medium spiny neuron"
2.48815825232532e-15,0.527334150345549,0.564,0.394,7.40699830134725e-11,"AC004540.1","AD_vs_Ctrl","D1 medium spiny neuron"
2.74780928369036e-15,0.638671817698354,0.453,0.294,8.17995345661785e-11,"CACYBP","AD_vs_Ctrl","D1 medium spiny neuron"
2.93821502567009e-15,0.721309553708225,0.459,0.309,8.74677230991729e-11,"GDA","AD_vs_Ctrl","D1 medium spiny neuron"
3.05242047737439e-15,-0.847494575904737,0.265,0.405,9.08675051909582e-11,"AC008105.3","AD_vs_Ctrl","D1 medium spiny neuron"
3.13680826407441e-15,0.831631375116326,0.302,0.16,9.33796452132310e-11,"AP001442.1","AD_vs_Ctrl","D1 medium spiny neuron"
3.56877572200649e-15,0.568562188304598,0.557,0.407,1.06238884468411e-10,"HSPA4","AD_vs_Ctrl","D1 medium spiny neuron"
3.70468267511145e-15,1.19124104992112,0.244,0.116,1.10284698555393e-10,"ZGLP1","AD_vs_Ctrl","D1 medium spiny neuron"
3.72542302271392e-15,0.511409416351392,0.601,0.441,1.10902117963171e-10,"TBC1D8","AD_vs_Ctrl","D1 medium spiny neuron"
3.8203027240216e-15,0.64242748043552,0.447,0.294,1.13726591791399e-10,"AHSA2","AD_vs_Ctrl","D1 medium spiny neuron"
3.99277966957378e-15,-0.761517147737761,0.399,0.514,1.18861057983542e-10,"AL445433.2","AD_vs_Ctrl","D1 medium spiny neuron"
4.32959934701821e-15,0.779050042664482,0.395,0.242,1.28887842961385e-10,"MIR181A1HG","AD_vs_Ctrl","D1 medium spiny neuron"
4.68265907561905e-15,1.12309554249898,0.228,0.101,1.39398078022104e-10,"MYOT","AD_vs_Ctrl","D1 medium spiny neuron"
4.85673447126524e-15,0.824259093709298,0.297,0.153,1.44580128475095e-10,"AL139294.1","AD_vs_Ctrl","D1 medium spiny neuron"
4.90753890038113e-15,1.05154944431184,0.263,0.131,1.46092525525446e-10,"AC015849.3","AD_vs_Ctrl","D1 medium spiny neuron"
5.4853797754465e-15,-0.938515536149481,0.239,0.369,1.63294270535267e-10,"PCBD2","AD_vs_Ctrl","D1 medium spiny neuron"
5.4880611951616e-15,0.528901860952225,0.582,0.422,1.63374093718766e-10,"AC138409.2","AD_vs_Ctrl","D1 medium spiny neuron"
5.75666757796257e-15,0.535965971285103,0.607,0.448,1.71370237128368e-10,"AP002370.2","AD_vs_Ctrl","D1 medium spiny neuron"
6.17902251989244e-15,0.655562950380915,0.427,0.262,1.83943321394678e-10,"BIRC6-AS2","AD_vs_Ctrl","D1 medium spiny neuron"
6.22112138358754e-15,0.736552032483057,0.377,0.224,1.85196562468017e-10,"AC022431.1","AD_vs_Ctrl","D1 medium spiny neuron"
6.81161720496089e-15,0.92473173038426,0.271,0.136,2.02775032574481e-10,"CEACAM22P","AD_vs_Ctrl","D1 medium spiny neuron"
7.04998525192943e-15,-0.683573495339872,0.371,0.504,2.09871010964687e-10,"GSE1","AD_vs_Ctrl","D1 medium spiny neuron"
7.33046087770146e-15,0.685239492137365,0.392,0.232,2.18220489868295e-10,"COMMD2","AD_vs_Ctrl","D1 medium spiny neuron"
7.38004876550926e-15,0.587076623013891,0.469,0.305,2.19696671700445e-10,"AC069133.1","AD_vs_Ctrl","D1 medium spiny neuron"
8.42572928216415e-15,0.629815585758974,0.48,0.321,2.50825535000745e-10,"ATP5J","AD_vs_Ctrl","D1 medium spiny neuron"
8.74711642338851e-15,0.785431360502891,0.372,0.217,2.60392908807853e-10,"AL139184.1","AD_vs_Ctrl","D1 medium spiny neuron"
8.88368135190309e-15,0.779015780237682,0.323,0.178,2.64458310164803e-10,"CAMK2D","AD_vs_Ctrl","D1 medium spiny neuron"
9.05646730065651e-15,0.71141468899781,0.387,0.235,2.69601975073244e-10,"AC008056.1","AD_vs_Ctrl","D1 medium spiny neuron"
9.37059888369754e-15,0.674173548394731,0.36,0.204,2.78953358168792e-10,"AC004039.1","AD_vs_Ctrl","D1 medium spiny neuron"
9.67708642658939e-15,1.0935483834786,0.243,0.114,2.88077185833139e-10,"AP001783.1","AD_vs_Ctrl","D1 medium spiny neuron"
1.00744280447046e-14,0.739467406187632,0.403,0.253,2.9990564846281e-10,"HEATR6","AD_vs_Ctrl","D1 medium spiny neuron"
1.03198606011987e-14,1.13509190937586,0.234,0.11,3.07211930237083e-10,"RPS3A","AD_vs_Ctrl","D1 medium spiny neuron"
1.03773142435258e-14,1.03516024190632,0.214,0.093,3.08922267715519e-10,"DCDC2C","AD_vs_Ctrl","D1 medium spiny neuron"
1.04057107474366e-14,0.868260148869963,0.321,0.183,3.09767603240441e-10,"FRG1BP","AD_vs_Ctrl","D1 medium spiny neuron"
1.24123545223231e-14,0.607568058284229,0.515,0.36,3.69503381775037e-10,"EIF1B","AD_vs_Ctrl","D1 medium spiny neuron"
1.27496207127501e-14,1.04930698866706,0.217,0.092,3.79543458997859e-10,"OPA1-AS1","AD_vs_Ctrl","D1 medium spiny neuron"
1.29996650115166e-14,0.630848205424663,0.422,0.267,3.86987027727839e-10,"ZBED4","AD_vs_Ctrl","D1 medium spiny neuron"
1.42685148397631e-14,0.824502265252324,0.359,0.215,4.24759418264907e-10,"COL1A1","AD_vs_Ctrl","D1 medium spiny neuron"
1.44156130817246e-14,0.523559358050301,0.547,0.382,4.29138385829859e-10,"AP1M1","AD_vs_Ctrl","D1 medium spiny neuron"
1.51471085548674e-14,0.698855290615089,0.437,0.279,4.50914274569848e-10,"CYB561","AD_vs_Ctrl","D1 medium spiny neuron"
1.69423894464653e-14,0.903987147748164,0.273,0.141,5.04357991431825e-10,"SRP14-AS1","AD_vs_Ctrl","D1 medium spiny neuron"
1.85862925933792e-14,0.703586848495949,0.399,0.248,5.53295344212304e-10,"AC093297.3","AD_vs_Ctrl","D1 medium spiny neuron"
2.28673351303282e-14,0.805866518714224,0.355,0.207,6.80737699494741e-10,"ETV1","AD_vs_Ctrl","D1 medium spiny neuron"
2.30727916351641e-14,0.799680801430512,0.339,0.195,6.86853934187201e-10,"ZRANB2-AS2","AD_vs_Ctrl","D1 medium spiny neuron"
2.4074175489577e-14,-0.663670736228987,0.464,0.562,7.16664130149217e-10,"CPOX","AD_vs_Ctrl","D1 medium spiny neuron"
2.80803882127455e-14,0.537272135612016,0.513,0.347,8.3592507670522e-10,"AC069228.1","AD_vs_Ctrl","D1 medium spiny neuron"
3.33532602515446e-14,-1.06470409306439,0.137,0.258,9.92893204428231e-10,"CACNB3","AD_vs_Ctrl","D1 medium spiny neuron"
3.36316078158611e-14,-1.27093237594714,0.101,0.21,1.00117933307037e-09,"LINC00907","AD_vs_Ctrl","D1 medium spiny neuron"
3.39710181389299e-14,0.900469588996065,0.306,0.17,1.0112832389778e-09,"PVT1","AD_vs_Ctrl","D1 medium spiny neuron"
3.53455780553599e-14,0.808902206402786,0.262,0.13,1.05220251313001e-09,"KLRG1","AD_vs_Ctrl","D1 medium spiny neuron"
3.6311793813767e-14,0.638939717667631,0.478,0.331,1.08096579004203e-09,"CDH10","AD_vs_Ctrl","D1 medium spiny neuron"
3.88675328264352e-14,0.71721829272917,0.366,0.223,1.15704758471015e-09,"STEAP1B","AD_vs_Ctrl","D1 medium spiny neuron"
3.90617717674062e-14,0.541973187386524,0.487,0.327,1.16282988374391e-09,"PMPCB","AD_vs_Ctrl","D1 medium spiny neuron"
4.00980817548324e-14,-0.799032009504665,0.31,0.43,1.19367979575961e-09,"RNF112","AD_vs_Ctrl","D1 medium spiny neuron"
4.1649574372947e-14,0.504301577484212,0.582,0.431,1.23986617950826e-09,"XRRA1","AD_vs_Ctrl","D1 medium spiny neuron"
4.23780700148461e-14,-1.22112316638703,0.105,0.216,1.26155276627195e-09,"RBM3","AD_vs_Ctrl","D1 medium spiny neuron"
4.46564666918803e-14,-0.785259010602929,0.304,0.433,1.32937835695059e-09,"INHBA-AS1","AD_vs_Ctrl","D1 medium spiny neuron"
4.67142792389422e-14,0.569934118409707,0.462,0.302,1.39063737866407e-09,"ARHGEF26","AD_vs_Ctrl","D1 medium spiny neuron"
4.85512796537017e-14,0.757495936270242,0.353,0.21,1.44532304401105e-09,"DENND6A-AS1","AD_vs_Ctrl","D1 medium spiny neuron"
4.99219187390968e-14,0.595351149519275,0.444,0.288,1.48612559894417e-09,"WDR5","AD_vs_Ctrl","D1 medium spiny neuron"
5.40626372880141e-14,0.841683899328351,0.352,0.213,1.60939064942689e-09,"RARRES1","AD_vs_Ctrl","D1 medium spiny neuron"
5.8341100668258e-14,1.1179132013327,0.256,0.13,1.73675622579337e-09,"RPL9P9","AD_vs_Ctrl","D1 medium spiny neuron"
5.86622927968231e-14,0.523037125790516,0.515,0.353,1.74631779426863e-09,"TADA2A","AD_vs_Ctrl","D1 medium spiny neuron"
6.13730088472908e-14,0.665410252167103,0.375,0.226,1.827013100375e-09,"AC011476.3","AD_vs_Ctrl","D1 medium spiny neuron"
6.99475984911487e-14,1.17449451390678,0.215,0.098,2.08227005948301e-09,"AC096719.1","AD_vs_Ctrl","D1 medium spiny neuron"
7.68117905011277e-14,0.765595199045726,0.348,0.204,2.28661019142807e-09,"AC006299.1","AD_vs_Ctrl","D1 medium spiny neuron"
8.16615192140033e-14,1.2316480871043,0.215,0.1,2.43098176548166e-09,"IGSF10","AD_vs_Ctrl","D1 medium spiny neuron"
8.48809547549699e-14,0.655862662863593,0.41,0.26,2.5268211421007e-09,"BTG1","AD_vs_Ctrl","D1 medium spiny neuron"
8.67378751560906e-14,1.14495784665696,0.211,0.094,2.58209980552166e-09,"AC015853.3","AD_vs_Ctrl","D1 medium spiny neuron"
8.93838662011656e-14,0.566672511178322,0.472,0.309,2.6608683129425e-09,"SSB","AD_vs_Ctrl","D1 medium spiny neuron"
9.21659361942458e-14,0.918020707612714,0.255,0.13,2.7436877545665e-09,"TMEM9B-AS1","AD_vs_Ctrl","D1 medium spiny neuron"
9.65346210709579e-14,1.15704803157698,0.229,0.111,2.87373913466135e-09,"WASHC1","AD_vs_Ctrl","D1 medium spiny neuron"
9.70197218942761e-14,-1.13657027553513,0.119,0.232,2.88818010107071e-09,"ADAMTS8","AD_vs_Ctrl","D1 medium spiny neuron"
9.77696638857817e-14,-1.09599074552825,0.241,0.357,2.91050512421584e-09,"SPARCL1","AD_vs_Ctrl","D1 medium spiny neuron"
1.10671715799008e-13,-0.806096273609517,0.303,0.428,3.29458630762066e-09,"OBSCN-AS1","AD_vs_Ctrl","D1 medium spiny neuron"
1.40061656008292e-13,0.540730154898169,0.498,0.342,4.16949543771083e-09,"SMARCD3","AD_vs_Ctrl","D1 medium spiny neuron"
1.40439993484798e-13,0.739956776416255,0.352,0.208,4.18075816604896e-09,"MYLK-AS1","AD_vs_Ctrl","D1 medium spiny neuron"
1.48483426296642e-13,-0.57880931776671,0.491,0.573,4.42020311742474e-09,"GNL1","AD_vs_Ctrl","D1 medium spiny neuron"
1.65250580888161e-13,-1.04716223546337,0.147,0.266,4.91934454245967e-09,"AC073941.1","AD_vs_Ctrl","D1 medium spiny neuron"
1.66652475518273e-13,0.704840630768503,0.352,0.21,4.96107754370348e-09,"ANGPT2","AD_vs_Ctrl","D1 medium spiny neuron"
1.94842066439408e-13,0.725717129191739,0.317,0.177,5.80025347583473e-09,"NDUFV2-AS1","AD_vs_Ctrl","D1 medium spiny neuron"
1.95519068665581e-13,1.06217641077071,0.241,0.118,5.82040715510567e-09,"DPYD-AS1","AD_vs_Ctrl","D1 medium spiny neuron"
1.98209486654141e-13,0.596543731544644,0.474,0.331,5.90049820820714e-09,"RFXAP","AD_vs_Ctrl","D1 medium spiny neuron"
2.26099904614625e-13,0.743538837650703,0.384,0.249,6.73076806047279e-09,"DDX51","AD_vs_Ctrl","D1 medium spiny neuron"
2.31455382765379e-13,-0.880307812479808,0.277,0.395,6.89019528954258e-09,"DLEU7","AD_vs_Ctrl","D1 medium spiny neuron"
2.33827829489698e-13,0.902748370159236,0.289,0.157,6.96082065607882e-09,"NECTIN3","AD_vs_Ctrl","D1 medium spiny neuron"
2.64806446359829e-13,0.883997882376744,0.273,0.145,7.88302310168575e-09,"AC119868.2","AD_vs_Ctrl","D1 medium spiny neuron"
2.69144092177363e-13,-0.883524836209358,0.226,0.351,8.01215048002792e-09,"TFAP2E","AD_vs_Ctrl","D1 medium spiny neuron"
3.0300653072003e-13,0.510189806385437,0.56,0.403,9.02020141300457e-09,"SORL1","AD_vs_Ctrl","D1 medium spiny neuron"
3.35106071593807e-13,0.835729235168965,0.289,0.156,9.97577264527604e-09,"SLC6A11","AD_vs_Ctrl","D1 medium spiny neuron"
3.35687151575742e-13,-0.908453023720894,0.184,0.305,9.99307081525826e-09,"LINC01793","AD_vs_Ctrl","D1 medium spiny neuron"
3.45337978036331e-13,0.709044642018864,0.461,0.331,1.02803662681636e-08,"MSMO1","AD_vs_Ctrl","D1 medium spiny neuron"
3.46116233604125e-13,0.723111732212094,0.381,0.242,1.03035341581612e-08,"CXorf38","AD_vs_Ctrl","D1 medium spiny neuron"
3.61791328225508e-13,0.667652564069668,0.304,0.168,1.07701660499451e-08,"ANKRD24","AD_vs_Ctrl","D1 medium spiny neuron"
3.66617684782731e-13,-1.07975627857428,0.215,0.327,1.09138418582971e-08,"AL807742.1","AD_vs_Ctrl","D1 medium spiny neuron"
3.79244952561464e-13,0.65037595345163,0.425,0.282,1.12897429928022e-08,"SPDYA","AD_vs_Ctrl","D1 medium spiny neuron"
3.91092217068283e-13,0.531529440618536,0.482,0.33,1.16424242099057e-08,"IKZF2","AD_vs_Ctrl","D1 medium spiny neuron"
3.91942961884088e-13,0.853569683596456,0.281,0.151,1.16677500323274e-08,"GLRA2","AD_vs_Ctrl","D1 medium spiny neuron"
3.92558010580164e-13,0.876581660942245,0.288,0.163,1.16860594169609e-08,"AC095032.1","AD_vs_Ctrl","D1 medium spiny neuron"
4.45795885856972e-13,-0.907031363995284,0.172,0.291,1.32708977260762e-08,"LINC00623","AD_vs_Ctrl","D1 medium spiny neuron"
4.47079818922135e-13,0.834417650495542,0.314,0.183,1.3309119129493e-08,"FRG1CP","AD_vs_Ctrl","D1 medium spiny neuron"
4.6955488736203e-13,0.588979973563648,0.429,0.282,1.39781794418803e-08,"POC1B-AS1","AD_vs_Ctrl","D1 medium spiny neuron"
4.7617687118496e-13,0.534923263795836,0.445,0.293,1.41753092783051e-08,"ANKRD49","AD_vs_Ctrl","D1 medium spiny neuron"
4.97208875830765e-13,0.646167938346651,0.395,0.255,1.4801411024606e-08,"XRCC4","AD_vs_Ctrl","D1 medium spiny neuron"
5.44379087948416e-13,0.929308434243168,0.281,0.159,1.62056210691364e-08,"PPIE","AD_vs_Ctrl","D1 medium spiny neuron"
5.46352304204514e-13,0.625312896763281,0.41,0.264,1.62643617438642e-08,"TMEM242","AD_vs_Ctrl","D1 medium spiny neuron"
5.77211958804755e-13,0.532039870725698,0.519,0.379,1.71830228016587e-08,"EPB42","AD_vs_Ctrl","D1 medium spiny neuron"
5.83449780654946e-13,0.922160646828692,0.252,0.131,1.73687165203171e-08,"CHDH","AD_vs_Ctrl","D1 medium spiny neuron"
6.0345775532992e-13,0.869340142183418,0.327,0.2,1.79643339184164e-08,"AC114546.1","AD_vs_Ctrl","D1 medium spiny neuron"
6.71225895176044e-13,0.793577316848491,0.279,0.15,1.99817236734957e-08,"PKP2","AD_vs_Ctrl","D1 medium spiny neuron"
7.13795570333581e-13,0.677106472357308,0.353,0.212,2.12489803332604e-08,"AC091948.1","AD_vs_Ctrl","D1 medium spiny neuron"
8.7278628151452e-13,0.881063684884185,0.251,0.127,2.59819748144058e-08,"AC130364.1","AD_vs_Ctrl","D1 medium spiny neuron"
8.93989651592547e-13,0.667964446637111,0.366,0.226,2.66131779382585e-08,"ZNF213","AD_vs_Ctrl","D1 medium spiny neuron"
9.24875484507533e-13,0.848190273876768,0.275,0.15,2.75326182983047e-08,"RHCE","AD_vs_Ctrl","D1 medium spiny neuron"
9.46068722158697e-13,0.852660301445631,0.295,0.169,2.81635197899423e-08,"TCEAL1","AD_vs_Ctrl","D1 medium spiny neuron"
9.56665015434331e-13,0.867694482453273,0.254,0.13,2.84789608444646e-08,"AC068533.3","AD_vs_Ctrl","D1 medium spiny neuron"
1.04662238245808e-12,1.02120962657035,0.225,0.112,3.11569017033945e-08,"AL360181.5","AD_vs_Ctrl","D1 medium spiny neuron"
1.07126238194318e-12,0.810717955276941,0.288,0.159,3.18904098480665e-08,"NREP","AD_vs_Ctrl","D1 medium spiny neuron"
1.09228479016195e-12,0.51866493728656,0.531,0.389,3.2516225918331e-08,"ZADH2","AD_vs_Ctrl","D1 medium spiny neuron"
1.14133907520124e-12,0.654233616159153,0.381,0.243,3.39765229296658e-08,"BBOX1-AS1","AD_vs_Ctrl","D1 medium spiny neuron"
1.17638454283519e-12,0.988489702507239,0.227,0.111,3.50197914556609e-08,"ANO4","AD_vs_Ctrl","D1 medium spiny neuron"
1.18141697120662e-12,0.901154136970445,0.225,0.107,3.51696018158498e-08,"ERICH3-AS1","AD_vs_Ctrl","D1 medium spiny neuron"
1.20730455249012e-12,0.753115084459564,0.287,0.157,3.59402492230783e-08,"SMCR5","AD_vs_Ctrl","D1 medium spiny neuron"
1.2289782539029e-12,0.863077688497421,0.254,0.132,3.65854536404355e-08,"NR1I3","AD_vs_Ctrl","D1 medium spiny neuron"
1.27103534106372e-12,0.698963317402879,0.416,0.278,3.78374510681257e-08,"ZDHHC11","AD_vs_Ctrl","D1 medium spiny neuron"
1.27337694071799e-12,0.685983776781176,0.366,0.224,3.79071581482339e-08,"MIR181A2HG","AD_vs_Ctrl","D1 medium spiny neuron"
1.32491877316025e-12,0.68793485484303,0.352,0.221,3.94415069582075e-08,"STIP1","AD_vs_Ctrl","D1 medium spiny neuron"
1.35757483653161e-12,0.923613039123974,0.214,0.101,4.04136453087094e-08,"SPAG5-AS1","AD_vs_Ctrl","D1 medium spiny neuron"
1.36436666758535e-12,-0.57277337526443,0.476,0.585,4.06158313273483e-08,"AC034195.1","AD_vs_Ctrl","D1 medium spiny neuron"
1.43876402145228e-12,1.17537907082294,0.211,0.102,4.2830566154613e-08,"AC016168.2","AD_vs_Ctrl","D1 medium spiny neuron"
1.50012161684434e-12,-0.729960393204146,0.302,0.422,4.4657120411839e-08,"RFX3-AS1","AD_vs_Ctrl","D1 medium spiny neuron"
1.59301642864602e-12,0.576358730637554,0.478,0.35,4.74225060643633e-08,"MCF2","AD_vs_Ctrl","D1 medium spiny neuron"
1.63819268955441e-12,0.680270254392954,0.381,0.243,4.87673581753451e-08,"AC027018.1","AD_vs_Ctrl","D1 medium spiny neuron"
1.66489206465921e-12,0.877770812190194,0.277,0.153,4.95621718728402e-08,"SCIMP","AD_vs_Ctrl","D1 medium spiny neuron"
1.69549594157746e-12,0.548653380006331,0.477,0.325,5.04732186848193e-08,"AC011997.1","AD_vs_Ctrl","D1 medium spiny neuron"
1.73049901673946e-12,1.11284131251275,0.246,0.132,5.15152252293169e-08,"VSNL1","AD_vs_Ctrl","D1 medium spiny neuron"
1.85280030294613e-12,0.666715054606738,0.317,0.189,5.51560122184032e-08,"CCNDBP1","AD_vs_Ctrl","D1 medium spiny neuron"
1.89178344014685e-12,0.711168123134967,0.357,0.223,5.63165012297316e-08,"AC005480.1","AD_vs_Ctrl","D1 medium spiny neuron"
2.00459379137004e-12,0.637403523333185,0.371,0.235,5.96747525752949e-08,"AC139720.1","AD_vs_Ctrl","D1 medium spiny neuron"
2.00524392450092e-12,0.569550084210896,0.42,0.274,5.96941063884679e-08,"RFNG","AD_vs_Ctrl","D1 medium spiny neuron"
2.01511126129855e-12,1.11825034632617,0.202,0.096,5.99878471375966e-08,"AL158071.3","AD_vs_Ctrl","D1 medium spiny neuron"
2.11492340925248e-12,0.628229636178019,0.407,0.275,6.2959154970037e-08,"H6PD","AD_vs_Ctrl","D1 medium spiny neuron"
2.17905071070269e-12,0.618016006074364,0.383,0.248,6.48681606069085e-08,"CCDC34","AD_vs_Ctrl","D1 medium spiny neuron"
2.17927457336658e-12,0.89956070098117,0.206,0.098,6.48748247745499e-08,"FAM157C","AD_vs_Ctrl","D1 medium spiny neuron"
2.34219146319682e-12,0.704562721206897,0.34,0.207,6.97246976679061e-08,"CENPJ","AD_vs_Ctrl","D1 medium spiny neuron"
2.40014363361708e-12,0.52678115671582,0.452,0.302,7.1449875829147e-08,"AL359706.1","AD_vs_Ctrl","D1 medium spiny neuron"
2.74181010368053e-12,0.507714989631468,0.464,0.318,8.16209449764657e-08,"AC022146.2","AD_vs_Ctrl","D1 medium spiny neuron"
2.75689686995123e-12,-0.518024084470919,0.592,0.633,8.20700629215781e-08,"KCNH4","AD_vs_Ctrl","D1 medium spiny neuron"
2.80303181049885e-12,0.543152321126709,0.507,0.362,8.34434539667404e-08,"DPF1","AD_vs_Ctrl","D1 medium spiny neuron"
2.92597033929945e-12,0.655840391691937,0.35,0.211,8.71032110306052e-08,"TSPAN31","AD_vs_Ctrl","D1 medium spiny neuron"
3.08367739459884e-12,0.511207760225435,0.49,0.336,9.17979923598128e-08,"CELF2-AS2","AD_vs_Ctrl","D1 medium spiny neuron"
3.09067670788281e-12,0.821278582690578,0.267,0.143,9.20063549169635e-08,"MCMDC2","AD_vs_Ctrl","D1 medium spiny neuron"
3.20066664543495e-12,0.759825303894667,0.294,0.163,9.52806453679531e-08,"GAB1","AD_vs_Ctrl","D1 medium spiny neuron"
3.34799889474996e-12,-1.17720851810513,0.18,0.284,9.96665790978116e-08,"IFIT1","AD_vs_Ctrl","D1 medium spiny neuron"
3.60725758954732e-12,-0.718037743555484,0.316,0.439,1.07384451183234e-07,"GPC1","AD_vs_Ctrl","D1 medium spiny neuron"
3.62014090922181e-12,0.779162933783704,0.259,0.14,1.07767974726624e-07,"LRRK1","AD_vs_Ctrl","D1 medium spiny neuron"
4.00361868531931e-12,0.861450545424324,0.25,0.134,1.1918372464327e-07,"PAXX","AD_vs_Ctrl","D1 medium spiny neuron"
4.0897668399349e-12,0.538815807502155,0.48,0.345,1.21748269058022e-07,"DNAJC21","AD_vs_Ctrl","D1 medium spiny neuron"
4.17035258281947e-12,0.582771336689087,0.41,0.258,1.24147226037953e-07,"AC026704.1","AD_vs_Ctrl","D1 medium spiny neuron"
4.94730910295529e-12,1.00050353719796,0.225,0.114,1.47276444685876e-07,"IRF2BP2","AD_vs_Ctrl","D1 medium spiny neuron"
5.19142819539196e-12,0.759222795717625,0.278,0.16,1.54543625948623e-07,"GLRX","AD_vs_Ctrl","D1 medium spiny neuron"
5.48265411079324e-12,-0.773606129292609,0.252,0.375,1.63213130224204e-07,"AC109830.1","AD_vs_Ctrl","D1 medium spiny neuron"
5.64121627974476e-12,1.00756109973701,0.246,0.134,1.67933367431722e-07,"DNAJC3-AS1","AD_vs_Ctrl","D1 medium spiny neuron"
6.26914195336113e-12,0.891629866866671,0.238,0.123,1.86626086809607e-07,"APOLD1","AD_vs_Ctrl","D1 medium spiny neuron"
6.34741871089397e-12,0.75288030974057,0.287,0.166,1.88956307604603e-07,"LINC00643","AD_vs_Ctrl","D1 medium spiny neuron"
6.99367084451742e-12,0.967528347402237,0.214,0.104,2.08194587370439e-07,"MGC32805","AD_vs_Ctrl","D1 medium spiny neuron"
7.02945448764997e-12,0.651681318436025,0.372,0.248,2.09259830642852e-07,"ADAMTS13","AD_vs_Ctrl","D1 medium spiny neuron"
7.05425882868342e-12,0.596371150279501,0.364,0.227,2.09998231071077e-07,"HSPA5","AD_vs_Ctrl","D1 medium spiny neuron"
7.17472472439182e-12,0.897032535102216,0.261,0.143,2.1358438032042e-07,"FAM27E3","AD_vs_Ctrl","D1 medium spiny neuron"
7.36895016822237e-12,0.897407686075755,0.266,0.147,2.19366277557812e-07,"AC090138.1","AD_vs_Ctrl","D1 medium spiny neuron"
7.37152790893201e-12,0.636423390882418,0.367,0.24,2.19443014320997e-07,"MXD4","AD_vs_Ctrl","D1 medium spiny neuron"
7.55364788035025e-12,0.585248389535373,0.427,0.289,2.24864543750146e-07,"AC063944.1","AD_vs_Ctrl","D1 medium spiny neuron"
7.69514171791044e-12,0.792963657948749,0.271,0.15,2.29076673800476e-07,"NSUN5P2","AD_vs_Ctrl","D1 medium spiny neuron"
8.67798933073459e-12,0.537207289206135,0.435,0.291,2.58335064386638e-07,"AASDH","AD_vs_Ctrl","D1 medium spiny neuron"
8.83502058638222e-12,0.929531607000788,0.273,0.159,2.63009727836012e-07,"CCDC144CP","AD_vs_Ctrl","D1 medium spiny neuron"
9.14398521554689e-12,0.508746063917147,0.265,0.142,2.72207295881615e-07,"SLC22A10","AD_vs_Ctrl","D1 medium spiny neuron"
9.27739057950198e-12,1.04999297587162,0.211,0.104,2.76178640161195e-07,"ATP8B1","AD_vs_Ctrl","D1 medium spiny neuron"
9.41848841086314e-12,-0.753004345407598,0.23,0.349,2.80378981502985e-07,"LINC00970","AD_vs_Ctrl","D1 medium spiny neuron"
1.02914597115766e-11,0.595511450004421,0.369,0.228,3.06366464153923e-07,"GHR","AD_vs_Ctrl","D1 medium spiny neuron"
1.16693018327366e-11,1.03884258830683,0.2,0.096,3.47383446258737e-07,"NHS","AD_vs_Ctrl","D1 medium spiny neuron"
1.18873134059356e-11,0.69855773573877,0.28,0.155,3.53873432781297e-07,"IL7","AD_vs_Ctrl","D1 medium spiny neuron"
1.290288477722e-11,0.578949450950451,0.427,0.287,3.84105976933063e-07,"CD247","AD_vs_Ctrl","D1 medium spiny neuron"
1.32313261348072e-11,0.718758230114721,0.268,0.152,3.93883347707075e-07,"AP002954.1","AD_vs_Ctrl","D1 medium spiny neuron"
1.3293623828576e-11,0.778260854094504,0.309,0.188,3.95737887752879e-07,"BCL2L14","AD_vs_Ctrl","D1 medium spiny neuron"
1.33390097749561e-11,0.634523844989033,0.356,0.225,3.97088981990668e-07,"IPO9-AS1","AD_vs_Ctrl","D1 medium spiny neuron"
1.3861300822154e-11,0.577607587565937,0.381,0.249,4.12637064174703e-07,"GSTO1","AD_vs_Ctrl","D1 medium spiny neuron"
1.42711526111762e-11,-1.12052114357616,0.132,0.231,4.24837942082106e-07,"CYP4A22-AS1","AD_vs_Ctrl","D1 medium spiny neuron"
1.68052400434291e-11,0.78889954073379,0.304,0.181,5.00275190852841e-07,"ABCB1","AD_vs_Ctrl","D1 medium spiny neuron"
1.73112584198623e-11,0.57779493920042,0.374,0.245,5.15338851900882e-07,"LZTFL1","AD_vs_Ctrl","D1 medium spiny neuron"
1.76573811303937e-11,0.766209966406818,0.28,0.162,5.25642578870689e-07,"ANKRD20A4","AD_vs_Ctrl","D1 medium spiny neuron"
1.8197244931594e-11,0.895868414530141,0.253,0.142,5.41713784368621e-07,"PHLDA1","AD_vs_Ctrl","D1 medium spiny neuron"
1.8341704508657e-11,-0.970263807593609,0.169,0.278,5.46014201518209e-07,"AL117339.5","AD_vs_Ctrl","D1 medium spiny neuron"
1.90370906862741e-11,0.550493337487711,0.472,0.34,5.66715152639695e-07,"FILIP1L","AD_vs_Ctrl","D1 medium spiny neuron"
1.92834193826575e-11,0.563053665830377,0.343,0.211,5.74048111602331e-07,"AKTIP","AD_vs_Ctrl","D1 medium spiny neuron"
1.97134400824408e-11,0.780004083974123,0.275,0.159,5.86849397814179e-07,"AC004053.1","AD_vs_Ctrl","D1 medium spiny neuron"
1.97807261494146e-11,1.04066175845381,0.206,0.102,5.88852436741922e-07,"VWC2","AD_vs_Ctrl","D1 medium spiny neuron"
2.01666901111507e-11,0.654857858453707,0.291,0.166,6.00342197918844e-07,"TMPO","AD_vs_Ctrl","D1 medium spiny neuron"
2.27491768958058e-11,0.567843558627765,0.41,0.28,6.77220247011243e-07,"ABHD3","AD_vs_Ctrl","D1 medium spiny neuron"
2.3853112353233e-11,0.55715005257402,0.464,0.329,7.10083301643392e-07,"TEAD1","AD_vs_Ctrl","D1 medium spiny neuron"
2.49111512675498e-11,0.637497511903337,0.352,0.232,7.4158006208369e-07,"PEA15","AD_vs_Ctrl","D1 medium spiny neuron"
2.63993233285166e-11,-0.937982781052067,0.154,0.258,7.85881456166609e-07,"GLI3","AD_vs_Ctrl","D1 medium spiny neuron"
2.95125068890743e-11,0.879562627049929,0.274,0.159,8.78557817580852e-07,"AC023389.1","AD_vs_Ctrl","D1 medium spiny neuron"
3.0811208791618e-11,0.858373558534479,0.26,0.148,9.17218874517676e-07,"FMO5","AD_vs_Ctrl","D1 medium spiny neuron"
3.38563106618589e-11,-0.810804027743805,0.287,0.396,1.00786851209288e-06,"SLC1A2","AD_vs_Ctrl","D1 medium spiny neuron"
3.64404510938305e-11,-0.669257037170274,0.295,0.414,1.08479578861224e-06,"AL357052.1","AD_vs_Ctrl","D1 medium spiny neuron"
3.73627097082578e-11,0.842708118413181,0.242,0.13,1.11225050530513e-06,"INTS6-AS1","AD_vs_Ctrl","D1 medium spiny neuron"
3.95485281370008e-11,0.617546003084637,0.346,0.221,1.17732013411038e-06,"AC025034.1","AD_vs_Ctrl","D1 medium spiny neuron"
3.96421074964493e-11,-0.991336461744633,0.14,0.241,1.1801058980618e-06,"ZNF100","AD_vs_Ctrl","D1 medium spiny neuron"
4.08625889854520e-11,1.04573948806846,0.209,0.107,1.21643841150792e-06,"C8orf76","AD_vs_Ctrl","D1 medium spiny neuron"
4.15492395477966e-11,0.860209965256889,0.216,0.111,1.23687931209836e-06,"SYNJ2","AD_vs_Ctrl","D1 medium spiny neuron"
4.1830016673129e-11,0.61558122964137,0.372,0.242,1.24523776634238e-06,"RPL36AL","AD_vs_Ctrl","D1 medium spiny neuron"
4.2547014995248e-11,0.718278990537282,0.342,0.219,1.26658208939354e-06,"SNRNP48","AD_vs_Ctrl","D1 medium spiny neuron"
4.71546314540592e-11,1.01528495846012,0.202,0.102,1.40374622375589e-06,"LINC01567","AD_vs_Ctrl","D1 medium spiny neuron"
4.87979110221044e-11,0.576095607862204,0.391,0.262,1.45266501321703e-06,"CRYBB2P1","AD_vs_Ctrl","D1 medium spiny neuron"
4.9006243393282e-11,0.946786664307541,0.22,0.114,1.45886685957461e-06,"PYROXD2","AD_vs_Ctrl","D1 medium spiny neuron"
4.92402376005485e-11,-0.794089246076821,0.2,0.309,1.46583263313073e-06,"DIO2","AD_vs_Ctrl","D1 medium spiny neuron"
5.18945186800454e-11,0.853912721228809,0.209,0.104,1.54484792658627e-06,"AC107068.2","AD_vs_Ctrl","D1 medium spiny neuron"
5.52827029255502e-11,-0.599047751672854,0.397,0.496,1.6457107833907e-06,"TMEM74B","AD_vs_Ctrl","D1 medium spiny neuron"
5.5881708103321e-11,0.637019952510931,0.346,0.224,1.66354256852776e-06,"FBXO15","AD_vs_Ctrl","D1 medium spiny neuron"
5.85122897615568e-11,0.698384450042633,0.329,0.207,1.74185235391178e-06,"MAPKAPK5-AS1","AD_vs_Ctrl","D1 medium spiny neuron"
5.91174244979158e-11,0.525465051442394,0.518,0.387,1.75986660987845e-06,"C1QTNF4","AD_vs_Ctrl","D1 medium spiny neuron"
5.97981061188841e-11,0.641846309892055,0.288,0.169,1.78012982105306e-06,"FAM133A","AD_vs_Ctrl","D1 medium spiny neuron"
6.23559482835551e-11,-0.846112927767498,0.226,0.336,1.85627422445315e-06,"PGAP2","AD_vs_Ctrl","D1 medium spiny neuron"
6.3613239843785e-11,0.951433198386954,0.214,0.113,1.89370253690963e-06,"ATG9B","AD_vs_Ctrl","D1 medium spiny neuron"
6.45690779439656e-11,0.69598301164185,0.359,0.237,1.92215688131391e-06,"KCTD21-AS1","AD_vs_Ctrl","D1 medium spiny neuron"
6.47556617983887e-11,0.570341129825895,0.422,0.286,1.92771129607623e-06,"KHDRBS3","AD_vs_Ctrl","D1 medium spiny neuron"
6.87623763711541e-11,0.504332948779542,0.466,0.333,2.04698718219289e-06,"SLIRP","AD_vs_Ctrl","D1 medium spiny neuron"
6.90469781122032e-11,-0.556233831262217,0.453,0.548,2.05545949142218e-06,"SIRT5","AD_vs_Ctrl","D1 medium spiny neuron"
7.12969906625362e-11,0.760266242926972,0.25,0.141,2.12244011503304e-06,"AL391839.1","AD_vs_Ctrl","D1 medium spiny neuron"
7.20251687419426e-11,0.848040459671408,0.237,0.126,2.14411724827889e-06,"MORC4","AD_vs_Ctrl","D1 medium spiny neuron"
8.09079353434158e-11,-0.644393129508102,0.446,0.531,2.40854832723815e-06,"PSMD5-AS1","AD_vs_Ctrl","D1 medium spiny neuron"
8.1449538846338e-11,0.68465488238258,0.356,0.233,2.42467132191663e-06,"TMED5","AD_vs_Ctrl","D1 medium spiny neuron"
8.35674789280995e-11,0.969570018113981,0.2,0.1,2.4877202802106e-06,"LINC01088","AD_vs_Ctrl","D1 medium spiny neuron"
8.64644760753724e-11,0.721633107163647,0.266,0.148,2.57396098828776e-06,"PPIL1","AD_vs_Ctrl","D1 medium spiny neuron"
9.08553471763602e-11,0.621806253754066,0.313,0.191,2.70467283009307e-06,"POLE2","AD_vs_Ctrl","D1 medium spiny neuron"
9.40283655966535e-11,0.629767654519387,0.348,0.224,2.79913041544678e-06,"C1S","AD_vs_Ctrl","D1 medium spiny neuron"
9.61439832991899e-11,-0.914920084986492,0.196,0.302,2.86211023883358e-06,"GRID2IP","AD_vs_Ctrl","D1 medium spiny neuron"
9.72369914347166e-11,0.726051931372469,0.293,0.176,2.89464799802008e-06,"ST7-AS2","AD_vs_Ctrl","D1 medium spiny neuron"
9.7294815296909e-11,0.507249806408212,0.429,0.288,2.89636935657368e-06,"LSM5","AD_vs_Ctrl","D1 medium spiny neuron"
1.01039740870409e-10,0.701882327082479,0.356,0.236,3.0078520459712e-06,"LY6E","AD_vs_Ctrl","D1 medium spiny neuron"
1.09406277214181e-10,0.80910765782039,0.227,0.119,3.25691546638897e-06,"IL16","AD_vs_Ctrl","D1 medium spiny neuron"
1.17773134554783e-10,0.640500805504069,0.327,0.203,3.50598844256135e-06,"MTRF1","AD_vs_Ctrl","D1 medium spiny neuron"
1.4263869951459e-10,0.503479256021393,0.421,0.281,4.24621144584984e-06,"G2E3-AS1","AD_vs_Ctrl","D1 medium spiny neuron"
1.43479323952641e-10,0.624750019226585,0.327,0.204,4.27123599474617e-06,"HAT1","AD_vs_Ctrl","D1 medium spiny neuron"
1.44920196270582e-10,0.685977490704105,0.313,0.192,4.31412932277896e-06,"AL512422.2","AD_vs_Ctrl","D1 medium spiny neuron"
1.45673863741618e-10,-0.752428490491254,0.29,0.397,4.33656524972423e-06,"POU2F2","AD_vs_Ctrl","D1 medium spiny neuron"
1.54812357665404e-10,0.692208000531249,0.289,0.17,4.60860907534142e-06,"MAP3K7CL","AD_vs_Ctrl","D1 medium spiny neuron"
1.56529814869842e-10,0.548173558224443,0.308,0.179,4.65973605886033e-06,"AL136311.1","AD_vs_Ctrl","D1 medium spiny neuron"
1.69698800617957e-10,0.523401173215437,0.461,0.333,5.05176359559597e-06,"GTF3A","AD_vs_Ctrl","D1 medium spiny neuron"
1.73609319048464e-10,0.622918239403536,0.395,0.27,5.16817581875371e-06,"COPS9","AD_vs_Ctrl","D1 medium spiny neuron"
1.94624798593946e-10,0.599389743862047,0.273,0.157,5.79378562934318e-06,"KRT10","AD_vs_Ctrl","D1 medium spiny neuron"
1.97979690570954e-10,0.843968328240186,0.262,0.155,5.89365740860673e-06,"GNL3","AD_vs_Ctrl","D1 medium spiny neuron"
2.21410991992255e-10,-0.872862112400648,0.211,0.314,6.59118382061744e-06,"AC024901.1","AD_vs_Ctrl","D1 medium spiny neuron"
2.30316274002786e-10,0.609209341303108,0.314,0.193,6.85628516078893e-06,"TPRG1","AD_vs_Ctrl","D1 medium spiny neuron"
2.35255526163331e-10,-0.677974384593356,0.333,0.436,7.0033217583562e-06,"C8orf37-AS1","AD_vs_Ctrl","D1 medium spiny neuron"
2.35953219854129e-10,0.639555467440056,0.27,0.155,7.02409140183755e-06,"AL139021.1","AD_vs_Ctrl","D1 medium spiny neuron"
2.36598962854976e-10,0.950668305992486,0.263,0.156,7.04331452522978e-06,"MAML2","AD_vs_Ctrl","D1 medium spiny neuron"
2.38448360025261e-10,0.798951064285057,0.248,0.142,7.098369229592e-06,"LINGO3","AD_vs_Ctrl","D1 medium spiny neuron"
2.50426084203732e-10,0.500546935694955,0.455,0.322,7.45493410066091e-06,"TPI1","AD_vs_Ctrl","D1 medium spiny neuron"
3.02242374918339e-10,-0.785085971967652,0.215,0.321,8.99745325894403e-06,"ZNF534","AD_vs_Ctrl","D1 medium spiny neuron"
3.49720227989739e-10,-0.885453392796009,0.123,0.218,1.04108214670265e-05,"AJ239322.1","AD_vs_Ctrl","D1 medium spiny neuron"
3.6022925331259e-10,0.764172884438738,0.22,0.117,1.07236646418625e-05,"CLEC20A","AD_vs_Ctrl","D1 medium spiny neuron"
3.89107954295705e-10,0.771779639458944,0.233,0.126,1.15833546914288e-05,"FRY-AS1","AD_vs_Ctrl","D1 medium spiny neuron"
3.95392051047825e-10,-0.868242992767022,0.163,0.265,1.17704259676427e-05,"CRB1","AD_vs_Ctrl","D1 medium spiny neuron"
4.09373970808056e-10,0.751899060166628,0.219,0.115,1.2186653736985e-05,"ARHGAP26-AS1","AD_vs_Ctrl","D1 medium spiny neuron"
4.11913213613317e-10,0.697564810289362,0.318,0.201,1.22622444560548e-05,"OOEP","AD_vs_Ctrl","D1 medium spiny neuron"
4.133189618456e-10,-0.730760167864883,0.271,0.377,1.23040921751817e-05,"HLA-F","AD_vs_Ctrl","D1 medium spiny neuron"
4.20436853493642e-10,0.583534505694973,0.341,0.227,1.25159846916522e-05,"ABHD13","AD_vs_Ctrl","D1 medium spiny neuron"
4.39264664328853e-10,0.570131620443105,0.366,0.246,1.30764697924056e-05,"TTC3P1","AD_vs_Ctrl","D1 medium spiny neuron"
4.57856746032421e-10,0.580022321105307,0.453,0.325,1.36299374726391e-05,"SPP1","AD_vs_Ctrl","D1 medium spiny neuron"
4.70077913823846e-10,0.500726958828881,0.447,0.315,1.39937494166221e-05,"AL035685.1","AD_vs_Ctrl","D1 medium spiny neuron"
5.15118343824666e-10,0.617110577626907,0.314,0.197,1.53345579773165e-05,"ENPP5","AD_vs_Ctrl","D1 medium spiny neuron"
5.2057566796286e-10,0.527805606079251,0.328,0.205,1.54970170595864e-05,"RPS23P8","AD_vs_Ctrl","D1 medium spiny neuron"
5.26066452611938e-10,0.54247054118976,0.442,0.325,1.56604722278048e-05,"ATP5E","AD_vs_Ctrl","D1 medium spiny neuron"
5.54541243034634e-10,0.5257854826158,0.449,0.332,1.6508138263898e-05,"TXNDC15","AD_vs_Ctrl","D1 medium spiny neuron"
5.59219041493043e-10,0.602878735014604,0.356,0.233,1.66473916462064e-05,"ABHD15-AS1","AD_vs_Ctrl","D1 medium spiny neuron"
5.64549520440723e-10,0.5791957470712,0.363,0.248,1.68060746739999e-05,"ZBED3-AS1","AD_vs_Ctrl","D1 medium spiny neuron"
5.67910135259408e-10,0.623701995095887,0.31,0.192,1.69061168165373e-05,"PALD1","AD_vs_Ctrl","D1 medium spiny neuron"
5.7679292083869e-10,0.501607114946076,0.476,0.346,1.71705484604469e-05,"DCUN1D5","AD_vs_Ctrl","D1 medium spiny neuron"
5.96415726007037e-10,0.557202773295696,0.45,0.328,1.77546997475035e-05,"BCYRN1","AD_vs_Ctrl","D1 medium spiny neuron"
6.16906685911135e-10,0.6074011630341,0.335,0.217,1.83646951328886e-05,"CHGB","AD_vs_Ctrl","D1 medium spiny neuron"
6.18784107671005e-10,0.77920100096899,0.24,0.134,1.84205841012581e-05,"KL","AD_vs_Ctrl","D1 medium spiny neuron"
6.82713766950251e-10,0.617210350231491,0.383,0.262,2.0323706128342e-05,"CEBPB","AD_vs_Ctrl","D1 medium spiny neuron"
6.84568515905811e-10,0.540598391100108,0.377,0.254,2.03789201500001e-05,"CCT5","AD_vs_Ctrl","D1 medium spiny neuron"
7.164712060283e-10,0.563681013698047,0.414,0.293,2.13286313322565e-05,"RASD1","AD_vs_Ctrl","D1 medium spiny neuron"
7.20946298226539e-10,0.743829759654854,0.225,0.123,2.14618503519058e-05,"KCNMA1-AS1","AD_vs_Ctrl","D1 medium spiny neuron"
7.49348249498115e-10,0.621111906304328,0.301,0.187,2.23073480393094e-05,"CXXC4","AD_vs_Ctrl","D1 medium spiny neuron"
7.94224221458179e-10,-0.867207044158279,0.179,0.282,2.36432608485885e-05,"RABGEF1","AD_vs_Ctrl","D1 medium spiny neuron"
8.63268879015324e-10,0.702490767910798,0.245,0.14,2.56986512594072e-05,"NUBP1","AD_vs_Ctrl","D1 medium spiny neuron"
8.84530369606716e-10,-0.791285980053237,0.224,0.33,2.63315845728223e-05,"RFC3","AD_vs_Ctrl","D1 medium spiny neuron"
8.9513056213574e-10,0.60853562740139,0.362,0.242,2.66471417042188e-05,"PIWIL4","AD_vs_Ctrl","D1 medium spiny neuron"
1.0806818995262e-09,0.715332082571958,0.253,0.147,3.21708194669955e-05,"GALNS","AD_vs_Ctrl","D1 medium spiny neuron"
1.23014826429694e-09,0.578669032076196,0.356,0.233,3.66202836798557e-05,"AC092114.1","AD_vs_Ctrl","D1 medium spiny neuron"
1.23586532613169e-09,-0.874519591042316,0.173,0.268,3.67904748936143e-05,"PI4KAP1","AD_vs_Ctrl","D1 medium spiny neuron"
1.25392858611447e-09,-0.931754777605452,0.182,0.276,3.73282000800416e-05,"RPL23AP49","AD_vs_Ctrl","D1 medium spiny neuron"
1.26304933167397e-09,-0.593867960670341,0.388,0.478,3.75997155546025e-05,"ETV6","AD_vs_Ctrl","D1 medium spiny neuron"
1.31033383040276e-09,0.777489958200358,0.285,0.18,3.90073277972597e-05,"ENPP7P10","AD_vs_Ctrl","D1 medium spiny neuron"
1.3564314826742e-09,0.783998341411147,0.212,0.114,4.03796088077283e-05,"SMG1P7","AD_vs_Ctrl","D1 medium spiny neuron"
1.3813237054557e-09,0.611393994468127,0.364,0.25,4.11206253877108e-05,"JTB","AD_vs_Ctrl","D1 medium spiny neuron"
1.38538770206902e-09,0.828628667444822,0.204,0.107,4.12416065028926e-05,"TMEM44-AS1","AD_vs_Ctrl","D1 medium spiny neuron"
1.41763224257873e-09,0.51159670217365,0.305,0.189,4.22014942293264e-05,"DEFB109F","AD_vs_Ctrl","D1 medium spiny neuron"
1.42391022824351e-09,0.671455255532947,0.298,0.187,4.23883835845809e-05,"WASH3P","AD_vs_Ctrl","D1 medium spiny neuron"
1.45341193415289e-09,-0.584371954954353,0.37,0.465,4.32666198677974e-05,"GRASP","AD_vs_Ctrl","D1 medium spiny neuron"
1.46390168596082e-09,0.529037334314319,0.399,0.282,4.35788892893678e-05,"COG2","AD_vs_Ctrl","D1 medium spiny neuron"
1.5041772865908e-09,-0.567883012741801,0.429,0.51,4.47778536445216e-05,"LINC00407","AD_vs_Ctrl","D1 medium spiny neuron"
1.69171161134186e-09,0.6853484492222,0.235,0.134,5.03605629580357e-05,"AC023906.3","AD_vs_Ctrl","D1 medium spiny neuron"
1.75794018112296e-09,0.520307004430281,0.339,0.22,5.23321212518494e-05,"MITD1","AD_vs_Ctrl","D1 medium spiny neuron"
1.82441240037304e-09,0.54770098340254,0.248,0.14,5.43109327467049e-05,"SCRG1","AD_vs_Ctrl","D1 medium spiny neuron"
1.84192176306795e-09,-1.24498973391365,0.166,0.251,5.48321689647697e-05,"AC007319.1","AD_vs_Ctrl","D1 medium spiny neuron"
1.90156358334384e-09,0.782650103704636,0.232,0.132,5.66076463125627e-05,"SYNPR-AS1","AD_vs_Ctrl","D1 medium spiny neuron"
1.95929306192943e-09,0.524546634559295,0.337,0.219,5.83261951605771e-05,"ARF5","AD_vs_Ctrl","D1 medium spiny neuron"
2.04545212802471e-09,-0.692903419622792,0.194,0.301,6.08910643991677e-05,"NPEPL1","AD_vs_Ctrl","D1 medium spiny neuron"
2.05852042570188e-09,-0.650087172040206,0.316,0.414,6.12800945527193e-05,"HS1BP3","AD_vs_Ctrl","D1 medium spiny neuron"
2.15004434433481e-09,-0.537094080165406,0.413,0.491,6.40046700865031e-05,"AC124944.3","AD_vs_Ctrl","D1 medium spiny neuron"
2.18080592644845e-09,-0.735871626399164,0.223,0.327,6.49204116244441e-05,"GALNT15","AD_vs_Ctrl","D1 medium spiny neuron"
2.3775483322955e-09,0.751834180452012,0.264,0.163,7.07772363041048e-05,"GPR162","AD_vs_Ctrl","D1 medium spiny neuron"
2.6312933968119e-09,-1.00941153099372,0.202,0.292,7.83309731296934e-05,"PLSCR1","AD_vs_Ctrl","D1 medium spiny neuron"
2.74396627177673e-09,0.525799320802262,0.395,0.273,8.16851319445215e-05,"AC008770.1","AD_vs_Ctrl","D1 medium spiny neuron"
2.93531172188652e-09,0.530779657023529,0.393,0.274,8.738129464884e-05,"PAN2","AD_vs_Ctrl","D1 medium spiny neuron"
3.04883869270344e-09,0.623686864423592,0.271,0.165,9.07608790430887e-05,"CELSR3","AD_vs_Ctrl","D1 medium spiny neuron"
3.06460404249612e-09,0.506028792079873,0.417,0.292,9.1230197741067e-05,"C11orf74","AD_vs_Ctrl","D1 medium spiny neuron"
3.4643799972268e-09,0.507815328323391,0.323,0.208,0.000103131128137445,"PPID","AD_vs_Ctrl","D1 medium spiny neuron"
3.72586918904895e-09,0.550660328574197,0.406,0.293,0.000110915399888798,"L1CAM","AD_vs_Ctrl","D1 medium spiny neuron"
3.87104339937257e-09,0.700298471145133,0.254,0.155,0.000115237090955922,"SCAMP4","AD_vs_Ctrl","D1 medium spiny neuron"
4.04570298704716e-09,0.601601811589347,0.352,0.249,0.000120436532221407,"CEBPZ","AD_vs_Ctrl","D1 medium spiny neuron"
4.09187312414876e-09,0.527439954846853,0.393,0.276,0.000121810971032784,"COX7A2","AD_vs_Ctrl","D1 medium spiny neuron"
4.18415807772478e-09,0.636525916854491,0.277,0.175,0.000124558201815789,"PARD6G-AS1","AD_vs_Ctrl","D1 medium spiny neuron"
4.69155288198981e-09,0.600517211735055,0.318,0.213,0.000139662837743955,"PRKCSH","AD_vs_Ctrl","D1 medium spiny neuron"
4.73419507548568e-09,0.579397634498454,0.296,0.187,0.000140932253202133,"SPANXA2-OT1","AD_vs_Ctrl","D1 medium spiny neuron"
4.75233627041388e-09,0.581894516724404,0.343,0.232,0.000141472298433951,"B4GAT1","AD_vs_Ctrl","D1 medium spiny neuron"
4.76279324100624e-09,0.512680030932855,0.376,0.264,0.000141783591991515,"SLC26A11","AD_vs_Ctrl","D1 medium spiny neuron"
4.8705559674134e-09,0.503470137703717,0.374,0.261,0.00014499158059393,"ZNF546","AD_vs_Ctrl","D1 medium spiny neuron"
5.00013446838403e-09,0.636415208258786,0.284,0.178,0.000148849002989324,"C17orf67","AD_vs_Ctrl","D1 medium spiny neuron"
5.47412661120311e-09,0.500335457966001,0.466,0.359,0.000162959275088905,"B4GALNT4","AD_vs_Ctrl","D1 medium spiny neuron"
5.71214445414292e-09,-0.802101467726599,0.219,0.315,0.000170044828255381,"GNG4","AD_vs_Ctrl","D1 medium spiny neuron"
5.88770815964164e-09,0.685183275306384,0.231,0.135,0.000175271184204372,"DLGAP4-AS1","AD_vs_Ctrl","D1 medium spiny neuron"
5.93710915873951e-09,-0.591254243442834,0.348,0.439,0.000176741802546516,"AC004551.1","AD_vs_Ctrl","D1 medium spiny neuron"
6.00820661202088e-09,0.546406836481846,0.383,0.268,0.000178858302633249,"PTPRK","AD_vs_Ctrl","D1 medium spiny neuron"
6.09057249251459e-09,0.53674843946213,0.321,0.207,0.000181310252529667,"AC015971.1","AD_vs_Ctrl","D1 medium spiny neuron"
6.99119943412412e-09,0.575880148951565,0.31,0.199,0.000208121015954441,"FAM201A","AD_vs_Ctrl","D1 medium spiny neuron"
7.02957690317648e-09,-0.647671562198392,0.306,0.401,0.000209263474830661,"LDB3","AD_vs_Ctrl","D1 medium spiny neuron"
7.07606688417357e-09,-0.522215468226683,0.312,0.418,0.000210647435074963,"AL442647.1","AD_vs_Ctrl","D1 medium spiny neuron"
7.5512114447221e-09,0.599721080816001,0.298,0.191,0.000224792013497932,"AC092839.1","AD_vs_Ctrl","D1 medium spiny neuron"
7.6825440510783e-09,-0.592828200061357,0.275,0.379,0.00022870165385655,"AC007382.1","AD_vs_Ctrl","D1 medium spiny neuron"
8.11291989809292e-09,0.73660197776715,0.246,0.149,0.000241513512446328,"TBC1D8B","AD_vs_Ctrl","D1 medium spiny neuron"
8.20080665826052e-09,-0.672093266573649,0.279,0.374,0.000244129813409757,"AC036108.1","AD_vs_Ctrl","D1 medium spiny neuron"
8.30546021137853e-09,0.678302396577812,0.287,0.182,0.000247245245032527,"DUSP18","AD_vs_Ctrl","D1 medium spiny neuron"
8.50023988731658e-09,0.571057323594567,0.325,0.218,0.000253043641205527,"AC098826.2","AD_vs_Ctrl","D1 medium spiny neuron"
8.54248484816123e-09,-0.599482927691616,0.33,0.423,0.000254301231444911,"ICAM5","AD_vs_Ctrl","D1 medium spiny neuron"
8.70894212015738e-09,0.773611946182884,0.211,0.119,0.000259256497974965,"AC005920.2","AD_vs_Ctrl","D1 medium spiny neuron"
8.83097384376846e-09,0.598905905500936,0.247,0.145,0.000262889260355143,"LMO7-AS1","AD_vs_Ctrl","D1 medium spiny neuron"
9.00821673714823e-09,0.711585320760149,0.221,0.126,0.000268165604048166,"DPH3","AD_vs_Ctrl","D1 medium spiny neuron"
9.00885340825778e-09,0.613440015812555,0.267,0.165,0.000268184557110426,"AL139095.4","AD_vs_Ctrl","D1 medium spiny neuron"
9.07967241579726e-09,0.577555697955499,0.372,0.267,0.000270292768145869,"GNAS","AD_vs_Ctrl","D1 medium spiny neuron"
9.18896913340728e-09,0.845424474994032,0.211,0.122,0.000273546422132401,"SNX7","AD_vs_Ctrl","D1 medium spiny neuron"
9.68393438645553e-09,0.788772667870798,0.233,0.139,0.000288281042750395,"TOGARAM2","AD_vs_Ctrl","D1 medium spiny neuron"
1.02495318110259e-08,0.648739312843958,0.23,0.136,0.00030511831248243,"SUCLA2P3","AD_vs_Ctrl","D1 medium spiny neuron"
1.09349570755883e-08,0.623243849694805,0.26,0.163,0.000325522737183189,"AC019118.2","AD_vs_Ctrl","D1 medium spiny neuron"
1.10728787457852e-08,0.742828659672818,0.264,0.167,0.00032962852738328,"CBFA2T3","AD_vs_Ctrl","D1 medium spiny neuron"
1.16799202498465e-08,0.505615185629108,0.387,0.279,0.00034769954591768,"HPCAL4","AD_vs_Ctrl","D1 medium spiny neuron"
1.18747041836823e-08,-0.850958274363494,0.136,0.225,0.000353498068844039,"ESRRA","AD_vs_Ctrl","D1 medium spiny neuron"
1.25932252450954e-08,-0.576289207380491,0.335,0.428,0.000374887722321245,"LINC01237","AD_vs_Ctrl","D1 medium spiny neuron"
1.25978875733654e-08,0.601627803851597,0.248,0.15,0.000375026515171516,"CCDC181","AD_vs_Ctrl","D1 medium spiny neuron"
1.28764080637884e-08,0.547941972038513,0.255,0.154,0.000383317791650915,"LINC00116","AD_vs_Ctrl","D1 medium spiny neuron"
1.32629920930436e-08,0.724571022035889,0.204,0.114,0.000394826011617815,"AC090518.1","AD_vs_Ctrl","D1 medium spiny neuron"
1.32855328264869e-08,-0.657287771019182,0.324,0.413,0.00039549702671169,"STX16-NPEPL1","AD_vs_Ctrl","D1 medium spiny neuron"
1.38191391060235e-08,0.525124066968771,0.347,0.238,0.000411381952047214,"CCNB1IP1","AD_vs_Ctrl","D1 medium spiny neuron"
1.52451706505406e-08,0.577166600027655,0.35,0.241,0.000453833485095943,"TRIM52","AD_vs_Ctrl","D1 medium spiny neuron"
1.56863632291784e-08,0.698569225760706,0.246,0.15,0.000466967346969413,"AC026202.2","AD_vs_Ctrl","D1 medium spiny neuron"
1.64148571972775e-08,0.567232587440258,0.272,0.172,0.000488653883905754,"AC083798.2","AD_vs_Ctrl","D1 medium spiny neuron"
1.66377089759085e-08,0.541605371689415,0.323,0.212,0.00049528795850382,"GLIPR1L2","AD_vs_Ctrl","D1 medium spiny neuron"
1.69488187489252e-08,0.550268537917152,0.281,0.179,0.000504549385336754,"RIPPLY2","AD_vs_Ctrl","D1 medium spiny neuron"
1.86795066225393e-08,0.541518430839574,0.31,0.201,0.000556070232646371,"AC017083.2","AD_vs_Ctrl","D1 medium spiny neuron"
1.97430361305524e-08,0.509017455489269,0.37,0.257,0.000587730442570415,"C15orf40","AD_vs_Ctrl","D1 medium spiny neuron"
2.05860464775054e-08,0.563252992869316,0.251,0.15,0.000612826017588857,"AP002812.2","AD_vs_Ctrl","D1 medium spiny neuron"
2.10499093619155e-08,-0.687173688959192,0.235,0.33,0.000626634751794862,"PLAG1","AD_vs_Ctrl","D1 medium spiny neuron"
2.1372346807521e-08,0.618818265321646,0.273,0.175,0.000636233392113093,"NAP1L3","AD_vs_Ctrl","D1 medium spiny neuron"
2.19377843989532e-08,0.516143774581547,0.36,0.253,0.000653065903772439,"OMG","AD_vs_Ctrl","D1 medium spiny neuron"
2.20711688651668e-08,0.520498160927201,0.378,0.275,0.000657036625947149,"AC244669.2","AD_vs_Ctrl","D1 medium spiny neuron"
2.23782358799622e-08,-0.631479385022899,0.215,0.319,0.000666177703910594,"RPL10P19","AD_vs_Ctrl","D1 medium spiny neuron"
2.30715986778277e-08,0.55028502738924,0.304,0.198,0.000686818421040252,"CALR","AD_vs_Ctrl","D1 medium spiny neuron"
2.3240987360479e-08,0.678312258537373,0.205,0.116,0.000691860952734098,"DNAH12","AD_vs_Ctrl","D1 medium spiny neuron"
2.4085137954934e-08,0.583105415315103,0.27,0.175,0.000716990471780429,"AUP1","AD_vs_Ctrl","D1 medium spiny neuron"
2.59412126750821e-08,0.741460071094099,0.2,0.113,0.00077224396012452,"GABRA3","AD_vs_Ctrl","D1 medium spiny neuron"
2.62518709470365e-08,0.773685367583911,0.234,0.144,0.000781491946222331,"GIN1","AD_vs_Ctrl","D1 medium spiny neuron"
2.85120093974353e-08,0.753402662139113,0.239,0.147,0.000848774007752251,"PLD5","AD_vs_Ctrl","D1 medium spiny neuron"
2.90824236512017e-08,-0.584397503515192,0.279,0.372,0.000865754669672623,"RBM4","AD_vs_Ctrl","D1 medium spiny neuron"
2.9482049870957e-08,0.574850199263402,0.242,0.144,0.00087765114260852,"LINC01598.1","AD_vs_Ctrl","D1 medium spiny neuron"
3.05477058015359e-08,0.79485581311384,0.214,0.127,0.000909374654005921,"SPOUT1","AD_vs_Ctrl","D1 medium spiny neuron"
3.24931047385431e-08,-0.857143474965764,0.152,0.237,0.000967287234961691,"CRACR2A","AD_vs_Ctrl","D1 medium spiny neuron"
3.26333645771265e-08,0.569047635640365,0.313,0.211,0.000971462630096479,"AC009053.1","AD_vs_Ctrl","D1 medium spiny neuron"
3.30444452709517e-08,0.516366786625526,0.345,0.238,0.00098370009127096,"MBD4","AD_vs_Ctrl","D1 medium spiny neuron"
3.31435651006646e-08,0.591619714415807,0.326,0.226,0.000986650789481686,"AC025043.1","AD_vs_Ctrl","D1 medium spiny neuron"
3.33330373018434e-08,0.848241659844779,0.2,0.115,0.000992291187438575,"FNDC5","AD_vs_Ctrl","D1 medium spiny neuron"
3.55883274207136e-08,-0.506388294090405,0.447,0.529,0.00105942891898722,"PAAF1","AD_vs_Ctrl","D1 medium spiny neuron"
3.57229248372364e-08,0.730017598172307,0.201,0.114,0.00106343574947969,"ACKR1","AD_vs_Ctrl","D1 medium spiny neuron"
3.64667518345465e-08,-0.570138369681197,0.335,0.426,0.00108557873536261,"B3GNTL1","AD_vs_Ctrl","D1 medium spiny neuron"
3.7487038054926e-08,0.769099420054812,0.207,0.121,0.00111595163585709,"ETV4","AD_vs_Ctrl","D1 medium spiny neuron"
3.75822387698072e-08,0.536955788308855,0.367,0.262,0.00111878566593839,"GMEB1","AD_vs_Ctrl","D1 medium spiny neuron"
3.79925057507791e-08,0.691403852539092,0.215,0.124,0.00113099890369494,"AL355315.1","AD_vs_Ctrl","D1 medium spiny neuron"
3.89086041458355e-08,-0.584175642937863,0.343,0.431,0.00115827023681738,"ERICH1","AD_vs_Ctrl","D1 medium spiny neuron"
4.01993442115899e-08,0.790081898132907,0.239,0.149,0.00119669427783482,"HHIP","AD_vs_Ctrl","D1 medium spiny neuron"
4.05470905212583e-08,0.514579425350389,0.237,0.14,0.00120704633772734,"AL662799.1","AD_vs_Ctrl","D1 medium spiny neuron"
4.05935868608718e-08,0.568297307865378,0.225,0.134,0.00120843048726129,"NXN","AD_vs_Ctrl","D1 medium spiny neuron"
4.129398236451e-08,0.559896604979419,0.248,0.152,0.0012292805610091,"C11orf1","AD_vs_Ctrl","D1 medium spiny neuron"
4.41880533999839e-08,0.562808395736577,0.28,0.181,0.00131543416166412,"SPHK2","AD_vs_Ctrl","D1 medium spiny neuron"
4.58081725039509e-08,0.561908145578935,0.237,0.142,0.00136366348727011,"EYS","AD_vs_Ctrl","D1 medium spiny neuron"
4.65801131590479e-08,0.669444758791121,0.21,0.123,0.0013866433886317,"AC110491.1","AD_vs_Ctrl","D1 medium spiny neuron"
4.89846838808196e-08,0.514985216617875,0.304,0.199,0.00145822505444812,"HTATIP2","AD_vs_Ctrl","D1 medium spiny neuron"
4.91486118383791e-08,0.625573271908791,0.302,0.202,0.00146310502581671,"AVEN","AD_vs_Ctrl","D1 medium spiny neuron"
4.96498728997885e-08,0.50009097225419,0.405,0.303,0.0014780270663538,"EXOSC6","AD_vs_Ctrl","D1 medium spiny neuron"
5.26011791609465e-08,0.685452016854267,0.204,0.116,0.00156588450244222,"MIS12","AD_vs_Ctrl","D1 medium spiny neuron"
6.0125226134553e-08,0.578943514903504,0.318,0.219,0.00178986785679951,"LINC00710","AD_vs_Ctrl","D1 medium spiny neuron"
6.12718348584805e-08,0.651958965544555,0.245,0.154,0.00182400125190211,"RGS2","AD_vs_Ctrl","D1 medium spiny neuron"
6.75022956273968e-08,-0.893410356797383,0.163,0.245,0.00200947583853197,"CALCRL","AD_vs_Ctrl","D1 medium spiny neuron"
6.76851646583186e-08,0.513306939266989,0.276,0.178,0.00201491966671349,"C12orf73","AD_vs_Ctrl","D1 medium spiny neuron"
6.85322845607312e-08,0.628900796534977,0.237,0.147,0.00204013757908841,"MMP24-AS1","AD_vs_Ctrl","D1 medium spiny neuron"
6.87480846080955e-08,-0.626130389412384,0.289,0.384,0.00204656173069839,"IDNK","AD_vs_Ctrl","D1 medium spiny neuron"
7.01288830025101e-08,0.61663920724079,0.25,0.155,0.00208766671810172,"NUDT6","AD_vs_Ctrl","D1 medium spiny neuron"
7.40818545201536e-08,0.61044646184152,0.29,0.193,0.00220534272721045,"CBR3","AD_vs_Ctrl","D1 medium spiny neuron"
7.5173936873613e-08,0.658821137222747,0.224,0.136,0.00223785292679058,"EFCAB13","AD_vs_Ctrl","D1 medium spiny neuron"
8.08488035107812e-08,0.546769754270363,0.325,0.23,0.00240678803171245,"CD8A","AD_vs_Ctrl","D1 medium spiny neuron"
8.26257809175569e-08,0.549459072110433,0.305,0.205,0.00245968687213475,"AC010618.3","AD_vs_Ctrl","D1 medium spiny neuron"
8.28786815993306e-08,0.719787541452971,0.222,0.134,0.00246721547253047,"CCDC125","AD_vs_Ctrl","D1 medium spiny neuron"
8.3158076934459e-08,0.831842344729577,0.224,0.14,0.00247553279226191,"AL513164.1","AD_vs_Ctrl","D1 medium spiny neuron"
8.88002338970267e-08,0.515452068870322,0.329,0.236,0.00264349416288059,"ZNF692","AD_vs_Ctrl","D1 medium spiny neuron"
9.30710040004571e-08,0.522359681493493,0.257,0.164,0.00277063071808961,"TMEM41A","AD_vs_Ctrl","D1 medium spiny neuron"
9.38064497784005e-08,0.647300713788083,0.215,0.128,0.0027925242034532,"CENPO","AD_vs_Ctrl","D1 medium spiny neuron"
9.39724254919905e-08,-0.611032311796804,0.283,0.367,0.00279746513447107,"PHACTR2","AD_vs_Ctrl","D1 medium spiny neuron"
9.78551328319545e-08,0.650209754259755,0.265,0.174,0.00291304944927445,"AL365361.1","AD_vs_Ctrl","D1 medium spiny neuron"
1.00856201246252e-07,-0.663091463199606,0.244,0.337,0.00300238825489967,"TMC3-AS1","AD_vs_Ctrl","D1 medium spiny neuron"
1.02366949471083e-07,0.595494320633855,0.212,0.123,0.00304736171880468,"TCTE3","AD_vs_Ctrl","D1 medium spiny neuron"
1.06698513407879e-07,-0.761571508346419,0.188,0.273,0.00317630804563915,"ABI3BP","AD_vs_Ctrl","D1 medium spiny neuron"
1.08596411546538e-07,-0.623334742384164,0.168,0.257,0.00323280657532888,"LINC01945","AD_vs_Ctrl","D1 medium spiny neuron"
1.10676902427123e-07,0.512811003808577,0.263,0.168,0.00329474070835302,"CXorf57","AD_vs_Ctrl","D1 medium spiny neuron"
1.19153436448459e-07,0.551734796142324,0.306,0.207,0.00354707864963417,"CAV3","AD_vs_Ctrl","D1 medium spiny neuron"
1.19207313881338e-07,0.663666270589134,0.211,0.125,0.00354868252693354,"AC133550.2","AD_vs_Ctrl","D1 medium spiny neuron"
1.21737851815853e-07,0.629633576823666,0.254,0.165,0.00362401411070614,"LARGE-AS1","AD_vs_Ctrl","D1 medium spiny neuron"
1.25003152868087e-07,-0.835428879018164,0.146,0.227,0.00372121885773009,"LYSMD4","AD_vs_Ctrl","D1 medium spiny neuron"
1.25134158184477e-07,-0.774225438430792,0.202,0.286,0.0037251187549937,"TNXB","AD_vs_Ctrl","D1 medium spiny neuron"
1.25992257923546e-07,0.507848548146577,0.299,0.198,0.00375066352612605,"CCDC144NL","AD_vs_Ctrl","D1 medium spiny neuron"
1.28060999634206e-07,0.61516115196858,0.26,0.167,0.00381224789811069,"KLHDC8A","AD_vs_Ctrl","D1 medium spiny neuron"
1.37384492372584e-07,-0.516860545265172,0.431,0.501,0.00408979895343946,"ENOSF1","AD_vs_Ctrl","D1 medium spiny neuron"
1.3874227119796e-07,0.527738908578308,0.25,0.155,0.00413021867129207,"AC008067.1","AD_vs_Ctrl","D1 medium spiny neuron"
1.48057091767561e-07,0.561822329434716,0.294,0.199,0.00440751156482852,"ERAP1","AD_vs_Ctrl","D1 medium spiny neuron"
1.57082581608301e-07,0.597390395322343,0.283,0.188,0.00467619137189752,"CCT7","AD_vs_Ctrl","D1 medium spiny neuron"
1.75631655487048e-07,0.610608437697629,0.212,0.124,0.00522837875219392,"PPFIA2-AS1","AD_vs_Ctrl","D1 medium spiny neuron"
1.77287907138961e-07,-0.611182238019886,0.31,0.392,0.00527768370761973,"AL365295.1","AD_vs_Ctrl","D1 medium spiny neuron"
1.78271817548944e-07,0.60273494933317,0.231,0.143,0.00530697373661452,"CDC26","AD_vs_Ctrl","D1 medium spiny neuron"
1.80973509408551e-07,0.563428781657586,0.285,0.19,0.00538740040158316,"AC009690.2","AD_vs_Ctrl","D1 medium spiny neuron"
1.81784308950917e-07,0.640039179712137,0.296,0.204,0.00541153709315985,"GSN","AD_vs_Ctrl","D1 medium spiny neuron"
1.92761182867702e-07,0.521611510007831,0.333,0.236,0.00573830765278862,"CEP41","AD_vs_Ctrl","D1 medium spiny neuron"
1.95097099571526e-07,0.687995733447183,0.239,0.153,0.00580784555714475,"AL135925.1","AD_vs_Ctrl","D1 medium spiny neuron"
1.99038834104717e-07,0.556208139140163,0.202,0.118,0.00592518705246333,"RTL9","AD_vs_Ctrl","D1 medium spiny neuron"
2.02038760534238e-07,-0.619902378674909,0.246,0.33,0.00601449186234373,"ANAPC4","AD_vs_Ctrl","D1 medium spiny neuron"
2.06649162937561e-07,0.636278941616197,0.211,0.127,0.00615173893148826,"AC244021.1","AD_vs_Ctrl","D1 medium spiny neuron"
2.0695087840722e-07,0.693462866866024,0.211,0.128,0.00616072069930453,"AL157400.3","AD_vs_Ctrl","D1 medium spiny neuron"
2.09581805197486e-07,0.60507807114601,0.233,0.149,0.00623904075892397,"ACAD8","AD_vs_Ctrl","D1 medium spiny neuron"
2.15774477264491e-07,0.527664230226518,0.275,0.181,0.00642339041368665,"C1orf122","AD_vs_Ctrl","D1 medium spiny neuron"
2.20885991266718e-07,0.51066545589077,0.303,0.206,0.00657555507401893,"DHX34","AD_vs_Ctrl","D1 medium spiny neuron"
2.47391319763177e-07,-0.903352120546395,0.183,0.26,0.00736459219803003,"C1orf112","AD_vs_Ctrl","D1 medium spiny neuron"
2.75223428131444e-07,-0.861892567729477,0.133,0.211,0.00819312623204495,"AL138881.1","AD_vs_Ctrl","D1 medium spiny neuron"
2.82581896282803e-07,0.504934003820897,0.362,0.265,0.00841218047044278,"CHRM3-AS2","AD_vs_Ctrl","D1 medium spiny neuron"
3.04657717716785e-07,0.510595383929143,0.304,0.212,0.00906935559871097,"NDN","AD_vs_Ctrl","D1 medium spiny neuron"
3.05573692297447e-07,0.512289866009003,0.232,0.145,0.00909662324600269,"FAM114A2","AD_vs_Ctrl","D1 medium spiny neuron"
3.25684873459959e-07,0.657766487371379,0.233,0.148,0.00969531299802953,"BMI1","AD_vs_Ctrl","D1 medium spiny neuron"
3.38511011451757e-07,0.567456103763227,0.291,0.199,0.0100771342999074,"GNB3","AD_vs_Ctrl","D1 medium spiny neuron"
3.4491554915197e-07,-0.762703595447455,0.135,0.213,0.010267790982705,"AC013391.2","AD_vs_Ctrl","D1 medium spiny neuron"
3.58533490441683e-07,0.531194134769887,0.323,0.232,0.0106731834769585,"TNFSF13B","AD_vs_Ctrl","D1 medium spiny neuron"
3.70773863143321e-07,-0.694244317621586,0.215,0.296,0.0110375671319135,"DLG5","AD_vs_Ctrl","D1 medium spiny neuron"
3.7639045557749e-07,0.518288992591288,0.37,0.278,0.0112047674720863,"AC020611.2","AD_vs_Ctrl","D1 medium spiny neuron"
3.80274689129326e-07,0.532922089892461,0.236,0.149,0.0113203972206909,"AQP11","AD_vs_Ctrl","D1 medium spiny neuron"
3.86238085524737e-07,0.64743399074067,0.206,0.126,0.0114979215679859,"COQ5","AD_vs_Ctrl","D1 medium spiny neuron"
3.93936771493927e-07,0.563791900107996,0.246,0.157,0.0117271037506027,"POLR3H","AD_vs_Ctrl","D1 medium spiny neuron"
4.06189387769886e-07,-0.596751280524085,0.3,0.384,0.0120918518845217,"TSC22D1-AS1","AD_vs_Ctrl","D1 medium spiny neuron"
4.226853757435e-07,0.717289702041325,0.2,0.123,0.0125829209505083,"MACROD1","AD_vs_Ctrl","D1 medium spiny neuron"
4.2874239990722e-07,0.570886252731588,0.251,0.163,0.012763232502838,"AC018462.1","AD_vs_Ctrl","D1 medium spiny neuron"
4.34302439928647e-07,0.558542317017155,0.259,0.168,0.0129287493342359,"ZNF350","AD_vs_Ctrl","D1 medium spiny neuron"
4.35383455457479e-07,0.551664473322792,0.204,0.123,0.0129609300855137,"MAT2B","AD_vs_Ctrl","D1 medium spiny neuron"
4.36447811080755e-07,0.64786653180626,0.247,0.161,0.012992614888063,"RAI14","AD_vs_Ctrl","D1 medium spiny neuron"
4.43233699899162e-07,0.590883347655377,0.255,0.168,0.0131946240122981,"RUNDC3A-AS1","AD_vs_Ctrl","D1 medium spiny neuron"
4.57389075233449e-07,-0.605876622034648,0.281,0.366,0.0136160153806245,"CD276","AD_vs_Ctrl","D1 medium spiny neuron"
4.73213374347392e-07,-0.826502367265215,0.142,0.217,0.0140870889409475,"AC010542.3","AD_vs_Ctrl","D1 medium spiny neuron"
5.02118245952218e-07,0.514845567825515,0.31,0.218,0.0149475580637516,"SYNC","AD_vs_Ctrl","D1 medium spiny neuron"
5.26225913249795e-07,-0.96567370300766,0.138,0.208,0.0156652192115332,"AC116366.3","AD_vs_Ctrl","D1 medium spiny neuron"
5.27004030169995e-07,-0.850900858410442,0.134,0.208,0.0156883829741306,"STK33","AD_vs_Ctrl","D1 medium spiny neuron"
5.61827709856536e-07,0.625411161489871,0.226,0.143,0.0167250490947192,"AC011933.4","AD_vs_Ctrl","D1 medium spiny neuron"
5.64121366554512e-07,0.569108238678755,0.24,0.154,0.0167933289609613,"AC020915.4","AD_vs_Ctrl","D1 medium spiny neuron"
5.72497379894912e-07,-0.717534295111093,0.177,0.258,0.0170426745020916,"OVGP1","AD_vs_Ctrl","D1 medium spiny neuron"
5.75061320537786e-07,-0.857780118375372,0.129,0.204,0.0171190004510893,"NEMP1","AD_vs_Ctrl","D1 medium spiny neuron"
5.76028628783376e-07,-0.740773483180945,0.17,0.245,0.0171477962502523,"ASRGL1","AD_vs_Ctrl","D1 medium spiny neuron"
5.7922159140847e-07,-0.632731692445328,0.217,0.303,0.0172428475546387,"PDE6B","AD_vs_Ctrl","D1 medium spiny neuron"
5.95522220624568e-07,0.618463539091504,0.215,0.135,0.0177281009857728,"SIGIRR","AD_vs_Ctrl","D1 medium spiny neuron"
6.26330774666864e-07,0.549140082429135,0.271,0.183,0.0186452408310579,"ZNF552","AD_vs_Ctrl","D1 medium spiny neuron"
6.31417483039673e-07,0.554656413347165,0.226,0.143,0.018796667052608,"MANEA","AD_vs_Ctrl","D1 medium spiny neuron"
6.68754866453928e-07,0.537505113503351,0.238,0.152,0.019908163619467,"KBTBD6","AD_vs_Ctrl","D1 medium spiny neuron"
6.71034694826086e-07,-0.525969743273222,0.281,0.368,0.0199760318302778,"DHTKD1","AD_vs_Ctrl","D1 medium spiny neuron"
6.72809064278613e-07,-0.60733862279941,0.281,0.359,0.02002885303451,"ALG6","AD_vs_Ctrl","D1 medium spiny neuron"
6.95908811089133e-07,0.600611634182253,0.237,0.152,0.0207165093973124,"TBC1D7","AD_vs_Ctrl","D1 medium spiny neuron"
7.25198696860181e-07,0.621811749864531,0.231,0.148,0.0215884400068307,"AC019068.1","AD_vs_Ctrl","D1 medium spiny neuron"
7.75091179986887e-07,0.647172528263733,0.223,0.141,0.0230736893370296,"CRTC3-AS1","AD_vs_Ctrl","D1 medium spiny neuron"
8.06926458466481e-07,0.553210741986466,0.248,0.164,0.0240213937420887,"NOP56","AD_vs_Ctrl","D1 medium spiny neuron"
8.33981195004036e-07,-0.687296788580059,0.177,0.26,0.0248267861940751,"MAPK11","AD_vs_Ctrl","D1 medium spiny neuron"
9.44156279868583e-07,0.512405426207061,0.209,0.128,0.0281065882954078,"AP001462.1","AD_vs_Ctrl","D1 medium spiny neuron"
9.99940465320912e-07,-0.668288602461002,0.228,0.311,0.0297672277121382,"LINC01376","AD_vs_Ctrl","D1 medium spiny neuron"
1.00881881887563e-06,-0.544343298245877,0.257,0.342,0.0300315274191087,"TCF7L2","AD_vs_Ctrl","D1 medium spiny neuron"
1.08811801316553e-06,0.51034866757533,0.321,0.227,0.0323921851339247,"RABAC1","AD_vs_Ctrl","D1 medium spiny neuron"
1.08975951140392e-06,0.667531580321361,0.213,0.135,0.0324410508949833,"SLC16A4","AD_vs_Ctrl","D1 medium spiny neuron"
1.15171203508982e-06,0.697049274692764,0.211,0.135,0.0342853155725888,"FLRT3","AD_vs_Ctrl","D1 medium spiny neuron"
1.16333466796603e-06,0.692656380799796,0.209,0.131,0.0346313097306806,"MYDGF","AD_vs_Ctrl","D1 medium spiny neuron"
1.16412232589868e-06,-0.715147266297376,0.171,0.246,0.0346547575196777,"KIAA1524","AD_vs_Ctrl","D1 medium spiny neuron"
1.21179405208349e-06,0.551931561088385,0.26,0.176,0.0360738971364734,"NBPF8","AD_vs_Ctrl","D1 medium spiny neuron"
1.23422196019842e-06,0.53464849807913,0.24,0.156,0.0367415535331467,"AL031686.1","AD_vs_Ctrl","D1 medium spiny neuron"
1.24594594368297e-06,0.538407440083918,0.231,0.147,0.0370905647974984,"KCNV2","AD_vs_Ctrl","D1 medium spiny neuron"
1.28688981075619e-06,0.581602630947573,0.213,0.136,0.0383094227764011,"AL138787.2","AD_vs_Ctrl","D1 medium spiny neuron"
1.32985967890426e-06,-0.659903761852562,0.194,0.273,0.039588592781301,"LINC00869","AD_vs_Ctrl","D1 medium spiny neuron"
1.38596519350408e-06,0.680332701977165,0.218,0.142,0.0412587978454228,"PSMD6","AD_vs_Ctrl","D1 medium spiny neuron"
1.38976106935049e-06,0.517345030690299,0.288,0.2,0.0413717972734946,"DUSP26","AD_vs_Ctrl","D1 medium spiny neuron"
1.62417942853164e-06,-0.502494146103726,0.356,0.433,0.0483501974079584,"SIN3B","AD_vs_Ctrl","D1 medium spiny neuron"
1.16479252656933e-118,-5.76910793695198,0.011,0.307,3.46747087234423e-114,"MTND1P23","AD_vs_Ctrl","D2 medium spiny neuron"
2.99545248526929e-113,-3.50470985576413,0.083,0.417,8.91716250339815e-109,"IFI6","AD_vs_Ctrl","D2 medium spiny neuron"
1.12344404226897e-93,-7.75618631027241,0,0.226,3.3443805694305e-89,"LINC02470","AD_vs_Ctrl","D2 medium spiny neuron"
2.14924584096157e-91,1.88027632515456,0.545,0.193,6.39808994395851e-87,"NUP210L","AD_vs_Ctrl","D2 medium spiny neuron"
2.31164024747011e-87,0.681447708864048,0.866,0.709,6.88152185269378e-83,"HP1BP3","AD_vs_Ctrl","D2 medium spiny neuron"
6.15637417922417e-84,0.869694416535568,0.809,0.588,1.83269102941324e-79,"DPH6-AS1","AD_vs_Ctrl","D2 medium spiny neuron"
7.47102550094245e-83,-0.551226512047773,0.829,0.803,2.22404958137556e-78,"FGF7P3","AD_vs_Ctrl","D2 medium spiny neuron"
7.41038679630367e-80,1.01652047412509,0.76,0.537,2.20599804539164e-75,"LINC00513","AD_vs_Ctrl","D2 medium spiny neuron"
2.19501778740976e-77,1.79859083786193,0.466,0.146,6.53434845134012e-73,"DNAH11","AD_vs_Ctrl","D2 medium spiny neuron"
3.92204283225454e-72,-3.3537714154821,0.034,0.256,1.16755293073385e-67,"LINC02133","AD_vs_Ctrl","D2 medium spiny neuron"
1.50642917711564e-69,-4.68361190723754,0.016,0.21,4.48448901735556e-65,"RPL10P9","AD_vs_Ctrl","D2 medium spiny neuron"
2.93966158083303e-68,0.655890365591707,0.845,0.684,8.75107855998184e-64,"DTNBP1","AD_vs_Ctrl","D2 medium spiny neuron"
5.8595398991012e-66,1.74826666808554,0.455,0.166,1.74432643256344e-61,"OVCH1-AS1","AD_vs_Ctrl","D2 medium spiny neuron"
2.69340988058739e-65,-1.586926347948,0.401,0.636,8.0180118735206e-61,"B2M","AD_vs_Ctrl","D2 medium spiny neuron"
3.3969865437229e-65,0.890053667460572,0.757,0.523,1.01124892420087e-60,"ZNF365","AD_vs_Ctrl","D2 medium spiny neuron"
3.35279268175032e-64,0.82381762507201,0.772,0.564,9.98092853430254e-60,"GABRA5","AD_vs_Ctrl","D2 medium spiny neuron"
1.13468889476118e-62,2.65395873027614,0.306,0.061,3.37785537081455e-58,"LSAMP-AS1","AD_vs_Ctrl","D2 medium spiny neuron"
3.52261667848301e-62,1.17104637410697,0.6,0.309,1.04864775901761e-57,"RPL10","AD_vs_Ctrl","D2 medium spiny neuron"
6.0755630293759e-59,1.14002491271806,0.609,0.321,1.80863435821491e-54,"AC006387.1","AD_vs_Ctrl","D2 medium spiny neuron"
6.78112970411763e-58,0.84345158232043,0.73,0.499,2.01867450161878e-53,"LRP4","AD_vs_Ctrl","D2 medium spiny neuron"
7.03765721648863e-58,0.856610053107323,0.739,0.524,2.0950401767765e-53,"SRSF7","AD_vs_Ctrl","D2 medium spiny neuron"
2.12483655529118e-57,-1.46288844725915,0.39,0.622,6.32542594144631e-53,"APOE","AD_vs_Ctrl","D2 medium spiny neuron"
1.36704951683877e-56,1.46508972100079,0.467,0.203,4.06956970667733e-52,"DUSP19","AD_vs_Ctrl","D2 medium spiny neuron"
4.20250124693539e-55,0.502848992972863,0.873,0.747,1.2510425962002e-50,"GALNTL6","AD_vs_Ctrl","D2 medium spiny neuron"
4.23935683776731e-55,-2.79243759822369,0.074,0.281,1.26201413703495e-50,"ISG15","AD_vs_Ctrl","D2 medium spiny neuron"
9.75123088591104e-54,0.59164663516808,0.887,0.742,2.90284392242686e-49,"HSPH1","AD_vs_Ctrl","D2 medium spiny neuron"
1.64266788332196e-53,0.698920541403069,0.781,0.568,4.89005802186115e-49,"MGST1","AD_vs_Ctrl","D2 medium spiny neuron"
1.37278520798628e-52,1.36197727942363,0.502,0.256,4.08664428565435e-48,"CFAP161","AD_vs_Ctrl","D2 medium spiny neuron"
8.00941073449596e-52,1.60446412332371,0.383,0.133,2.3843214815521e-47,"LINC02281","AD_vs_Ctrl","D2 medium spiny neuron"
1.03279343036659e-51,1.0752765668231,0.571,0.305,3.07452276285831e-47,"AL136040.1","AD_vs_Ctrl","D2 medium spiny neuron"
1.13385162352689e-50,0.893183215700497,0.633,0.396,3.3753628980772e-46,"C16orf87","AD_vs_Ctrl","D2 medium spiny neuron"
1.93610805147568e-50,1.22912282024569,0.418,0.162,5.76360005843797e-46,"DNAJB1","AD_vs_Ctrl","D2 medium spiny neuron"
4.13121013607528e-50,0.678173298371273,0.785,0.575,1.22981994540825e-45,"TEKT4P2","AD_vs_Ctrl","D2 medium spiny neuron"
4.24754406953173e-50,1.05858954200448,0.567,0.299,1.2644513940589e-45,"AP000787.1","AD_vs_Ctrl","D2 medium spiny neuron"
4.78666067055004e-50,-1.38899626817195,0.402,0.616,1.42494101501604e-45,"CST3","AD_vs_Ctrl","D2 medium spiny neuron"
5.32636503480712e-50,1.08490396916913,0.543,0.279,1.58560560721173e-45,"MAK","AD_vs_Ctrl","D2 medium spiny neuron"
1.1678350583969e-49,2.20986892844775,0.363,0.139,3.47652818534172e-45,"AC105402.3","AD_vs_Ctrl","D2 medium spiny neuron"
1.34922922779152e-49,1.00475193916916,0.622,0.381,4.01652048821257e-45,"AC027288.3","AD_vs_Ctrl","D2 medium spiny neuron"
6.39394673603976e-49,0.512096339279724,0.859,0.714,1.90341400385167e-44,"WIPF3","AD_vs_Ctrl","D2 medium spiny neuron"
4.26122740878204e-48,0.969078169066544,0.606,0.361,1.26852478732032e-43,"OVCH1","AD_vs_Ctrl","D2 medium spiny neuron"
7.99241146488524e-48,0.584002766935307,0.834,0.653,2.37926096898169e-43,"SLC22A17","AD_vs_Ctrl","D2 medium spiny neuron"
5.4003026142476e-47,0.897130796508786,0.595,0.346,1.60761608523537e-42,"AC006059.1","AD_vs_Ctrl","D2 medium spiny neuron"
9.17098670975079e-46,-1.61309719810055,0.13,0.346,2.73011103362571e-41,"LINC01310","AD_vs_Ctrl","D2 medium spiny neuron"
3.86130625226952e-45,1.16508552078531,0.468,0.222,1.14947225823811e-40,"SEZ6L","AD_vs_Ctrl","D2 medium spiny neuron"
4.38429672019468e-45,0.689745594400961,0.759,0.609,1.30516129063476e-40,"PTPN13","AD_vs_Ctrl","D2 medium spiny neuron"
4.58654999003454e-44,-1.5727371339779,0.156,0.369,1.36537006653338e-39,"AC010997.3","AD_vs_Ctrl","D2 medium spiny neuron"
6.35223640221231e-44,1.51460935649407,0.351,0.127,1.89099725457458e-39,"AC011511.1","AD_vs_Ctrl","D2 medium spiny neuron"
6.8326928915891e-44,1.33919190540711,0.39,0.154,2.03402434689716e-39,"AC104827.1","AD_vs_Ctrl","D2 medium spiny neuron"
8.70528538298793e-44,0.966746626771642,0.477,0.231,2.59147640566168e-39,"HSPA8","AD_vs_Ctrl","D2 medium spiny neuron"
1.76924328212548e-43,-1.31772756490597,0.232,0.447,5.26686032655935e-39,"AC079760.1","AD_vs_Ctrl","D2 medium spiny neuron"
2.79047284031958e-43,1.04042823173315,0.524,0.271,8.30695859834735e-39,"AC093865.1","AD_vs_Ctrl","D2 medium spiny neuron"
3.1550652707926e-43,1.57592949756636,0.359,0.139,9.39231380462249e-39,"HIST1H2AC","AD_vs_Ctrl","D2 medium spiny neuron"
4.0556508679868e-43,-0.935199859123577,0.459,0.617,1.20732670689099e-38,"GOLGA8B","AD_vs_Ctrl","D2 medium spiny neuron"
4.28664618011464e-43,1.0855527935125,0.517,0.277,1.27609170135833e-38,"AL590705.1","AD_vs_Ctrl","D2 medium spiny neuron"
4.35932815819919e-43,-0.689481052797836,0.662,0.738,1.29772839941432e-38,"AQP4-AS1","AD_vs_Ctrl","D2 medium spiny neuron"
5.00327589999686e-43,2.2423555271992,0.248,0.058,1.48942520267007e-38,"AC021351.1","AD_vs_Ctrl","D2 medium spiny neuron"
9.19935166037987e-43,1.69903409439739,0.303,0.093,2.73855499577848e-38,"MRAP2","AD_vs_Ctrl","D2 medium spiny neuron"
3.48263270197313e-42,-1.08967417505879,0.464,0.615,1.03674492905038e-37,"MRPL41","AD_vs_Ctrl","D2 medium spiny neuron"
3.67560743131863e-42,0.699376710945097,0.723,0.492,1.09419157622924e-37,"CTNNA3","AD_vs_Ctrl","D2 medium spiny neuron"
1.03352774998744e-41,0.544060334736107,0.836,0.656,3.07670875893761e-37,"THY1","AD_vs_Ctrl","D2 medium spiny neuron"
1.09454393635379e-40,-0.513119195213476,0.755,0.735,3.25834784413161e-36,"TARBP1","AD_vs_Ctrl","D2 medium spiny neuron"
1.15149855225137e-40,-1.92723241163416,0.15,0.338,3.4278960401971e-36,"STAT1","AD_vs_Ctrl","D2 medium spiny neuron"
1.34879780323227e-40,0.61558395515463,0.763,0.595,4.01523618044215e-36,"CRLF3","AD_vs_Ctrl","D2 medium spiny neuron"
1.87153945761098e-40,1.0903878536649,0.494,0.273,5.57138581136212e-36,"GCNA","AD_vs_Ctrl","D2 medium spiny neuron"
3.78235821541497e-40,0.82017272756656,0.651,0.422,1.12597021714688e-35,"AC015923.1","AD_vs_Ctrl","D2 medium spiny neuron"
5.66070480347189e-40,1.01399278060098,0.52,0.291,1.68513521294555e-35,"AC058791.1","AD_vs_Ctrl","D2 medium spiny neuron"
1.40297567366047e-39,1.16326939574984,0.444,0.215,4.17651828291985e-35,"C2orf88","AD_vs_Ctrl","D2 medium spiny neuron"
2.12267951013952e-39,0.644472835728373,0.715,0.443,6.31900463373435e-35,"GRIN2A","AD_vs_Ctrl","D2 medium spiny neuron"
2.21537399039079e-39,0.912608602116777,0.542,0.324,6.59494683199436e-35,"YAE1D1","AD_vs_Ctrl","D2 medium spiny neuron"
3.52853378965714e-39,2.49259178879033,0.202,0.037,1.05040922384303e-34,"ITGA10","AD_vs_Ctrl","D2 medium spiny neuron"
4.15813138611064e-39,0.842636618275364,0.546,0.298,1.23783413233128e-34,"AC021439.1","AD_vs_Ctrl","D2 medium spiny neuron"
8.46932720767509e-39,0.998174240756118,0.517,0.295,2.5212340164528e-34,"RBM48","AD_vs_Ctrl","D2 medium spiny neuron"
1.28419379806255e-38,1.00633617472719,0.49,0.26,3.82291651745241e-34,"TDRD9","AD_vs_Ctrl","D2 medium spiny neuron"
1.79946639424262e-38,0.816622958668106,0.587,0.361,5.35683150902085e-34,"ZNF680","AD_vs_Ctrl","D2 medium spiny neuron"
2.40842973431008e-38,1.75257754621026,0.261,0.075,7.16965447606769e-34,"ZBTB20-AS5","AD_vs_Ctrl","D2 medium spiny neuron"
2.99129471540413e-38,2.08358329510859,0.245,0.068,8.90478523828655e-34,"AC104461.1","AD_vs_Ctrl","D2 medium spiny neuron"
3.93781228001038e-38,0.908672308857082,0.535,0.307,1.17224733763629e-33,"DDRGK1","AD_vs_Ctrl","D2 medium spiny neuron"
6.96862889766453e-38,0.527061514671534,0.8,0.635,2.07449113654575e-33,"RAB11A","AD_vs_Ctrl","D2 medium spiny neuron"
7.02110684434459e-38,0.852648588520329,0.581,0.353,2.09011329649294e-33,"SFMBT2","AD_vs_Ctrl","D2 medium spiny neuron"
7.26449929312753e-38,0.936625238839788,0.545,0.306,2.16256879457113e-33,"TSHR","AD_vs_Ctrl","D2 medium spiny neuron"
9.92391696460495e-38,1.38694831143044,0.339,0.132,2.95425084119325e-33,"RUNX2","AD_vs_Ctrl","D2 medium spiny neuron"
9.92930466775161e-38,1.42487163713084,0.298,0.1,2.95585470654298e-33,"GDNF-AS1","AD_vs_Ctrl","D2 medium spiny neuron"
2.87745681726001e-37,0.934233441789347,0.467,0.243,8.56590119930133e-33,"MRPS16","AD_vs_Ctrl","D2 medium spiny neuron"
4.35082789572404e-37,0.602662860219403,0.745,0.561,1.29519795627809e-32,"ANKRD34B","AD_vs_Ctrl","D2 medium spiny neuron"
2.02012895591217e-36,0.523956232379614,0.778,0.63,6.01372188885495e-32,"DTWD1","AD_vs_Ctrl","D2 medium spiny neuron"
3.42438896924495e-36,1.24680616187262,0.381,0.17,1.01940635225453e-31,"C9orf84","AD_vs_Ctrl","D2 medium spiny neuron"
5.04913115378434e-36,1.7334866027892,0.27,0.089,1.50307585317006e-31,"AL139147.1","AD_vs_Ctrl","D2 medium spiny neuron"
3.90200723658889e-35,0.855709085259014,0.564,0.34,1.16158853426015e-30,"AC012404.1","AD_vs_Ctrl","D2 medium spiny neuron"
4.7749565836925e-35,0.897786135991214,0.524,0.312,1.42145682539942e-30,"HERC2P9","AD_vs_Ctrl","D2 medium spiny neuron"
4.80508649019915e-35,0.561173333139084,0.765,0.584,1.43042619726738e-30,"SLF1","AD_vs_Ctrl","D2 medium spiny neuron"
5.29088976465936e-35,-1.27029795648359,0.204,0.397,1.57504497404145e-30,"AC127164.1","AD_vs_Ctrl","D2 medium spiny neuron"
1.8208380416182e-34,1.76561466214068,0.253,0.08,5.42045276609323e-30,"AC004448.4","AD_vs_Ctrl","D2 medium spiny neuron"
3.33301550309096e-34,0.66603166803944,0.667,0.466,9.92205385115147e-30,"ZBTB1","AD_vs_Ctrl","D2 medium spiny neuron"
4.70935011733932e-34,0.844442117666615,0.534,0.31,1.40192643643074e-29,"AC090709.1","AD_vs_Ctrl","D2 medium spiny neuron"
5.09746820228834e-34,1.29461902644359,0.339,0.146,1.51746530913922e-29,"SNX31","AD_vs_Ctrl","D2 medium spiny neuron"
7.38921764148939e-34,0.589674187457503,0.746,0.564,2.19969619969498e-29,"MPDZ","AD_vs_Ctrl","D2 medium spiny neuron"
9.99788203772837e-34,0.546884552802991,0.807,0.606,2.97626950381136e-29,"PDE5A","AD_vs_Ctrl","D2 medium spiny neuron"
1.07314476797778e-33,1.19520596501506,0.4,0.196,3.19464465979306e-29,"CACNA2D3-AS1","AD_vs_Ctrl","D2 medium spiny neuron"
1.20852380539686e-33,-1.10244819919383,0.34,0.527,3.5976545162859e-29,"CIRBP","AD_vs_Ctrl","D2 medium spiny neuron"
2.15472145827825e-33,-1.80709665389784,0.076,0.23,6.41439030914853e-29,"AC013460.1","AD_vs_Ctrl","D2 medium spiny neuron"
4.13049371251765e-33,1.33013605913257,0.289,0.107,1.22960667327938e-28,"GLRA3","AD_vs_Ctrl","D2 medium spiny neuron"
5.42442763040872e-33,2.06789832280118,0.208,0.053,1.61479786129637e-28,"DCDC2C","AD_vs_Ctrl","D2 medium spiny neuron"
5.54852446924951e-33,0.50390771147265,0.78,0.634,1.65174024925089e-28,"RNPC3","AD_vs_Ctrl","D2 medium spiny neuron"
5.66309428318019e-33,-1.64684274567302,0.111,0.277,1.68584653715991e-28,"MAP1LC3B2","AD_vs_Ctrl","D2 medium spiny neuron"
5.75816016935347e-33,0.697623524952405,0.635,0.432,1.71414670081483e-28,"FAM133B","AD_vs_Ctrl","D2 medium spiny neuron"
6.71453826229146e-33,0.534807918144883,0.73,0.542,1.99885089530155e-28,"SCG2","AD_vs_Ctrl","D2 medium spiny neuron"
7.06781316180341e-33,0.876074000364834,0.497,0.285,2.10401730013726e-28,"AL357055.3","AD_vs_Ctrl","D2 medium spiny neuron"
8.26153116824495e-33,0.764111954184303,0.588,0.381,2.45937521347484e-28,"FAM92A","AD_vs_Ctrl","D2 medium spiny neuron"
1.17056963846075e-32,0.988653059474517,0.426,0.225,3.48466875673382e-28,"AC016723.1","AD_vs_Ctrl","D2 medium spiny neuron"
4.40497256316841e-32,0.901418166297593,0.486,0.274,1.3113162823296e-27,"KATNAL2","AD_vs_Ctrl","D2 medium spiny neuron"
1.27614004675989e-31,1.05217990096969,0.402,0.203,3.79894130519953e-27,"SLC5A4-AS1","AD_vs_Ctrl","D2 medium spiny neuron"
2.76328639230537e-31,1.33432958280587,0.278,0.1,8.22602726125387e-27,"DEFB109A","AD_vs_Ctrl","D2 medium spiny neuron"
3.48629553764604e-31,0.622519191450026,0.687,0.506,1.03783531860185e-26,"ASPHD2","AD_vs_Ctrl","D2 medium spiny neuron"
4.1666526138561e-31,1.30726212689762,0.3,0.122,1.24037081661882e-26,"PIGP","AD_vs_Ctrl","D2 medium spiny neuron"
7.02088566082759e-31,0.777991953086007,0.514,0.301,2.09004745237177e-26,"AC019197.1","AD_vs_Ctrl","D2 medium spiny neuron"
9.20530453140455e-31,1.18558288345459,0.344,0.16,2.74032710595382e-26,"TUBBP5","AD_vs_Ctrl","D2 medium spiny neuron"
1.00842262167132e-30,1.3796110127713,0.255,0.088,3.00197330245337e-26,"AC007192.2","AD_vs_Ctrl","D2 medium spiny neuron"
1.01851498879887e-30,0.77879769051692,0.614,0.426,3.03201727015536e-26,"AP000769.1","AD_vs_Ctrl","D2 medium spiny neuron"
1.07630874148815e-30,0.697396008031258,0.611,0.423,3.20406349253608e-26,"LINC01902","AD_vs_Ctrl","D2 medium spiny neuron"
1.08581575687863e-30,0.854752165509015,0.471,0.27,3.23236492665199e-26,"LINC00862","AD_vs_Ctrl","D2 medium spiny neuron"
1.21248535493918e-30,0.926796223090145,0.406,0.207,3.60944765311843e-26,"AP000462.1","AD_vs_Ctrl","D2 medium spiny neuron"
2.10142909999431e-30,0.946593517397212,0.447,0.254,6.25574428777305e-26,"NFKBIZ","AD_vs_Ctrl","D2 medium spiny neuron"
2.4919945927999e-30,1.3816984507032,0.306,0.129,7.41841870330602e-26,"DLGAP1-AS5","AD_vs_Ctrl","D2 medium spiny neuron"
2.71272781756367e-30,0.778306188481149,0.52,0.322,8.0755194401053e-26,"SLC38A2","AD_vs_Ctrl","D2 medium spiny neuron"
2.92698503286074e-30,0.879877375069637,0.497,0.297,8.71334174432313e-26,"AC130650.1","AD_vs_Ctrl","D2 medium spiny neuron"
5.3165989134309e-30,1.13273723830298,0.36,0.173,1.58269833053925e-25,"TMEM202-AS1","AD_vs_Ctrl","D2 medium spiny neuron"
7.71124922446478e-30,1.10026148688884,0.337,0.152,2.29556178163092e-25,"AC131571.1","AD_vs_Ctrl","D2 medium spiny neuron"
1.00387607182184e-29,-0.892321156526638,0.402,0.545,2.98843867820644e-25,"AC011474.1","AD_vs_Ctrl","D2 medium spiny neuron"
1.32708058073989e-29,0.97458626544515,0.409,0.212,3.95058618080457e-25,"TLL1","AD_vs_Ctrl","D2 medium spiny neuron"
1.94148442150869e-29,1.32466958673961,0.297,0.124,5.77960497438922e-25,"NDUFV2-AS1","AD_vs_Ctrl","D2 medium spiny neuron"
2.10716031528089e-29,0.649686374730383,0.658,0.464,6.27280554255969e-25,"FAM182B","AD_vs_Ctrl","D2 medium spiny neuron"
2.58903447770991e-29,1.20669089792911,0.305,0.128,7.70729673669463e-25,"AL160314.2","AD_vs_Ctrl","D2 medium spiny neuron"
2.77763055613181e-29,1.10963996451645,0.374,0.189,8.26872840254878e-25,"GML","AD_vs_Ctrl","D2 medium spiny neuron"
3.83035009298343e-29,0.704836937678702,0.517,0.306,1.14025691918024e-24,"GRK3","AD_vs_Ctrl","D2 medium spiny neuron"
3.99944093815385e-29,0.590463627829513,0.692,0.486,1.19059357287902e-24,"SLC8A1-AS1","AD_vs_Ctrl","D2 medium spiny neuron"
5.69486287950861e-29,0.572799163353957,0.714,0.528,1.69530373060092e-24,"AL138828.1","AD_vs_Ctrl","D2 medium spiny neuron"
6.15664617813229e-29,0.523896352055255,0.729,0.541,1.8327720007682e-24,"AL117190.2","AD_vs_Ctrl","D2 medium spiny neuron"
7.90676714308513e-29,0.86315809709239,0.512,0.322,2.35376551082501e-24,"ADAMTSL1","AD_vs_Ctrl","D2 medium spiny neuron"
8.74082113239008e-29,-0.582584496266172,0.71,0.697,2.6020550429012e-24,"LINC01481","AD_vs_Ctrl","D2 medium spiny neuron"
9.69124115265334e-29,0.913501651536358,0.471,0.279,2.88498557873337e-24,"PLCH1","AD_vs_Ctrl","D2 medium spiny neuron"
1.00482641639047e-28,0.523425275510176,0.72,0.546,2.9912677589528e-24,"AC139887.2","AD_vs_Ctrl","D2 medium spiny neuron"
1.19057999646958e-28,1.5918231119812,0.217,0.068,3.54423759149029e-24,"AP001439.1","AD_vs_Ctrl","D2 medium spiny neuron"
2.19665268187397e-28,0.535740014209304,0.679,0.509,6.53921536867062e-24,"GPR12","AD_vs_Ctrl","D2 medium spiny neuron"
2.53844629433195e-28,0.568477867695844,0.691,0.502,7.55670077359677e-24,"AC069437.1","AD_vs_Ctrl","D2 medium spiny neuron"
2.75198063747459e-28,0.598394653154267,0.642,0.452,8.1923711596981e-24,"ARID5B","AD_vs_Ctrl","D2 medium spiny neuron"
3.91591866350864e-28,0.936400584103391,0.4,0.213,1.16572982693989e-23,"JAZF1-AS1","AD_vs_Ctrl","D2 medium spiny neuron"
7.0938780178634e-28,1.4083480976858,0.297,0.131,2.11177654713776e-23,"ANP32AP1","AD_vs_Ctrl","D2 medium spiny neuron"
8.02846526468094e-28,0.508659725361511,0.691,0.527,2.38999382464287e-23,"SRSF5","AD_vs_Ctrl","D2 medium spiny neuron"
9.84342955823351e-28,-1.95580300353101,0.089,0.228,2.93029054519053e-23,"VIM","AD_vs_Ctrl","D2 medium spiny neuron"
1.06356634346459e-27,1.36853887804976,0.251,0.095,3.16613064785974e-23,"AL049869.3","AD_vs_Ctrl","D2 medium spiny neuron"
1.36140733549602e-27,0.891379686943858,0.428,0.239,4.0527734970381e-23,"AC010275.1","AD_vs_Ctrl","D2 medium spiny neuron"
1.58095751706972e-27,1.06774128610652,0.352,0.171,4.70635243256486e-23,"DLGAP1-AS4","AD_vs_Ctrl","D2 medium spiny neuron"
2.13233417636263e-27,0.736114851032176,0.517,0.323,6.34774560961391e-23,"FAM13C","AD_vs_Ctrl","D2 medium spiny neuron"
2.45098124327508e-27,0.721025928538694,0.506,0.313,7.2963260631056e-23,"SNAP23","AD_vs_Ctrl","D2 medium spiny neuron"
2.5993155137125e-27,0.731815365081853,0.559,0.372,7.73790235277073e-23,"HOOK2","AD_vs_Ctrl","D2 medium spiny neuron"
3.10928272226425e-27,0.549135843387229,0.681,0.506,9.25602373590844e-23,"IP6K2","AD_vs_Ctrl","D2 medium spiny neuron"
3.33214719793624e-27,0.854967009975062,0.459,0.273,9.9194689935364e-23,"TMEM35A","AD_vs_Ctrl","D2 medium spiny neuron"
3.33970518781197e-27,0.754093812711339,0.556,0.373,9.94196837359744e-23,"AC107398.3","AD_vs_Ctrl","D2 medium spiny neuron"
3.40129326394743e-27,0.796977235264064,0.497,0.3,1.01253099174451e-22,"AC069228.1","AD_vs_Ctrl","D2 medium spiny neuron"
3.51716984518242e-27,0.695769284430596,0.556,0.365,1.04702629121235e-22,"ZNF493","AD_vs_Ctrl","D2 medium spiny neuron"
5.03930741166571e-27,0.543262123483871,0.649,0.459,1.50015142337876e-22,"CNTNAP4","AD_vs_Ctrl","D2 medium spiny neuron"
6.04273127907026e-27,0.716471565434022,0.543,0.353,1.79886067446643e-22,"ANKUB1","AD_vs_Ctrl","D2 medium spiny neuron"
7.2448970313552e-27,1.06602778286072,0.363,0.19,2.15673339726413e-22,"AC217777.1","AD_vs_Ctrl","D2 medium spiny neuron"
9.72473132484739e-27,-1.05727626621358,0.325,0.47,2.89495526809382e-22,"LINC01588","AD_vs_Ctrl","D2 medium spiny neuron"
1.12753739150754e-26,1.29517420724008,0.297,0.135,3.35656606077879e-22,"OLMALINC","AD_vs_Ctrl","D2 medium spiny neuron"
1.15950634958996e-26,1.36655603587318,0.25,0.095,3.45173445209436e-22,"OR2H2","AD_vs_Ctrl","D2 medium spiny neuron"
1.73725006144851e-26,0.724109081677332,0.584,0.4,5.17161970792607e-22,"AL450384.2","AD_vs_Ctrl","D2 medium spiny neuron"
2.04905202224039e-26,-1.06845427379442,0.222,0.382,6.09982296500743e-22,"NCAN","AD_vs_Ctrl","D2 medium spiny neuron"
2.680329322374e-26,0.928662437627783,0.429,0.251,7.97907235977515e-22,"PCDH8","AD_vs_Ctrl","D2 medium spiny neuron"
2.83544331813679e-26,-1.07625964219026,0.28,0.44,8.44083121376141e-22,"NOXA1","AD_vs_Ctrl","D2 medium spiny neuron"
2.99549394549727e-26,0.808528775643532,0.469,0.279,8.91728592635081e-22,"AC022146.2","AD_vs_Ctrl","D2 medium spiny neuron"
3.07738234377607e-26,1.11512035431559,0.343,0.174,9.16105949918699e-22,"MSH4","AD_vs_Ctrl","D2 medium spiny neuron"
3.12356379482095e-26,0.826309024632128,0.454,0.264,9.29853706080248e-22,"AC008267.3","AD_vs_Ctrl","D2 medium spiny neuron"
3.31397795242526e-26,0.790454548750285,0.411,0.229,9.86538096657476e-22,"HSPA5","AD_vs_Ctrl","D2 medium spiny neuron"
3.73557499879886e-26,-1.13146993919359,0.151,0.312,1.11204332139243e-21,"AC115622.1","AD_vs_Ctrl","D2 medium spiny neuron"
8.8072425908401e-26,1.2222387256169,0.294,0.135,2.62182804686719e-21,"AC096576.3","AD_vs_Ctrl","D2 medium spiny neuron"
1.08718633594111e-25,-1.52801743287831,0.212,0.358,3.23644500346308e-21,"MX1","AD_vs_Ctrl","D2 medium spiny neuron"
1.31285134749249e-25,-1.29702792505717,0.147,0.3,3.90822717635039e-21,"IKBKE","AD_vs_Ctrl","D2 medium spiny neuron"
1.64663902771918e-25,0.696916609021803,0.497,0.299,4.90187972161724e-21,"P2RY14","AD_vs_Ctrl","D2 medium spiny neuron"
1.96595969731805e-25,0.755394986143608,0.49,0.309,5.8524654229461e-21,"AC004540.1","AD_vs_Ctrl","D2 medium spiny neuron"
2.03374504074432e-25,0.51692477791465,0.699,0.542,6.05425561179177e-21,"FGFR1OP2","AD_vs_Ctrl","D2 medium spiny neuron"
2.09896710130113e-25,0.755926997332752,0.527,0.367,6.24841516386334e-21,"CHORDC1","AD_vs_Ctrl","D2 medium spiny neuron"
2.56211254936261e-25,0.747688463159442,0.485,0.293,7.62715284819754e-21,"AP000311.1","AD_vs_Ctrl","D2 medium spiny neuron"
2.8441722572129e-25,1.26407233340844,0.28,0.122,8.46681639249707e-21,"AP001442.1","AD_vs_Ctrl","D2 medium spiny neuron"
3.31149755758539e-25,1.12961924258172,0.321,0.154,9.85799707917595e-21,"AL158801.3","AD_vs_Ctrl","D2 medium spiny neuron"
5.20151568621831e-25,0.986935515038142,0.342,0.168,1.54843920463033e-20,"AC096576.2","AD_vs_Ctrl","D2 medium spiny neuron"
5.2680839224677e-25,1.40830476378873,0.27,0.12,1.56825590287941e-20,"PAX8-AS1","AD_vs_Ctrl","D2 medium spiny neuron"
6.06910323672985e-25,0.634201873097981,0.473,0.285,1.80671134254211e-20,"OTUD6B-AS1","AD_vs_Ctrl","D2 medium spiny neuron"
6.70350193575794e-25,0.606106662108612,0.538,0.346,1.99556549125578e-20,"GABRA1","AD_vs_Ctrl","D2 medium spiny neuron"
7.47277237959132e-25,0.685761307674571,0.588,0.41,2.22456960968054e-20,"AP001831.1","AD_vs_Ctrl","D2 medium spiny neuron"
9.36640344309207e-25,1.16535014940674,0.309,0.149,2.78828464097408e-20,"AP001011.1","AD_vs_Ctrl","D2 medium spiny neuron"
1.18818095741062e-24,1.12709669701014,0.348,0.185,3.53709589211568e-20,"PAWR","AD_vs_Ctrl","D2 medium spiny neuron"
1.2698639137738e-24,0.875283545142351,0.397,0.225,3.78025788491322e-20,"RPP38","AD_vs_Ctrl","D2 medium spiny neuron"
1.30135166347213e-24,1.11512280489851,0.347,0.185,3.87399376699019e-20,"ARHGAP6","AD_vs_Ctrl","D2 medium spiny neuron"
1.37008319602268e-24,0.64993554914689,0.499,0.314,4.07860066623991e-20,"RPS29","AD_vs_Ctrl","D2 medium spiny neuron"
1.49322649154933e-24,0.706429271889866,0.538,0.368,4.44518594269321e-20,"DNAJA1","AD_vs_Ctrl","D2 medium spiny neuron"
1.60090129300854e-24,0.506854663493437,0.683,0.514,4.76572305915712e-20,"ARMCX5-GPRASP2","AD_vs_Ctrl","D2 medium spiny neuron"
1.64260930636236e-24,1.25953065038223,0.312,0.154,4.88988364411011e-20,"EYA4","AD_vs_Ctrl","D2 medium spiny neuron"
1.64956315827947e-24,0.612437294952336,0.551,0.375,4.91058456588215e-20,"PGM2L1","AD_vs_Ctrl","D2 medium spiny neuron"
1.76990952407747e-24,-1.11761109729118,0.229,0.381,5.26884366222621e-20,"STARD4-AS1","AD_vs_Ctrl","D2 medium spiny neuron"
1.89210006969709e-24,-0.865318690470316,0.362,0.505,5.63259269748127e-20,"GOLT1B","AD_vs_Ctrl","D2 medium spiny neuron"
2.60503607480284e-24,0.514711493659182,0.684,0.516,7.75493189108056e-20,"PCMTD2","AD_vs_Ctrl","D2 medium spiny neuron"
2.67554795672246e-24,0.949591370665206,0.341,0.172,7.9648387123671e-20,"AC010168.1","AD_vs_Ctrl","D2 medium spiny neuron"
3.07445126307979e-24,-1.7058288742894,0.145,0.285,9.15233396506222e-20,"HLA-A","AD_vs_Ctrl","D2 medium spiny neuron"
3.388281515554e-24,0.670352000988499,0.546,0.368,1.00865752436527e-19,"AP002370.2","AD_vs_Ctrl","D2 medium spiny neuron"
4.26051912679767e-24,1.13353220865379,0.258,0.107,1.2683139388564e-19,"AL024508.1","AD_vs_Ctrl","D2 medium spiny neuron"
4.42998011938401e-24,0.602544849673752,0.612,0.46,1.31876078173943e-19,"PTGES3","AD_vs_Ctrl","D2 medium spiny neuron"
5.10655867473344e-24,0.943187110530248,0.359,0.195,1.5201714518814e-19,"ADAL","AD_vs_Ctrl","D2 medium spiny neuron"
5.18315360208187e-24,0.671317433445171,0.555,0.379,1.54297299580375e-19,"COL24A1","AD_vs_Ctrl","D2 medium spiny neuron"
7.27257112774437e-24,1.02458294909101,0.312,0.153,2.16497169901822e-19,"KIZ-AS1","AD_vs_Ctrl","D2 medium spiny neuron"
8.64313499873613e-24,0.562575880746964,0.598,0.405,2.57297485777376e-19,"KCNT1","AD_vs_Ctrl","D2 medium spiny neuron"
1.37733782221814e-23,1.12271640333193,0.297,0.143,4.10019696296118e-19,"HTR5A-AS1","AD_vs_Ctrl","D2 medium spiny neuron"
1.70125883037106e-23,-1.55112653664625,0.173,0.317,5.06447741213162e-19,"GFAP","AD_vs_Ctrl","D2 medium spiny neuron"
1.95503993668305e-23,0.581439365218917,0.6,0.424,5.81995838751177e-19,"CRELD1","AD_vs_Ctrl","D2 medium spiny neuron"
2.05275506739571e-23,0.662120683266201,0.511,0.336,6.1108465601303e-19,"PHF6","AD_vs_Ctrl","D2 medium spiny neuron"
2.20003115026651e-23,0.708185061156642,0.433,0.255,6.54927273122839e-19,"CACYBP","AD_vs_Ctrl","D2 medium spiny neuron"
2.43997554740794e-23,0.843408490605862,0.327,0.162,7.2635632070787e-19,"FLJ20021","AD_vs_Ctrl","D2 medium spiny neuron"
2.98811432885737e-23,0.848802691727497,0.408,0.238,8.89531754557552e-19,"PROS1","AD_vs_Ctrl","D2 medium spiny neuron"
3.02075894004386e-23,0.534073606468247,0.733,0.607,8.99249728861657e-19,"AP001347.1","AD_vs_Ctrl","D2 medium spiny neuron"
4.76307832639815e-23,0.620860717300677,0.551,0.37,1.41792078698546e-18,"YPEL3","AD_vs_Ctrl","D2 medium spiny neuron"
4.85860893437735e-23,-0.655041269532656,0.549,0.615,1.44635929367479e-18,"AL136317.2","AD_vs_Ctrl","D2 medium spiny neuron"
4.8748179924447e-23,0.749687940784825,0.449,0.271,1.45118456817086e-18,"AC023590.1","AD_vs_Ctrl","D2 medium spiny neuron"
5.19666057373784e-23,0.545966163117102,0.611,0.435,1.54699388619602e-18,"GPR75-ASB3","AD_vs_Ctrl","D2 medium spiny neuron"
5.41993597158741e-23,0.507143070288242,0.642,0.468,1.61346073938186e-18,"HRH3","AD_vs_Ctrl","D2 medium spiny neuron"
5.47622191130662e-23,1.48183085863028,0.211,0.08,1.63021650077687e-18,"AC103770.1","AD_vs_Ctrl","D2 medium spiny neuron"
5.87803641774687e-23,0.570085822743053,0.613,0.449,1.74983266119907e-18,"NXPE3","AD_vs_Ctrl","D2 medium spiny neuron"
6.68411902616893e-23,1.00124134717924,0.306,0.15,1.98979539290023e-18,"NREP","AD_vs_Ctrl","D2 medium spiny neuron"
7.2258392213658e-23,0.704529490791028,0.48,0.297,2.15106007780839e-18,"AL390783.1","AD_vs_Ctrl","D2 medium spiny neuron"
7.84218566414462e-23,0.826470023609549,0.4,0.23,2.33454025035921e-18,"HCN1","AD_vs_Ctrl","D2 medium spiny neuron"
9.19023861776685e-23,0.639337428251485,0.516,0.337,2.73584213412301e-18,"C12orf40","AD_vs_Ctrl","D2 medium spiny neuron"
9.24861565333436e-23,1.06913320228032,0.346,0.189,2.75322039384111e-18,"PCDH9-AS2","AD_vs_Ctrl","D2 medium spiny neuron"
1.11531337582718e-22,0.619971329305424,0.543,0.365,3.32017638849992e-18,"FAM84A","AD_vs_Ctrl","D2 medium spiny neuron"
1.16725665533815e-22,-1.4873143499706,0.108,0.237,3.47480633727613e-18,"AC092979.1","AD_vs_Ctrl","D2 medium spiny neuron"
1.27614443786124e-22,-0.954328932768858,0.3,0.437,3.79895437706911e-18,"LINC01277","AD_vs_Ctrl","D2 medium spiny neuron"
1.27895935137781e-22,0.680224716532151,0.508,0.333,3.80733409311659e-18,"LINC02198","AD_vs_Ctrl","D2 medium spiny neuron"
1.32318255438294e-22,0.639394122210434,0.529,0.358,3.93898214614257e-18,"CARHSP1","AD_vs_Ctrl","D2 medium spiny neuron"
1.62138511829097e-22,0.507615692342636,0.661,0.513,4.82670135864039e-18,"PUS7L","AD_vs_Ctrl","D2 medium spiny neuron"
1.8337104898012e-22,0.965725961362608,0.338,0.179,5.4587727570892e-18,"L3MBTL3","AD_vs_Ctrl","D2 medium spiny neuron"
1.84859386446152e-22,0.960385518830691,0.368,0.204,5.50307907511551e-18,"BBOX1-AS1","AD_vs_Ctrl","D2 medium spiny neuron"
2.15665162407848e-22,0.635713459233316,0.558,0.371,6.42013621971923e-18,"XRRA1","AD_vs_Ctrl","D2 medium spiny neuron"
2.25115490777443e-22,0.994387799842441,0.332,0.174,6.70146304495369e-18,"NEAT1","AD_vs_Ctrl","D2 medium spiny neuron"
2.38813916623029e-22,0.529015871473375,0.562,0.381,7.10925148395096e-18,"H2AFZ","AD_vs_Ctrl","D2 medium spiny neuron"
2.47586603956146e-22,-1.94694784531461,0.094,0.216,7.37040561317051e-18,"AQP4","AD_vs_Ctrl","D2 medium spiny neuron"
2.85490188961846e-22,0.62280143739434,0.537,0.364,8.4987574352052e-18,"DSE","AD_vs_Ctrl","D2 medium spiny neuron"
3.13256232449948e-22,1.52521825847251,0.203,0.076,9.32532478380249e-18,"Z99774.1","AD_vs_Ctrl","D2 medium spiny neuron"
3.69009052858559e-22,0.752101425499668,0.465,0.303,1.09850304945464e-17,"RBM14-RBM4","AD_vs_Ctrl","D2 medium spiny neuron"
4.09756804025647e-22,0.583603633879927,0.585,0.415,1.21980502990395e-17,"ABCD4","AD_vs_Ctrl","D2 medium spiny neuron"
4.28469716493331e-22,0.687896399739242,0.499,0.329,1.275511499029e-17,"AC108062.1","AD_vs_Ctrl","D2 medium spiny neuron"
4.52783117938186e-22,1.17693956298985,0.244,0.106,1.34789006379019e-17,"AC009060.1","AD_vs_Ctrl","D2 medium spiny neuron"
4.67431570535053e-22,-1.56820108852426,0.102,0.225,1.3914970423258e-17,"DNAH8","AD_vs_Ctrl","D2 medium spiny neuron"
4.85970248877111e-22,0.8380748542067,0.383,0.224,1.44668483388227e-17,"TMEM242","AD_vs_Ctrl","D2 medium spiny neuron"
4.96152800570922e-22,0.882661017592598,0.362,0.2,1.47699727201958e-17,"ABHD3","AD_vs_Ctrl","D2 medium spiny neuron"
5.9065703911738e-22,0.752414762654311,0.422,0.255,1.75832693974853e-17,"RHBDL2","AD_vs_Ctrl","D2 medium spiny neuron"
6.197767194822e-22,0.82160422420833,0.363,0.205,1.84501331622656e-17,"HEATR6","AD_vs_Ctrl","D2 medium spiny neuron"
7.14527747039185e-22,1.26304365366918,0.211,0.081,2.12707765016095e-17,"IGSF10","AD_vs_Ctrl","D2 medium spiny neuron"
7.50089554645155e-22,1.31510229536115,0.2,0.072,2.23294159522316e-17,"AC110597.3","AD_vs_Ctrl","D2 medium spiny neuron"
7.7301565428522e-22,0.620471488242994,0.569,0.409,2.30119030124167e-17,"SCIN","AD_vs_Ctrl","D2 medium spiny neuron"
8.52293782875051e-22,0.692924498900402,0.513,0.342,2.53719336224074e-17,"AC018816.1","AD_vs_Ctrl","D2 medium spiny neuron"
9.20879911738182e-22,1.06564060503368,0.289,0.143,2.74136740925339e-17,"AL359317.2","AD_vs_Ctrl","D2 medium spiny neuron"
9.5354395697478e-22,-1.28140494164146,0.26,0.404,2.83860500551822e-17,"SPARCL1","AD_vs_Ctrl","D2 medium spiny neuron"
1.16338664864872e-21,-1.5515348315542,0.083,0.201,3.46328571436237e-17,"ADAMTS8","AD_vs_Ctrl","D2 medium spiny neuron"
1.27111323529186e-21,0.606697833940283,0.515,0.35,3.78397699014034e-17,"DTX3","AD_vs_Ctrl","D2 medium spiny neuron"
1.34586980858273e-21,0.804071525829531,0.417,0.247,4.00651983316992e-17,"GFRA1","AD_vs_Ctrl","D2 medium spiny neuron"
1.65598122324975e-21,0.570346499150941,0.538,0.366,4.92969050349217e-17,"VOPP1","AD_vs_Ctrl","D2 medium spiny neuron"
2.09626772848171e-21,0.997717708796297,0.311,0.158,6.24037940091719e-17,"AC008534.1","AD_vs_Ctrl","D2 medium spiny neuron"
2.0971132388298e-21,1.10612301943069,0.29,0.143,6.24289640067243e-17,"AC008731.1","AD_vs_Ctrl","D2 medium spiny neuron"
2.85668324200392e-21,0.841497308110392,0.327,0.172,8.50406034312148e-17,"COL1A1","AD_vs_Ctrl","D2 medium spiny neuron"
3.27681310498183e-21,0.799840559935808,0.374,0.215,9.7547449322204e-17,"SS18L2","AD_vs_Ctrl","D2 medium spiny neuron"
3.59338682625706e-21,0.956288974810106,0.334,0.182,1.06971532430846e-16,"AC025580.2","AD_vs_Ctrl","D2 medium spiny neuron"
4.45552911782759e-21,0.881743582664682,0.353,0.194,1.32636646308609e-16,"TUBA1C","AD_vs_Ctrl","D2 medium spiny neuron"
4.81006571261105e-21,0.814574306056333,0.374,0.21,1.43190846198718e-16,"AC211433.1","AD_vs_Ctrl","D2 medium spiny neuron"
4.8665214381485e-21,0.932662167818973,0.363,0.211,1.44871476692243e-16,"AC131009.2","AD_vs_Ctrl","D2 medium spiny neuron"
4.89045906207534e-21,-1.25262074238234,0.119,0.248,1.45584075818921e-16,"AC068722.1","AD_vs_Ctrl","D2 medium spiny neuron"
5.11265776703736e-21,0.779958594425315,0.31,0.154,1.52198709066935e-16,"RPS3AP6","AD_vs_Ctrl","D2 medium spiny neuron"
5.32570268986554e-21,0.792836352282378,0.385,0.218,1.58540843374607e-16,"MKRN2OS","AD_vs_Ctrl","D2 medium spiny neuron"
6.13683767462084e-21,-0.926467003404927,0.219,0.373,1.82687520735788e-16,"LINC01359","AD_vs_Ctrl","D2 medium spiny neuron"
6.18335872110907e-21,1.18486642698261,0.27,0.131,1.84072405768696e-16,"ZNF658B","AD_vs_Ctrl","D2 medium spiny neuron"
6.53917612290764e-21,0.597091614150114,0.538,0.373,1.94664734002837e-16,"MFSD13B","AD_vs_Ctrl","D2 medium spiny neuron"
6.66431381798826e-21,0.501855566184205,0.59,0.416,1.98389958047693e-16,"CCDC65","AD_vs_Ctrl","D2 medium spiny neuron"
7.11313666659546e-21,0.818370887509055,0.402,0.244,2.1175096542788e-16,"ITFG2-AS1","AD_vs_Ctrl","D2 medium spiny neuron"
7.71318514509025e-21,0.837444001622194,0.306,0.157,2.29613808584192e-16,"AC010632.1","AD_vs_Ctrl","D2 medium spiny neuron"
8.17132728218206e-21,0.65403884638688,0.506,0.34,2.43252241863278e-16,"AC002429.2","AD_vs_Ctrl","D2 medium spiny neuron"
9.34251960248113e-21,0.666957035368779,0.494,0.324,2.78117466046261e-16,"AC103974.1","AD_vs_Ctrl","D2 medium spiny neuron"
9.90332382564697e-21,0.885871269918338,0.294,0.146,2.94812046965685e-16,"AP003469.4","AD_vs_Ctrl","D2 medium spiny neuron"
9.91597666282503e-21,0.851337124328551,0.318,0.166,2.95188709275638e-16,"POLE2","AD_vs_Ctrl","D2 medium spiny neuron"
1.26532189603037e-20,0.564569985624101,0.553,0.37,3.76673675229281e-16,"TMTC2","AD_vs_Ctrl","D2 medium spiny neuron"
1.37543946495606e-20,0.555197611638599,0.582,0.408,4.09454574322768e-16,"PDSS2","AD_vs_Ctrl","D2 medium spiny neuron"
1.42548594790112e-20,0.767602024789703,0.443,0.285,4.24352911830685e-16,"AC244669.1","AD_vs_Ctrl","D2 medium spiny neuron"
1.60425765976803e-20,0.721858398285119,0.391,0.229,4.77571462736344e-16,"FAM227B","AD_vs_Ctrl","D2 medium spiny neuron"
1.68115921308226e-20,1.2414764890546,0.228,0.098,5.00464286142457e-16,"AC005009.2","AD_vs_Ctrl","D2 medium spiny neuron"
2.44470680761545e-20,0.709628219431733,0.422,0.262,7.27764769559044e-16,"AC073167.1","AD_vs_Ctrl","D2 medium spiny neuron"
2.48459923605945e-20,1.21139039974356,0.225,0.097,7.39640346582537e-16,"AC092683.2","AD_vs_Ctrl","D2 medium spiny neuron"
2.90201593038985e-20,0.581113346082007,0.565,0.396,8.63901122317754e-16,"TBC1D8","AD_vs_Ctrl","D2 medium spiny neuron"
2.98900219528502e-20,0.625991299877259,0.486,0.307,8.89796063514397e-16,"JAM2","AD_vs_Ctrl","D2 medium spiny neuron"
3.58622015774119e-20,0.975485583322671,0.208,0.08,1.06758187875797e-15,"GPR22","AD_vs_Ctrl","D2 medium spiny neuron"
4.35389583485707e-20,-1.23847041151986,0.09,0.208,1.2961112510786e-15,"AL353626.3","AD_vs_Ctrl","D2 medium spiny neuron"
4.85007839877859e-20,1.07237878163004,0.279,0.144,1.4438198385324e-15,"AC019068.1","AD_vs_Ctrl","D2 medium spiny neuron"
5.05199613130564e-20,0.66024767323837,0.503,0.346,1.50392872832838e-15,"NEIL1","AD_vs_Ctrl","D2 medium spiny neuron"
5.67467307475827e-20,0.650152449682655,0.501,0.342,1.68929342762479e-15,"DNASE1","AD_vs_Ctrl","D2 medium spiny neuron"
5.72422186602093e-20,1.08188921315755,0.332,0.189,1.70404360729577e-15,"KCTD4","AD_vs_Ctrl","D2 medium spiny neuron"
6.1894802542592e-20,0.532008052462477,0.594,0.432,1.84254637689042e-15,"SPECC1","AD_vs_Ctrl","D2 medium spiny neuron"
7.06375995085714e-20,1.071690266105,0.29,0.154,2.10281069977066e-15,"FRG1BP","AD_vs_Ctrl","D2 medium spiny neuron"
8.57199455261024e-20,0.778570039264437,0.408,0.257,2.55179705836654e-15,"ANKRD20A4","AD_vs_Ctrl","D2 medium spiny neuron"
8.60076155414134e-20,0.768720581644505,0.329,0.181,2.56036070705234e-15,"PPID","AD_vs_Ctrl","D2 medium spiny neuron"
8.98562059286493e-20,-0.806595015846882,0.363,0.483,2.67492939428996e-15,"AC018730.2","AD_vs_Ctrl","D2 medium spiny neuron"
9.09707545310474e-20,0.545224020663122,0.559,0.389,2.70810839163475e-15,"ITGB3BP","AD_vs_Ctrl","D2 medium spiny neuron"
9.97950460839052e-20,0.504725376265135,0.619,0.456,2.97079872687177e-15,"HSP90B1","AD_vs_Ctrl","D2 medium spiny neuron"
1.19882211362727e-19,0.569195476812014,0.479,0.322,3.56877355005701e-15,"ATP6V0B","AD_vs_Ctrl","D2 medium spiny neuron"
1.78907395219841e-19,0.609696065360636,0.502,0.338,5.32589424829946e-15,"RAD52","AD_vs_Ctrl","D2 medium spiny neuron"
2.09021420816232e-19,0.609548565661604,0.47,0.307,6.22235867627841e-15,"CLDN11","AD_vs_Ctrl","D2 medium spiny neuron"
2.18010397812501e-19,0.611851737363308,0.448,0.286,6.48995153248035e-15,"KCNJ2","AD_vs_Ctrl","D2 medium spiny neuron"
2.44291959618096e-19,0.958909744566773,0.321,0.178,7.27232734587111e-15,"NRIP1","AD_vs_Ctrl","D2 medium spiny neuron"
2.6123556813566e-19,1.14493677304757,0.208,0.086,7.77672162783047e-15,"AL360181.5","AD_vs_Ctrl","D2 medium spiny neuron"
3.35154911153021e-19,0.721217129213404,0.423,0.267,9.97722655011429e-15,"ARL17A","AD_vs_Ctrl","D2 medium spiny neuron"
3.4197852232766e-19,0.629598978166503,0.503,0.351,1.01803586311721e-14,"ACTL6B","AD_vs_Ctrl","D2 medium spiny neuron"
3.42149975300654e-19,0.62809703864977,0.475,0.318,1.01854626147252e-14,"WFS1","AD_vs_Ctrl","D2 medium spiny neuron"
4.08591571292158e-19,-1.09931834131399,0.204,0.333,1.21633624857963e-14,"ZNF441","AD_vs_Ctrl","D2 medium spiny neuron"
4.15912100134445e-19,0.922633321936586,0.355,0.212,1.23812873089023e-14,"MACROD2-AS1","AD_vs_Ctrl","D2 medium spiny neuron"
4.5549405240097e-19,0.637774715435981,0.402,0.244,1.35596024459245e-14,"LSM5","AD_vs_Ctrl","D2 medium spiny neuron"
4.74827093395062e-19,0.551102646770982,0.549,0.393,1.41351277432776e-14,"LRRC37A2","AD_vs_Ctrl","D2 medium spiny neuron"
5.04501786297226e-19,0.580858639157535,0.532,0.377,1.50185136762821e-14,"KDM3A","AD_vs_Ctrl","D2 medium spiny neuron"
5.06381397117688e-19,0.562062466110832,0.547,0.404,1.50744678107965e-14,"CLK1","AD_vs_Ctrl","D2 medium spiny neuron"
5.0839742875012e-19,1.16277071084456,0.234,0.108,1.51344830564623e-14,"PLOD3","AD_vs_Ctrl","D2 medium spiny neuron"
5.25788518078303e-19,0.991789733239057,0.263,0.127,1.5652198394673e-14,"AC131934.1","AD_vs_Ctrl","D2 medium spiny neuron"
5.70227060952933e-19,0.687332714046424,0.428,0.272,1.69750893775079e-14,"REEP3","AD_vs_Ctrl","D2 medium spiny neuron"
5.9836965638038e-19,0.804418766762496,0.339,0.189,1.78128663007875e-14,"MAPKAPK5-AS1","AD_vs_Ctrl","D2 medium spiny neuron"
6.64293689722711e-19,0.758361166484979,0.353,0.209,1.97753588493554e-14,"STEAP1B","AD_vs_Ctrl","D2 medium spiny neuron"
6.97658462043617e-19,0.82776177886996,0.353,0.209,2.07685947565764e-14,"ABHD15-AS1","AD_vs_Ctrl","D2 medium spiny neuron"
8.27759016917208e-19,0.935185548074281,0.285,0.143,2.46415581746084e-14,"ATP1A1-AS1","AD_vs_Ctrl","D2 medium spiny neuron"
8.41629437347547e-19,0.702177842178267,0.386,0.232,2.50544667203991e-14,"AC027018.1","AD_vs_Ctrl","D2 medium spiny neuron"
8.80160162195532e-19,0.575994456562265,0.475,0.319,2.62014878683988e-14,"KIAA1586","AD_vs_Ctrl","D2 medium spiny neuron"
9.02651776294442e-19,0.544401147610923,0.525,0.364,2.68710407285092e-14,"EIF1B","AD_vs_Ctrl","D2 medium spiny neuron"
9.71805730251156e-19,0.603032624204833,0.394,0.238,2.89296847838467e-14,"BTG1","AD_vs_Ctrl","D2 medium spiny neuron"
1.17289041457947e-18,-0.510126687086263,0.633,0.675,3.49157747516163e-14,"HGSNAT","AD_vs_Ctrl","D2 medium spiny neuron"
1.31548978254623e-18,0.504542138952967,0.49,0.33,3.91608153366188e-14,"USP46","AD_vs_Ctrl","D2 medium spiny neuron"
1.3271713600355e-18,0.595793595624742,0.531,0.394,3.95085642168967e-14,"AC016831.5","AD_vs_Ctrl","D2 medium spiny neuron"
1.56088284238714e-18,0.967458293049816,0.267,0.133,4.64659213350228e-14,"ANKRD24","AD_vs_Ctrl","D2 medium spiny neuron"
1.59844435598303e-18,-0.558785216663127,0.58,0.626,4.75840900332588e-14,"BDH1","AD_vs_Ctrl","D2 medium spiny neuron"
1.7300030057823e-18,0.597170505424689,0.522,0.367,5.15004594791334e-14,"LINC01182","AD_vs_Ctrl","D2 medium spiny neuron"
1.84104614120528e-18,-0.779835917721347,0.361,0.489,5.480610257754e-14,"ADCY1","AD_vs_Ctrl","D2 medium spiny neuron"
2.01569584357715e-18,0.928996808587427,0.286,0.149,6.00052495674481e-14,"DFNA5","AD_vs_Ctrl","D2 medium spiny neuron"
2.30952024638579e-18,1.0220105138367,0.297,0.161,6.87521082146587e-14,"HSPA1A","AD_vs_Ctrl","D2 medium spiny neuron"
2.36576820089799e-18,0.545696066140571,0.527,0.362,7.04265535725322e-14,"PPP2R3A","AD_vs_Ctrl","D2 medium spiny neuron"
2.41838915408096e-18,0.903662439966444,0.321,0.182,7.19930267278361e-14,"AHSA1","AD_vs_Ctrl","D2 medium spiny neuron"
2.41872793468116e-18,0.525678947660841,0.587,0.424,7.20031118875234e-14,"EFCAB7","AD_vs_Ctrl","D2 medium spiny neuron"
2.48948212885546e-18,0.553448541798573,0.554,0.398,7.41093934938981e-14,"APOOL","AD_vs_Ctrl","D2 medium spiny neuron"
2.86798267330988e-18,0.560529080742089,0.528,0.37,8.53769762017618e-14,"DSEL","AD_vs_Ctrl","D2 medium spiny neuron"
3.00162195555873e-18,0.626688449058551,0.462,0.302,8.9355283995028e-14,"AC093879.1","AD_vs_Ctrl","D2 medium spiny neuron"
3.12637318814012e-18,0.604653459846,0.488,0.331,9.30690034377432e-14,"RORA-AS1","AD_vs_Ctrl","D2 medium spiny neuron"
3.14968337578188e-18,0.523301582728903,0.339,0.189,9.37629244136508e-14,"TAF7","AD_vs_Ctrl","D2 medium spiny neuron"
3.18079737171759e-18,-0.600763512384609,0.533,0.601,9.4689156958661e-14,"GOLGA8A","AD_vs_Ctrl","D2 medium spiny neuron"
3.19390874714439e-18,0.738877312113911,0.392,0.243,9.50794694937414e-14,"AC005037.1","AD_vs_Ctrl","D2 medium spiny neuron"
3.68421192838755e-18,0.571283584238242,0.5,0.338,1.09675304896169e-13,"LINC00159","AD_vs_Ctrl","D2 medium spiny neuron"
4.57799037095437e-18,0.925698003867264,0.259,0.131,1.36282195352941e-13,"LINGO3","AD_vs_Ctrl","D2 medium spiny neuron"
4.64343369908626e-18,0.721376785333621,0.348,0.199,1.38230377788099e-13,"FN1","AD_vs_Ctrl","D2 medium spiny neuron"
5.27480118068007e-18,-1.11444376719113,0.157,0.28,1.57025556347665e-13,"INHA","AD_vs_Ctrl","D2 medium spiny neuron"
5.96549739315556e-18,0.690633078701376,0.379,0.225,1.77586891896848e-13,"RRN3P1","AD_vs_Ctrl","D2 medium spiny neuron"
5.96983122933557e-18,0.647292561745899,0.481,0.323,1.7771590586609e-13,"DIAPH2-AS1","AD_vs_Ctrl","D2 medium spiny neuron"
6.79310648938183e-18,0.647060364278944,0.406,0.25,2.02223987082408e-13,"AC063944.1","AD_vs_Ctrl","D2 medium spiny neuron"
6.97210319420264e-18,-1.10340117838974,0.171,0.292,2.07552539988218e-13,"GABRA6","AD_vs_Ctrl","D2 medium spiny neuron"
8.88368206726316e-18,0.781706100313662,0.319,0.179,2.64458331460357e-13,"SLC24A4","AD_vs_Ctrl","D2 medium spiny neuron"
1.01684276601208e-17,0.711622457992076,0.374,0.227,3.02703923014136e-13,"ZBED4","AD_vs_Ctrl","D2 medium spiny neuron"
1.04140702168223e-17,-0.514165215564507,0.658,0.686,3.10016456284583e-13,"AHCYL1","AD_vs_Ctrl","D2 medium spiny neuron"
1.18232129565667e-17,0.564986042264035,0.464,0.312,3.51965226504033e-13,"MRPS30","AD_vs_Ctrl","D2 medium spiny neuron"
1.3697910186897e-17,-0.848964374259474,0.231,0.365,4.07773088353735e-13,"FGF9","AD_vs_Ctrl","D2 medium spiny neuron"
1.45469476332196e-17,0.518921611262061,0.558,0.412,4.33048084093316e-13,"ATG4C","AD_vs_Ctrl","D2 medium spiny neuron"
1.45704648402492e-17,0.541134346916383,0.468,0.3,4.33748167829378e-13,"ANGPTL1","AD_vs_Ctrl","D2 medium spiny neuron"
1.49758662635946e-17,0.806337802898214,0.342,0.201,4.45816562800948e-13,"PCDH11Y","AD_vs_Ctrl","D2 medium spiny neuron"
1.71316057293928e-17,0.706024428123405,0.305,0.168,5.09990770958295e-13,"TCEAL1","AD_vs_Ctrl","D2 medium spiny neuron"
1.78790589299398e-17,-1.16370099083612,0.193,0.31,5.32241705285379e-13,"SOX9-AS1","AD_vs_Ctrl","D2 medium spiny neuron"
1.87213112620065e-17,-0.827198444181261,0.327,0.447,5.57314714958671e-13,"AL445433.2","AD_vs_Ctrl","D2 medium spiny neuron"
1.89800836485911e-17,0.715525882534283,0.27,0.138,5.65018110134908e-13,"RPL7P9","AD_vs_Ctrl","D2 medium spiny neuron"
1.93473403304508e-17,0.630408529513327,0.46,0.307,5.75950974297191e-13,"CCDC18","AD_vs_Ctrl","D2 medium spiny neuron"
1.97142994015245e-17,0.770541641770171,0.345,0.201,5.86874978883984e-13,"AC139720.1","AD_vs_Ctrl","D2 medium spiny neuron"
2.03601015853612e-17,0.566441339632553,0.493,0.332,6.06099864094617e-13,"TCHP","AD_vs_Ctrl","D2 medium spiny neuron"
2.2188237777749e-17,0.943754199094333,0.268,0.139,6.6052165040581e-13,"AC005258.1","AD_vs_Ctrl","D2 medium spiny neuron"
2.30098644559211e-17,0.658730151518018,0.398,0.246,6.84980654988314e-13,"SPDYA","AD_vs_Ctrl","D2 medium spiny neuron"
2.46659402051433e-17,-1.27490053998803,0.102,0.21,7.34280373966912e-13,"C2orf72","AD_vs_Ctrl","D2 medium spiny neuron"
2.92423010963141e-17,0.593872023225942,0.428,0.274,8.70514061336173e-13,"GDA","AD_vs_Ctrl","D2 medium spiny neuron"
2.92481739642631e-17,1.0861173194128,0.217,0.1,8.70688890742148e-13,"HIF1A-AS2","AD_vs_Ctrl","D2 medium spiny neuron"
2.96361126178826e-17,-1.17957264687627,0.095,0.205,8.82237436521746e-13,"ADAMTSL4-AS1","AD_vs_Ctrl","D2 medium spiny neuron"
3.49590113974478e-17,0.783019936553734,0.34,0.197,1.04069481029062e-12,"PRKD3","AD_vs_Ctrl","D2 medium spiny neuron"
3.55908949467924e-17,1.12571660348171,0.2,0.087,1.05950535167106e-12,"AC015853.3","AD_vs_Ctrl","D2 medium spiny neuron"
3.59835107579238e-17,0.737024815907617,0.362,0.217,1.07119313175263e-12,"AL139184.1","AD_vs_Ctrl","D2 medium spiny neuron"
4.07973121103335e-17,0.643709952653874,0.446,0.301,1.21449518421252e-12,"EPB42","AD_vs_Ctrl","D2 medium spiny neuron"
4.12829909990494e-17,0.654893033063891,0.387,0.242,1.2289533590507e-12,"AP002336.2","AD_vs_Ctrl","D2 medium spiny neuron"
4.53811246209392e-17,0.875407863603795,0.315,0.179,1.35095069884074e-12,"FBXO15","AD_vs_Ctrl","D2 medium spiny neuron"
5.23215669616969e-17,0.502894042747402,0.552,0.4,1.55756072688276e-12,"EXD2","AD_vs_Ctrl","D2 medium spiny neuron"
5.66091380506513e-17,0.577954564511661,0.407,0.257,1.68519743062984e-12,"LY6E","AD_vs_Ctrl","D2 medium spiny neuron"
5.83438976534387e-17,0.719981938600818,0.37,0.229,1.73683948924522e-12,"TCP1","AD_vs_Ctrl","D2 medium spiny neuron"
6.19714732839012e-17,0.559101399536899,0.441,0.291,1.84482878818846e-12,"CNIH2","AD_vs_Ctrl","D2 medium spiny neuron"
6.2468901809112e-17,0.692445609638152,0.387,0.244,1.85963673795545e-12,"UBE2Q2P2","AD_vs_Ctrl","D2 medium spiny neuron"
6.67198444846996e-17,0.901163297316318,0.275,0.149,1.98618305046502e-12,"TIPIN","AD_vs_Ctrl","D2 medium spiny neuron"
6.88615495505306e-17,0.505339430813527,0.559,0.406,2.04993946856974e-12,"NAPEPLD","AD_vs_Ctrl","D2 medium spiny neuron"
7.11769999485705e-17,0.691355928399577,0.353,0.213,2.11886811146899e-12,"SNRNP48","AD_vs_Ctrl","D2 medium spiny neuron"
7.90595915390852e-17,0.739129046129673,0.361,0.22,2.35352498052703e-12,"AC026704.1","AD_vs_Ctrl","D2 medium spiny neuron"
8.19714189627361e-17,1.155260161493,0.204,0.092,2.44020717110169e-12,"AC130364.1","AD_vs_Ctrl","D2 medium spiny neuron"
8.24797031870768e-17,0.518810064978377,0.486,0.335,2.45533828417609e-12,"HERPUD1","AD_vs_Ctrl","D2 medium spiny neuron"
8.50879290455155e-17,0.64247105106914,0.426,0.282,2.53298255975595e-12,"DNAJC21","AD_vs_Ctrl","D2 medium spiny neuron"
9.11333045233152e-17,0.510950847753916,0.554,0.404,2.71294734235457e-12,"C1QTNF4","AD_vs_Ctrl","D2 medium spiny neuron"
9.13252799443055e-17,0.620979220235074,0.397,0.26,2.71866225866203e-12,"RASD1","AD_vs_Ctrl","D2 medium spiny neuron"
1.03255385941649e-16,0.862569701585377,0.257,0.132,3.07380958409694e-12,"SRP14-AS1","AD_vs_Ctrl","D2 medium spiny neuron"
1.03371308120242e-16,0.926673680498885,0.266,0.142,3.07726047143147e-12,"FRG1CP","AD_vs_Ctrl","D2 medium spiny neuron"
1.12529351561072e-16,0.679426479309658,0.317,0.179,3.34988626662156e-12,"GAB1","AD_vs_Ctrl","D2 medium spiny neuron"
1.22270039963516e-16,1.1317776451444,0.211,0.098,3.6398568196739e-12,"AC005920.2","AD_vs_Ctrl","D2 medium spiny neuron"
1.52302426049057e-16,0.512171026008191,0.441,0.286,4.53389092105437e-12,"AP1S2","AD_vs_Ctrl","D2 medium spiny neuron"
1.58834217409762e-16,0.897806431609728,0.231,0.111,4.7283358180712e-12,"AC068533.3","AD_vs_Ctrl","D2 medium spiny neuron"
1.64529771773976e-16,0.754797540106861,0.329,0.193,4.89788677593949e-12,"RARRES1","AD_vs_Ctrl","D2 medium spiny neuron"
1.82175306988885e-16,0.70432626649241,0.349,0.203,5.42317671375213e-12,"AC004039.1","AD_vs_Ctrl","D2 medium spiny neuron"
2.09708765404373e-16,0.532370486085028,0.446,0.303,6.24282023732277e-12,"HSPD1","AD_vs_Ctrl","D2 medium spiny neuron"
2.23123753833435e-16,0.74674067952467,0.31,0.178,6.64217102786753e-12,"SLC32A1","AD_vs_Ctrl","D2 medium spiny neuron"
2.2409300883172e-16,0.535655359779382,0.348,0.205,6.67102477991148e-12,"PENK","AD_vs_Ctrl","D2 medium spiny neuron"
2.46711948050582e-16,0.986134809206286,0.235,0.117,7.34436798151777e-12,"KLRG1","AD_vs_Ctrl","D2 medium spiny neuron"
2.49981752285911e-16,-0.977211351463597,0.203,0.322,7.44170678379928e-12,"LINC00271","AD_vs_Ctrl","D2 medium spiny neuron"
2.65415939074816e-16,-1.02408167449637,0.135,0.252,7.90116709031818e-12,"CRB1","AD_vs_Ctrl","D2 medium spiny neuron"
2.77248109452884e-16,0.63648944760706,0.367,0.226,8.25339897030292e-12,"PEA15","AD_vs_Ctrl","D2 medium spiny neuron"
2.95563751007368e-16,0.519480338319022,0.519,0.373,8.79863730373835e-12,"AP001825.1","AD_vs_Ctrl","D2 medium spiny neuron"
3.09955221970738e-16,0.86632352384818,0.259,0.135,9.2270570028469e-12,"SFT2D2","AD_vs_Ctrl","D2 medium spiny neuron"
3.51677633229268e-16,-0.793669158048349,0.281,0.41,1.04690914636021e-11,"OBSCN-AS1","AD_vs_Ctrl","D2 medium spiny neuron"
3.56602130866057e-16,0.527691246568241,0.507,0.361,1.06156888337517e-11,"MFAP3L","AD_vs_Ctrl","D2 medium spiny neuron"
3.77137469263969e-16,0.563788589459026,0.475,0.319,1.12270053225191e-11,"MIR2052HG","AD_vs_Ctrl","D2 medium spiny neuron"
3.81513881250463e-16,0.576928171474971,0.384,0.244,1.1357286730945e-11,"WDR6","AD_vs_Ctrl","D2 medium spiny neuron"
4.71886323698875e-16,0.715548433719876,0.244,0.124,1.40475839701918e-11,"RPS3A","AD_vs_Ctrl","D2 medium spiny neuron"
4.80066454741942e-16,0.576278407395443,0.475,0.334,1.42910982912129e-11,"STYXL1","AD_vs_Ctrl","D2 medium spiny neuron"
4.83036986975551e-16,0.577280977448876,0.387,0.237,1.43795280652752e-11,"COMMD2","AD_vs_Ctrl","D2 medium spiny neuron"
5.36585067390258e-16,0.65121571999816,0.328,0.19,1.59736008711406e-11,"COL6A1","AD_vs_Ctrl","D2 medium spiny neuron"
5.44989640414136e-16,0.616923796867777,0.468,0.334,1.62237966054884e-11,"TPTE2P1","AD_vs_Ctrl","D2 medium spiny neuron"
6.15540968136287e-16,0.555683777888635,0.349,0.205,1.83240390804491e-11,"C9orf41-AS1","AD_vs_Ctrl","D2 medium spiny neuron"
6.83942802727178e-16,-1.01881127395673,0.126,0.238,2.03602932943854e-11,"LINC01793","AD_vs_Ctrl","D2 medium spiny neuron"
7.72045157270535e-16,0.575394743732704,0.42,0.279,2.29830122867866e-11,"AK3","AD_vs_Ctrl","D2 medium spiny neuron"
8.7500235598104e-16,0.740141433493031,0.328,0.193,2.60479451351996e-11,"AC005480.1","AD_vs_Ctrl","D2 medium spiny neuron"
9.02101538975108e-16,0.586030429406195,0.469,0.332,2.685466071375e-11,"ZADH2","AD_vs_Ctrl","D2 medium spiny neuron"
9.14340340562078e-16,0.613260027814399,0.381,0.24,2.72189975981925e-11,"B4GAT1","AD_vs_Ctrl","D2 medium spiny neuron"
9.31024323760571e-16,0.639638942868794,0.303,0.171,2.77156630940284e-11,"VSTM2A","AD_vs_Ctrl","D2 medium spiny neuron"
1.23097133152415e-15,0.992413133522705,0.248,0.133,3.66447855681424e-11,"SCUBE2","AD_vs_Ctrl","D2 medium spiny neuron"
1.2560528316773e-15,0.815895966060326,0.279,0.158,3.73914367462017e-11,"FKBP4","AD_vs_Ctrl","D2 medium spiny neuron"
1.55416520048304e-15,0.547528622509629,0.459,0.314,4.62659438531797e-11,"AC009237.3","AD_vs_Ctrl","D2 medium spiny neuron"
1.75950339297544e-15,0.730459652591708,0.264,0.136,5.23786565054858e-11,"IL7","AD_vs_Ctrl","D2 medium spiny neuron"
1.80933663838736e-15,1.02889296626229,0.219,0.106,5.38621423881533e-11,"DPYD-AS1","AD_vs_Ctrl","D2 medium spiny neuron"
1.82652620999305e-15,0.920228406150625,0.259,0.139,5.43738587452831e-11,"DNAJC3-AS1","AD_vs_Ctrl","D2 medium spiny neuron"
1.87465920583093e-15,0.945379058258055,0.267,0.146,5.5806729898381e-11,"FMO5","AD_vs_Ctrl","D2 medium spiny neuron"
1.89820689539038e-15,0.884349003112142,0.251,0.135,5.65077210688761e-11,"SPHK2","AD_vs_Ctrl","D2 medium spiny neuron"
2.39877322224285e-15,0.902785322032088,0.25,0.131,7.14090800529473e-11,"UBOX5-AS1","AD_vs_Ctrl","D2 medium spiny neuron"
2.40834227305263e-15,0.676385969664019,0.377,0.244,7.16939411265037e-11,"AHSA2","AD_vs_Ctrl","D2 medium spiny neuron"
2.4849304809479e-15,-1.28341937738435,0.145,0.258,7.39738954873382e-11,"C1orf61","AD_vs_Ctrl","D2 medium spiny neuron"
2.84222598153108e-15,0.638106599448757,0.404,0.272,8.46102252441986e-11,"ANKRD49","AD_vs_Ctrl","D2 medium spiny neuron"
2.92411062133975e-15,0.607519572757204,0.418,0.283,8.7047849086663e-11,"AMER2","AD_vs_Ctrl","D2 medium spiny neuron"
3.05685138500393e-15,-0.681608149346026,0.31,0.429,9.09994088801821e-11,"LINC02210-CRHR1","AD_vs_Ctrl","D2 medium spiny neuron"
3.44159986314562e-15,-0.668114529522897,0.413,0.505,1.02452986325982e-10,"GNL1","AD_vs_Ctrl","D2 medium spiny neuron"
3.66785179966362e-15,0.675222440923208,0.33,0.196,1.09188280224186e-10,"BRINP2","AD_vs_Ctrl","D2 medium spiny neuron"
3.7387822583103e-15,0.690560574977551,0.306,0.175,1.11299809047639e-10,"BCL2L14","AD_vs_Ctrl","D2 medium spiny neuron"
4.0308795889045e-15,0.7424901294417,0.29,0.166,1.19995254482098e-10,"AC013640.1","AD_vs_Ctrl","D2 medium spiny neuron"
4.10976484676212e-15,1.01336648597156,0.213,0.106,1.22343589723261e-10,"SYNJ2","AD_vs_Ctrl","D2 medium spiny neuron"
4.13346336104633e-15,0.580436197451099,0.468,0.327,1.23049070794988e-10,"RBM41","AD_vs_Ctrl","D2 medium spiny neuron"
4.47131887055085e-15,0.515997747964417,0.497,0.354,1.33106691457428e-10,"TUBGCP4","AD_vs_Ctrl","D2 medium spiny neuron"
4.53843652230442e-15,0.860305026755727,0.258,0.143,1.3510471683248e-10,"CXXC4","AD_vs_Ctrl","D2 medium spiny neuron"
4.56623637835223e-15,0.876746757077691,0.204,0.097,1.35932290747168e-10,"WASHC1","AD_vs_Ctrl","D2 medium spiny neuron"
4.71973772906838e-15,-0.875117334634135,0.187,0.305,1.40501872456637e-10,"AC005697.1","AD_vs_Ctrl","D2 medium spiny neuron"
4.75885159779672e-15,0.816565049218701,0.262,0.141,1.41666253214811e-10,"AL139294.1","AD_vs_Ctrl","D2 medium spiny neuron"
5.15838441042391e-15,0.648983701721261,0.322,0.188,1.53559945513909e-10,"PWRN4","AD_vs_Ctrl","D2 medium spiny neuron"
5.91695706011607e-15,0.645077051024461,0.361,0.232,1.76141894722595e-10,"LZTFL1","AD_vs_Ctrl","D2 medium spiny neuron"
6.23899582457589e-15,-0.808448168755657,0.296,0.415,1.857286667018e-10,"ETV6","AD_vs_Ctrl","D2 medium spiny neuron"
6.32799797519809e-15,0.725305730969914,0.295,0.17,1.88378171723672e-10,"AVEN","AD_vs_Ctrl","D2 medium spiny neuron"
7.33755398664488e-15,0.790025927274232,0.205,0.097,2.18431644628431e-10,"SFTPC","AD_vs_Ctrl","D2 medium spiny neuron"
8.70208064879479e-15,0.643922835270001,0.394,0.261,2.59052238833972e-10,"DUSP16","AD_vs_Ctrl","D2 medium spiny neuron"
9.03782698125123e-15,0.52906782853434,0.506,0.363,2.69047071404868e-10,"SNED1","AD_vs_Ctrl","D2 medium spiny neuron"
9.3214495967276e-15,0.843753672217576,0.29,0.171,2.77490233044984e-10,"PDYN","AD_vs_Ctrl","D2 medium spiny neuron"
1.04184019805008e-14,1.07185465651835,0.203,0.1,3.10145408557528e-10,"AL591926.2","AD_vs_Ctrl","D2 medium spiny neuron"
1.0585257939049e-14,-0.890292626328236,0.209,0.326,3.1511254358755e-10,"AC008537.1","AD_vs_Ctrl","D2 medium spiny neuron"
1.06677307790781e-14,0.624527888502365,0.309,0.177,3.17567677562376e-10,"MADCAM1","AD_vs_Ctrl","D2 medium spiny neuron"
1.08337150998018e-14,-1.18640235893582,0.179,0.283,3.22508864806e-10,"AL807742.1","AD_vs_Ctrl","D2 medium spiny neuron"
1.28178322381262e-14,-1.01008518371497,0.316,0.425,3.81574047896779e-10,"SLC1A2","AD_vs_Ctrl","D2 medium spiny neuron"
1.33840759307744e-14,0.550167907073932,0.362,0.231,3.98430556383224e-10,"JTB","AD_vs_Ctrl","D2 medium spiny neuron"
1.35291403268412e-14,0.753149792314304,0.339,0.213,4.02748978389735e-10,"H6PD","AD_vs_Ctrl","D2 medium spiny neuron"
1.37993403374125e-14,0.599673821896841,0.365,0.233,4.10792562504434e-10,"DRD3","AD_vs_Ctrl","D2 medium spiny neuron"
1.43673705388088e-14,0.500798090159284,0.481,0.338,4.27702253569798e-10,"CFL1P1","AD_vs_Ctrl","D2 medium spiny neuron"
1.49867104507413e-14,-0.881343787990629,0.181,0.295,4.46139383408119e-10,"AL671511.2","AD_vs_Ctrl","D2 medium spiny neuron"
1.59091047967007e-14,0.733201304889215,0.319,0.197,4.73598140692983e-10,"STIP1","AD_vs_Ctrl","D2 medium spiny neuron"
1.73204369619108e-14,0.683433393597111,0.316,0.19,5.15612087919122e-10,"CCNDBP1","AD_vs_Ctrl","D2 medium spiny neuron"
1.73894624068122e-14,0.987633164827609,0.212,0.104,5.17666906388391e-10,"AP001783.1","AD_vs_Ctrl","D2 medium spiny neuron"
1.84309760345054e-14,0.629941524452861,0.279,0.154,5.48671725571192e-10,"AC022872.1","AD_vs_Ctrl","D2 medium spiny neuron"
1.85569615678165e-14,0.607461234790542,0.376,0.237,5.52422188912329e-10,"JAKMIP2-AS1","AD_vs_Ctrl","D2 medium spiny neuron"
1.91357295884482e-14,-0.564591544441529,0.442,0.55,5.69651534118516e-10,"TRPC6","AD_vs_Ctrl","D2 medium spiny neuron"
1.94187595189092e-14,0.58227702653756,0.383,0.25,5.78077052118408e-10,"RRP7A","AD_vs_Ctrl","D2 medium spiny neuron"
2.26203058874887e-14,0.514243087718939,0.506,0.373,6.73383885964652e-10,"BRINP3","AD_vs_Ctrl","D2 medium spiny neuron"
2.35695821910513e-14,0.596486644791524,0.362,0.229,7.01642892245405e-10,"ZNF790","AD_vs_Ctrl","D2 medium spiny neuron"
2.44210864025102e-14,0.722682854768657,0.347,0.22,7.26991321116325e-10,"PTPN20","AD_vs_Ctrl","D2 medium spiny neuron"
2.446937037922e-14,0.971029781873836,0.227,0.119,7.28428686819e-10,"EFCAB13","AD_vs_Ctrl","D2 medium spiny neuron"
2.46886220239759e-14,0.660881718928363,0.312,0.189,7.34955589031739e-10,"CALR","AD_vs_Ctrl","D2 medium spiny neuron"
2.56296297102596e-14,0.553501120089471,0.417,0.28,7.62968446844717e-10,"AC011997.1","AD_vs_Ctrl","D2 medium spiny neuron"
2.67494489353196e-14,0.859965946286579,0.244,0.131,7.9630434535553e-10,"INTS6-AS1","AD_vs_Ctrl","D2 medium spiny neuron"
3.23462629100338e-14,0.529016250953,0.402,0.26,9.62915900568796e-10,"AL035685.1","AD_vs_Ctrl","D2 medium spiny neuron"
3.30049741449023e-14,0.591173456889386,0.358,0.229,9.82525075319595e-10,"ZFHX2","AD_vs_Ctrl","D2 medium spiny neuron"
3.94559148999732e-14,0.560724489231287,0.309,0.182,1.1745631306573e-09,"GRIA4","AD_vs_Ctrl","D2 medium spiny neuron"
5.02584310132139e-14,0.507739034522781,0.516,0.39,1.49614323283236e-09,"DBN1","AD_vs_Ctrl","D2 medium spiny neuron"
5.55102923514718e-14,0.518230760877881,0.423,0.287,1.65248589301096e-09,"ARHGEF26","AD_vs_Ctrl","D2 medium spiny neuron"
5.69963291356163e-14,0.668917340002991,0.382,0.259,1.69672372203816e-09,"CENPV","AD_vs_Ctrl","D2 medium spiny neuron"
6.01503775225042e-14,0.644066855808954,0.316,0.191,1.79061658846743e-09,"TMED5","AD_vs_Ctrl","D2 medium spiny neuron"
6.04455182652499e-14,0.629655171802262,0.366,0.243,1.79940263323822e-09,"SIAH1","AD_vs_Ctrl","D2 medium spiny neuron"
6.26970829319417e-14,0.554172039123673,0.482,0.361,1.86642946180097e-09,"ELL2","AD_vs_Ctrl","D2 medium spiny neuron"
6.47044606800106e-14,0.721046606935486,0.266,0.146,1.92618708998324e-09,"AC017101.1","AD_vs_Ctrl","D2 medium spiny neuron"
6.49029513891629e-14,0.803720937175524,0.267,0.154,1.93209595990399e-09,"CCDC144CP","AD_vs_Ctrl","D2 medium spiny neuron"
6.53076382674384e-14,0.536914031613676,0.327,0.201,1.94414308358337e-09,"NDN","AD_vs_Ctrl","D2 medium spiny neuron"
7.28722758833259e-14,0.559387314205538,0.408,0.284,2.16933478077073e-09,"ZNF528","AD_vs_Ctrl","D2 medium spiny neuron"
7.95728430957438e-14,0.637567225215493,0.286,0.167,2.3688039661172e-09,"GNAI1","AD_vs_Ctrl","D2 medium spiny neuron"
8.5366336972176e-14,-0.750450844494227,0.286,0.404,2.54127048532471e-09,"GPC1","AD_vs_Ctrl","D2 medium spiny neuron"
9.81084900710111e-14,0.763327550576236,0.351,0.229,2.92059164092393e-09,"ST3GAL6","AD_vs_Ctrl","D2 medium spiny neuron"
1.01413533934594e-13,0.505475922462455,0.402,0.26,3.01897949169894e-09,"AL359706.1","AD_vs_Ctrl","D2 medium spiny neuron"
1.07583566917634e-13,-0.664821592165191,0.455,0.543,3.20265520357104e-09,"HES4","AD_vs_Ctrl","D2 medium spiny neuron"
1.09562433334342e-13,0.832710369353879,0.272,0.16,3.26156407793003e-09,"FGF7P6","AD_vs_Ctrl","D2 medium spiny neuron"
1.15804712329197e-13,0.871558882962774,0.207,0.104,3.44739048132787e-09,"DLGAP4-AS1","AD_vs_Ctrl","D2 medium spiny neuron"
1.46956173265587e-13,0.93845164696623,0.236,0.128,4.37473832194327e-09,"AL139021.1","AD_vs_Ctrl","D2 medium spiny neuron"
1.50172641675831e-13,-0.662852019340135,0.452,0.532,4.47048937004782e-09,"AC034195.1","AD_vs_Ctrl","D2 medium spiny neuron"
1.5314998844085e-13,0.700675457890102,0.366,0.244,4.55912200589567e-09,"ZDHHC11","AD_vs_Ctrl","D2 medium spiny neuron"
1.65513927708001e-13,0.572688357813337,0.423,0.294,4.92718411393948e-09,"CCT4","AD_vs_Ctrl","D2 medium spiny neuron"
1.69710864685434e-13,0.644672817143854,0.349,0.222,5.0521227308207e-09,"AC011476.3","AD_vs_Ctrl","D2 medium spiny neuron"
1.78061805551123e-13,1.0637434446431,0.206,0.107,5.30072188945139e-09,"LINC00863","AD_vs_Ctrl","D2 medium spiny neuron"
2.05140680673753e-13,-0.883863595574975,0.219,0.326,6.10683292297694e-09,"AC091946.1","AD_vs_Ctrl","D2 medium spiny neuron"
2.06658680500958e-13,0.71220364133306,0.327,0.203,6.152022259833e-09,"KCTD21-AS1","AD_vs_Ctrl","D2 medium spiny neuron"
2.17625822515202e-13,0.833593944058309,0.218,0.114,6.47850311045504e-09,"SNX7","AD_vs_Ctrl","D2 medium spiny neuron"
2.18350461779008e-13,0.71259967967808,0.263,0.151,6.50007489669928e-09,"AP002954.1","AD_vs_Ctrl","D2 medium spiny neuron"
2.35016763893086e-13,0.643175842682043,0.315,0.193,6.99621404433327e-09,"MTRF1","AD_vs_Ctrl","D2 medium spiny neuron"
2.5212977113175e-13,0.552391695440472,0.333,0.209,7.50565115682105e-09,"ZNF213","AD_vs_Ctrl","D2 medium spiny neuron"
2.61489579904707e-13,-0.66712036246835,0.292,0.408,7.78428330418322e-09,"RFLNA","AD_vs_Ctrl","D2 medium spiny neuron"
2.7736368092127e-13,0.53837317003941,0.315,0.186,8.25683941734529e-09,"ZRANB2-AS2","AD_vs_Ctrl","D2 medium spiny neuron"
3.07077973390591e-13,0.621457337287863,0.332,0.212,9.14140418986451e-09,"DENND6A-AS1","AD_vs_Ctrl","D2 medium spiny neuron"
3.18707875881128e-13,0.510501526273552,0.439,0.306,9.4876147571053e-09,"LRRIQ1","AD_vs_Ctrl","D2 medium spiny neuron"
3.27961446284805e-13,0.763862492076808,0.258,0.147,9.76308429445237e-09,"AC078909.2","AD_vs_Ctrl","D2 medium spiny neuron"
3.33343861704009e-13,0.596029878406387,0.405,0.28,9.92331341906665e-09,"AC026790.1","AD_vs_Ctrl","D2 medium spiny neuron"
3.39142542252682e-13,0.875810195629309,0.209,0.107,1.00959343403201e-08,"SPAG5-AS1","AD_vs_Ctrl","D2 medium spiny neuron"
3.42014782748603e-13,0.87409450504131,0.241,0.137,1.01814380676432e-08,"SCIMP","AD_vs_Ctrl","D2 medium spiny neuron"
3.45673645862319e-13,0.56852717184989,0.313,0.194,1.02903587636754e-08,"TSPAN31","AD_vs_Ctrl","D2 medium spiny neuron"
3.51662647747292e-13,0.879838152606508,0.233,0.127,1.04686453607891e-08,"AL391839.1","AD_vs_Ctrl","D2 medium spiny neuron"
3.59255623218602e-13,0.75716583091769,0.255,0.144,1.06946806475946e-08,"AC068888.1","AD_vs_Ctrl","D2 medium spiny neuron"
3.78846929658969e-13,0.623210273420317,0.361,0.236,1.12778942490179e-08,"G2E3-AS1","AD_vs_Ctrl","D2 medium spiny neuron"
3.91532507569101e-13,-0.989950840015972,0.15,0.25,1.16555312178246e-08,"RHD","AD_vs_Ctrl","D2 medium spiny neuron"
4.01173592872467e-13,-1.1100177984863,0.218,0.317,1.19425366862205e-08,"HERC6","AD_vs_Ctrl","D2 medium spiny neuron"
4.07393222961768e-13,-0.769545734907107,0.28,0.386,1.21276888543489e-08,"RNF112","AD_vs_Ctrl","D2 medium spiny neuron"
4.16777166561437e-13,0.789149897405959,0.234,0.128,1.24070394713674e-08,"AC090138.1","AD_vs_Ctrl","D2 medium spiny neuron"
4.26331480294308e-13,0.787756658100659,0.258,0.147,1.26914618368813e-08,"ST7-AS2","AD_vs_Ctrl","D2 medium spiny neuron"
5.06364756326794e-13,0.597409081020462,0.361,0.234,1.50739724310923e-08,"SOWAHA","AD_vs_Ctrl","D2 medium spiny neuron"
5.18997257661194e-13,0.566776215786816,0.436,0.311,1.54500293633161e-08,"MCF2","AD_vs_Ctrl","D2 medium spiny neuron"
5.71700237920919e-13,0.641812198789853,0.212,0.111,1.70189443826678e-08,"MAGEH1","AD_vs_Ctrl","D2 medium spiny neuron"
5.77725642422048e-13,0.917443630112553,0.212,0.111,1.71983146492619e-08,"RAI14","AD_vs_Ctrl","D2 medium spiny neuron"
5.83828321444609e-13,0.508248154809032,0.366,0.237,1.73799853010846e-08,"DDX54","AD_vs_Ctrl","D2 medium spiny neuron"
6.10083855878993e-13,0.891877706010307,0.225,0.123,1.81615863056617e-08,"RUNDC3A-AS1","AD_vs_Ctrl","D2 medium spiny neuron"
6.1032418174615e-13,0.537236025826682,0.374,0.248,1.81687405664011e-08,"DFFB","AD_vs_Ctrl","D2 medium spiny neuron"
6.21383347511991e-13,0.670198221170477,0.371,0.257,1.84979608720844e-08,"ASB18","AD_vs_Ctrl","D2 medium spiny neuron"
6.40645667829484e-13,0.764890451390211,0.25,0.142,1.90713808856159e-08,"GPR27","AD_vs_Ctrl","D2 medium spiny neuron"
7.16104114747894e-13,-0.933899383928535,0.153,0.256,2.13177033919301e-08,"KIAA1524","AD_vs_Ctrl","D2 medium spiny neuron"
8.10766301468609e-13,0.891116623953431,0.22,0.119,2.4135702028419e-08,"AC105285.1","AD_vs_Ctrl","D2 medium spiny neuron"
8.13060806641425e-13,0.586608441731663,0.262,0.151,2.42040071529086e-08,"DHPS","AD_vs_Ctrl","D2 medium spiny neuron"
8.22866993554154e-13,0.862091183167636,0.222,0.121,2.44959275311136e-08,"MANEA","AD_vs_Ctrl","D2 medium spiny neuron"
9.40805878176275e-13,-0.754378388841253,0.224,0.334,2.80068501874295e-08,"AL357052.1","AD_vs_Ctrl","D2 medium spiny neuron"
1.11706684120702e-12,0.749788183531551,0.236,0.131,3.32539627958917e-08,"CEACAM22P","AD_vs_Ctrl","D2 medium spiny neuron"
1.20430451094315e-12,-1.56769374804984,0.121,0.21,3.58509409862667e-08,"TUBB2B","AD_vs_Ctrl","D2 medium spiny neuron"
1.32955178565584e-12,0.769838036622998,0.238,0.135,3.95794271071886e-08,"KCNV2","AD_vs_Ctrl","D2 medium spiny neuron"
1.37596282333392e-12,-1.17306335361833,0.145,0.237,4.09610372878276e-08,"C1orf112","AD_vs_Ctrl","D2 medium spiny neuron"
1.3975427147901e-12,-0.98742832941015,0.123,0.219,4.16034490765865e-08,"AC073941.1","AD_vs_Ctrl","D2 medium spiny neuron"
1.40145015918745e-12,0.675013670434323,0.277,0.166,4.17197697888513e-08,"CENPJ","AD_vs_Ctrl","D2 medium spiny neuron"
1.48932202883301e-12,0.620865292270666,0.242,0.135,4.43356274763297e-08,"MCMDC2","AD_vs_Ctrl","D2 medium spiny neuron"
1.51323852329523e-12,0.576911972551672,0.318,0.199,4.50475975999759e-08,"GLRA2","AD_vs_Ctrl","D2 medium spiny neuron"
1.51742758231716e-12,0.628204371107515,0.274,0.165,4.51723016979996e-08,"GALNS","AD_vs_Ctrl","D2 medium spiny neuron"
1.67526735310904e-12,0.61053539935858,0.312,0.199,4.98710338347031e-08,"HAT1","AD_vs_Ctrl","D2 medium spiny neuron"
1.80601915040474e-12,0.605649701489176,0.306,0.191,5.37633840883988e-08,"DCHS2","AD_vs_Ctrl","D2 medium spiny neuron"
1.83334055906822e-12,0.56334440230969,0.303,0.191,5.45767151029019e-08,"C1S","AD_vs_Ctrl","D2 medium spiny neuron"
1.94793669019944e-12,0.65692371363993,0.322,0.203,5.79881273305472e-08,"IPO9-AS1","AD_vs_Ctrl","D2 medium spiny neuron"
1.9624351527264e-12,0.658663395586339,0.288,0.174,5.84197320615122e-08,"MAST1","AD_vs_Ctrl","D2 medium spiny neuron"
2.0236381861686e-12,0.59799520716266,0.238,0.133,6.02416851640531e-08,"C11orf1","AD_vs_Ctrl","D2 medium spiny neuron"
2.06179104174008e-12,0.799647153233217,0.27,0.162,6.13774575215604e-08,"AL512422.2","AD_vs_Ctrl","D2 medium spiny neuron"
2.0805328270707e-12,0.786787588055737,0.206,0.107,6.19353817290677e-08,"TMEM44-AS1","AD_vs_Ctrl","D2 medium spiny neuron"
2.0863062663707e-12,0.51485137050443,0.386,0.262,6.21072512435894e-08,"PNMA1","AD_vs_Ctrl","D2 medium spiny neuron"
2.09223341807539e-12,0.840122414928257,0.277,0.171,6.22836966226864e-08,"AC069133.1","AD_vs_Ctrl","D2 medium spiny neuron"
2.14476908339735e-12,0.617027410999496,0.248,0.14,6.38476308436557e-08,"ASNSD1","AD_vs_Ctrl","D2 medium spiny neuron"
2.16810709700779e-12,0.62398453722404,0.322,0.206,6.4542380170825e-08,"AC092114.1","AD_vs_Ctrl","D2 medium spiny neuron"
2.35929122385431e-12,0.583161534207175,0.311,0.193,7.02337404429189e-08,"A2ML1-AS1","AD_vs_Ctrl","D2 medium spiny neuron"
2.5583333709686e-12,0.797701884074489,0.238,0.135,7.61590261203643e-08,"LMO7-AS1","AD_vs_Ctrl","D2 medium spiny neuron"
2.5760775330139e-12,0.758438216805036,0.257,0.149,7.66872520802909e-08,"AC083798.2","AD_vs_Ctrl","D2 medium spiny neuron"
2.67876535877991e-12,0.541714506445816,0.438,0.326,7.9744165965519e-08,"DPF1","AD_vs_Ctrl","D2 medium spiny neuron"
2.86375705969558e-12,0.687594078351969,0.26,0.152,8.52511839100777e-08,"ENPP7P10","AD_vs_Ctrl","D2 medium spiny neuron"
3.01023796286142e-12,0.595931155103894,0.503,0.426,8.96117739164217e-08,"SLC38A11","AD_vs_Ctrl","D2 medium spiny neuron"
3.07915416007722e-12,0.694645011489225,0.246,0.138,9.16633401913389e-08,"PPFIA2-AS1","AD_vs_Ctrl","D2 medium spiny neuron"
3.08111914158182e-12,0.571497381512434,0.342,0.225,9.17218357257492e-08,"AP001992.1","AD_vs_Ctrl","D2 medium spiny neuron"
3.32135353790569e-12,0.837692532111086,0.215,0.119,9.88733734699145e-08,"C8orf76","AD_vs_Ctrl","D2 medium spiny neuron"
3.40181874337185e-12,0.718500777621869,0.247,0.145,1.01268742171437e-07,"PARD6G-AS1","AD_vs_Ctrl","D2 medium spiny neuron"
3.51713274226426e-12,-1.23001386765054,0.124,0.216,1.04701524604465e-07,"S100B","AD_vs_Ctrl","D2 medium spiny neuron"
3.58339859372834e-12,-0.508346910916346,0.691,0.73,1.06674192736699e-07,"CLU","AD_vs_Ctrl","D2 medium spiny neuron"
3.590208483704e-12,0.819013283566338,0.235,0.135,1.06876916351384e-07,"RHCE","AD_vs_Ctrl","D2 medium spiny neuron"
3.60325670656839e-12,0.807045759756317,0.281,0.174,1.07265348897834e-07,"AC022387.1","AD_vs_Ctrl","D2 medium spiny neuron"
3.61389844686463e-12,0.597582249829593,0.359,0.24,1.07582142864713e-07,"AC135782.1","AD_vs_Ctrl","D2 medium spiny neuron"
3.75703365459276e-12,-0.677553784679662,0.221,0.33,1.11843134863572e-07,"AC008105.3","AD_vs_Ctrl","D2 medium spiny neuron"
3.75865673069731e-12,0.547733396921638,0.378,0.26,1.11891452216128e-07,"CYB561","AD_vs_Ctrl","D2 medium spiny neuron"
3.93181217525652e-12,0.533374236612431,0.412,0.299,1.17046116645211e-07,"ACADVL","AD_vs_Ctrl","D2 medium spiny neuron"
4.11017518218382e-12,-0.662596967783506,0.258,0.369,1.2235580499843e-07,"HIPK2","AD_vs_Ctrl","D2 medium spiny neuron"
4.75876600687397e-12,0.608589070409033,0.326,0.211,1.41663705258631e-07,"MIR181A1HG","AD_vs_Ctrl","D2 medium spiny neuron"
4.867707530684e-12,0.666639777899503,0.258,0.151,1.44906785480932e-07,"C17orf67","AD_vs_Ctrl","D2 medium spiny neuron"
4.97425105894723e-12,0.646102521667068,0.299,0.189,1.480784797738e-07,"AP002075.1","AD_vs_Ctrl","D2 medium spiny neuron"
5.27447755872884e-12,0.907998162700891,0.207,0.112,1.57015922445799e-07,"ZNF614","AD_vs_Ctrl","D2 medium spiny neuron"
5.79278035155998e-12,-1.0477771429657,0.117,0.205,1.72445278285589e-07,"CYP4A22-AS1","AD_vs_Ctrl","D2 medium spiny neuron"
6.64287287498034e-12,0.781288911282422,0.208,0.111,1.9775168261529e-07,"CRTC3-AS1","AD_vs_Ctrl","D2 medium spiny neuron"
7.38617685862784e-12,0.716222427045152,0.22,0.119,2.19879098904492e-07,"AC233280.1","AD_vs_Ctrl","D2 medium spiny neuron"
7.91628357634835e-12,0.779546227803756,0.242,0.14,2.35659845784314e-07,"AC119868.2","AD_vs_Ctrl","D2 medium spiny neuron"
8.00720286299989e-12,0.534411111416045,0.399,0.287,2.38366422028644e-07,"RFXAP","AD_vs_Ctrl","D2 medium spiny neuron"
8.45765542549801e-12,0.76969051857163,0.216,0.119,2.5177594436165e-07,"TOGARAM2","AD_vs_Ctrl","D2 medium spiny neuron"
8.55212678983343e-12,0.829035513238874,0.206,0.11,2.54588262406551e-07,"OPA1-AS1","AD_vs_Ctrl","D2 medium spiny neuron"
8.66058658107589e-12,0.616392762666638,0.296,0.184,2.57817001932048e-07,"AC025034.1","AD_vs_Ctrl","D2 medium spiny neuron"
8.93572803261886e-12,0.543315742368609,0.398,0.282,2.66007687803031e-07,"TEX15","AD_vs_Ctrl","D2 medium spiny neuron"
9.44950986749788e-12,0.740427209166749,0.241,0.142,2.81302459245544e-07,"SLC6A11","AD_vs_Ctrl","D2 medium spiny neuron"
9.50061219343955e-12,0.551757484003093,0.288,0.175,2.82823724386502e-07,"AC017083.2","AD_vs_Ctrl","D2 medium spiny neuron"
9.54997817278571e-12,0.540011208735889,0.26,0.154,2.84293300225658e-07,"THYN1","AD_vs_Ctrl","D2 medium spiny neuron"
1.06435711457071e-11,0.554556737414445,0.326,0.214,3.16848469436555e-07,"MITD1","AD_vs_Ctrl","D2 medium spiny neuron"
1.09472170175299e-11,-0.943134651344093,0.128,0.221,3.25887703394847e-07,"ZNF449","AD_vs_Ctrl","D2 medium spiny neuron"
1.1501272611454e-11,-1.24754412877312,0.175,0.262,3.42381384370374e-07,"IFIT1","AD_vs_Ctrl","D2 medium spiny neuron"
1.17081428666972e-11,0.873650723739412,0.204,0.112,3.4853970499871e-07,"MORC4","AD_vs_Ctrl","D2 medium spiny neuron"
1.42710853625551e-11,0.647319773475969,0.28,0.173,4.24835940157903e-07,"KNOP1","AD_vs_Ctrl","D2 medium spiny neuron"
1.73982524131551e-11,0.537185854091575,0.409,0.296,5.17928576087215e-07,"DHCR24","AD_vs_Ctrl","D2 medium spiny neuron"
1.76204461596373e-11,0.534035580222101,0.413,0.299,5.24543061726243e-07,"PRPF38B","AD_vs_Ctrl","D2 medium spiny neuron"
1.78749590096801e-11,0.665930536697101,0.289,0.182,5.32119654759167e-07,"CAV3","AD_vs_Ctrl","D2 medium spiny neuron"
2.17727043159229e-11,0.522135564927674,0.295,0.186,6.4815163478071e-07,"CCT7","AD_vs_Ctrl","D2 medium spiny neuron"
2.41600896879461e-11,0.819809068042262,0.206,0.114,7.19221709920468e-07,"DPH3","AD_vs_Ctrl","D2 medium spiny neuron"
2.48947864607576e-11,0.521044821139818,0.388,0.269,7.41092898150293e-07,"AC104123.1","AD_vs_Ctrl","D2 medium spiny neuron"
2.62731611018965e-11,0.554414392789389,0.368,0.252,7.82125732842357e-07,"AC242426.4","AD_vs_Ctrl","D2 medium spiny neuron"
2.81363925238596e-11,0.510534276843887,0.389,0.276,8.37592269042776e-07,"AASDH","AD_vs_Ctrl","D2 medium spiny neuron"
2.88560046343328e-11,0.570058416509296,0.339,0.229,8.59014401959454e-07,"UBAC1","AD_vs_Ctrl","D2 medium spiny neuron"
3.20217426288983e-11,0.503319080193228,0.342,0.229,9.53255256319672e-07,"TMEM68","AD_vs_Ctrl","D2 medium spiny neuron"
3.46394054172958e-11,0.771634937034182,0.243,0.147,1.03118045986748e-06,"AL365361.1","AD_vs_Ctrl","D2 medium spiny neuron"
3.54244538497233e-11,0.74396949154945,0.251,0.156,1.05455056665241e-06,"CBFA2T3","AD_vs_Ctrl","D2 medium spiny neuron"
3.57382993449603e-11,0.511398449844146,0.399,0.277,1.06389343320012e-06,"MPPE1","AD_vs_Ctrl","D2 medium spiny neuron"
3.89161327157857e-11,0.510140179001676,0.375,0.263,1.15849435481623e-06,"MRPL48","AD_vs_Ctrl","D2 medium spiny neuron"
3.94904049960919e-11,0.784252424345813,0.217,0.123,1.17558986632866e-06,"SNHG19","AD_vs_Ctrl","D2 medium spiny neuron"
3.9895926278801e-11,0.537605211941219,0.338,0.227,1.18766182939363e-06,"PALD1","AD_vs_Ctrl","D2 medium spiny neuron"
4.54047162689528e-11,0.564533698312135,0.401,0.292,1.35165299861045e-06,"GTF3A","AD_vs_Ctrl","D2 medium spiny neuron"
4.55260634151396e-11,0.504683725391265,0.381,0.268,1.35526538180529e-06,"CEP63","AD_vs_Ctrl","D2 medium spiny neuron"
4.95020271921832e-11,0.560534543151472,0.32,0.211,1.4736258474841e-06,"PSPH","AD_vs_Ctrl","D2 medium spiny neuron"
5.27429941891081e-11,-0.700242872032354,0.276,0.371,1.57010619401556e-06,"RFX3-AS1","AD_vs_Ctrl","D2 medium spiny neuron"
5.37114303485706e-11,0.521556403396573,0.234,0.136,1.5989355700466e-06,"CHDH","AD_vs_Ctrl","D2 medium spiny neuron"
5.88115947009341e-11,0.57200649341594,0.356,0.245,1.75076236265211e-06,"CC2D2A","AD_vs_Ctrl","D2 medium spiny neuron"
5.94641148788913e-11,0.54679740696908,0.296,0.186,1.77018723582971e-06,"KLKB1","AD_vs_Ctrl","D2 medium spiny neuron"
6.10941021231003e-11,0.534359263596238,0.213,0.121,1.81871032610257e-06,"BAG1","AD_vs_Ctrl","D2 medium spiny neuron"
6.48815673066465e-11,0.596990934128287,0.353,0.241,1.93145937715156e-06,"FAM89A","AD_vs_Ctrl","D2 medium spiny neuron"
6.83695872438878e-11,0.531917248940975,0.387,0.283,2.03529424266329e-06,"MID2","AD_vs_Ctrl","D2 medium spiny neuron"
7.00087893903312e-11,0.706197355579029,0.208,0.115,2.08409165136077e-06,"TMEM9B-AS1","AD_vs_Ctrl","D2 medium spiny neuron"
7.42083020783453e-11,0.539768072258818,0.355,0.241,2.20910694457026e-06,"LINC02143","AD_vs_Ctrl","D2 medium spiny neuron"
8.03376621302963e-11,0.507015651279844,0.41,0.294,2.39157186395679e-06,"ARG2","AD_vs_Ctrl","D2 medium spiny neuron"
8.81336754614069e-11,0.578230779654631,0.278,0.175,2.62365138481062e-06,"TPP1","AD_vs_Ctrl","D2 medium spiny neuron"
9.13734946950461e-11,0.570762236847893,0.352,0.245,2.72009756357683e-06,"AC112722.1","AD_vs_Ctrl","D2 medium spiny neuron"
1.01613136265217e-10,-0.775733009051466,0.166,0.26,3.02492145347924e-06,"TNXB","AD_vs_Ctrl","D2 medium spiny neuron"
1.06115113035864e-10,0.634970454777751,0.203,0.111,3.15894079996462e-06,"AL138787.2","AD_vs_Ctrl","D2 medium spiny neuron"
1.09535262200546e-10,0.515101084590079,0.326,0.219,3.26075522044805e-06,"C5orf51","AD_vs_Ctrl","D2 medium spiny neuron"
1.10944596258425e-10,0.529961272121851,0.378,0.268,3.30270968601704e-06,"ELMOD2","AD_vs_Ctrl","D2 medium spiny neuron"
1.11556304780711e-10,0.661519233888812,0.215,0.125,3.32091963701699e-06,"CISD2","AD_vs_Ctrl","D2 medium spiny neuron"
1.2253932581923e-10,0.57621789733851,0.35,0.241,3.64787319031267e-06,"AP001266.2","AD_vs_Ctrl","D2 medium spiny neuron"
1.28477005142003e-10,0.627495515258329,0.289,0.189,3.82463196607228e-06,"MTFR1","AD_vs_Ctrl","D2 medium spiny neuron"
1.37940994902413e-10,0.616935550529282,0.234,0.138,4.10636547724992e-06,"LENG8-AS1","AD_vs_Ctrl","D2 medium spiny neuron"
1.3968354162456e-10,0.684542552273803,0.215,0.123,4.15823935062152e-06,"SYNPR-AS1","AD_vs_Ctrl","D2 medium spiny neuron"
1.41754941952011e-10,0.534703916321451,0.342,0.236,4.21990286696942e-06,"HAX1","AD_vs_Ctrl","D2 medium spiny neuron"
1.42166642372518e-10,0.802465691067695,0.231,0.14,4.2321587767875e-06,"NR1I3","AD_vs_Ctrl","D2 medium spiny neuron"
1.42179420828137e-10,0.503660544112226,0.345,0.236,4.2325391786328e-06,"METTL4","AD_vs_Ctrl","D2 medium spiny neuron"
1.45755563457715e-10,0.90773303170536,0.213,0.126,4.33899736857273e-06,"AC114546.1","AD_vs_Ctrl","D2 medium spiny neuron"
1.47973831549024e-10,-0.558900722534999,0.521,0.551,4.4050329913829e-06,"AGBL1","AD_vs_Ctrl","D2 medium spiny neuron"
1.51182118278538e-10,0.791865256263856,0.24,0.147,4.5005404790338e-06,"ZNF552","AD_vs_Ctrl","D2 medium spiny neuron"
1.62371741520608e-10,0.505447056339586,0.327,0.222,4.83364437332697e-06,"CXorf38","AD_vs_Ctrl","D2 medium spiny neuron"
2.08919195051217e-10,-0.764947989744162,0.228,0.316,6.21931551747969e-06,"AC087457.1","AD_vs_Ctrl","D2 medium spiny neuron"
2.46048812795414e-10,0.57440507112974,0.228,0.132,7.32462710810668e-06,"SLC22A10","AD_vs_Ctrl","D2 medium spiny neuron"
2.52379994484748e-10,0.531668745968576,0.323,0.219,7.51310005581646e-06,"DHFR","AD_vs_Ctrl","D2 medium spiny neuron"
2.73461958505598e-10,0.701030761499682,0.238,0.145,8.14068904275315e-06,"MAML2","AD_vs_Ctrl","D2 medium spiny neuron"
2.8385663802771e-10,-0.91822619096395,0.119,0.201,8.45012825744689e-06,"AC109927.1","AD_vs_Ctrl","D2 medium spiny neuron"
3.2856238258205e-10,-0.52205128916164,0.372,0.466,9.78097356708505e-06,"AL359232.1","AD_vs_Ctrl","D2 medium spiny neuron"
3.34420450503798e-10,0.565952985639844,0.319,0.217,9.95536239104756e-06,"TNFSF13B","AD_vs_Ctrl","D2 medium spiny neuron"
3.61103691819655e-10,0.535798133466078,0.349,0.247,1.07496958017793e-05,"AC004893.2","AD_vs_Ctrl","D2 medium spiny neuron"
3.62354251238417e-10,0.523491708339703,0.245,0.15,1.07869237051164e-05,"GNL3","AD_vs_Ctrl","D2 medium spiny neuron"
3.84022236892517e-10,0.565668723260736,0.281,0.184,1.14319579700533e-05,"HLA-L","AD_vs_Ctrl","D2 medium spiny neuron"
3.96987704701342e-10,0.704636988193656,0.255,0.161,1.18179269812543e-05,"BUB3","AD_vs_Ctrl","D2 medium spiny neuron"
4.10164325026172e-10,0.64233535487357,0.28,0.182,1.22101817917041e-05,"PRKCSH","AD_vs_Ctrl","D2 medium spiny neuron"
4.30790603320454e-10,0.606040525687501,0.29,0.186,1.28242054702466e-05,"AL136311.1","AD_vs_Ctrl","D2 medium spiny neuron"
4.61637350779059e-10,0.586120020342445,0.263,0.163,1.37424822953418e-05,"DUSP18","AD_vs_Ctrl","D2 medium spiny neuron"
5.25135699498421e-10,0.760808497381503,0.216,0.129,1.56327646383685e-05,"ZNF561","AD_vs_Ctrl","D2 medium spiny neuron"
5.65445298937122e-10,0.702077825352314,0.238,0.148,1.68327411040592e-05,"FAM27E3","AD_vs_Ctrl","D2 medium spiny neuron"
5.81025881212967e-10,0.606278994523291,0.263,0.166,1.72965594578288e-05,"RFPL2","AD_vs_Ctrl","D2 medium spiny neuron"
7.49158591003664e-10,0.62762070215372,0.227,0.139,2.23017020955881e-05,"FLRT3","AD_vs_Ctrl","D2 medium spiny neuron"
8.26318968094431e-10,0.602933933607949,0.283,0.186,2.45986893612031e-05,"AC008629.1","AD_vs_Ctrl","D2 medium spiny neuron"
8.65843470680057e-10,0.719610464602256,0.235,0.145,2.57752942786746e-05,"CXorf57","AD_vs_Ctrl","D2 medium spiny neuron"
8.9575929387055e-10,0.717256748745662,0.231,0.143,2.66658584192324e-05,"AC019118.2","AD_vs_Ctrl","D2 medium spiny neuron"
1.00699846903473e-09,0.555770809985108,0.344,0.24,2.99773374246948e-05,"SATB1-AS1","AD_vs_Ctrl","D2 medium spiny neuron"
1.06352261096408e-09,0.750962149438027,0.208,0.122,3.16600046057898e-05,"AC096719.1","AD_vs_Ctrl","D2 medium spiny neuron"
1.07310275534255e-09,0.786453127881003,0.208,0.122,3.19451959237923e-05,"LINC01060","AD_vs_Ctrl","D2 medium spiny neuron"
1.07490162375457e-09,0.557063257159047,0.354,0.254,3.19987464375499e-05,"ATE1-AS1","AD_vs_Ctrl","D2 medium spiny neuron"
1.19657277993015e-09,0.757459372556835,0.2,0.117,3.56207750857406e-05,"MACROD1","AD_vs_Ctrl","D2 medium spiny neuron"
1.24101437049197e-09,0.629790537225788,0.238,0.146,3.69437567951755e-05,"SERTAD4","AD_vs_Ctrl","D2 medium spiny neuron"
1.25346446684843e-09,0.508436397977952,0.336,0.236,3.7314383713611e-05,"TRIM52","AD_vs_Ctrl","D2 medium spiny neuron"
1.37027287551603e-09,0.551998265367639,0.3,0.203,4.07916532312368e-05,"TMEM246","AD_vs_Ctrl","D2 medium spiny neuron"
1.59406352303974e-09,0.637721090127765,0.211,0.125,4.745367701737e-05,"ACKR1","AD_vs_Ctrl","D2 medium spiny neuron"
1.59899180665654e-09,0.823223013827501,0.226,0.143,4.76003870923585e-05,"NSUN5P2","AD_vs_Ctrl","D2 medium spiny neuron"
1.65084614466277e-09,0.709694475502584,0.279,0.187,4.9144038880466e-05,"AC091948.1","AD_vs_Ctrl","D2 medium spiny neuron"
1.68172772664841e-09,0.565062915178134,0.273,0.178,5.00633526945965e-05,"DEFB109F","AD_vs_Ctrl","D2 medium spiny neuron"
1.69474892949056e-09,0.53670148568999,0.317,0.22,5.04509808820045e-05,"AC008771.1","AD_vs_Ctrl","D2 medium spiny neuron"
1.70206762300061e-09,0.699818199529804,0.226,0.136,5.06688510691052e-05,"ACER2","AD_vs_Ctrl","D2 medium spiny neuron"
1.70785184915167e-09,0.625119320891488,0.327,0.232,5.08410416973961e-05,"MIR34AHG","AD_vs_Ctrl","D2 medium spiny neuron"
1.8388945034912e-09,0.503468450093244,0.349,0.249,5.47420504744296e-05,"ACTR1A","AD_vs_Ctrl","D2 medium spiny neuron"
1.91625601858864e-09,0.510512765916494,0.299,0.198,5.70450254173651e-05,"CCDC77","AD_vs_Ctrl","D2 medium spiny neuron"
2.38232678852617e-09,0.623736140969698,0.24,0.149,7.09194861676357e-05,"AC015849.3","AD_vs_Ctrl","D2 medium spiny neuron"
2.46312843025976e-09,0.588792033832063,0.287,0.19,7.33248702404027e-05,"RAD51-AS1","AD_vs_Ctrl","D2 medium spiny neuron"
2.50631751584524e-09,0.566661106308711,0.24,0.148,7.46105661291969e-05,"NECTIN3","AD_vs_Ctrl","D2 medium spiny neuron"
2.55951318984774e-09,-0.793711245760649,0.14,0.223,7.61941481485774e-05,"C20orf203","AD_vs_Ctrl","D2 medium spiny neuron"
2.63530973336384e-09,0.691195936304301,0.216,0.13,7.84505354525083e-05,"H2AFJ","AD_vs_Ctrl","D2 medium spiny neuron"
2.67537399226992e-09,-0.585787041342066,0.319,0.406,7.96432083758833e-05,"LINC01006","AD_vs_Ctrl","D2 medium spiny neuron"
2.70443058488395e-09,0.627183935947218,0.202,0.119,8.05081940814103e-05,"AC010642.2","AD_vs_Ctrl","D2 medium spiny neuron"
2.90579340804805e-09,0.587932160080863,0.241,0.15,8.65025639641823e-05,"AC026202.2","AD_vs_Ctrl","D2 medium spiny neuron"
2.93142265571755e-09,0.676308741953419,0.208,0.123,8.72655210380558e-05,"PPIL1","AD_vs_Ctrl","D2 medium spiny neuron"
3.01635574545424e-09,0.544954508641953,0.28,0.182,8.97938941864274e-05,"P3H2","AD_vs_Ctrl","D2 medium spiny neuron"
3.15377067609392e-09,0.592547327010622,0.266,0.172,9.38845992566399e-05,"COL19A1","AD_vs_Ctrl","D2 medium spiny neuron"
3.3092886363706e-09,-1.10099334709901,0.153,0.225,9.85142134161163e-05,"AL162726.3","AD_vs_Ctrl","D2 medium spiny neuron"
3.47651514292331e-09,0.549142878447519,0.322,0.225,0.000103492379289684,"AL591501.1","AD_vs_Ctrl","D2 medium spiny neuron"
3.47708971334428e-09,0.64308964530225,0.281,0.189,0.000103509483676546,"TIGD7","AD_vs_Ctrl","D2 medium spiny neuron"
3.601088890677e-09,0.606878953769228,0.297,0.205,0.000107200815186564,"AC098826.2","AD_vs_Ctrl","D2 medium spiny neuron"
3.83726935114296e-09,0.645386781785438,0.263,0.175,0.000114231671314175,"PTP4A2","AD_vs_Ctrl","D2 medium spiny neuron"
4.02468496228746e-09,-0.735745877507327,0.193,0.279,0.000119810846642336,"UPP1","AD_vs_Ctrl","D2 medium spiny neuron"
4.17203742646505e-09,-0.611914226975156,0.245,0.336,0.000124197382148438,"RBM4","AD_vs_Ctrl","D2 medium spiny neuron"
4.58114261845199e-09,0.614113403544648,0.295,0.203,0.000136376034608697,"ZNF630","AD_vs_Ctrl","D2 medium spiny neuron"
4.79373725008384e-09,0.500365638596288,0.296,0.2,0.000142704764197746,"COX5A","AD_vs_Ctrl","D2 medium spiny neuron"
4.80385962163355e-09,0.663203052585068,0.205,0.121,0.000143006097076409,"ERICH3-AS1","AD_vs_Ctrl","D2 medium spiny neuron"
4.81943055610095e-09,0.603959815669734,0.223,0.138,0.000143469628224569,"FRG1","AD_vs_Ctrl","D2 medium spiny neuron"
4.85656360194953e-09,0.567894838626656,0.297,0.202,0.000144575041866436,"MYLK-AS1","AD_vs_Ctrl","D2 medium spiny neuron"
5.09589006640558e-09,0.652397179315484,0.233,0.147,0.000151699551386828,"ENO4","AD_vs_Ctrl","D2 medium spiny neuron"
5.16343705249774e-09,-0.674375034311337,0.189,0.276,0.000153710357615805,"PGAP2","AD_vs_Ctrl","D2 medium spiny neuron"
5.35316550014137e-09,0.70675099675284,0.224,0.14,0.000159358383773709,"MAP3K7CL","AD_vs_Ctrl","D2 medium spiny neuron"
5.64352868360582e-09,-0.625655443806778,0.292,0.372,0.000168002205382262,"AC004551.1","AD_vs_Ctrl","D2 medium spiny neuron"
6.07332958440856e-09,0.502456511825353,0.268,0.174,0.000180796948398258,"BPNT1","AD_vs_Ctrl","D2 medium spiny neuron"
6.56632473575644e-09,-0.639491173677361,0.311,0.388,0.000195472921058733,"AC073365.1","AD_vs_Ctrl","D2 medium spiny neuron"
6.63762072348443e-09,0.523201630059317,0.24,0.152,0.000197595331317408,"GAMT","AD_vs_Ctrl","D2 medium spiny neuron"
6.66485802850522e-09,0.770137927453991,0.202,0.123,0.000198406158650572,"MYOM2","AD_vs_Ctrl","D2 medium spiny neuron"
6.78451176150836e-09,0.515210276696484,0.426,0.325,0.000201968130628342,"NOMO1","AD_vs_Ctrl","D2 medium spiny neuron"
7.17043057654205e-09,-0.621206902994993,0.326,0.402,0.00021345654783308,"GSE1","AD_vs_Ctrl","D2 medium spiny neuron"
7.37033634761164e-09,0.610823734337542,0.232,0.146,0.000219407542732051,"SMCR5","AD_vs_Ctrl","D2 medium spiny neuron"
7.37649506111965e-09,0.566070856571198,0.233,0.146,0.000219590881474471,"CUEDC2","AD_vs_Ctrl","D2 medium spiny neuron"
7.93816495682974e-09,0.501218861945488,0.267,0.174,0.000236311232599865,"MME-AS1","AD_vs_Ctrl","D2 medium spiny neuron"
8.33695765658033e-09,0.502315616251001,0.295,0.2,0.00024818289247874,"AC006299.1","AD_vs_Ctrl","D2 medium spiny neuron"
8.35038668168621e-09,0.541137273342381,0.299,0.209,0.000248582661127117,"KAT8","AD_vs_Ctrl","D2 medium spiny neuron"
8.81803504980435e-09,0.667393718989446,0.2,0.123,0.000262504085397626,"RANBP6","AD_vs_Ctrl","D2 medium spiny neuron"
8.94491048319388e-09,0.569210277609247,0.2,0.118,0.000266281040174199,"AL662799.1","AD_vs_Ctrl","D2 medium spiny neuron"
9.15971320525411e-09,-0.672503183633307,0.258,0.338,0.00027267550240721,"AC036108.1","AD_vs_Ctrl","D2 medium spiny neuron"
9.3619482735622e-09,0.522502600988672,0.261,0.17,0.000278695838155673,"SRA1","AD_vs_Ctrl","D2 medium spiny neuron"
9.68096636660828e-09,0.580388864335116,0.233,0.146,0.000288192687767562,"AP002812.2","AD_vs_Ctrl","D2 medium spiny neuron"
9.85914187918909e-09,0.569773054690223,0.3,0.211,0.00029349679460158,"AL031428.1","AD_vs_Ctrl","D2 medium spiny neuron"
9.87415636031334e-09,0.5588916996188,0.244,0.158,0.000293943760690168,"TSTD2","AD_vs_Ctrl","D2 medium spiny neuron"
9.96612120584959e-09,0.53691757546031,0.234,0.147,0.000296681462176936,"EYS","AD_vs_Ctrl","D2 medium spiny neuron"
1.03438822951302e-08,0.75622859919046,0.202,0.124,0.000307927032043731,"SERHL2","AD_vs_Ctrl","D2 medium spiny neuron"
1.06074883570354e-08,0.710568028241643,0.201,0.122,0.000315774320900587,"LINC01598.1","AD_vs_Ctrl","D2 medium spiny neuron"
1.11689424461676e-08,0.583617721059026,0.216,0.134,0.000332488247679964,"TMEM161A","AD_vs_Ctrl","D2 medium spiny neuron"
1.12668451233444e-08,0.686763661716502,0.211,0.129,0.00033540271247684,"LINC00574","AD_vs_Ctrl","D2 medium spiny neuron"
1.1675501852417e-08,0.516273679666063,0.248,0.163,0.000347568014644602,"WASH3P","AD_vs_Ctrl","D2 medium spiny neuron"
1.27636662563409e-08,0.569400399329985,0.213,0.128,0.000379961580785011,"ARHGAP26-AS1","AD_vs_Ctrl","D2 medium spiny neuron"
1.31185422595567e-08,-0.763876894128753,0.126,0.201,0.000390525884524743,"GLI3","AD_vs_Ctrl","D2 medium spiny neuron"
1.39709486364816e-08,0.538933944810992,0.293,0.201,0.000415901169959422,"SLC25A24","AD_vs_Ctrl","D2 medium spiny neuron"
1.40976300826489e-08,0.570861237247875,0.248,0.161,0.000419672349930374,"BX088645.1","AD_vs_Ctrl","D2 medium spiny neuron"
1.4416624286634e-08,-0.662672489161739,0.305,0.377,0.000429168488388806,"STUM","AD_vs_Ctrl","D2 medium spiny neuron"
1.54286065949175e-08,-0.704104904320948,0.175,0.256,0.0004592941897241,"D2HGDH","AD_vs_Ctrl","D2 medium spiny neuron"
1.55219629186552e-08,0.534240217712231,0.298,0.209,0.000462073314125447,"LSM8","AD_vs_Ctrl","D2 medium spiny neuron"
1.64393184821024e-08,0.51355389995768,0.273,0.183,0.000489382071893707,"FUK","AD_vs_Ctrl","D2 medium spiny neuron"
1.75216105394995e-08,0.506247256623802,0.309,0.216,0.000521600824150362,"AC114689.3","AD_vs_Ctrl","D2 medium spiny neuron"
1.88225956093323e-08,0.610731254013148,0.206,0.124,0.000560329848694212,"ZNF143","AD_vs_Ctrl","D2 medium spiny neuron"
1.92110925958895e-08,0.592073756999473,0.205,0.126,0.000571895015487033,"PEX2","AD_vs_Ctrl","D2 medium spiny neuron"
2.07160860874572e-08,-0.532826360871834,0.286,0.369,0.000616697166737513,"STX16-NPEPL1","AD_vs_Ctrl","D2 medium spiny neuron"
2.13210095798886e-08,0.523199865800304,0.253,0.168,0.000634705134183704,"FAM133A","AD_vs_Ctrl","D2 medium spiny neuron"
2.14370159791389e-08,0.517792010277327,0.293,0.205,0.000638158528682985,"SIRT7","AD_vs_Ctrl","D2 medium spiny neuron"
2.1956190067021e-08,0.528534559200591,0.292,0.201,0.000653613822105149,"TRPM3","AD_vs_Ctrl","D2 medium spiny neuron"
2.19931659647089e-08,-0.58435437346471,0.33,0.404,0.000654714557603418,"AC124944.3","AD_vs_Ctrl","D2 medium spiny neuron"
2.34677019273587e-08,-0.556434202874731,0.37,0.446,0.000698610018675541,"TMEM74B","AD_vs_Ctrl","D2 medium spiny neuron"
2.46058062674883e-08,0.586296634508076,0.246,0.162,0.00073249024677686,"LSG1","AD_vs_Ctrl","D2 medium spiny neuron"
2.5480668142948e-08,0.517059582300974,0.244,0.159,0.000758534009947418,"AL122035.1","AD_vs_Ctrl","D2 medium spiny neuron"
2.55238959690916e-08,0.504109268316987,0.281,0.193,0.000759820859103888,"DVL2","AD_vs_Ctrl","D2 medium spiny neuron"
2.75754224519408e-08,0.544705339146127,0.333,0.244,0.000820892750971825,"AL356056.2","AD_vs_Ctrl","D2 medium spiny neuron"
2.77026185266685e-08,0.507736161315907,0.345,0.254,0.000824679250920396,"ZNF529-AS1","AD_vs_Ctrl","D2 medium spiny neuron"
2.80679191992358e-08,0.541447489195338,0.233,0.15,0.00083555388664205,"RNF215","AD_vs_Ctrl","D2 medium spiny neuron"
2.88831586995588e-08,0.67655922045487,0.253,0.171,0.000859822751327167,"OPRK1","AD_vs_Ctrl","D2 medium spiny neuron"
3.00228680870781e-08,0.61292975193929,0.208,0.129,0.000893750760084227,"CCDC181","AD_vs_Ctrl","D2 medium spiny neuron"
3.01518832684609e-08,-0.641424851898523,0.19,0.271,0.000897591413018812,"SH3RF3","AD_vs_Ctrl","D2 medium spiny neuron"
3.20321255865992e-08,-0.902127323128791,0.171,0.248,0.000953564346587471,"FAM107A","AD_vs_Ctrl","D2 medium spiny neuron"
3.22009716563806e-08,0.667339351187511,0.211,0.13,0.000958590725238795,"APOLD1","AD_vs_Ctrl","D2 medium spiny neuron"
3.37645157132773e-08,0.64655792678185,0.218,0.138,0.00100513586826855,"FAT2","AD_vs_Ctrl","D2 medium spiny neuron"
3.56950961178003e-08,-0.641067596027183,0.236,0.317,0.0010626073163308,"SEC24B-AS1","AD_vs_Ctrl","D2 medium spiny neuron"
3.71244862005296e-08,0.583788203490577,0.267,0.183,0.00110515882970357,"DNA2","AD_vs_Ctrl","D2 medium spiny neuron"
3.72547927248438e-08,0.581960454856436,0.292,0.205,0.00110903792462587,"SUCLG2-AS1","AD_vs_Ctrl","D2 medium spiny neuron"
3.78715314376706e-08,-0.573416388257899,0.292,0.369,0.00112739761936802,"LDB3","AD_vs_Ctrl","D2 medium spiny neuron"
4.46590928156513e-08,0.715712436709727,0.214,0.137,0.00132945653402912,"SMC5-AS1","AD_vs_Ctrl","D2 medium spiny neuron"
4.65811912655929e-08,0.57978266375248,0.235,0.155,0.00138667548278543,"TARS","AD_vs_Ctrl","D2 medium spiny neuron"
4.76291877226817e-08,-0.732805574067665,0.141,0.216,0.00141787328931651,"TNFRSF8","AD_vs_Ctrl","D2 medium spiny neuron"
4.84407806690187e-08,0.593012262826745,0.203,0.126,0.00144203359973602,"PSMB6","AD_vs_Ctrl","D2 medium spiny neuron"
4.94791761147054e-08,-0.731369719964405,0.135,0.209,0.00147294559375867,"LINC01811","AD_vs_Ctrl","D2 medium spiny neuron"
5.14330102810902e-08,-0.751843831366913,0.159,0.239,0.00153110928305778,"TNKS1BP1","AD_vs_Ctrl","D2 medium spiny neuron"
5.40074430467816e-08,0.538272558467003,0.289,0.205,0.00160774757205964,"TRIM16","AD_vs_Ctrl","D2 medium spiny neuron"
5.40553902960878e-08,0.623607535446937,0.222,0.143,0.00160917491372424,"AL135925.1","AD_vs_Ctrl","D2 medium spiny neuron"
5.80876350322422e-08,0.504709290800095,0.263,0.182,0.00172921080727482,"ZNF692","AD_vs_Ctrl","D2 medium spiny neuron"
6.32715374029757e-08,-0.82364238825762,0.131,0.203,0.00188353039694918,"LINC01106","AD_vs_Ctrl","D2 medium spiny neuron"
6.47103266821006e-08,-0.670493206438655,0.131,0.205,0.00192636171499945,"LINC01125","AD_vs_Ctrl","D2 medium spiny neuron"
6.78272824289237e-08,-0.627397445156977,0.3,0.379,0.00201915037062663,"TMEM179","AD_vs_Ctrl","D2 medium spiny neuron"
6.86070382473634e-08,-0.69595527137317,0.212,0.292,0.00204236292158576,"AC004784.1","AD_vs_Ctrl","D2 medium spiny neuron"
7.42621987891118e-08,-0.825422357998175,0.276,0.353,0.00221071139575307,"TTYH1","AD_vs_Ctrl","D2 medium spiny neuron"
7.60635492125284e-08,-0.570011085818363,0.238,0.321,0.00226433579650776,"TCF7L2","AD_vs_Ctrl","D2 medium spiny neuron"
7.89389764130728e-08,0.523797469271906,0.289,0.201,0.00234993438884076,"AC006581.2","AD_vs_Ctrl","D2 medium spiny neuron"
8.63795626887734e-08,0.529160860107997,0.251,0.17,0.0025714332016821,"PREX2","AD_vs_Ctrl","D2 medium spiny neuron"
9.51076996748353e-08,-0.578844781435822,0.295,0.369,0.00283126111162017,"DPYS","AD_vs_Ctrl","D2 medium spiny neuron"
9.66790443774513e-08,-0.704779182696545,0.242,0.315,0.00287803847207235,"DLEU7","AD_vs_Ctrl","D2 medium spiny neuron"
1.00220587541636e-07,0.62856417038813,0.234,0.156,0.00298346667052696,"AC023389.1","AD_vs_Ctrl","D2 medium spiny neuron"
1.3424383853603e-07,0.591043782811621,0.203,0.127,0.00399630482937908,"AP001462.1","AD_vs_Ctrl","D2 medium spiny neuron"
1.54337663675555e-07,-0.717987397144243,0.231,0.299,0.00459447790995761,"AC024901.1","AD_vs_Ctrl","D2 medium spiny neuron"
1.76823662359145e-07,-0.788777358967641,0.166,0.241,0.0052638636047694,"MAPK11","AD_vs_Ctrl","D2 medium spiny neuron"
1.90473195086745e-07,0.50725548220491,0.225,0.147,0.00567019654453732,"AC095032.1","AD_vs_Ctrl","D2 medium spiny neuron"
2.07689011172738e-07,0.512029499919479,0.231,0.152,0.00618269417360123,"NUDT6","AD_vs_Ctrl","D2 medium spiny neuron"
2.22322235530315e-07,0.586524675011282,0.218,0.143,0.00661831062950194,"EIF3D","AD_vs_Ctrl","D2 medium spiny neuron"
2.3314587209227e-07,0.623389942790587,0.209,0.135,0.00694051946631478,"C1orf131","AD_vs_Ctrl","D2 medium spiny neuron"
2.37021632764743e-07,-0.642168712500459,0.191,0.264,0.00705589698577365,"TFAP2E","AD_vs_Ctrl","D2 medium spiny neuron"
2.50387085994299e-07,0.656375975647389,0.208,0.136,0.0074537731629643,"WDR53","AD_vs_Ctrl","D2 medium spiny neuron"
2.94370302364273e-07,-0.502802238000113,0.248,0.331,0.00876310953108205,"OPN4","AD_vs_Ctrl","D2 medium spiny neuron"
3.03275834929912e-07,0.637149962308867,0.211,0.139,0.00902821833002854,"ACE","AD_vs_Ctrl","D2 medium spiny neuron"
3.17809723784044e-07,0.531979555127267,0.244,0.168,0.0094608776673272,"SNRPC","AD_vs_Ctrl","D2 medium spiny neuron"
3.48845314420476e-07,0.551038375529202,0.214,0.142,0.0103847761649831,"TRIM16L","AD_vs_Ctrl","D2 medium spiny neuron"
3.51507501959502e-07,-0.782276979907859,0.166,0.237,0.0104640268258324,"LINC00623","AD_vs_Ctrl","D2 medium spiny neuron"
4.31030835343488e-07,-0.657486422803847,0.249,0.318,0.0128313569373403,"LINC00970","AD_vs_Ctrl","D2 medium spiny neuron"
4.71387801673915e-07,0.50225827067529,0.218,0.143,0.0140327434680308,"AC103923.1","AD_vs_Ctrl","D2 medium spiny neuron"
4.75583540850744e-07,-0.677812586982077,0.342,0.401,0.0141576464275858,"LIX1-AS1","AD_vs_Ctrl","D2 medium spiny neuron"
5.11771684385783e-07,0.648552091708837,0.216,0.146,0.0152349312724804,"TBC1D7","AD_vs_Ctrl","D2 medium spiny neuron"
5.24310480022269e-07,0.522124860668823,0.237,0.161,0.0156081986797829,"BANF1","AD_vs_Ctrl","D2 medium spiny neuron"
5.66280595401944e-07,0.541420302468216,0.211,0.139,0.0168576070445205,"FAM178B","AD_vs_Ctrl","D2 medium spiny neuron"
6.29270924454468e-07,-0.540002061026873,0.325,0.387,0.0187327661500851,"AL359710.1","AD_vs_Ctrl","D2 medium spiny neuron"
7.44253426628976e-07,-0.560759375791278,0.263,0.338,0.022155680257318,"OSGEP","AD_vs_Ctrl","D2 medium spiny neuron"
7.45107973063632e-07,-0.59197461405983,0.199,0.271,0.0221811192501313,"AC010636.2","AD_vs_Ctrl","D2 medium spiny neuron"
7.6214650589769e-07,0.536472585719318,0.24,0.165,0.0226883393340683,"ZNF169","AD_vs_Ctrl","D2 medium spiny neuron"
8.85675946851999e-07,-0.533465936260317,0.419,0.459,0.0263656872618372,"SYT2","AD_vs_Ctrl","D2 medium spiny neuron"
9.74526729246839e-07,-0.819270286874218,0.226,0.299,0.0290106862029491,"METRN","AD_vs_Ctrl","D2 medium spiny neuron"
9.80508259642949e-07,0.509147755472596,0.229,0.159,0.0291887503813109,"ABCA1","AD_vs_Ctrl","D2 medium spiny neuron"
9.94400706487039e-07,-0.568353361797818,0.173,0.245,0.0296023146314127,"RABGEF1","AD_vs_Ctrl","D2 medium spiny neuron"
9.94834019286075e-07,-0.671071332564426,0.143,0.209,0.0296152139201272,"AL138881.1","AD_vs_Ctrl","D2 medium spiny neuron"
1.03081152465024e-06,0.58930699878678,0.243,0.171,0.0306862282773129,"IDH1","AD_vs_Ctrl","D2 medium spiny neuron"
1.03557870368542e-06,-0.596925483047078,0.279,0.346,0.0308281424300112,"AC098864.1","AD_vs_Ctrl","D2 medium spiny neuron"
1.06583894013025e-06,-0.742946256963833,0.151,0.218,0.0317289594087375,"RPL23AP49","AD_vs_Ctrl","D2 medium spiny neuron"
1.07043614194251e-06,0.596837604803659,0.218,0.149,0.0318658135094865,"GEMIN2","AD_vs_Ctrl","D2 medium spiny neuron"
1.0729205589406e-06,-0.783640451145057,0.17,0.24,0.0319397721191028,"CACNB3","AD_vs_Ctrl","D2 medium spiny neuron"
1.12954073405296e-06,0.528179014128448,0.257,0.185,0.0336252981120225,"ARHGEF37","AD_vs_Ctrl","D2 medium spiny neuron"
1.55650238763801e-06,0.503169848796368,0.219,0.149,0.0463355195775958,"VAT1","AD_vs_Ctrl","D2 medium spiny neuron"
1.57876427678579e-06,0.506423186977941,0.262,0.186,0.0469982337556361,"LINC02340","AD_vs_Ctrl","D2 medium spiny neuron"
1.64664885001606e-06,-0.508668736156181,0.326,0.385,0.049019089616128,"AC011287.1","AD_vs_Ctrl","D2 medium spiny neuron"
1.66478506972994e-06,0.508805677180797,0.202,0.136,0.0495589867407905,"BAG2","AD_vs_Ctrl","D2 medium spiny neuron"
2.92817801853629e-24,1.75684736637491,0.862,0.372,8.71689314338068e-20,"DPH6-AS1","AD_vs_Ctrl","Eccentric medium spiny neuron"
1.60344457371986e-18,-0.719261019655056,0.858,0.907,4.77329415150666e-14,"TARBP1","AD_vs_Ctrl","Eccentric medium spiny neuron"
1.54626042439209e-17,-0.527068569130914,0.935,0.984,4.60306265737282e-13,"ASIC2","AD_vs_Ctrl","Eccentric medium spiny neuron"
2.28507661944592e-16,-3.72917584893444,0.06,0.388,6.80244458842856e-12,"IFI6","AD_vs_Ctrl","Eccentric medium spiny neuron"
3.17062663635419e-16,-4.33505237371582,0.022,0.318,9.4386384337628e-12,"MTND1P23","AD_vs_Ctrl","Eccentric medium spiny neuron"
7.34458464955574e-15,1.11521081205598,0.845,0.488,2.18640940432625e-10,"TEKT4P2","AD_vs_Ctrl","Eccentric medium spiny neuron"
1.43079227552418e-14,-4.3797902050015,0.017,0.279,4.25932552500793e-10,"RPL10P9","AD_vs_Ctrl","Eccentric medium spiny neuron"
2.12426955324411e-14,2.46887200525267,0.5,0.093,6.3237380330524e-10,"NUP210L","AD_vs_Ctrl","Eccentric medium spiny neuron"
6.70955637908136e-14,0.775200618292129,0.931,0.667,1.99736783848873e-09,"HP1BP3","AD_vs_Ctrl","Eccentric medium spiny neuron"
9.05600946452804e-14,1.34242851977349,0.733,0.279,2.69588345749535e-09,"NDST3","AD_vs_Ctrl","Eccentric medium spiny neuron"
2.06533428180499e-13,3.39232216743451,0.397,0.039,6.14829362350528e-09,"LSAMP-AS1","AD_vs_Ctrl","Eccentric medium spiny neuron"
5.67116062305344e-13,-1.69552403141869,0.371,0.651,1.68824780587678e-08,"B2M","AD_vs_Ctrl","Eccentric medium spiny neuron"
8.22965836341395e-13,1.54502762266233,0.642,0.233,2.4498869982047e-08,"OVCH1","AD_vs_Ctrl","Eccentric medium spiny neuron"
1.3684390337361e-12,-0.851338637810749,0.724,0.86,4.07370615952899e-08,"LINC01481","AD_vs_Ctrl","Eccentric medium spiny neuron"
1.43211710767927e-12,-5.32775157436449,0,0.202,4.26326941785041e-08,"MTCO1P12","AD_vs_Ctrl","Eccentric medium spiny neuron"
1.75593992659052e-12,1.15920281618668,0.746,0.395,5.22725756746733e-08,"PCMTD2","AD_vs_Ctrl","Eccentric medium spiny neuron"
4.8891579039398e-12,0.781713935793588,0.892,0.674,1.45545341642384e-07,"HSPH1","AD_vs_Ctrl","Eccentric medium spiny neuron"
6.58407610254883e-12,1.28435831836024,0.69,0.302,1.96001361496776e-07,"ABCD4","AD_vs_Ctrl","Eccentric medium spiny neuron"
2.81843578661137e-11,1.59255952044607,0.591,0.217,8.39020149316338e-07,"RPL10","AD_vs_Ctrl","Eccentric medium spiny neuron"
6.91755697381358e-11,1.0617969925145,0.754,0.411,2.05928753553457e-06,"CDYL2","AD_vs_Ctrl","Eccentric medium spiny neuron"
8.61752007841417e-11,0.54187796561126,0.966,0.783,2.56534955214312e-06,"CDH2","AD_vs_Ctrl","Eccentric medium spiny neuron"
1.16734576500618e-10,1.07178942345765,0.737,0.403,3.47507160784691e-06,"GABRA5","AD_vs_Ctrl","Eccentric medium spiny neuron"
1.62661456568622e-10,-2.04356268912758,0.19,0.465,4.84226890059129e-06,"STAT1","AD_vs_Ctrl","Eccentric medium spiny neuron"
2.06551305714204e-10,2.22170819925578,0.427,0.101,6.14882581980614e-06,"AC105402.3","AD_vs_Ctrl","Eccentric medium spiny neuron"
3.95571884720025e-10,1.51393739589949,0.552,0.202,1.17757794362304e-05,"DNAJB1","AD_vs_Ctrl","Eccentric medium spiny neuron"
4.48242769132813e-10,2.51181007934909,0.353,0.054,1.33437389943147e-05,"ITGA10","AD_vs_Ctrl","Eccentric medium spiny neuron"
5.32440088262668e-10,0.977945840318381,0.763,0.388,1.58502089874914e-05,"MRAP2","AD_vs_Ctrl","Eccentric medium spiny neuron"
7.70641681915557e-10,1.91390619610637,0.453,0.14,2.29412322289442e-05,"JAZF1-AS1","AD_vs_Ctrl","Eccentric medium spiny neuron"
1.47609663906927e-09,1.15897929396082,0.638,0.295,4.39419208484532e-05,"CRELD1","AD_vs_Ctrl","Eccentric medium spiny neuron"
1.63375801345e-09,-2.60945228806046,0.095,0.333,4.8635342302393e-05,"MX1","AD_vs_Ctrl","Eccentric medium spiny neuron"
1.7424988238795e-09,0.871882708806527,0.784,0.488,5.18724474880687e-05,"ZBTB1","AD_vs_Ctrl","Eccentric medium spiny neuron"
2.36490647738985e-09,-1.35681518501843,0.414,0.62,7.04009009254186e-05,"APOE","AD_vs_Ctrl","Eccentric medium spiny neuron"
3.21307692168885e-09,1.51977092632764,0.526,0.209,9.56500868817555e-05,"CFAP161","AD_vs_Ctrl","Eccentric medium spiny neuron"
4.56935690398515e-09,-0.836745306927476,0.608,0.76,0.000136025185674734,"S100Z","AD_vs_Ctrl","Eccentric medium spiny neuron"
5.20310051318015e-09,0.518855609927437,0.957,0.736,0.00015489109917686,"UBE3A","AD_vs_Ctrl","Eccentric medium spiny neuron"
5.41764755300033e-09,-1.36759115276234,0.409,0.643,0.000161277950005267,"CST3","AD_vs_Ctrl","Eccentric medium spiny neuron"
5.96077239889592e-09,0.969890282508521,0.72,0.341,0.000177446233542733,"RPL37A","AD_vs_Ctrl","Eccentric medium spiny neuron"
6.3462805414134e-09,1.52258777686223,0.461,0.155,0.000188922425437336,"AC006387.1","AD_vs_Ctrl","Eccentric medium spiny neuron"
7.14156149299133e-09,1.54654075261963,0.44,0.124,0.000212597144084859,"OVCH1-AS1","AD_vs_Ctrl","Eccentric medium spiny neuron"
7.59749652671302e-09,1.6958892074985,0.409,0.109,0.00022616987410372,"AC104827.1","AD_vs_Ctrl","Eccentric medium spiny neuron"
8.18867978324236e-09,1.21785681931514,0.586,0.256,0.000243768808467342,"GREB1L","AD_vs_Ctrl","Eccentric medium spiny neuron"
9.42171497816876e-09,1.21511212716391,0.578,0.248,0.000280475033185106,"AC005726.2","AD_vs_Ctrl","Eccentric medium spiny neuron"
1.35934669533328e-08,1.17228699853986,0.595,0.279,0.000404663917733763,"SVIL","AD_vs_Ctrl","Eccentric medium spiny neuron"
1.44477317279155e-08,1.03869084408583,0.638,0.318,0.000430094525808317,"DSE","AD_vs_Ctrl","Eccentric medium spiny neuron"
2.67056485321563e-08,-2.35254522888248,0.086,0.302,0.00079500045115376,"ISG15","AD_vs_Ctrl","Eccentric medium spiny neuron"
3.41683868179133e-08,1.61121938207849,0.392,0.109,0.00101715870718246,"SNX31","AD_vs_Ctrl","Eccentric medium spiny neuron"
3.42405851804624e-08,-0.536472176753896,0.797,0.845,0.00101930798023719,"FP700111.1","AD_vs_Ctrl","Eccentric medium spiny neuron"
3.70845037093969e-08,2.77374316400838,0.241,0.016,0.00110396859092504,"AC004448.4","AD_vs_Ctrl","Eccentric medium spiny neuron"
3.77986766317429e-08,0.538590672849871,0.901,0.752,0.00112522880465035,"SLC22A17","AD_vs_Ctrl","Eccentric medium spiny neuron"
4.52323999427501e-08,0.723115753990096,0.828,0.566,0.00134652331389573,"CRLF3","AD_vs_Ctrl","Eccentric medium spiny neuron"
5.6880739823105e-08,0.715036265115985,0.841,0.574,0.00169328274379401,"SEM1","AD_vs_Ctrl","Eccentric medium spiny neuron"
6.05410799738331e-08,0.70713164631893,0.853,0.55,0.00180224740974104,"TCAF1","AD_vs_Ctrl","Eccentric medium spiny neuron"
6.11267092604182e-08,0.572836643570314,0.927,0.69,0.00181968100797339,"PLEKHA1","AD_vs_Ctrl","Eccentric medium spiny neuron"
6.95629483286854e-08,0.994634000580524,0.659,0.372,0.00207081940879664,"DNAJA1","AD_vs_Ctrl","Eccentric medium spiny neuron"
6.96316464503952e-08,-2.35536185460532,0.056,0.248,0.00207286448318182,"HLA-B","AD_vs_Ctrl","Eccentric medium spiny neuron"
8.45734748608274e-08,1.50010693211137,0.435,0.163,0.00251766777313197,"GCNA","AD_vs_Ctrl","Eccentric medium spiny neuron"
9.82649942521996e-08,0.782171605280448,0.72,0.38,0.00292525061389373,"HSPA4L","AD_vs_Ctrl","Eccentric medium spiny neuron"
1.00578945647073e-07,0.910651639818949,0.599,0.287,0.00299413463296772,"AC006059.1","AD_vs_Ctrl","Eccentric medium spiny neuron"
1.05854471541909e-07,-2.13561029057785,0.082,0.287,0.00315118176333108,"LINC02107","AD_vs_Ctrl","Eccentric medium spiny neuron"
1.18224072052586e-07,0.955008754674394,0.651,0.326,0.00351941240093342,"AC027288.3","AD_vs_Ctrl","Eccentric medium spiny neuron"
1.2097887983667e-07,1.27199914300327,0.487,0.202,0.00360142027385784,"GRM1","AD_vs_Ctrl","Eccentric medium spiny neuron"
1.23233186999249e-07,1.06078248969165,0.616,0.326,0.00366852874378064,"GRM3","AD_vs_Ctrl","Eccentric medium spiny neuron"
1.26927352269948e-07,1.30197576217573,0.496,0.202,0.00377850034972408,"AL136040.1","AD_vs_Ctrl","Eccentric medium spiny neuron"
1.34091248075589e-07,0.683380845806214,0.866,0.558,0.00399176236396221,"VAV3","AD_vs_Ctrl","Eccentric medium spiny neuron"
1.34975046831821e-07,0.778073067863428,0.75,0.411,0.00401807216913649,"LRP4","AD_vs_Ctrl","Eccentric medium spiny neuron"
1.35980163539018e-07,0.75259971628333,0.784,0.481,0.00404799348839302,"SRSF5","AD_vs_Ctrl","Eccentric medium spiny neuron"
1.41511758344124e-07,0.790828275426917,0.724,0.45,0.00421266353414621,"ERO1B","AD_vs_Ctrl","Eccentric medium spiny neuron"
1.62330708479292e-07,1.1201503704205,0.517,0.217,0.00483242286072005,"HERC2P9","AD_vs_Ctrl","Eccentric medium spiny neuron"
1.66201827315205e-07,1.56033988160438,0.397,0.132,0.00494766219734633,"HIST1H2AC","AD_vs_Ctrl","Eccentric medium spiny neuron"
1.70545655064749e-07,1.27043852976254,0.47,0.202,0.00507697360562251,"LRRIQ1","AD_vs_Ctrl","Eccentric medium spiny neuron"
1.7523727304232e-07,1.19413844769328,0.478,0.178,0.00521663838119683,"TMEM184C","AD_vs_Ctrl","Eccentric medium spiny neuron"
1.84575363667758e-07,0.657701718995353,0.806,0.519,0.00549462400102549,"CFAP54","AD_vs_Ctrl","Eccentric medium spiny neuron"
1.94722197621543e-07,1.08301112119879,0.582,0.295,0.0057966851009957,"RPL31","AD_vs_Ctrl","Eccentric medium spiny neuron"
2.00694615269789e-07,0.663522882574187,0.823,0.558,0.00597447800196636,"TMEM59L","AD_vs_Ctrl","Eccentric medium spiny neuron"
2.29536238091793e-07,1.82741345908898,0.323,0.078,0.00683306427175458,"PLOD3","AD_vs_Ctrl","Eccentric medium spiny neuron"
2.37608758985485e-07,1.2825612224972,0.435,0.163,0.00707337514623891,"PNMA8A","AD_vs_Ctrl","Eccentric medium spiny neuron"
2.47663217496829e-07,1.0401227831573,0.565,0.271,0.00737268632166311,"TMEM35A","AD_vs_Ctrl","Eccentric medium spiny neuron"
2.60639720005612e-07,0.9815304594169,0.586,0.295,0.00775898382484705,"AC016831.5","AD_vs_Ctrl","Eccentric medium spiny neuron"
2.74443012322868e-07,2.54369128432301,0.25,0.039,0.00816989403383947,"CPO","AD_vs_Ctrl","Eccentric medium spiny neuron"
2.78542081487501e-07,0.751368605030422,0.75,0.488,0.00829191922380143,"FAM182B","AD_vs_Ctrl","Eccentric medium spiny neuron"
3.05278464740328e-07,1.06515657553868,0.526,0.248,0.00908783461685482,"AL590705.1","AD_vs_Ctrl","Eccentric medium spiny neuron"
3.21215375125195e-07,1.11453778006044,0.539,0.248,0.00956226050210192,"AP000787.1","AD_vs_Ctrl","Eccentric medium spiny neuron"
3.35138719789983e-07,0.744525098945887,0.746,0.465,0.00997674454942801,"APLP2","AD_vs_Ctrl","Eccentric medium spiny neuron"
3.61322802772252e-07,2.08867116466285,0.306,0.078,0.0107562185157272,"FRG1CP","AD_vs_Ctrl","Eccentric medium spiny neuron"
3.61762108561511e-07,1.10422103327981,0.517,0.217,0.0107692962097676,"SFMBT2","AD_vs_Ctrl","Eccentric medium spiny neuron"
4.01442551680557e-07,0.53521049751584,0.866,0.729,0.0119505433209785,"HIBCH","AD_vs_Ctrl","Eccentric medium spiny neuron"
4.11267006052029e-07,-0.96831458588248,0.461,0.643,0.0122430075031628,"CIRBP","AD_vs_Ctrl","Eccentric medium spiny neuron"
4.14277590857553e-07,1.00572693962114,0.582,0.31,0.0123326296022385,"EFNA5","AD_vs_Ctrl","Eccentric medium spiny neuron"
4.3338569392454e-07,1.40129878467937,0.336,0.085,0.0129014587224396,"DUSP19","AD_vs_Ctrl","Eccentric medium spiny neuron"
4.52884287480262e-07,1.08352543210236,0.522,0.217,0.0134819123539999,"TMOD3","AD_vs_Ctrl","Eccentric medium spiny neuron"
4.67869265267996e-07,0.927381309986675,0.647,0.38,0.013928000157763,"PTGR1","AD_vs_Ctrl","Eccentric medium spiny neuron"
4.69987445266422e-07,1.34036258761342,0.397,0.14,0.0139910562581361,"AC004893.2","AD_vs_Ctrl","Eccentric medium spiny neuron"
4.81972115694148e-07,1.06844755540586,0.547,0.264,0.0143478279120991,"LINC02198","AD_vs_Ctrl","Eccentric medium spiny neuron"
5.08427921717035e-07,1.54589306395599,0.392,0.14,0.0151353908015944,"FKBP4","AD_vs_Ctrl","Eccentric medium spiny neuron"
5.29147735184948e-07,1.5122687932301,0.379,0.132,0.0157521989287207,"AC139720.1","AD_vs_Ctrl","Eccentric medium spiny neuron"
5.55298598321142e-07,0.654747322595816,0.819,0.519,0.0165306839734221,"RBPJ","AD_vs_Ctrl","Eccentric medium spiny neuron"
5.75369493656429e-07,1.08953726473194,0.513,0.233,0.0171281744566582,"RBM48","AD_vs_Ctrl","Eccentric medium spiny neuron"
5.92182306849819e-07,0.766084044773083,0.608,0.295,0.0176286750926123,"PELI1","AD_vs_Ctrl","Eccentric medium spiny neuron"
6.06132360867282e-07,0.614409090205306,0.845,0.612,0.0180439542506581,"CCDC144CP","AD_vs_Ctrl","Eccentric medium spiny neuron"
6.14869201533594e-07,1.07239929687915,0.483,0.194,0.0183040412604536,"CENPV","AD_vs_Ctrl","Eccentric medium spiny neuron"
6.32650501377699e-07,1.4122459076006,0.384,0.132,0.0188333727755127,"AC013640.1","AD_vs_Ctrl","Eccentric medium spiny neuron"
6.61818842915473e-07,0.677368972119433,0.767,0.434,0.0197016851347507,"AC074032.1","AD_vs_Ctrl","Eccentric medium spiny neuron"
6.68055011021217e-07,1.69352979741937,0.302,0.07,0.0198873296230906,"LINC00903","AD_vs_Ctrl","Eccentric medium spiny neuron"
6.74092633412116e-07,1.07081309252707,0.504,0.202,0.0200670636040453,"TMEM47","AD_vs_Ctrl","Eccentric medium spiny neuron"
6.99569641118107e-07,0.642511991372927,0.737,0.481,0.0208254886464449,"SLC25A46","AD_vs_Ctrl","Eccentric medium spiny neuron"
7.25796343392487e-07,0.618121324635753,0.841,0.543,0.021606231346451,"PTPDC1","AD_vs_Ctrl","Eccentric medium spiny neuron"
7.4108662212865e-07,0.928528452505916,0.56,0.264,0.0220614076541478,"CPVL","AD_vs_Ctrl","Eccentric medium spiny neuron"
8.05031733346968e-07,0.826937170441032,0.685,0.403,0.0239649896700059,"WDR19","AD_vs_Ctrl","Eccentric medium spiny neuron"
8.45633312768271e-07,1.25834390020985,0.414,0.155,0.0251736580877986,"GPR162","AD_vs_Ctrl","Eccentric medium spiny neuron"
8.57958259104024e-07,1.08440732103264,0.517,0.256,0.0255405594152677,"MCF2","AD_vs_Ctrl","Eccentric medium spiny neuron"
8.72525437333761e-07,0.608603478062275,0.815,0.62,0.0259742097439887,"CCDC6","AD_vs_Ctrl","Eccentric medium spiny neuron"
8.79474744016056e-07,1.4572651799735,0.332,0.085,0.026181083654614,"ZNF343","AD_vs_Ctrl","Eccentric medium spiny neuron"
9.18826615638544e-07,0.942413592763968,0.539,0.248,0.0273525495209438,"KATNAL2","AD_vs_Ctrl","Eccentric medium spiny neuron"
9.45983782966937e-07,0.981506903717506,0.569,0.295,0.0281609912351427,"SSB","AD_vs_Ctrl","Eccentric medium spiny neuron"
9.69933733152693e-07,1.37511307931372,0.353,0.101,0.0288739573022225,"AC131009.2","AD_vs_Ctrl","Eccentric medium spiny neuron"
1.00661517566053e-06,1.18048795703103,0.44,0.178,0.0299659271642383,"CCT5","AD_vs_Ctrl","Eccentric medium spiny neuron"
1.01287211527868e-06,-1.14488161514868,0.289,0.504,0.030152189999731,"LINC01359","AD_vs_Ctrl","Eccentric medium spiny neuron"
1.0280559038349e-06,1.18852758104265,0.384,0.124,0.0306041962012611,"NUDT16L1","AD_vs_Ctrl","Eccentric medium spiny neuron"
1.07698611172147e-06,1.0052220634169,0.5,0.217,0.0320607995598366,"GRK3","AD_vs_Ctrl","Eccentric medium spiny neuron"
1.08107040420591e-06,0.976323479427363,0.517,0.233,0.0321823848628059,"SEC22B","AD_vs_Ctrl","Eccentric medium spiny neuron"
1.08580139412016e-06,-2.2028285551087,0.078,0.256,0.0323232217015631,"NLRC5","AD_vs_Ctrl","Eccentric medium spiny neuron"
1.1077915427624e-06,0.865486291400405,0.608,0.295,0.0329778464364937,"KIAA0895","AD_vs_Ctrl","Eccentric medium spiny neuron"
1.14913810375989e-06,0.731513074863327,0.685,0.388,0.034208692210828,"PCDH17","AD_vs_Ctrl","Eccentric medium spiny neuron"
1.23752877782851e-06,0.760185458583639,0.716,0.426,0.0368399941871769,"TAF1D","AD_vs_Ctrl","Eccentric medium spiny neuron"
1.31668979888892e-06,0.572136809319953,0.845,0.566,0.0391965386231241,"SRPK1","AD_vs_Ctrl","Eccentric medium spiny neuron"
1.39559523813547e-06,0.909638890902586,0.595,0.295,0.0415454746440548,"APBB1","AD_vs_Ctrl","Eccentric medium spiny neuron"
1.54443104667329e-06,1.22825957845354,0.418,0.163,0.0459761678284173,"AP002336.2","AD_vs_Ctrl","Eccentric medium spiny neuron"
1.56761352025758e-06,0.712199592684805,0.78,0.574,0.0466662868845478,"LINC00535","AD_vs_Ctrl","Eccentric medium spiny neuron"
1.59685756823639e-06,2.44510545625229,0.22,0.031,0.0475368529488291,"AL391839.1","AD_vs_Ctrl","Eccentric medium spiny neuron"
1.61087571209428e-06,-0.510940298301727,0.806,0.837,0.0479541590733347,"AC013652.1","AD_vs_Ctrl","Eccentric medium spiny neuron"
1.6392110672283e-06,1.22601791043876,0.474,0.209,0.0487976742603193,"HSPA8","AD_vs_Ctrl","Eccentric medium spiny neuron"
7.21808274084668e-110,-2.56301717678597,0.167,0.704,2.14875105112265e-105,"IFI44L","AD_vs_Ctrl","Microglia"
1.08007632399301e-81,0.689173563436807,0.965,0.781,3.21527920889478e-77,"FKBP5","AD_vs_Ctrl","Microglia"
1.82089843638751e-70,-2.61485604808646,0.105,0.517,5.42063255528199e-66,"MX1","AD_vs_Ctrl","Microglia"
3.22553657694605e-69,1.1778233156583,0.85,0.467,9.60209983591071e-65,"HS3ST4","AD_vs_Ctrl","Microglia"
1.20716072073005e-65,-2.37019743706709,0.132,0.53,3.59359674954129e-61,"STAT1","AD_vs_Ctrl","Microglia"
5.00943999847553e-65,-3.78206569742551,0.032,0.372,1.49126019314618e-60,"IFI6","AD_vs_Ctrl","Microglia"
1.19268385738106e-64,1.0523765066537,0.872,0.53,3.55050057503767e-60,"CSGALNACT1","AD_vs_Ctrl","Microglia"
2.57652108407767e-64,-2.15029652208662,0.167,0.569,7.67004561519083e-60,"LIMK2","AD_vs_Ctrl","Microglia"
1.12227151879994e-63,-4.02753157168554,0.028,0.357,3.34089008431555e-59,"ISG15","AD_vs_Ctrl","Microglia"
1.9245906066468e-55,-6.08218220268526,0.005,0.266,5.72931377692687e-51,"MTND1P23","AD_vs_Ctrl","Microglia"
5.24193291790185e-55,-3.79541426029247,0.034,0.33,1.5604710103302e-50,"IFIT3","AD_vs_Ctrl","Microglia"
1.87064951604442e-54,-1.32543224909423,0.351,0.702,5.56873654431264e-50,"EPSTI1","AD_vs_Ctrl","Microglia"
1.70492823189597e-53,-2.21282319862893,0.119,0.474,5.0754008535311e-49,"IFITM3","AD_vs_Ctrl","Microglia"
3.32416200818188e-52,1.56123985449362,0.668,0.253,9.89569788215665e-48,"DSCAM","AD_vs_Ctrl","Microglia"
1.38525659013472e-50,-2.40435294923693,0.094,0.424,4.12377034317204e-46,"MX2","AD_vs_Ctrl","Microglia"
3.23186762198953e-49,-1.24623031482579,0.367,0.697,9.62094672390063e-45,"PARP14","AD_vs_Ctrl","Microglia"
6.69964942283045e-49,-3.53125579481862,0.028,0.298,1.9944186366824e-44,"IL21R","AD_vs_Ctrl","Microglia"
4.19528296227888e-48,-1.99075700050922,0.147,0.49,1.2488937850408e-43,"NAMPT","AD_vs_Ctrl","Microglia"
2.15610523361983e-47,-0.513959153534346,0.814,0.89,6.41850966996287e-43,"FMNL2","AD_vs_Ctrl","Microglia"
2.22446967482334e-47,1.18387761065516,0.725,0.422,6.6220237749816e-43,"NHSL1","AD_vs_Ctrl","Microglia"
5.0858355951233e-46,-6.35700617211111,0.002,0.219,1.51400239831226e-41,"MTCO1P12","AD_vs_Ctrl","Microglia"
8.36587220541563e-46,-1.89960660689256,0.143,0.478,2.49043649683018e-41,"IFI44","AD_vs_Ctrl","Microglia"
2.67670843541136e-45,-5.61483819380735,0.005,0.223,7.96829334137606e-41,"RPL10P9","AD_vs_Ctrl","Microglia"
4.16641365497733e-45,-3.02043895688803,0.039,0.305,1.2402996809502e-40,"LINC01146","AD_vs_Ctrl","Microglia"
6.07299922356489e-45,-2.16953482988543,0.123,0.442,1.80787113886303e-40,"WARS","AD_vs_Ctrl","Microglia"
2.32568363774965e-44,-0.678839337648825,0.683,0.833,6.92332762121692e-40,"B2M","AD_vs_Ctrl","Microglia"
1.12475546439797e-43,-2.47119252177165,0.055,0.338,3.3482845419663e-39,"SIGLEC1","AD_vs_Ctrl","Microglia"
1.55280618627797e-43,-3.56716186147856,0.026,0.269,4.62254873593088e-39,"IFIT1","AD_vs_Ctrl","Microglia"
2.51762982009922e-42,-0.912133746207122,0.483,0.768,7.49473221145336e-38,"DPYD","AD_vs_Ctrl","Microglia"
4.79160943669288e-42,-4.19356526168682,0.015,0.235,1.4264142132091e-37,"BCL2A1","AD_vs_Ctrl","Microglia"
5.23602341816619e-42,0.703652783643189,0.866,0.652,1.55871181135389e-37,"HDAC9","AD_vs_Ctrl","Microglia"
7.89516548915072e-42,-3.188973242236,0.039,0.287,2.35031181446528e-37,"RSAD2","AD_vs_Ctrl","Microglia"
6.08290041172722e-41,-2.28642555870344,0.092,0.379,1.81081862356708e-36,"NUPR1","AD_vs_Ctrl","Microglia"
4.69622164708949e-40,-1.23520748437969,0.289,0.634,1.39801822212207e-35,"CD163","AD_vs_Ctrl","Microglia"
4.48612984601051e-39,1.0116819697113,0.725,0.422,1.33547599385887e-34,"SSBP2","AD_vs_Ctrl","Microglia"
8.36313654156967e-39,-1.50250345566614,0.22,0.531,2.48962211705988e-34,"TNFSF13B","AD_vs_Ctrl","Microglia"
1.19866217542805e-38,1.44721950597797,0.578,0.244,3.56829743003175e-34,"ZBTB16","AD_vs_Ctrl","Microglia"
3.32169606513226e-38,-0.700748107246937,0.608,0.876,9.88835701629224e-34,"KCNMA1","AD_vs_Ctrl","Microglia"
4.86871145369552e-38,-1.18219931509604,0.341,0.645,1.44936671265062e-33,"DSE","AD_vs_Ctrl","Microglia"
6.48609655377867e-37,-1.79412684762537,0.138,0.433,1.93084608309437e-32,"SLC2A3","AD_vs_Ctrl","Microglia"
1.1212322359405e-36,-2.18945081273559,0.089,0.355,3.33779624317128e-32,"HAMP","AD_vs_Ctrl","Microglia"
2.66696978020864e-36,-1.49283588256523,0.194,0.504,7.93930233870309e-32,"XAF1","AD_vs_Ctrl","Microglia"
4.86056405010025e-36,-0.938516965055787,0.466,0.711,1.44694131207434e-31,"RNF213","AD_vs_Ctrl","Microglia"
3.38011834409393e-35,-1.91917070626474,0.1,0.372,1.00622742985332e-30,"FAM20A","AD_vs_Ctrl","Microglia"
1.19504683092901e-34,-1.51654813969223,0.188,0.481,3.55753491099258e-30,"LAP3","AD_vs_Ctrl","Microglia"
1.25387840127837e-34,-1.4174362741042,0.226,0.522,3.73267061276557e-30,"TBC1D8","AD_vs_Ctrl","Microglia"
2.18819549794413e-34,1.50397889757554,0.523,0.232,6.51403917782988e-30,"CACNA1A","AD_vs_Ctrl","Microglia"
4.91205919917581e-34,-3.30360016180116,0.025,0.224,1.46227090300265e-29,"GBP1","AD_vs_Ctrl","Microglia"
8.26547593171706e-34,-0.508963156397974,0.802,0.939,2.46054953011285e-29,"MT-RNR1","AD_vs_Ctrl","Microglia"
1.02115582239098e-33,-1.03160149275246,0.392,0.655,3.03987876767571e-29,"SLC11A1","AD_vs_Ctrl","Microglia"
1.11165094036522e-33,-1.57875645337392,0.191,0.467,3.30927368437321e-29,"DDX60L","AD_vs_Ctrl","Microglia"
1.19594379593999e-33,-2.24696281052473,0.075,0.318,3.56020508613375e-29,"PIM1","AD_vs_Ctrl","Microglia"
2.4314777357756e-33,-1.77100883632815,0.143,0.413,7.23826607163039e-29,"PSTPIP2","AD_vs_Ctrl","Microglia"
8.70149419929829e-33,-0.928930881502329,0.441,0.716,2.59034780818911e-28,"FP671120.1","AD_vs_Ctrl","Microglia"
9.41098275216355e-33,1.03803760253868,0.659,0.382,2.80155545549157e-28,"CCND3","AD_vs_Ctrl","Microglia"
1.20816640886801e-32,-0.561997046082643,0.715,0.858,3.59659058255919e-28,"LYN","AD_vs_Ctrl","Microglia"
1.29573647102371e-32,-1.94330925089181,0.089,0.341,3.85727790059048e-28,"APOL6","AD_vs_Ctrl","Microglia"
1.44165672264287e-32,-0.642899033383076,0.624,0.804,4.29166789763556e-28,"BACH1","AD_vs_Ctrl","Microglia"
1.64479154386e-32,0.925246307536116,0.69,0.436,4.89637994691684e-28,"CPED1","AD_vs_Ctrl","Microglia"
1.912477702166e-32,-1.57552455661108,0.157,0.436,5.69325487157796e-28,"AL162414.1","AD_vs_Ctrl","Microglia"
1.06450206336234e-31,-0.926823588342312,0.441,0.698,3.16891619242335e-27,"PTPN2","AD_vs_Ctrl","Microglia"
1.31409808079506e-31,0.819815133011307,0.745,0.533,3.9119385767188e-27,"OXR1","AD_vs_Ctrl","Microglia"
1.41620007266256e-31,0.960491457180543,0.676,0.409,4.21588599630917e-27,"CTTNBP2","AD_vs_Ctrl","Microglia"
3.26464605260205e-31,1.42248176746268,0.516,0.223,9.71852483399103e-27,"FAM177B","AD_vs_Ctrl","Microglia"
3.69827551357344e-31,-2.84812928666482,0.035,0.233,1.10093963763568e-26,"GCH1","AD_vs_Ctrl","Microglia"
1.17216696178316e-30,-1.46219632560587,0.181,0.458,3.48942382853228e-26,"SAMD9L","AD_vs_Ctrl","Microglia"
1.58410555022995e-30,-0.622476904478158,0.628,0.82,4.71572381247955e-26,"GRB2","AD_vs_Ctrl","Microglia"
3.48038644040729e-30,-1.98897989234335,0.1,0.338,1.03607623944485e-25,"TNFSF10","AD_vs_Ctrl","Microglia"
4.10434470398273e-30,-0.642044823764161,0.615,0.797,1.22182237492862e-25,"ZFP36L1","AD_vs_Ctrl","Microglia"
1.04034492165061e-29,-1.60303440219252,0.102,0.355,3.0970027972617e-25,"F13A1","AD_vs_Ctrl","Microglia"
1.43261382626308e-29,-1.77183478546512,0.099,0.345,4.26474809940257e-25,"IL15","AD_vs_Ctrl","Microglia"
1.74265381763552e-29,1.05594888464645,0.622,0.354,5.18770614971918e-25,"FAM149A","AD_vs_Ctrl","Microglia"
4.64193332111658e-29,-3.16866288653057,0.025,0.201,1.3818571303632e-24,"IFIT2","AD_vs_Ctrl","Microglia"
4.72222563267477e-29,-1.19008096712891,0.269,0.544,1.40575934859095e-24,"PARP9","AD_vs_Ctrl","Microglia"
7.40671792044159e-29,-1.40503719353248,0.209,0.47,2.20490585773626e-24,"MAFB","AD_vs_Ctrl","Microglia"
8.91677928515297e-29,-0.97774232431393,0.353,0.632,2.65443602539719e-24,"PLSCR1","AD_vs_Ctrl","Microglia"
1.09332678993358e-28,4.69327043290703,0.22,0.013,3.25472452095326e-24,"AC105402.3","AD_vs_Ctrl","Microglia"
2.20671171062308e-28,-1.40483117134587,0.192,0.452,6.56916009135384e-24,"BCL6","AD_vs_Ctrl","Microglia"
3.13496406404793e-28,1.20355883308241,0.55,0.273,9.33247452226428e-24,"KHDRBS3","AD_vs_Ctrl","Microglia"
8.69267015985812e-28,-0.939680886511888,0.391,0.648,2.58772097988816e-23,"PFKFB3","AD_vs_Ctrl","Microglia"
2.1623200649665e-27,1.86301368087597,0.359,0.102,6.43701060139876e-23,"AL136040.1","AD_vs_Ctrl","Microglia"
1.76652382029747e-26,0.823162100769784,0.69,0.456,5.25876476064353e-22,"PDE3B","AD_vs_Ctrl","Microglia"
2.33568376327604e-26,-1.95190173598707,0.067,0.273,6.95309699489643e-22,"OAS1","AD_vs_Ctrl","Microglia"
3.52812775229653e-26,1.30591304172543,0.49,0.228,1.05028835058115e-21,"USP53","AD_vs_Ctrl","Microglia"
3.98957655209256e-26,-1.70409810480549,0.127,0.355,1.18765704379243e-21,"ADGRE2","AD_vs_Ctrl","Microglia"
5.99927731247612e-26,-1.42293600835951,0.19,0.431,1.78592486315102e-21,"LGMN","AD_vs_Ctrl","Microglia"
7.44047745165844e-26,3.38803568109423,0.227,0.025,2.2149557325842e-21,"PAX8-AS1","AD_vs_Ctrl","Microglia"
4.79893821849679e-25,-0.814894966877883,0.439,0.668,1.42859591826431e-20,"ACER3","AD_vs_Ctrl","Microglia"
5.24337556318962e-25,-1.74585869717983,0.101,0.316,1.56090047140592e-20,"PARP12","AD_vs_Ctrl","Microglia"
9.24659706667731e-25,-1.58998400337425,0.147,0.373,2.75261948077917e-20,"GK","AD_vs_Ctrl","Microglia"
9.46263706071494e-25,-2.51889514905614,0.04,0.21,2.81693242660423e-20,"HERC6","AD_vs_Ctrl","Microglia"
1.06788656912655e-24,-1.41095287079973,0.169,0.406,3.17899152763284e-20,"STAT2","AD_vs_Ctrl","Microglia"
1.23794174420476e-24,-2.43841664073952,0.035,0.203,3.68522877832316e-20,"VAMP5","AD_vs_Ctrl","Microglia"
1.26233423037826e-24,-2.21008417652728,0.049,0.23,3.75784277041304e-20,"SERPING1","AD_vs_Ctrl","Microglia"
2.33577084251187e-24,-1.67170064475288,0.112,0.33,6.95335622107359e-20,"GFAP","AD_vs_Ctrl","Microglia"
3.60158008224983e-24,-1.35679755590866,0.17,0.411,1.07215437468495e-19,"SPARCL1","AD_vs_Ctrl","Microglia"
3.65211715542875e-24,-0.863796089781962,0.478,0.675,1.08719875599959e-19,"TMSB10","AD_vs_Ctrl","Microglia"
6.41940030471e-24,-0.639090515683555,0.561,0.758,1.91099127670912e-19,"PDE4B","AD_vs_Ctrl","Microglia"
7.39822127840069e-24,-0.94352706961405,0.355,0.591,2.2023764923671e-19,"MAP3K8","AD_vs_Ctrl","Microglia"
3.49248224193229e-23,-1.07625033761775,0.283,0.513,1.03967703860082e-18,"HLA-A","AD_vs_Ctrl","Microglia"
4.43170684867697e-23,-1.10310040999991,0.23,0.487,1.31927481178265e-18,"ANK2","AD_vs_Ctrl","Microglia"
8.80285840758796e-23,0.629579834430397,0.741,0.553,2.62052291935486e-18,"AKT3","AD_vs_Ctrl","Microglia"
9.88604424879866e-23,-1.94085180482844,0.083,0.271,2.94297651242487e-18,"GBP2","AD_vs_Ctrl","Microglia"
1.01672578660568e-22,-1.28862100934454,0.203,0.431,3.02669099414645e-18,"FAM129A","AD_vs_Ctrl","Microglia"
1.07851513440158e-22,-1.93433126265707,0.081,0.269,3.21063170360007e-18,"VIM","AD_vs_Ctrl","Microglia"
1.43959214574495e-22,-1.35355174568881,0.124,0.348,4.28552185866815e-18,"MCTP1","AD_vs_Ctrl","Microglia"
1.47068273051339e-22,0.531378400313426,0.81,0.641,4.3780754204653e-18,"SMAP2","AD_vs_Ctrl","Microglia"
1.64709512726524e-22,0.849779558778752,0.617,0.409,4.9032374843559e-18,"RALGAPA2","AD_vs_Ctrl","Microglia"
2.68600553871009e-22,1.02017863482689,0.539,0.318,7.99596988818608e-18,"GAB1","AD_vs_Ctrl","Microglia"
3.3699211970916e-22,-2.07456777770925,0.062,0.237,1.0031918411622e-17,"KIFC3","AD_vs_Ctrl","Microglia"
3.97857898233891e-22,-0.601611526460228,0.626,0.783,1.18438317725247e-17,"CST3","AD_vs_Ctrl","Microglia"
8.57448009523266e-22,-0.541261056527963,0.622,0.776,2.55253697954981e-17,"RNF149","AD_vs_Ctrl","Microglia"
1.78293319907572e-21,-1.2853725544263,0.19,0.415,5.3076138403285e-17,"PTPN1","AD_vs_Ctrl","Microglia"
2.77620270377269e-21,2.22959234553872,0.268,0.072,8.26447782886091e-17,"AC090579.1","AD_vs_Ctrl","Microglia"
3.35553476859501e-21,-1.5904595829401,0.1,0.296,9.98909145263049e-17,"DDX60","AD_vs_Ctrl","Microglia"
5.61294958653586e-21,-2.14635207886195,0.055,0.217,1.67091896241586e-16,"HLA-DRB1","AD_vs_Ctrl","Microglia"
1.22780963189509e-20,-0.795238367944453,0.414,0.63,3.65506649318849e-16,"TBC1D2B","AD_vs_Ctrl","Microglia"
1.64494196399885e-20,-0.579729218827607,0.599,0.754,4.89682773262818e-16,"PRKCA","AD_vs_Ctrl","Microglia"
2.02302592639169e-20,-1.08130913949739,0.261,0.485,6.02234588027543e-16,"CLU","AD_vs_Ctrl","Microglia"
2.4477550107344e-20,1.34482762792427,0.389,0.158,7.28672189145522e-16,"RASGEF1C","AD_vs_Ctrl","Microglia"
2.5522962746669e-20,-0.619858285480769,0.551,0.691,7.59793078005589e-16,"GOLGA4","AD_vs_Ctrl","Microglia"
4.69535389741109e-20,-0.750695727091236,0.422,0.641,1.39775990172031e-15,"ALPK1","AD_vs_Ctrl","Microglia"
4.988911391002e-20,0.761256909906569,0.635,0.431,1.48514903198739e-15,"FOXO3","AD_vs_Ctrl","Microglia"
9.54695825993066e-20,-1.28629830736249,0.141,0.35,2.84203400439876e-15,"CD226","AD_vs_Ctrl","Microglia"
1.03263439430025e-19,-2.00065748359397,0.052,0.208,3.07404932839243e-15,"FAM26F","AD_vs_Ctrl","Microglia"
1.07886773324981e-19,-0.932991057163508,0.308,0.526,3.21168135511135e-15,"MT3","AD_vs_Ctrl","Microglia"
1.22318809966797e-19,0.656891746138799,0.7,0.51,3.64130865390158e-15,"BNC2","AD_vs_Ctrl","Microglia"
1.23821740755027e-19,-1.47317024960419,0.109,0.302,3.68604940053639e-15,"PCSK1N","AD_vs_Ctrl","Microglia"
1.27336561217287e-19,0.781220312988323,0.615,0.418,3.79068209087743e-15,"CPVL","AD_vs_Ctrl","Microglia"
1.38602961054922e-19,-0.816630211069061,0.373,0.592,4.12607154764397e-15,"LCP2","AD_vs_Ctrl","Microglia"
1.67526616384398e-19,0.582010290982983,0.736,0.56,4.98709984314714e-15,"GALNT2","AD_vs_Ctrl","Microglia"
1.81140540999117e-19,0.862263537356406,0.565,0.332,5.39237276500272e-15,"P2RY12","AD_vs_Ctrl","Microglia"
2.08878582798268e-19,0.761263797803199,0.62,0.427,6.21810653132163e-15,"SDK1","AD_vs_Ctrl","Microglia"
3.02589958323191e-19,1.29688963859843,0.388,0.171,9.00780046932306e-15,"PGM5P2","AD_vs_Ctrl","Microglia"
3.44315365477452e-19,0.816124794953186,0.586,0.381,1.02499241148983e-14,"HP1BP3","AD_vs_Ctrl","Microglia"
4.6780536524799e-19,-1.47392877784047,0.091,0.273,1.39260979180674e-14,"FLVCR2","AD_vs_Ctrl","Microglia"
4.79625361658758e-19,-1.77210709347148,0.092,0.262,1.42779673912196e-14,"CDKN1A","AD_vs_Ctrl","Microglia"
5.1151606876671e-19,-1.10340776889748,0.21,0.427,1.52273218511162e-14,"HLA-B","AD_vs_Ctrl","Microglia"
6.44325156677786e-19,-1.76677060033716,0.066,0.228,1.9180915589141e-14,"AQP4","AD_vs_Ctrl","Microglia"
7.92227846065472e-19,1.63904524968518,0.316,0.117,2.3583830749523e-14,"AL158071.3","AD_vs_Ctrl","Microglia"
9.61515099721646e-19,-1.0516764116605,0.241,0.451,2.86233430036137e-14,"EIF2AK2","AD_vs_Ctrl","Microglia"
1.1441133489111e-18,-1.60105597881705,0.1,0.275,3.40591102837345e-14,"CLIC4","AD_vs_Ctrl","Microglia"
1.41847811663939e-18,-1.35599371656121,0.166,0.357,4.22266750542381e-14,"AC008050.1","AD_vs_Ctrl","Microglia"
1.49173145741971e-18,0.540163704649283,0.742,0.582,4.44073537559274e-14,"FER","AD_vs_Ctrl","Microglia"
1.89826444259957e-18,-1.88511016926432,0.067,0.224,5.65094341917467e-14,"IRF1","AD_vs_Ctrl","Microglia"
2.29008424889303e-18,-1.18447115550328,0.174,0.381,6.81735180052967e-14,"ZFP36","AD_vs_Ctrl","Microglia"
2.33946344332187e-18,-0.625817304721457,0.497,0.688,6.96434872442486e-14,"DTNB","AD_vs_Ctrl","Microglia"
2.81684681199821e-18,-1.62244921181935,0.109,0.284,8.38547127463746e-14,"SLC7A5","AD_vs_Ctrl","Microglia"
3.72429921283674e-18,-0.72244495418244,0.433,0.63,1.10868663266937e-13,"SIPA1L1","AD_vs_Ctrl","Microglia"
3.76910234003369e-18,-1.40082136078926,0.12,0.305,1.12202407560463e-13,"PLXNC1","AD_vs_Ctrl","Microglia"
5.13153005452425e-18,-0.888131819110327,0.347,0.553,1.52760518193133e-13,"RPL28","AD_vs_Ctrl","Microglia"
7.55548247479603e-18,-1.9089693766804,0.057,0.205,2.24919157792203e-13,"HERC5","AD_vs_Ctrl","Microglia"
7.82475331765648e-18,0.599554113621098,0.694,0.526,2.32935081513316e-13,"IFNGR1","AD_vs_Ctrl","Microglia"
8.63218012282784e-18,0.80388609106108,0.578,0.377,2.56971370076462e-13,"MCF2L","AD_vs_Ctrl","Microglia"
8.65789640046852e-18,-1.64657802300695,0.091,0.257,2.57736917945548e-13,"TNFAIP3","AD_vs_Ctrl","Microglia"
1.30779027131516e-17,-0.928820945530732,0.294,0.497,3.8931608586781e-13,"MT2A","AD_vs_Ctrl","Microglia"
1.32976330971117e-17,-0.631353576071653,0.508,0.657,3.95857239667917e-13,"RASSF4","AD_vs_Ctrl","Microglia"
1.3602911802422e-17,-0.703808227341275,0.422,0.623,4.04945081446299e-13,"FCGR3A","AD_vs_Ctrl","Microglia"
2.04713790241474e-17,-1.8455394521908,0.058,0.205,6.09412482169845e-13,"TTC39C","AD_vs_Ctrl","Microglia"
2.24258644480458e-17,-1.53999189792103,0.077,0.241,6.67595558753876e-13,"IFIH1","AD_vs_Ctrl","Microglia"
2.59789046079826e-17,-0.744619553415405,0.417,0.601,7.73366011275035e-13,"RNF144B","AD_vs_Ctrl","Microglia"
3.79384870449557e-17,-1.23774818990079,0.157,0.346,1.12939082084129e-12,"B4GALT5","AD_vs_Ctrl","Microglia"
4.18290476116732e-17,0.907672453932712,0.506,0.327,1.2452089183519e-12,"SLC38A2","AD_vs_Ctrl","Microglia"
4.97735397912048e-17,-1.71126820537757,0.072,0.224,1.48170850604438e-12,"LINC01266","AD_vs_Ctrl","Microglia"
5.50544597474305e-17,-0.758451639437524,0.409,0.589,1.63891621222126e-12,"CALM1","AD_vs_Ctrl","Microglia"
6.83949378354094e-17,0.623972574436305,0.664,0.483,2.0360489044223e-12,"RASAL2","AD_vs_Ctrl","Microglia"
7.44903783551445e-17,0.605745396069071,0.675,0.504,2.2175040732543e-12,"RASA1","AD_vs_Ctrl","Microglia"
9.77661857107942e-17,-0.960869419158461,0.264,0.465,2.91040158242463e-12,"AC073861.1","AD_vs_Ctrl","Microglia"
1.0283581106435e-16,1.02972842269987,0.441,0.242,3.06131925957463e-12,"ZNF846","AD_vs_Ctrl","Microglia"
1.19715107221286e-16,0.897473474546074,0.518,0.332,3.56379902687047e-12,"ABHD15-AS1","AD_vs_Ctrl","Microglia"
1.2729091128676e-16,-0.962823344248041,0.322,0.492,3.78932313809557e-12,"TMEM163","AD_vs_Ctrl","Microglia"
1.28671078061775e-16,0.92550544651981,0.494,0.289,3.83040932282098e-12,"PRKCH","AD_vs_Ctrl","Microglia"
1.82487946109398e-16,0.527342315067899,0.732,0.564,5.43248366773067e-12,"IRAK3","AD_vs_Ctrl","Microglia"
1.93137002609564e-16,0.784720874762128,0.549,0.366,5.74949543068412e-12,"SORT1","AD_vs_Ctrl","Microglia"
2.09241298467834e-16,-0.714148081178811,0.391,0.587,6.22890421408894e-12,"TRIM22","AD_vs_Ctrl","Microglia"
3.06358446236966e-16,1.83416582362605,0.245,0.079,9.11998458602825e-12,"LINC01736","AD_vs_Ctrl","Microglia"
5.21681751652812e-16,-0.565553249764127,0.555,0.732,1.55299440649526e-11,"MT-ND2","AD_vs_Ctrl","Microglia"
5.37913116584696e-16,-1.45388747801106,0.098,0.259,1.60131355676098e-11,"S100B","AD_vs_Ctrl","Microglia"
5.96571030963499e-16,0.587367839614158,0.672,0.513,1.77593230207524e-11,"CTBP2","AD_vs_Ctrl","Microglia"
6.34010874516702e-16,-0.804535082958521,0.359,0.535,1.88738697234877e-11,"ITGAV","AD_vs_Ctrl","Microglia"
8.00443672298813e-16,2.00426120215362,0.22,0.063,2.38284076806634e-11,"ZFPM2-AS1","AD_vs_Ctrl","Microglia"
9.24308934944225e-16,1.30113664500933,0.334,0.149,2.75157526843546e-11,"AC008691.1","AD_vs_Ctrl","Microglia"
9.70729402873382e-16,-1.3479779288794,0.116,0.282,2.88976435941377e-11,"MCUB","AD_vs_Ctrl","Microglia"
1.0712035093331e-15,-1.01021637550321,0.244,0.427,3.1888657269337e-11,"ERC2","AD_vs_Ctrl","Microglia"
1.37395637721324e-15,1.12627257530391,0.384,0.194,4.0901307393261e-11,"CHPT1","AD_vs_Ctrl","Microglia"
1.70676314036061e-15,-1.43052159621032,0.083,0.235,5.08086319253951e-11,"SLC1A2","AD_vs_Ctrl","Microglia"
1.71194768995942e-15,0.525032071020174,0.72,0.573,5.09629707824021e-11,"ST6GALNAC3","AD_vs_Ctrl","Microglia"
1.87370126268603e-15,-1.05878344501232,0.212,0.4,5.57782128889004e-11,"AC007969.1","AD_vs_Ctrl","Microglia"
2.01930288345472e-15,-1.682346837393,0.072,0.214,6.01126275375636e-11,"C1orf61","AD_vs_Ctrl","Microglia"
2.02822742979344e-15,-1.21133864035815,0.144,0.32,6.03783023575208e-11,"TYMP","AD_vs_Ctrl","Microglia"
2.76702067454961e-15,0.850459748134571,0.498,0.303,8.23714384606675e-11,"TMEM65","AD_vs_Ctrl","Microglia"
3.50449151011741e-15,-1.46583160186222,0.089,0.241,1.04325207764685e-10,"IL15RA","AD_vs_Ctrl","Microglia"
3.94464538788404e-15,-1.12245485786328,0.16,0.339,1.1742814855192e-10,"SH3PXD2B","AD_vs_Ctrl","Microglia"
5.85225920861812e-15,1.20573441986294,0.35,0.172,1.74215904381353e-10,"ELMO1-AS1","AD_vs_Ctrl","Microglia"
6.17399214194207e-15,0.56029881794994,0.645,0.508,1.83793572073473e-10,"PCM1","AD_vs_Ctrl","Microglia"
6.90225569020092e-15,-0.72084335517342,0.415,0.585,2.05473249641591e-10,"GLUL","AD_vs_Ctrl","Microglia"
1.07330577955e-14,1.28001202836522,0.305,0.126,3.19512397514239e-10,"LINC01141","AD_vs_Ctrl","Microglia"
1.33992104611218e-14,-0.782250526039545,0.34,0.521,3.98881096217136e-10,"RPS9","AD_vs_Ctrl","Microglia"
1.53633403197012e-14,-0.67392816670204,0.391,0.58,4.57351277977184e-10,"CUL1","AD_vs_Ctrl","Microglia"
1.96240328835181e-14,0.989597689605677,0.436,0.26,5.8418783490945e-10,"ANKUB1","AD_vs_Ctrl","Microglia"
2.3531123949021e-14,-1.4482280978378,0.089,0.235,7.00498028838407e-10,"TRIM25","AD_vs_Ctrl","Microglia"
2.40537042072211e-14,-0.60191990401563,0.47,0.646,7.16054720544765e-10,"MSR1","AD_vs_Ctrl","Microglia"
2.89666552691194e-14,-1.66498704491807,0.073,0.206,8.62308360706417e-10,"PPDPF","AD_vs_Ctrl","Microglia"
3.56836339445544e-14,-1.56140567831535,0.078,0.215,1.06226609889544e-09,"PPP1R1B","AD_vs_Ctrl","Microglia"
3.59433852066962e-14,0.664501875909409,0.589,0.42,1.06999863421814e-09,"RIN2","AD_vs_Ctrl","Microglia"
3.8225380795359e-14,-0.856581999793953,0.28,0.463,1.13793136089704e-09,"RPL15","AD_vs_Ctrl","Microglia"
5.29610812554631e-14,1.23856289000409,0.332,0.162,1.57659842789388e-09,"AC044781.1","AD_vs_Ctrl","Microglia"
5.45641535288786e-14,1.00076393670795,0.394,0.214,1.62432028640119e-09,"CARD11","AD_vs_Ctrl","Microglia"
5.68338691768867e-14,-1.11575255919367,0.141,0.307,1.69188745152674e-09,"TMEM2","AD_vs_Ctrl","Microglia"
6.60544175724505e-14,1.22861499051751,0.318,0.145,1.96637395671428e-09,"INSR","AD_vs_Ctrl","Microglia"
7.35866062294192e-14,0.725102382555309,0.52,0.32,2.19059968084358e-09,"MAF","AD_vs_Ctrl","Microglia"
8.53225799909609e-14,-1.33523463554238,0.089,0.233,2.53996788375092e-09,"PSMB9","AD_vs_Ctrl","Microglia"
1.00425915666854e-13,-1.16788652644393,0.16,0.321,2.98957908348658e-09,"RPS20","AD_vs_Ctrl","Microglia"
1.08292680839817e-13,0.56421868677941,0.643,0.492,3.2237648159205e-09,"ARHGAP6","AD_vs_Ctrl","Microglia"
1.1565331528166e-13,0.852591530136517,0.474,0.307,3.44288354261974e-09,"SNCA","AD_vs_Ctrl","Microglia"
1.21463424185659e-13,0.71934539314921,0.544,0.375,3.61584467458288e-09,"CDK6","AD_vs_Ctrl","Microglia"
1.54880163390937e-13,-0.548626031466124,0.502,0.67,4.61062758398479e-09,"EML4","AD_vs_Ctrl","Microglia"
1.84395056312364e-13,-0.908966828421807,0.238,0.415,5.48925643136276e-09,"SNX6","AD_vs_Ctrl","Microglia"
1.87642504508024e-13,-0.598487787050102,0.46,0.619,5.58592971669936e-09,"HLA-DRA","AD_vs_Ctrl","Microglia"
2.46611387160611e-13,-0.86474235248404,0.258,0.433,7.34137438438422e-09,"ITGA9","AD_vs_Ctrl","Microglia"
2.47032342163953e-13,0.585675695779369,0.618,0.442,7.35390579387871e-09,"MBNL2","AD_vs_Ctrl","Microglia"
3.20823723213521e-13,0.578072367052034,0.625,0.469,9.55060141634331e-09,"FRG1HP","AD_vs_Ctrl","Microglia"
3.3568058843119e-13,-0.914919151690524,0.232,0.404,9.9928754370081e-09,"GCA","AD_vs_Ctrl","Microglia"
3.83725120287358e-13,-1.27496135851821,0.103,0.248,1.14231131058344e-08,"MS4A4E","AD_vs_Ctrl","Microglia"
3.86290014603411e-13,0.575878950592281,0.6,0.458,1.14994674447289e-08,"CEP350","AD_vs_Ctrl","Microglia"
4.303150787623e-13,-0.802290210533392,0.308,0.472,1.28100495796749e-08,"DMXL2","AD_vs_Ctrl","Microglia"
5.06933200176465e-13,-0.934543650767144,0.225,0.397,1.50908944360532e-08,"MIR181A1HG","AD_vs_Ctrl","Microglia"
5.99388555271972e-13,0.824574432477556,0.472,0.302,1.78431979018913e-08,"PSMA1","AD_vs_Ctrl","Microglia"
6.9415138575809e-13,-1.46894390976986,0.082,0.212,2.06641926026326e-08,"S100A6","AD_vs_Ctrl","Microglia"
7.10616568128262e-13,-0.81745606405171,0.282,0.463,2.11543446166102e-08,"NFKB1","AD_vs_Ctrl","Microglia"
7.12333948738968e-13,0.57677872405004,0.622,0.458,2.12054693200103e-08,"OSBPL3","AD_vs_Ctrl","Microglia"
7.67986927112489e-13,-0.662546782180521,0.388,0.562,2.28622028332117e-08,"DICER1","AD_vs_Ctrl","Microglia"
8.5253948728453e-13,0.523534566589359,0.657,0.51,2.53792479969732e-08,"PIK3R5","AD_vs_Ctrl","Microglia"
9.73147570657615e-13,0.984567085439408,0.388,0.223,2.89696300309065e-08,"DLEU7","AD_vs_Ctrl","Microglia"
1.02694040135139e-12,1.71704967511695,0.207,0.07,3.05709888078295e-08,"TMOD1","AD_vs_Ctrl","Microglia"
1.10045577926371e-12,0.50327236332829,0.688,0.539,3.27594680929014e-08,"SLC4A7","AD_vs_Ctrl","Microglia"
1.13929961266601e-12,-1.25235867879005,0.103,0.244,3.39158101694544e-08,"DRAM1","AD_vs_Ctrl","Microglia"
1.24843195739855e-12,-1.13685225061943,0.168,0.323,3.71645709397975e-08,"ID2","AD_vs_Ctrl","Microglia"
1.39420412543352e-12,-0.638349445806286,0.424,0.569,4.15040626100305e-08,"PCNX1","AD_vs_Ctrl","Microglia"
1.57895799949055e-12,-1.03683110554977,0.152,0.311,4.70040006868342e-08,"MCL1","AD_vs_Ctrl","Microglia"
1.59187066839498e-12,0.698047590228607,0.528,0.345,4.73883979274503e-08,"ZNF652","AD_vs_Ctrl","Microglia"
1.74181245532303e-12,0.674237206583413,0.524,0.375,5.18520149825112e-08,"ANAPC16","AD_vs_Ctrl","Microglia"
1.82422522994469e-12,0.966653409222053,0.375,0.206,5.43053608702236e-08,"TEKT4P2","AD_vs_Ctrl","Microglia"
1.92005067568873e-12,0.859171911784254,0.438,0.273,5.71579885645779e-08,"KIAA1551","AD_vs_Ctrl","Microglia"
2.1292167767421e-12,0.98727081760837,0.367,0.199,6.33846542268357e-08,"SESN3","AD_vs_Ctrl","Microglia"
2.17882926822554e-12,0.699793098031638,0.518,0.363,6.48615684858062e-08,"MIS18BP1","AD_vs_Ctrl","Microglia"
2.24733076699188e-12,0.680339011170165,0.534,0.368,6.69007896025812e-08,"CHKA","AD_vs_Ctrl","Microglia"
2.42651218743405e-12,-1.04963374054914,0.161,0.318,7.22348413077244e-08,"UQCR10","AD_vs_Ctrl","Microglia"
2.7715665672171e-12,1.66329891520502,0.2,0.066,8.2506765139486e-08,"LYVE1","AD_vs_Ctrl","Microglia"
3.0313210297472e-12,-0.935124257401916,0.183,0.346,9.02393957345445e-08,"CENPP","AD_vs_Ctrl","Microglia"
3.03563521879965e-12,-0.774779425916398,0.3,0.465,9.03678248284469e-08,"XPO6","AD_vs_Ctrl","Microglia"
3.10746688902611e-12,-1.23308142761218,0.111,0.251,9.25061818194183e-08,"TFRC","AD_vs_Ctrl","Microglia"
3.1242474677678e-12,-0.651505657816803,0.372,0.544,9.30057228679798e-08,"SPATA6","AD_vs_Ctrl","Microglia"
3.56270885113347e-12,-0.924642800428585,0.183,0.352,1.06058279789392e-07,"RPL35P5","AD_vs_Ctrl","Microglia"
3.62963935192113e-12,-1.29670556048706,0.083,0.214,1.0805073386734e-07,"DOK3","AD_vs_Ctrl","Microglia"
3.88010259563478e-12,-0.801611893756427,0.285,0.451,1.15506774169452e-07,"CKB","AD_vs_Ctrl","Microglia"
4.0510473399294e-12,-0.797817056847295,0.272,0.442,1.20595628262358e-07,"NPC2","AD_vs_Ctrl","Microglia"
4.41401113248666e-12,1.23947125236158,0.269,0.118,1.31400697402995e-07,"TAL1","AD_vs_Ctrl","Microglia"
4.65917187767124e-12,-0.821114564152048,0.267,0.434,1.38698887626395e-07,"RPS15","AD_vs_Ctrl","Microglia"
5.16256751157317e-12,-0.702030539947474,0.338,0.508,1.53684472252022e-07,"SP110","AD_vs_Ctrl","Microglia"
6.46696960001705e-12,0.560917045648699,0.6,0.479,1.92515218022908e-07,"SEC14L1","AD_vs_Ctrl","Microglia"
7.09094097343166e-12,1.00547016633157,0.343,0.183,2.11090221838087e-07,"PIP5K1B","AD_vs_Ctrl","Microglia"
8.75482962132542e-12,-1.42847464107185,0.081,0.203,2.60622522997236e-07,"IER2","AD_vs_Ctrl","Microglia"
9.05435116409587e-12,-0.785863135557751,0.283,0.445,2.6953897980397e-07,"ACTG1","AD_vs_Ctrl","Microglia"
9.74699787482698e-12,-1.21638419700674,0.122,0.259,2.90158379735724e-07,"HIVEP2","AD_vs_Ctrl","Microglia"
1.02514856178693e-11,1.01825591755244,0.357,0.203,3.0517647535835e-07,"MXD4","AD_vs_Ctrl","Microglia"
1.05525729734615e-11,0.719218751900899,0.482,0.339,3.14139544846976e-07,"RAPH1","AD_vs_Ctrl","Microglia"
1.12198302961807e-11,0.974110637478381,0.356,0.194,3.34003128087003e-07,"NUAK1","AD_vs_Ctrl","Microglia"
1.22828278669884e-11,-0.849409867471463,0.268,0.425,3.65647502772379e-07,"LARGE1","AD_vs_Ctrl","Microglia"
1.30358931470139e-11,1.08820874155431,0.326,0.172,3.88065503093456e-07,"FP700111.1","AD_vs_Ctrl","Microglia"
1.33970693231023e-11,-0.69047037398491,0.364,0.526,3.98817356679434e-07,"FP236383.1","AD_vs_Ctrl","Microglia"
1.43550257259034e-11,0.518873688731547,0.619,0.481,4.27334760834418e-07,"GSN","AD_vs_Ctrl","Microglia"
1.44412496852228e-11,0.739241457367747,0.48,0.338,4.29901561879397e-07,"DLEU1","AD_vs_Ctrl","Microglia"
1.46765216304571e-11,1.37929212061245,0.23,0.092,4.36905372417078e-07,"HPGDS","AD_vs_Ctrl","Microglia"
1.51569021792982e-11,0.711017549546995,0.491,0.338,4.51205820975529e-07,"TMEM156","AD_vs_Ctrl","Microglia"
1.5246049701202e-11,-0.768830705360518,0.266,0.433,4.53859653555083e-07,"ADAR","AD_vs_Ctrl","Microglia"
1.59011600063793e-11,0.703863138933824,0.481,0.321,4.73361632229907e-07,"ATG4C","AD_vs_Ctrl","Microglia"
1.70276318798224e-11,0.518201968465217,0.662,0.501,5.06895573430434e-07,"ZFP36L2","AD_vs_Ctrl","Microglia"
1.70751580549001e-11,0.532182812692418,0.61,0.465,5.08310380136322e-07,"ADK","AD_vs_Ctrl","Microglia"
1.72826310990619e-11,-1.35062385678115,0.091,0.215,5.14486645187973e-07,"NRGN","AD_vs_Ctrl","Microglia"
2.16842322390712e-11,-0.740288036093658,0.29,0.463,6.45517909524912e-07,"RPS8","AD_vs_Ctrl","Microglia"
2.83167813914903e-11,0.696865249089699,0.489,0.329,8.42962265243275e-07,"TM6SF1","AD_vs_Ctrl","Microglia"
3.4669340752915e-11,-1.05916594689723,0.157,0.3,1.03207160487353e-06,"DDX58","AD_vs_Ctrl","Microglia"
3.59256145937921e-11,-0.900387676281165,0.197,0.348,1.0694696208426e-06,"PCP4","AD_vs_Ctrl","Microglia"
3.95765392229434e-11,0.660260493813587,0.518,0.379,1.1781539961278e-06,"SESN1","AD_vs_Ctrl","Microglia"
4.77555968446673e-11,-1.27047084372834,0.092,0.215,1.4216363624689e-06,"SBNO2","AD_vs_Ctrl","Microglia"
4.84778960967175e-11,0.566415342443013,0.573,0.427,1.44313848890318e-06,"RFX3","AD_vs_Ctrl","Microglia"
4.91159250238834e-11,-0.868972601388452,0.203,0.359,1.46213197203598e-06,"RPL36","AD_vs_Ctrl","Microglia"
5.69180041987912e-11,-0.703502915647897,0.365,0.513,1.69439206699382e-06,"SOD2","AD_vs_Ctrl","Microglia"
5.94216858398561e-11,-1.07021087652958,0.144,0.284,1.76892416576668e-06,"RPL13A","AD_vs_Ctrl","Microglia"
6.9141374488953e-11,0.517694761913689,0.631,0.479,2.05826957716164e-06,"BLNK","AD_vs_Ctrl","Microglia"
7.69621439092362e-11,-0.769608331123264,0.256,0.413,2.29108606203405e-06,"NABP1","AD_vs_Ctrl","Microglia"
8.63646625598503e-11,0.531985556308902,0.606,0.478,2.57098963974418e-06,"ENTPD1-AS1","AD_vs_Ctrl","Microglia"
9.27251718313898e-11,-0.870830658379014,0.234,0.386,2.76033564024864e-06,"RPS4X","AD_vs_Ctrl","Microglia"
9.98530508318674e-11,-0.736353748732588,0.288,0.449,2.97252547021386e-06,"IL4R","AD_vs_Ctrl","Microglia"
1.24304918557318e-10,-0.814177218492934,0.218,0.373,3.7004331205328e-06,"SPPL2A","AD_vs_Ctrl","Microglia"
1.41053395892815e-10,0.873470495301369,0.378,0.228,4.19901854233321e-06,"PELI2","AD_vs_Ctrl","Microglia"
1.42313662107168e-10,0.858728496319254,0.378,0.23,4.2365354072683e-06,"SLC15A2","AD_vs_Ctrl","Microglia"
1.70229097902953e-10,0.912119888022409,0.353,0.203,5.06755001547301e-06,"TAPT1-AS1","AD_vs_Ctrl","Microglia"
1.92827391156192e-10,1.18146083650293,0.268,0.131,5.74027860732869e-06,"NEK10","AD_vs_Ctrl","Microglia"
2.2103688714035e-10,-0.964182186269812,0.167,0.307,6.58004709328108e-06,"SNX10","AD_vs_Ctrl","Microglia"
2.23554866484181e-10,1.3526303595005,0.222,0.095,6.65500482036758e-06,"AC066613.2","AD_vs_Ctrl","Microglia"
2.41191908925315e-10,-1.27191084592286,0.094,0.212,7.18004193679771e-06,"SNAP25","AD_vs_Ctrl","Microglia"
2.68587422885438e-10,-0.641876905116923,0.347,0.501,7.99557899187659e-06,"MARCKS","AD_vs_Ctrl","Microglia"
2.80626142011913e-10,0.665443501037065,0.475,0.325,8.35395962155265e-06,"IRS2","AD_vs_Ctrl","Microglia"
2.84522421270655e-10,0.721651531952967,0.453,0.316,8.46994795880613e-06,"MEF2C-AS1","AD_vs_Ctrl","Microglia"
3.07004020946718e-10,-0.66803920621065,0.298,0.46,9.13920269956286e-06,"SPATS2L","AD_vs_Ctrl","Microglia"
3.6535776364239e-10,-1.1073345461163,0.141,0.271,1.08763352658703e-05,"CTSL","AD_vs_Ctrl","Microglia"
3.77232631852252e-10,-0.759682397122401,0.269,0.427,1.12298382176097e-05,"LITAF","AD_vs_Ctrl","Microglia"
3.9810582131662e-10,-0.851967954079259,0.219,0.366,1.18512121947745e-05,"RPL13AP5","AD_vs_Ctrl","Microglia"
4.50830840278697e-10,-1.12626548323846,0.115,0.239,1.34207832842565e-05,"CALM3","AD_vs_Ctrl","Microglia"
4.66215476084383e-10,-0.630557664807123,0.32,0.488,1.3878768507556e-05,"ARHGAP18","AD_vs_Ctrl","Microglia"
4.9688163187899e-10,0.950892622177097,0.317,0.174,1.47916692994056e-05,"PDK4","AD_vs_Ctrl","Microglia"
5.11679120408768e-10,-1.074654489869,0.109,0.233,1.52321757354486e-05,"EDF1","AD_vs_Ctrl","Microglia"
5.74974208728866e-10,-0.906038543785176,0.173,0.312,1.71164072196496e-05,"DPH6","AD_vs_Ctrl","Microglia"
5.90149036144079e-10,0.552795002707736,0.558,0.404,1.75681466569731e-05,"APPL2","AD_vs_Ctrl","Microglia"
5.95942753741158e-10,-1.00391722966901,0.124,0.253,1.77406198361205e-05,"FRMD3","AD_vs_Ctrl","Microglia"
6.18422010660432e-10,0.519988755601098,0.588,0.434,1.84098048353504e-05,"MIR99AHG","AD_vs_Ctrl","Microglia"
6.24931949112473e-10,-0.75056641307765,0.248,0.402,1.86035991931292e-05,"AC004453.1","AD_vs_Ctrl","Microglia"
7.12234485435693e-10,-1.18829454865022,0.088,0.201,2.12025083969351e-05,"PLTP","AD_vs_Ctrl","Microglia"
7.13941842184721e-10,0.514379415029974,0.6,0.452,2.1253334699997e-05,"RASSF8","AD_vs_Ctrl","Microglia"
7.34390202003782e-10,-0.732081297699339,0.328,0.474,2.18620619234506e-05,"RPL19","AD_vs_Ctrl","Microglia"
7.51949407443877e-10,-1.07933725999196,0.115,0.239,2.23847819101968e-05,"ZNFX1","AD_vs_Ctrl","Microglia"
8.66959518176985e-10,0.553783898750443,0.568,0.409,2.58085178966107e-05,"SYNDIG1","AD_vs_Ctrl","Microglia"
9.01393851247302e-10,-0.665370257701326,0.317,0.461,2.68335935577809e-05,"GAS7","AD_vs_Ctrl","Microglia"
1.09135611950575e-09,0.787352805858691,0.381,0.235,3.24885803215666e-05,"TLR5","AD_vs_Ctrl","Microglia"
1.22588354257475e-09,-0.95104919964873,0.161,0.293,3.64933271789077e-05,"PPA1","AD_vs_Ctrl","Microglia"
1.3277953693734e-09,0.615755123679351,0.502,0.37,3.95271403508768e-05,"SPECC1","AD_vs_Ctrl","Microglia"
1.40179578200696e-09,0.66545198374857,0.466,0.32,4.17300586345653e-05,"PTGES3","AD_vs_Ctrl","Microglia"
1.41011077990731e-09,-0.853454285089461,0.198,0.336,4.19775878070606e-05,"FCGR1A","AD_vs_Ctrl","Microglia"
1.6209803167769e-09,1.00516150145557,0.261,0.127,4.82549630501314e-05,"KIF26B","AD_vs_Ctrl","Microglia"
1.72276568219661e-09,0.739543810122089,0.412,0.271,5.12850115933109e-05,"ATG16L2","AD_vs_Ctrl","Microglia"
1.73133444132834e-09,-0.714557653550143,0.23,0.382,5.15400949839034e-05,"PTK2B","AD_vs_Ctrl","Microglia"
1.75752674845328e-09,-1.0191164782634,0.132,0.257,5.23198137747057e-05,"SERPINB1","AD_vs_Ctrl","Microglia"
1.92809183569175e-09,-0.683613960296506,0.269,0.424,5.73973658567077e-05,"BASP1","AD_vs_Ctrl","Microglia"
2.1803631552511e-09,1.11917700511083,0.245,0.12,6.490723076867e-05,"SIGLEC8","AD_vs_Ctrl","Microglia"
2.19298354478148e-09,1.27873219134459,0.243,0.124,6.52829271445999e-05,"TSC22D3","AD_vs_Ctrl","Microglia"
2.35749039633083e-09,-0.828929076576195,0.166,0.307,7.01801316083723e-05,"LINC02328","AD_vs_Ctrl","Microglia"
2.40231586089757e-09,-0.622536080228895,0.349,0.49,7.15145408630597e-05,"DTNBP1","AD_vs_Ctrl","Microglia"
3.14421937436261e-09,-1.25954723323824,0.093,0.201,9.36002665554006e-05,"CXorf21","AD_vs_Ctrl","Microglia"
3.42786604182153e-09,-0.785559130133854,0.198,0.339,0.000102044144198985,"MS4A4A","AD_vs_Ctrl","Microglia"
3.81665080339929e-09,-0.50233291786898,0.444,0.596,0.000113617877766394,"HAVCR2","AD_vs_Ctrl","Microglia"
4.7306004460143e-09,-0.52438065821852,0.418,0.557,0.0001408252446774,"GAPDH","AD_vs_Ctrl","Microglia"
4.96336241679074e-09,-1.05336569495668,0.122,0.239,0.000147754335785443,"TPM4","AD_vs_Ctrl","Microglia"
5.78339077178183e-09,0.602449749984481,0.489,0.346,0.000172165759885173,"TBC1D4","AD_vs_Ctrl","Microglia"
6.50850336332477e-09,0.622941051128189,0.493,0.368,0.000193751636622815,"STARD13","AD_vs_Ctrl","Microglia"
6.74029605086248e-09,-0.523915376357894,0.425,0.557,0.000200651873138125,"HLA-E","AD_vs_Ctrl","Microglia"
7.18212930777847e-09,-0.630223599791389,0.25,0.408,0.000213804807363257,"C22orf34","AD_vs_Ctrl","Microglia"
7.44974229469401e-09,-0.612575814158484,0.315,0.463,0.000221771378370746,"IGF2R","AD_vs_Ctrl","Microglia"
7.9216505515368e-09,-0.945445210901503,0.139,0.262,0.000235819615268699,"EHBP1L1","AD_vs_Ctrl","Microglia"
8.88241755333722e-09,1.11379535419852,0.262,0.144,0.000264420688145296,"TANC1","AD_vs_Ctrl","Microglia"
9.14728123367559e-09,0.813983758790374,0.338,0.203,0.000272305415045289,"NOL4L","AD_vs_Ctrl","Microglia"
9.16663021922922e-09,0.996912008179326,0.264,0.138,0.000272881414996235,"SHMT1","AD_vs_Ctrl","Microglia"
1.05167873484328e-08,-0.86389615784363,0.167,0.294,0.000313074242575495,"RPL27","AD_vs_Ctrl","Microglia"
1.08238530555156e-08,0.773688215281006,0.357,0.223,0.000322215281609644,"AC068587.6","AD_vs_Ctrl","Microglia"
1.13937176205677e-08,-0.679347172562701,0.216,0.363,0.000339179579846679,"MNDA","AD_vs_Ctrl","Microglia"
1.17374649336617e-08,-0.951025620767732,0.147,0.268,0.000349412593610174,"GUK1","AD_vs_Ctrl","Microglia"
1.2276041747362e-08,0.558960284462046,0.503,0.379,0.000365445486777219,"TIAM1","AD_vs_Ctrl","Microglia"
1.31669692013833e-08,0.826011669926978,0.315,0.18,0.00039196750615598,"UST","AD_vs_Ctrl","Microglia"
1.36490404467919e-08,0.885758241281989,0.333,0.208,0.000406318285060548,"HSPA1B","AD_vs_Ctrl","Microglia"
1.39479926704747e-08,0.5886185168982,0.48,0.364,0.00041521779380736,"CHSY3","AD_vs_Ctrl","Microglia"
1.44045583468774e-08,-0.998318094352929,0.135,0.25,0.000428809297428194,"STEAP1B","AD_vs_Ctrl","Microglia"
1.805006923716e-08,0.569213317910868,0.5,0.379,0.000537332511121016,"AC120193.1","AD_vs_Ctrl","Microglia"
1.93267108816561e-08,-0.671534073693658,0.3,0.442,0.00057533685623602,"RPS6","AD_vs_Ctrl","Microglia"
1.9437957560929e-08,-0.507417803398301,0.422,0.555,0.000578648558631297,"HCK","AD_vs_Ctrl","Microglia"
1.9442230677477e-08,1.01391177970562,0.262,0.145,0.000578775765037813,"ZNF862","AD_vs_Ctrl","Microglia"
1.98487340612895e-08,-0.898616151664088,0.136,0.255,0.000590876964270526,"CSGALNACT2","AD_vs_Ctrl","Microglia"
2.01209299273916e-08,-0.717141160813759,0.256,0.388,0.000598979963008519,"PEBP1","AD_vs_Ctrl","Microglia"
2.21725049438748e-08,-0.786649909054897,0.197,0.323,0.000660053299674209,"HRH2","AD_vs_Ctrl","Microglia"
2.26216495989041e-08,0.544575813853412,0.533,0.413,0.000673423886909777,"TTC7A","AD_vs_Ctrl","Microglia"
2.31193936622581e-08,-0.989884673927275,0.103,0.212,0.000688241229931761,"SCML1","AD_vs_Ctrl","Microglia"
2.69939117300086e-08,-0.627236412393612,0.289,0.425,0.000803581758290625,"BAZ1A","AD_vs_Ctrl","Microglia"
2.79843720632006e-08,0.500430508910308,0.541,0.409,0.00083306677194942,"BHLHE41","AD_vs_Ctrl","Microglia"
2.84962772607115e-08,-0.745988326531454,0.197,0.332,0.000848305677774119,"NHLRC3","AD_vs_Ctrl","Microglia"
3.05975647438774e-08,-0.548693138988078,0.345,0.488,0.000910858904860486,"AC016739.1","AD_vs_Ctrl","Microglia"
3.33989586623112e-08,-0.57706358406377,0.3,0.451,0.000994253600418342,"FKBP15","AD_vs_Ctrl","Microglia"
3.6330411087296e-08,0.639355460599419,0.434,0.305,0.00108152000765772,"PADI2","AD_vs_Ctrl","Microglia"
3.95168392063186e-08,0.761038226317857,0.385,0.276,0.0011763767863329,"MIB1","AD_vs_Ctrl","Microglia"
4.47814651225392e-08,-0.913770071959195,0.164,0.276,0.00133309943523287,"ANKRD22","AD_vs_Ctrl","Microglia"
4.83768094160707e-08,-0.584175643052415,0.314,0.454,0.00144012923950701,"APOC1","AD_vs_Ctrl","Microglia"
5.10348038258698e-08,-0.831738704190689,0.159,0.278,0.00151925507509232,"AC008021.1","AD_vs_Ctrl","Microglia"
5.1997140749253e-08,-0.846011972275604,0.18,0.298,0.00154790288296451,"GPR65","AD_vs_Ctrl","Microglia"
5.29612446992158e-08,-0.929858323514898,0.116,0.226,0.00157660329345096,"GALC","AD_vs_Ctrl","Microglia"
5.87891461954423e-08,-0.54113714116862,0.305,0.463,0.00175009409309212,"ADPGK","AD_vs_Ctrl","Microglia"
5.94034970949937e-08,0.684054546303951,0.388,0.262,0.00176838270502087,"FNBP1L","AD_vs_Ctrl","Microglia"
6.0901639937124e-08,0.823763579171439,0.318,0.203,0.00181298091928824,"LRP4","AD_vs_Ctrl","Microglia"
6.49229827270015e-08,0.680214034948059,0.397,0.273,0.00193269227280011,"LPAR1","AD_vs_Ctrl","Microglia"
6.54263598038967e-08,0.698391929632104,0.376,0.255,0.0019476773050022,"HIBCH","AD_vs_Ctrl","Microglia"
6.65104097312616e-08,0.752172227658683,0.365,0.248,0.00197994838728993,"BBS9","AD_vs_Ctrl","Microglia"
6.86208842001606e-08,0.613261612405172,0.435,0.305,0.00204277510175458,"PDGFC","AD_vs_Ctrl","Microglia"
6.87732983113454e-08,0.984651561938013,0.262,0.149,0.00204731231743044,"AC010894.3","AD_vs_Ctrl","Microglia"
6.94160404165655e-08,0.852084731567818,0.312,0.196,0.00206644610716074,"AC008957.2","AD_vs_Ctrl","Microglia"
6.95818254911916e-08,0.575604661644046,0.453,0.325,0.00207138136304728,"AC006978.2","AD_vs_Ctrl","Microglia"
7.00173180578428e-08,1.1251083554779,0.219,0.113,0.00208434554126392,"C12orf75","AD_vs_Ctrl","Microglia"
7.14694690139081e-08,-0.595736221052458,0.289,0.424,0.00212757462307503,"PIK3CD","AD_vs_Ctrl","Microglia"
7.3037879672154e-08,0.595252345185302,0.464,0.343,0.00217426463996035,"AL034397.3","AD_vs_Ctrl","Microglia"
7.73630652147449e-08,-0.960836427341748,0.105,0.208,0.00230302108837774,"FPR1","AD_vs_Ctrl","Microglia"
8.15163982772249e-08,-0.883784060536228,0.135,0.246,0.00242666166031471,"MTHFD2","AD_vs_Ctrl","Microglia"
8.52494605206285e-08,-0.695108502900349,0.216,0.348,0.00253779119023859,"RPS7","AD_vs_Ctrl","Microglia"
9.76696554543471e-08,-0.664889371666009,0.298,0.425,0.00290752797322046,"RPL14","AD_vs_Ctrl","Microglia"
9.89620118466948e-08,-0.625670759262467,0.269,0.406,0.00294600013066426,"RPS16","AD_vs_Ctrl","Microglia"
1.00310728555394e-07,-0.98775615466934,0.107,0.21,0.00298615007836554,"HPCA","AD_vs_Ctrl","Microglia"
1.08959263427377e-07,-0.863954978716761,0.149,0.262,0.00324360831296958,"TPRG1","AD_vs_Ctrl","Microglia"
1.12204591836168e-07,-0.703388561824321,0.253,0.373,0.00334021849437087,"SRP14","AD_vs_Ctrl","Microglia"
1.28880273263546e-07,-0.650628063661138,0.26,0.39,0.0038366368547825,"BCL2L1","AD_vs_Ctrl","Microglia"
1.39402787039609e-07,-0.897112438386985,0.156,0.268,0.00414988156738213,"AC136632.1","AD_vs_Ctrl","Microglia"
1.40859436689854e-07,-0.684864401182518,0.198,0.325,0.00419324457082028,"JUNB","AD_vs_Ctrl","Microglia"
1.43852980248162e-07,-0.984332027444822,0.112,0.214,0.00428235936900753,"TARBP1","AD_vs_Ctrl","Microglia"
1.44094648804221e-07,-0.731161967133478,0.208,0.33,0.00428955360025286,"CIRBP","AD_vs_Ctrl","Microglia"
1.46104007432963e-07,0.998395257275228,0.272,0.171,0.00434937019727186,"LINC00513","AD_vs_Ctrl","Microglia"
1.61809326467815e-07,1.0819904443819,0.209,0.106,0.0048169018396204,"ZNF33B","AD_vs_Ctrl","Microglia"
1.7522716697309e-07,0.85888008382701,0.288,0.176,0.0052163375336219,"METTL21A","AD_vs_Ctrl","Microglia"
1.797957320704e-07,-0.825424615998594,0.162,0.275,0.00535233914800375,"CPE","AD_vs_Ctrl","Microglia"
1.81551569494468e-07,-0.866890921215512,0.111,0.215,0.00540460867228082,"CDCP1","AD_vs_Ctrl","Microglia"
1.99557664064603e-07,0.621337122661619,0.432,0.318,0.00594063210153917,"CREG1","AD_vs_Ctrl","Microglia"
2.05191362357083e-07,0.888170928615004,0.274,0.16,0.006108341666008,"EPN2","AD_vs_Ctrl","Microglia"
2.20164298022191e-07,-0.71366120256386,0.183,0.307,0.00655407098782261,"AP001324.1","AD_vs_Ctrl","Microglia"
2.31426823276538e-07,-0.587142137594582,0.257,0.391,0.00688934510211927,"LAIR1","AD_vs_Ctrl","Microglia"
2.35737700103487e-07,-0.899784249956436,0.114,0.215,0.00701767559438072,"UCHL1","AD_vs_Ctrl","Microglia"
2.40444172075834e-07,0.605036647409818,0.403,0.285,0.00715778255852551,"GPR34","AD_vs_Ctrl","Microglia"
2.52913663326504e-07,-0.819871463837792,0.15,0.259,0.00752898684356671,"GPATCH2","AD_vs_Ctrl","Microglia"
2.67581484576902e-07,0.549364470755161,0.455,0.329,0.0079656332143698,"GLDN","AD_vs_Ctrl","Microglia"
3.18456146717316e-07,-0.542238655697984,0.374,0.501,0.00948012103162779,"H3F3B","AD_vs_Ctrl","Microglia"
3.21370412742866e-07,0.681205227207575,0.359,0.239,0.00956687581694237,"RECK","AD_vs_Ctrl","Microglia"
3.34384239086355e-07,0.504233625423976,0.488,0.336,0.0099542844133617,"LINC02232","AD_vs_Ctrl","Microglia"
3.44424710605564e-07,0.800936323573464,0.299,0.19,0.010253179210017,"ITPKB","AD_vs_Ctrl","Microglia"
3.77430262126949e-07,0.536492532507543,0.457,0.325,0.0112357214732572,"TMIGD3","AD_vs_Ctrl","Microglia"
3.86310150122017e-07,-0.860128216716041,0.135,0.241,0.0115000668589823,"CASP4","AD_vs_Ctrl","Microglia"
4.08843879366426e-07,0.822396019329579,0.28,0.172,0.0121708734448591,"PIK3IP1","AD_vs_Ctrl","Microglia"
4.28665654232281e-07,-0.73591467653248,0.181,0.296,0.0127609478608408,"NDUFA4","AD_vs_Ctrl","Microglia"
4.35942011813872e-07,0.990454739733559,0.238,0.136,0.0129775577496871,"KCNMB1","AD_vs_Ctrl","Microglia"
4.38457754534935e-07,0.510791641798434,0.478,0.372,0.0130524488947505,"ZNF207","AD_vs_Ctrl","Microglia"
4.53373126486946e-07,-0.519478500461983,0.316,0.458,0.0134964646023899,"DCTN4","AD_vs_Ctrl","Microglia"
4.55911668292421e-07,-0.987422861283527,0.115,0.21,0.0135720344533971,"ELOB","AD_vs_Ctrl","Microglia"
5.14647040157449e-07,-0.871618036667709,0.122,0.221,0.0153205277384471,"GRINA","AD_vs_Ctrl","Microglia"
5.23423175820151e-07,0.758217922500341,0.343,0.242,0.0155817845209901,"PLCL1","AD_vs_Ctrl","Microglia"
5.37195136789505e-07,0.816663964600064,0.275,0.165,0.0159917620270868,"MUM1","AD_vs_Ctrl","Microglia"
5.39228027642495e-07,0.536261614725519,0.476,0.373,0.0160522791548894,"FEZ2","AD_vs_Ctrl","Microglia"
5.54370183601606e-07,-0.846502015124197,0.124,0.226,0.0165030459956362,"ESR1","AD_vs_Ctrl","Microglia"
5.59918704865709e-07,-0.650787047837072,0.195,0.318,0.0166682199251473,"FAM110B","AD_vs_Ctrl","Microglia"
5.88160749115735e-07,-0.6143269956008,0.217,0.343,0.0175089573404263,"CD47","AD_vs_Ctrl","Microglia"
5.89126452056357e-07,-0.585526421698805,0.272,0.397,0.0175377053512657,"HK1","AD_vs_Ctrl","Microglia"
5.94112640261847e-07,-0.677139329201891,0.209,0.329,0.0176861391879549,"RACK1","AD_vs_Ctrl","Microglia"
6.28138640120012e-07,-0.588457416149312,0.31,0.429,0.0186990591777326,"MT-ND5","AD_vs_Ctrl","Microglia"
6.42492852563643e-07,-0.597044119778373,0.259,0.382,0.0191263697279671,"TMEM51","AD_vs_Ctrl","Microglia"
7.02640886516072e-07,0.65752342099848,0.339,0.223,0.020916916550697,"SPOPL","AD_vs_Ctrl","Microglia"
7.1124641504389e-07,0.67502658487114,0.359,0.25,0.0211730945294416,"AIDA","AD_vs_Ctrl","Microglia"
7.17757498136792e-07,-0.579839936787341,0.285,0.402,0.0213669229620342,"RPS11","AD_vs_Ctrl","Microglia"
7.18116818417866e-07,-0.857257533637528,0.105,0.201,0.0213776195674815,"DBNL","AD_vs_Ctrl","Microglia"
7.26864469541082e-07,-0.658224758712866,0.207,0.329,0.0216380283937685,"LST1","AD_vs_Ctrl","Microglia"
7.27729755914513e-07,0.799768953927235,0.315,0.212,0.0216637871038191,"BROX","AD_vs_Ctrl","Microglia"
7.38825844544561e-07,-0.944548357148402,0.128,0.224,0.021994106566247,"RPL27A","AD_vs_Ctrl","Microglia"
8.02918127315637e-07,0.664069882326498,0.367,0.264,0.0239020697320592,"MPRIP","AD_vs_Ctrl","Microglia"
8.09972080266459e-07,0.729579596042027,0.305,0.189,0.0241120588574522,"P3H2","AD_vs_Ctrl","Microglia"
8.34572899088138e-07,0.736408879399943,0.301,0.189,0.0248444006329548,"DEPTOR","AD_vs_Ctrl","Microglia"
8.52205360368856e-07,0.958239711356837,0.256,0.158,0.0253693013728205,"STK17A","AD_vs_Ctrl","Microglia"
8.71583284272016e-07,0.80436878709413,0.281,0.174,0.0259461627894937,"ZDHHC2","AD_vs_Ctrl","Microglia"
9.30480440291944e-07,-0.701377341847118,0.198,0.309,0.0276994722270509,"ENO1","AD_vs_Ctrl","Microglia"
9.38312727330098e-07,0.668649430345046,0.333,0.221,0.0279326315798897,"HSPH1","AD_vs_Ctrl","Microglia"
9.5817785840413e-07,-0.67665536306507,0.174,0.289,0.0285239966668326,"TOMM7","AD_vs_Ctrl","Microglia"
9.85853263783277e-07,-0.730138087621924,0.186,0.294,0.0293478658095644,"PVT1","AD_vs_Ctrl","Microglia"
1.01966565437245e-06,-0.850470187057882,0.149,0.25,0.0303544268650133,"SMG1P3","AD_vs_Ctrl","Microglia"
1.05642596123694e-06,-0.738068471394692,0.153,0.26,0.0314487444400624,"RPS5","AD_vs_Ctrl","Microglia"
1.07985192758358e-06,-0.886533439351239,0.117,0.212,0.0321461120322356,"CCR1","AD_vs_Ctrl","Microglia"
1.13265866042861e-06,0.579409871939164,0.402,0.282,0.0337181156622992,"STRBP","AD_vs_Ctrl","Microglia"
1.15345398334691e-06,-0.512588617228266,0.306,0.442,0.0343371716302543,"SCLT1","AD_vs_Ctrl","Microglia"
1.16417303746407e-06,0.773309097536069,0.285,0.176,0.034656267152268,"GRID2","AD_vs_Ctrl","Microglia"
1.18382089416272e-06,-0.734298422440594,0.186,0.293,0.03524116419833,"HIST2H2BF","AD_vs_Ctrl","Microglia"
1.21799448954262e-06,0.620085655219712,0.376,0.264,0.0362584779591944,"ITGB5","AD_vs_Ctrl","Microglia"
1.25480154957953e-06,-0.783239588393067,0.131,0.233,0.037354187329433,"TNFAIP2","AD_vs_Ctrl","Microglia"
1.26700692441427e-06,0.786012006594867,0.278,0.176,0.0377175291328885,"CHORDC1","AD_vs_Ctrl","Microglia"
1.4787257047232e-06,-0.798384098545924,0.148,0.251,0.0440201855039049,"PLEKHB2","AD_vs_Ctrl","Microglia"
1.51711997499297e-06,-0.723087546265546,0.197,0.303,0.0451631445355656,"NAIP","AD_vs_Ctrl","Microglia"
1.55066120827222e-06,-0.608902154112904,0.231,0.354,0.0461616335090558,"TAPBP","AD_vs_Ctrl","Microglia"
1.55559246527383e-06,0.619124392205208,0.384,0.284,0.0463084320987367,"KIAA1147","AD_vs_Ctrl","Microglia"
1.55593066105657e-06,0.800165585816225,0.27,0.167,0.0463184998489929,"STK32B","AD_vs_Ctrl","Microglia"
1.63635804571423e-06,0.660638021186219,0.345,0.239,0.0487127426628669,"BANP","AD_vs_Ctrl","Microglia"
1.66354768922063e-06,-0.589519790770835,0.224,0.348,0.049522151160409,"FIG4","AD_vs_Ctrl","Microglia"
1.66477378731099e-06,-0.59695521303392,0.267,0.386,0.0495586508744609,"ERICH1","AD_vs_Ctrl","Microglia"
1.67278267723623e-06,0.753129655782852,0.284,0.178,0.0497970675186453,"GLCE","AD_vs_Ctrl","Microglia"
0,-2.31810723120538,0.165,0.565,0,"PDE1A","AD_vs_Ctrl","Oligodendrocyte"
0,0.6404894204699,0.91,0.74,0,"QDPR","AD_vs_Ctrl","Oligodendrocyte"
6.75711417743229e-284,-4.60678555050247,0.015,0.249,2.01152531947982e-279,"ISG15","AD_vs_Ctrl","Oligodendrocyte"
1.73530563633891e-275,-0.563887452914622,0.799,0.938,5.1658313488173e-271,"MT-CO3","AD_vs_Ctrl","Oligodendrocyte"
9.10902226147584e-257,1.40697109345934,0.622,0.266,2.71166483701874e-252,"FKBP5","AD_vs_Ctrl","Oligodendrocyte"
2.37386667715763e-254,-2.1344276649091,0.14,0.428,7.06676371123054e-250,"HLA-A","AD_vs_Ctrl","Oligodendrocyte"
1.28827363794655e-252,-0.534318274375897,0.806,0.946,3.8350617928031e-248,"MT-RNR1","AD_vs_Ctrl","Oligodendrocyte"
5.86761096351631e-248,0.681425665116449,0.851,0.652,1.74672910772917e-243,"SPP1","AD_vs_Ctrl","Oligodendrocyte"
3.90860502981505e-234,-3.39952245667017,0.036,0.259,1.16355263132564e-229,"IFI6","AD_vs_Ctrl","Oligodendrocyte"
8.587381453386e-230,-2.87537133452417,0.055,0.292,2.55637758485848e-225,"STAT1","AD_vs_Ctrl","Oligodendrocyte"
5.41028335085661e-215,-3.36983293513975,0.03,0.236,1.61058725071651e-210,"HLA-B","AD_vs_Ctrl","Oligodendrocyte"
1.83348446854531e-204,-3.18524965630778,0.038,0.242,5.45809991441253e-200,"RARRES3","AD_vs_Ctrl","Oligodendrocyte"
2.56042260601865e-201,0.622487285474074,0.851,0.652,7.62212205585692e-197,"SELENOP","AD_vs_Ctrl","Oligodendrocyte"
1.20516892085083e-200,0.643136531102728,0.867,0.693,3.58766736048085e-196,"CRYAB","AD_vs_Ctrl","Oligodendrocyte"
1.33193790771098e-176,1.08325728303922,0.608,0.316,3.96504595746483e-172,"AC009063.2","AD_vs_Ctrl","Oligodendrocyte"
1.01198899173643e-167,-1.00813226321682,0.546,0.686,3.01259002950019e-163,"B2M","AD_vs_Ctrl","Oligodendrocyte"
2.01195699229676e-157,1.43251175298045,0.452,0.191,5.98939477036822e-153,"ENO4","AD_vs_Ctrl","Oligodendrocyte"
2.15304181035293e-136,0.938362502860371,0.59,0.356,6.40939016523965e-132,"SLC38A2","AD_vs_Ctrl","Oligodendrocyte"
1.80104383340847e-135,0.653940224471275,0.77,0.536,5.36152738767366e-131,"RGCC","AD_vs_Ctrl","Oligodendrocyte"
3.1090523906439e-130,1.12651117028682,0.5,0.251,9.25533806170782e-126,"HSPA1A","AD_vs_Ctrl","Oligodendrocyte"
3.40005329733217e-128,0.642888426788841,0.729,0.515,1.01216186608281e-123,"ANLN","AD_vs_Ctrl","Oligodendrocyte"
1.06945656754537e-122,-1.05403525433616,0.31,0.512,3.18366525592583e-118,"CST3","AD_vs_Ctrl","Oligodendrocyte"
1.70554443978641e-119,0.717295930548877,0.672,0.448,5.07723524280016e-115,"LRP4","AD_vs_Ctrl","Oligodendrocyte"
7.40976534377599e-112,1.16343052147772,0.439,0.221,2.20581304518867e-107,"ANKUB1","AD_vs_Ctrl","Oligodendrocyte"
1.32067273460516e-108,1.39056793949402,0.359,0.152,3.93151066364611e-104,"LINC00513","AD_vs_Ctrl","Oligodendrocyte"
1.39099471398739e-108,0.872152451477081,0.56,0.344,4.14085216406907e-104,"PCDH9-AS2","AD_vs_Ctrl","Oligodendrocyte"
7.20221018637554e-102,0.93180649994402,0.501,0.285,2.14402595038213e-97,"RPL10","AD_vs_Ctrl","Oligodendrocyte"
4.21995304508264e-101,-0.566739273481804,0.563,0.742,1.25623782199065e-96,"MT-ND2","AD_vs_Ctrl","Oligodendrocyte"
3.60893826125865e-100,1.3384676898349,0.352,0.155,1.07434483099409e-95,"PPP3CB-AS1","AD_vs_Ctrl","Oligodendrocyte"
8.27182740271971e-97,-0.642194842161884,0.462,0.646,2.46244029951563e-92,"NAALADL2","AD_vs_Ctrl","Oligodendrocyte"
2.88956855296775e-92,1.56115287151411,0.281,0.105,8.60195662532969e-88,"LINC01470","AD_vs_Ctrl","Oligodendrocyte"
3.02703435288634e-91,-0.971721669574635,0.309,0.474,9.01117856510733e-87,"APOE","AD_vs_Ctrl","Oligodendrocyte"
8.51426089704237e-88,1.11350793471144,0.38,0.187,2.53461032644054e-83,"DPYSL5","AD_vs_Ctrl","Oligodendrocyte"
1.02154144887227e-84,0.957720863183737,0.439,0.254,3.04102673914786e-80,"ZNF565","AD_vs_Ctrl","Oligodendrocyte"
2.65909271055365e-84,0.794092170561119,0.522,0.336,7.91585309004715e-80,"PPA1","AD_vs_Ctrl","Oligodendrocyte"
4.73674645920355e-83,-0.863592699599059,0.284,0.466,1.4100820534403e-78,"MT-ND5","AD_vs_Ctrl","Oligodendrocyte"
5.81430558341326e-82,-0.794836819806909,0.33,0.506,1.73086062912629e-77,"CIRBP","AD_vs_Ctrl","Oligodendrocyte"
9.87291114840804e-82,-1.45769838681256,0.118,0.264,2.93906691976959e-77,"LINC02328","AD_vs_Ctrl","Oligodendrocyte"
5.733024994695e-81,0.608237281451051,0.637,0.465,1.70666421067075e-76,"IGF1R","AD_vs_Ctrl","Oligodendrocyte"
2.66510300113236e-80,1.18774264853353,0.335,0.16,7.93374512407091e-76,"ELMO1-AS1","AD_vs_Ctrl","Oligodendrocyte"
3.00810541468148e-79,0.591340672222513,0.65,0.459,8.95482900896529e-75,"CA2","AD_vs_Ctrl","Oligodendrocyte"
7.56861904482413e-79,0.700780990824823,0.567,0.377,2.2531022034537e-74,"LDLRAD3","AD_vs_Ctrl","Oligodendrocyte"
2.78632798772092e-78,1.25927042017,0.315,0.148,8.29461978664642e-74,"IPO9-AS1","AD_vs_Ctrl","Oligodendrocyte"
4.02758524041122e-76,0.792330593460792,0.487,0.308,1.19897185021802e-71,"HEPN1","AD_vs_Ctrl","Oligodendrocyte"
5.10036645362817e-73,0.62973792282888,0.585,0.412,1.51832808958057e-68,"CCP110","AD_vs_Ctrl","Oligodendrocyte"
2.94248797433493e-72,1.02936199757333,0.363,0.192,8.75949245079766e-68,"PLD5","AD_vs_Ctrl","Oligodendrocyte"
4.46369016800748e-72,0.662481467336228,0.553,0.376,1.32879592611415e-67,"SLC39A11","AD_vs_Ctrl","Oligodendrocyte"
4.2961851134096e-71,1.62735385061373,0.209,0.071,1.27893134641091e-66,"LRP4-AS1","AD_vs_Ctrl","Oligodendrocyte"
4.53950328077191e-71,0.591492448101376,0.615,0.431,1.35136473165299e-66,"ZBTB16","AD_vs_Ctrl","Oligodendrocyte"
3.7895742041368e-70,0.718078558643201,0.516,0.347,1.12811834482948e-65,"PTGES3","AD_vs_Ctrl","Oligodendrocyte"
1.56392816881833e-69,-0.791334583276597,0.304,0.463,4.65565776575528e-65,"FP671120.1","AD_vs_Ctrl","Oligodendrocyte"
2.65176194756394e-68,1.38043124238336,0.249,0.104,7.89403014170309e-64,"AL358216.1","AD_vs_Ctrl","Oligodendrocyte"
3.21741726461733e-67,-1.41501172242498,0.098,0.224,9.57792945503932e-63,"HLA-C","AD_vs_Ctrl","Oligodendrocyte"
7.62365074674183e-67,1.10437300844027,0.314,0.157,2.26948459079758e-62,"AL139294.1","AD_vs_Ctrl","Oligodendrocyte"
9.43587524487927e-67,1.01279917277276,0.364,0.209,2.80896570164811e-62,"CHORDC1","AD_vs_Ctrl","Oligodendrocyte"
4.02300936568354e-64,1.58743253937491,0.202,0.073,1.19760965807033e-59,"AC104461.1","AD_vs_Ctrl","Oligodendrocyte"
2.27566247671641e-63,0.501975455306319,0.657,0.49,6.77441962693707e-59,"NDRG2","AD_vs_Ctrl","Oligodendrocyte"
1.04168921192039e-62,1.47267435108169,0.213,0.082,3.1010046149658e-58,"NUP210L","AD_vs_Ctrl","Oligodendrocyte"
3.40630285824357e-62,0.549674492649056,0.609,0.435,1.01402229787053e-57,"HAPLN2","AD_vs_Ctrl","Oligodendrocyte"
5.79163022534384e-62,0.595710897002151,0.558,0.403,1.72411040178261e-57,"ZNF652","AD_vs_Ctrl","Oligodendrocyte"
1.15779563442827e-60,0.808749491873674,0.418,0.263,3.44664182412951e-56,"MID1IP1","AD_vs_Ctrl","Oligodendrocyte"
1.20442591777174e-60,0.82109402567599,0.407,0.25,3.5854555146147e-56,"SRSF7","AD_vs_Ctrl","Oligodendrocyte"
1.67157543477501e-60,0.890359707564292,0.365,0.207,4.97611291178172e-56,"RASSF4","AD_vs_Ctrl","Oligodendrocyte"
3.32232083921965e-60,0.692607525354566,0.476,0.318,9.89021690627299e-56,"MAT2A","AD_vs_Ctrl","Oligodendrocyte"
2.0294278595033e-59,-1.07451284836127,0.139,0.271,6.04140379495537e-55,"GRIN2A","AD_vs_Ctrl","Oligodendrocyte"
2.58770594138381e-59,0.841781343460627,0.387,0.232,7.70334181690546e-55,"PIGC","AD_vs_Ctrl","Oligodendrocyte"
2.82020255530971e-59,0.906446211598938,0.367,0.217,8.39546098690146e-55,"AP002370.2","AD_vs_Ctrl","Oligodendrocyte"
1.01301728299318e-57,1.03428017563607,0.303,0.16,3.01565114974238e-53,"CRLF3","AD_vs_Ctrl","Oligodendrocyte"
1.5768577831919e-57,1.22456838842292,0.245,0.111,4.69414793478398e-53,"AZGP1","AD_vs_Ctrl","Oligodendrocyte"
8.72937482775146e-55,1.16608096217889,0.258,0.128,2.59864759247333e-50,"CACYBP","AD_vs_Ctrl","Oligodendrocyte"
1.33998239886798e-54,0.564437965484782,0.55,0.393,3.98899360319008e-50,"LRRC1","AD_vs_Ctrl","Oligodendrocyte"
2.59430288948368e-54,0.983458702016659,0.292,0.15,7.72298027170397e-50,"NFKBIA","AD_vs_Ctrl","Oligodendrocyte"
4.31299250541372e-52,0.626877832692161,0.483,0.325,1.28393473893661e-47,"BCL2","AD_vs_Ctrl","Oligodendrocyte"
7.96813617390281e-52,0.514117405279205,0.591,0.466,2.37203445760913e-47,"HSP90AB1","AD_vs_Ctrl","Oligodendrocyte"
2.67287284577496e-50,0.520746799731703,0.584,0.44,7.95687517458748e-46,"DYNLL1","AD_vs_Ctrl","Oligodendrocyte"
7.82342558293133e-50,0.855419761094726,0.342,0.207,2.32895556178283e-45,"PDXDC1","AD_vs_Ctrl","Oligodendrocyte"
1.7200298718157e-49,0.963684535829918,0.283,0.151,5.12035692540815e-45,"KLF9","AD_vs_Ctrl","Oligodendrocyte"
1.87421224077981e-49,-0.66748731696929,0.298,0.428,5.57934241957743e-45,"CARNS1","AD_vs_Ctrl","Oligodendrocyte"
9.7375284470691e-49,1.19878592412495,0.222,0.105,2.898764843408e-44,"FAM196A","AD_vs_Ctrl","Oligodendrocyte"
1.24577833414977e-48,0.532076188177579,0.549,0.403,3.70855752293046e-44,"ZDHHC20","AD_vs_Ctrl","Oligodendrocyte"
2.26325292974966e-48,0.773773644031886,0.367,0.228,6.73747764657175e-44,"AP003086.2","AD_vs_Ctrl","Oligodendrocyte"
6.25258591272344e-48,-0.846405992420455,0.21,0.333,1.86133230035864e-43,"SPARCL1","AD_vs_Ctrl","Oligodendrocyte"
3.9772990924614e-47,1.19041931807254,0.218,0.104,1.18400216683483e-42,"BCL2L14","AD_vs_Ctrl","Oligodendrocyte"
3.54856697096341e-46,0.917278093138899,0.286,0.158,1.0563729015861e-41,"PCDH9-AS1","AD_vs_Ctrl","Oligodendrocyte"
9.09467853629999e-46,1.19779429255901,0.212,0.101,2.70739485347115e-41,"RBM48","AD_vs_Ctrl","Oligodendrocyte"
1.18028458726628e-44,0.511678299443371,0.536,0.403,3.51358918783299e-40,"SEPT8","AD_vs_Ctrl","Oligodendrocyte"
2.19023108853357e-44,0.684374711993164,0.387,0.245,6.52009892745559e-40,"LRP2","AD_vs_Ctrl","Oligodendrocyte"
4.25015156162227e-44,0.579736883841842,0.471,0.333,1.26522761837933e-39,"CHKA","AD_vs_Ctrl","Oligodendrocyte"
1.25659689306362e-43,0.643283660876568,0.435,0.303,3.74076329096108e-39,"ITPKB","AD_vs_Ctrl","Oligodendrocyte"
3.17934147493382e-42,0.903093244442259,0.272,0.152,9.46458163673047e-38,"AP000462.1","AD_vs_Ctrl","Oligodendrocyte"
3.56381855752542e-42,0.995617576351505,0.241,0.126,1.06091314638974e-37,"AC093865.1","AD_vs_Ctrl","Oligodendrocyte"
5.75705229169287e-42,0.776477581564553,0.321,0.193,1.71381689671405e-37,"KCNK1","AD_vs_Ctrl","Oligodendrocyte"
5.80259934217808e-42,1.21649339047437,0.2,0.096,1.72737579817299e-37,"PIM3","AD_vs_Ctrl","Oligodendrocyte"
7.85694619071811e-42,-0.969296479003757,0.169,0.279,2.33893431151488e-37,"SLC26A3","AD_vs_Ctrl","Oligodendrocyte"
8.08734870307753e-42,1.0657459807615,0.237,0.128,2.40752283541915e-37,"AHSA1","AD_vs_Ctrl","Oligodendrocyte"
1.46124900773041e-41,0.550963823600175,0.512,0.397,4.34999217111265e-37,"CTNNA2","AD_vs_Ctrl","Oligodendrocyte"
1.65816376396523e-41,1.15411258812749,0.216,0.11,4.9361877089481e-37,"ETV5","AD_vs_Ctrl","Oligodendrocyte"
1.79164253230921e-40,0.640359177369265,0.398,0.267,5.33354065443128e-36,"CLOCK","AD_vs_Ctrl","Oligodendrocyte"
2.06456093667064e-39,0.746074830707425,0.307,0.181,6.14599145237484e-35,"APOLD1","AD_vs_Ctrl","Oligodendrocyte"
2.77080703121002e-39,0.645781593814452,0.391,0.264,8.2484154512091e-35,"PLPP2","AD_vs_Ctrl","Oligodendrocyte"
3.60022743657758e-39,0.908599043344648,0.254,0.14,1.07175170559478e-34,"MAML3","AD_vs_Ctrl","Oligodendrocyte"
4.47119882417943e-39,0.915851682353561,0.253,0.144,1.33103117796998e-34,"TMC6","AD_vs_Ctrl","Oligodendrocyte"
6.65843307593956e-39,0.549413733518158,0.462,0.331,1.98214894237645e-34,"LINC01158","AD_vs_Ctrl","Oligodendrocyte"
6.9754560474752e-39,1.0362830526734,0.225,0.12,2.07652351077289e-34,"FKBP4","AD_vs_Ctrl","Oligodendrocyte"
2.53815966850201e-38,0.647383194302623,0.378,0.25,7.55584751716363e-34,"AL139383.1","AD_vs_Ctrl","Oligodendrocyte"
5.16628274606634e-38,-0.988660943354808,0.117,0.214,1.53795071067649e-33,"GFAP","AD_vs_Ctrl","Oligodendrocyte"
1.35684376268439e-37,-0.948839951586932,0.145,0.245,4.03918819713517e-33,"STAT2","AD_vs_Ctrl","Oligodendrocyte"
4.68041977983174e-37,0.676661363837794,0.36,0.241,1.39331416425811e-32,"HSPA8","AD_vs_Ctrl","Oligodendrocyte"
9.02861468198781e-37,0.866112985405004,0.262,0.153,2.68772830468095e-32,"PDE5A","AD_vs_Ctrl","Oligodendrocyte"
5.32122082121024e-36,-0.614237174578779,0.272,0.383,1.58407422626608e-31,"ASPA","AD_vs_Ctrl","Oligodendrocyte"
1.04156292765898e-35,1.06098183484865,0.201,0.105,3.10062867934801e-31,"ZBTB20-AS5","AD_vs_Ctrl","Oligodendrocyte"
1.70447298856704e-35,0.919636288557619,0.232,0.129,5.07404563966524e-31,"BAIAP2L2","AD_vs_Ctrl","Oligodendrocyte"
4.71605152423122e-35,-0.529416505230853,0.352,0.458,1.40392137824839e-30,"TXNIP","AD_vs_Ctrl","Oligodendrocyte"
7.54287674110997e-35,0.711009371384931,0.313,0.197,2.24543897706103e-30,"RELN","AD_vs_Ctrl","Oligodendrocyte"
9.37183264829597e-35,0.526048676046086,0.446,0.325,2.78990086107123e-30,"SEM1","AD_vs_Ctrl","Oligodendrocyte"
2.03359834439877e-34,0.549655383197101,0.454,0.344,6.0538189114407e-30,"SOD1","AD_vs_Ctrl","Oligodendrocyte"
4.77712058553901e-34,-0.605666260976181,0.283,0.385,1.42210102710911e-29,"PTN","AD_vs_Ctrl","Oligodendrocyte"
4.79197572179205e-34,0.531236984389337,0.443,0.321,1.42652325262027e-29,"ZNF365","AD_vs_Ctrl","Oligodendrocyte"
9.68857633346899e-34,0.69352147205653,0.312,0.2,2.88419228871038e-29,"TMEM258","AD_vs_Ctrl","Oligodendrocyte"
1.20076619484164e-33,0.555346261143891,0.403,0.276,3.57456088542407e-29,"IKZF2","AD_vs_Ctrl","Oligodendrocyte"
1.29191698009789e-33,0.697145432471501,0.313,0.202,3.8459076580534e-29,"AC011477.1","AD_vs_Ctrl","Oligodendrocyte"
1.45418984256535e-33,0.654675695707834,0.349,0.237,4.32897774233278e-29,"DNAJA1","AD_vs_Ctrl","Oligodendrocyte"
1.51022858325512e-33,0.885922789078148,0.23,0.13,4.49579946949217e-29,"AC093879.1","AD_vs_Ctrl","Oligodendrocyte"
1.971322684284e-33,0.830003059725204,0.25,0.147,5.86843049884505e-29,"PACRG-AS3","AD_vs_Ctrl","Oligodendrocyte"
2.22597588735335e-33,0.58625267537203,0.374,0.254,6.62650761906219e-29,"AC106869.1","AD_vs_Ctrl","Oligodendrocyte"
4.91393841183073e-33,0.921939441408373,0.222,0.126,1.46283032581789e-28,"AC010894.3","AD_vs_Ctrl","Oligodendrocyte"
5.55710135154785e-33,0.778451315434377,0.246,0.142,1.65429350134228e-28,"AC084032.1","AD_vs_Ctrl","Oligodendrocyte"
1.42991239541959e-32,0.916919241631043,0.217,0.12,4.25670620992457e-28,"FANCC","AD_vs_Ctrl","Oligodendrocyte"
2.01593983968557e-32,0.727558309364132,0.302,0.197,6.00125130875998e-28,"CCT3","AD_vs_Ctrl","Oligodendrocyte"
2.14499412072166e-32,0.545741344849494,0.405,0.283,6.38543299797631e-28,"GYPA","AD_vs_Ctrl","Oligodendrocyte"
3.95880366285597e-32,-0.631815244018431,0.256,0.359,1.17849626239559e-27,"FP236383.1","AD_vs_Ctrl","Oligodendrocyte"
4.02620767816823e-32,0.762952131485304,0.273,0.17,1.1985617637139e-27,"TATDN3","AD_vs_Ctrl","Oligodendrocyte"
4.5267427588072e-32,0.616783794979406,0.353,0.241,1.34756605186931e-27,"TTC1","AD_vs_Ctrl","Oligodendrocyte"
7.24551830246937e-32,0.584951078508133,0.363,0.25,2.15691834346211e-27,"RASSF2","AD_vs_Ctrl","Oligodendrocyte"
1.17300970435563e-31,-0.800111783480749,0.164,0.259,3.49193258889629e-27,"LGALS3BP","AD_vs_Ctrl","Oligodendrocyte"
2.11839612434752e-31,0.707988520465349,0.3,0.195,6.30625342257012e-27,"SLC5A11","AD_vs_Ctrl","Oligodendrocyte"
2.1201446442359e-31,0.562965716654706,0.39,0.279,6.31145859142586e-27,"YPEL3","AD_vs_Ctrl","Oligodendrocyte"
5.53322564963423e-31,0.584859385540977,0.357,0.243,1.64718594363961e-26,"SERPINI1","AD_vs_Ctrl","Oligodendrocyte"
1.93086607366546e-30,0.543555689890125,0.382,0.27,5.7479952146947e-26,"TEKT4P2","AD_vs_Ctrl","Oligodendrocyte"
2.79081011742926e-30,0.536264848125961,0.409,0.306,8.30796263857516e-26,"DNAJB6","AD_vs_Ctrl","Oligodendrocyte"
7.97035292346451e-30,0.797154166917918,0.228,0.132,2.37269436178615e-25,"SEMA6A-AS1","AD_vs_Ctrl","Oligodendrocyte"
9.66039048015463e-30,-0.583357119152272,0.248,0.352,2.87580164203723e-25,"NAV3","AD_vs_Ctrl","Oligodendrocyte"
2.1526909201065e-29,0.827886783404233,0.224,0.131,6.40834560006504e-25,"HTATIP2","AD_vs_Ctrl","Oligodendrocyte"
4.22830740590174e-29,0.693619339681473,0.278,0.176,1.25872483166289e-24,"FBXO32","AD_vs_Ctrl","Oligodendrocyte"
6.60095196409522e-29,0.599296952922194,0.346,0.243,1.96503739019151e-24,"RAB11A","AD_vs_Ctrl","Oligodendrocyte"
1.29980464472086e-28,0.733738309409029,0.255,0.159,3.86938844686952e-24,"AC125613.1","AD_vs_Ctrl","Oligodendrocyte"
2.33849695092749e-28,-0.541384425983248,0.306,0.398,6.96147157321603e-24,"PARD3B","AD_vs_Ctrl","Oligodendrocyte"
6.89886142343527e-28,0.542919547121507,0.36,0.251,2.05372205714245e-23,"BEX4","AD_vs_Ctrl","Oligodendrocyte"
7.16915528802505e-28,0.634873264417989,0.304,0.203,2.13418583769218e-23,"GPR75-ASB3","AD_vs_Ctrl","Oligodendrocyte"
8.99082422693765e-28,0.559241486070182,0.35,0.244,2.67647846411707e-23,"IQCK","AD_vs_Ctrl","Oligodendrocyte"
1.54562883092089e-27,0.612441280493297,0.309,0.209,4.6011824667684e-23,"PHGDH","AD_vs_Ctrl","Oligodendrocyte"
2.17471323347851e-27,0.539890019491184,0.364,0.259,6.47390382474218e-23,"ZNF397","AD_vs_Ctrl","Oligodendrocyte"
2.4057740285669e-27,0.574854694704299,0.334,0.229,7.1617487056408e-23,"LINC00862","AD_vs_Ctrl","Oligodendrocyte"
2.77249252529308e-27,-0.729081680509972,0.158,0.246,8.25343299854496e-23,"CMTM5","AD_vs_Ctrl","Oligodendrocyte"
3.12943224121826e-27,0.645962833745694,0.301,0.204,9.31600683888263e-23,"SNAP23","AD_vs_Ctrl","Oligodendrocyte"
4.90193539436433e-27,0.591989668017112,0.33,0.233,1.45925714754832e-22,"FSCN1","AD_vs_Ctrl","Oligodendrocyte"
6.20840248265723e-27,0.775255889371993,0.22,0.131,1.84817933506223e-22,"CNTN3","AD_vs_Ctrl","Oligodendrocyte"
7.09513194878778e-27,0.569331842861859,0.352,0.254,2.11214982983463e-22,"ADSS","AD_vs_Ctrl","Oligodendrocyte"
3.25077186072757e-26,-0.866401064324177,0.136,0.214,9.6772227521999e-22,"ETV6","AD_vs_Ctrl","Oligodendrocyte"
6.47131998439683e-26,0.749848434232312,0.228,0.14,1.92644724615509e-21,"BAHCC1","AD_vs_Ctrl","Oligodendrocyte"
9.2333531986125e-26,0.772738018144913,0.222,0.137,2.74867691369496e-21,"RAB9A","AD_vs_Ctrl","Oligodendrocyte"
3.58588340921945e-25,0.594076216696171,0.287,0.19,1.06748163209054e-20,"ABTB2","AD_vs_Ctrl","Oligodendrocyte"
5.05106253797293e-25,0.749829582380885,0.223,0.138,1.50365080692916e-20,"STIP1","AD_vs_Ctrl","Oligodendrocyte"
6.1973961681819e-25,0.54270582151863,0.335,0.237,1.84490286530607e-20,"OLMALINC","AD_vs_Ctrl","Oligodendrocyte"
6.21444426605384e-25,-0.543494416639048,0.247,0.34,1.84997791356157e-20,"GRAMD2B","AD_vs_Ctrl","Oligodendrocyte"
1.79619548305629e-24,0.773162540264234,0.218,0.136,5.34709433351027e-20,"AL449266.1","AD_vs_Ctrl","Oligodendrocyte"
3.56142425678481e-24,0.581463464221566,0.31,0.219,1.06020038700227e-19,"KIAA0556","AD_vs_Ctrl","Oligodendrocyte"
6.31672817334056e-24,0.541139494366293,0.338,0.249,1.88042680992175e-19,"CLCN4","AD_vs_Ctrl","Oligodendrocyte"
1.13661607621238e-23,0.599478032033736,0.285,0.194,3.38359239727662e-19,"FAM19A5","AD_vs_Ctrl","Oligodendrocyte"
1.26886759309918e-23,-0.520792598645137,0.271,0.36,3.77729193789693e-19,"PPDPF","AD_vs_Ctrl","Oligodendrocyte"
2.13478331336231e-23,0.503589507835263,0.344,0.245,6.35503644554827e-19,"NDUFAF6","AD_vs_Ctrl","Oligodendrocyte"
2.17906163079722e-23,0.65290052353373,0.268,0.183,6.48684856872024e-19,"KLHL28","AD_vs_Ctrl","Oligodendrocyte"
3.65870289588374e-23,0.744668430330773,0.208,0.128,1.08915926507563e-18,"KRT10","AD_vs_Ctrl","Oligodendrocyte"
7.54803986023625e-23,0.566213243720793,0.294,0.204,2.24697598599373e-18,"METTL7A","AD_vs_Ctrl","Oligodendrocyte"
7.74903458349328e-23,0.583835503506045,0.31,0.219,2.30681010516011e-18,"CD63","AD_vs_Ctrl","Oligodendrocyte"
2.32486152109496e-22,-0.541879550759416,0.246,0.329,6.92088026214757e-18,"CD55","AD_vs_Ctrl","Oligodendrocyte"
2.19886050423517e-21,0.633530325713422,0.246,0.165,6.54578783505767e-17,"SSNA1","AD_vs_Ctrl","Oligodendrocyte"
1.45747801918578e-20,-0.540839002700224,0.263,0.338,4.33876631531416e-16,"LRRTM4","AD_vs_Ctrl","Oligodendrocyte"
1.90730040656607e-20,0.598330688356226,0.26,0.179,5.67784258030654e-16,"HSPH1","AD_vs_Ctrl","Oligodendrocyte"
2.08268924550072e-20,0.532779262037456,0.295,0.212,6.19995761493108e-16,"PPP2R3C","AD_vs_Ctrl","Oligodendrocyte"
5.13289191228353e-20,-0.598964193928778,0.219,0.291,1.52801059336768e-15,"HIST1H4C","AD_vs_Ctrl","Oligodendrocyte"
5.48677835189921e-20,0.509508597537172,0.311,0.23,1.63335904757688e-15,"KIAA1147","AD_vs_Ctrl","Oligodendrocyte"
1.00593292655447e-19,0.507440965338511,0.318,0.237,2.99456172905999e-15,"CDKL1","AD_vs_Ctrl","Oligodendrocyte"
1.84319933255021e-19,0.701221860735751,0.203,0.132,5.48702009306873e-15,"CCT5","AD_vs_Ctrl","Oligodendrocyte"
6.9644715003112e-19,-0.629541231001014,0.169,0.239,2.07325352092764e-14,"LDB3","AD_vs_Ctrl","Oligodendrocyte"
6.99452016254485e-19,0.62893534791676,0.221,0.147,2.08219870718798e-14,"AC069228.1","AD_vs_Ctrl","Oligodendrocyte"
8.46160911358777e-19,0.633763624718633,0.238,0.166,2.51893641702394e-14,"HSPD1","AD_vs_Ctrl","Oligodendrocyte"
9.07266754994858e-19,0.591672371209541,0.235,0.16,2.70084240294419e-14,"LRRC63","AD_vs_Ctrl","Oligodendrocyte"
1.11528904980916e-18,-0.62625595063262,0.156,0.226,3.32010397237689e-14,"ATP6V0E2","AD_vs_Ctrl","Oligodendrocyte"
1.77740127056193e-18,0.631786303042396,0.223,0.151,5.29114584233582e-14,"ITGAV","AD_vs_Ctrl","Oligodendrocyte"
2.48061628731007e-18,0.597667915441463,0.24,0.167,7.38454662569335e-14,"ZDHHC2","AD_vs_Ctrl","Oligodendrocyte"
6.0595064668352e-18,0.521214246580606,0.269,0.193,1.80385448011217e-13,"PHLDA3","AD_vs_Ctrl","Oligodendrocyte"
9.3580330017847e-18,0.6067026698153,0.224,0.154,2.78579284430129e-13,"NACC2","AD_vs_Ctrl","Oligodendrocyte"
1.07641170130042e-17,0.556320833509133,0.235,0.161,3.20436999360123e-13,"KIF19","AD_vs_Ctrl","Oligodendrocyte"
1.43758667474627e-17,0.587504191565004,0.226,0.155,4.27955177205218e-13,"ZNF281","AD_vs_Ctrl","Oligodendrocyte"
2.23182853679154e-17,-0.52038072916588,0.211,0.282,6.64393037117473e-13,"TP53TG5","AD_vs_Ctrl","Oligodendrocyte"
2.38419737899732e-17,-0.556124222194701,0.174,0.244,7.09751717753713e-13,"SPARC","AD_vs_Ctrl","Oligodendrocyte"
4.49890564977445e-17,0.620939012928715,0.211,0.143,1.33927922288136e-12,"PTCH1","AD_vs_Ctrl","Oligodendrocyte"
8.01745127978599e-17,0.558686668841176,0.237,0.165,2.38671507147949e-12,"MCF2L2","AD_vs_Ctrl","Oligodendrocyte"
1.0236944697375e-16,0.596506991690949,0.225,0.156,3.04743606696156e-12,"SORCS2","AD_vs_Ctrl","Oligodendrocyte"
1.36810136087136e-16,0.511067422215691,0.27,0.198,4.07270094117794e-12,"SRSF3","AD_vs_Ctrl","Oligodendrocyte"
2.02540967382791e-16,0.568913597832613,0.211,0.143,6.02944205801832e-12,"TRMT10B","AD_vs_Ctrl","Oligodendrocyte"
2.14477525513928e-16,0.530355678560174,0.234,0.162,6.38478145702413e-12,"AL034405.1","AD_vs_Ctrl","Oligodendrocyte"
2.30381243491685e-16,0.625651035207816,0.204,0.139,6.85821923750396e-12,"UTP23","AD_vs_Ctrl","Oligodendrocyte"
3.40481933445504e-16,0.54192564424024,0.259,0.192,1.01358066767392e-11,"ZNF800","AD_vs_Ctrl","Oligodendrocyte"
3.76174418712468e-16,0.638597515364337,0.201,0.138,1.11983362706515e-11,"SAT2","AD_vs_Ctrl","Oligodendrocyte"
5.22529991216692e-16,-0.560315139981375,0.148,0.213,1.55551953085297e-11,"GRIA3","AD_vs_Ctrl","Oligodendrocyte"
5.26839783109834e-16,0.524804441971934,0.248,0.181,1.56834935033966e-11,"TPRN","AD_vs_Ctrl","Oligodendrocyte"
5.5625301659052e-16,0.556605645961469,0.2,0.133,1.65590960508832e-11,"H2AFZ","AD_vs_Ctrl","Oligodendrocyte"
7.82345239622403e-16,0.577251746923724,0.218,0.153,2.32896354383193e-11,"ATG4B","AD_vs_Ctrl","Oligodendrocyte"
9.46109039705463e-16,0.60497300032544,0.207,0.144,2.81647200029919e-11,"THBS2","AD_vs_Ctrl","Oligodendrocyte"
1.18038562374535e-15,0.548975475740479,0.232,0.165,3.51388996332752e-11,"PTP4A2","AD_vs_Ctrl","Oligodendrocyte"
1.34567038514682e-15,0.500618968140287,0.254,0.184,4.00592616954358e-11,"DPH6-AS1","AD_vs_Ctrl","Oligodendrocyte"
2.45909783361336e-15,0.621192511936149,0.205,0.143,7.3204883408836e-11,"FAM221A","AD_vs_Ctrl","Oligodendrocyte"
3.41849600646566e-15,0.55001946736268,0.223,0.158,1.01765207616476e-10,"TAF7","AD_vs_Ctrl","Oligodendrocyte"
3.48046187063977e-15,0.507019742268376,0.242,0.175,1.03609869427075e-10,"RPS27L","AD_vs_Ctrl","Oligodendrocyte"
3.53641225179895e-15,0.577133120301052,0.207,0.143,1.05275456323803e-10,"CD59","AD_vs_Ctrl","Oligodendrocyte"
4.40008319199703e-15,-0.520467487532967,0.148,0.212,1.3098607654256e-10,"PARD3","AD_vs_Ctrl","Oligodendrocyte"
2.1030081322212e-14,-0.508065489366027,0.187,0.249,6.2604449088093e-10,"FRY","AD_vs_Ctrl","Oligodendrocyte"
3.74313815975387e-14,-0.558880676206219,0.16,0.218,1.11429479877713e-09,"CENPP","AD_vs_Ctrl","Oligodendrocyte"
6.30404803350822e-14,0.52568130114875,0.216,0.155,1.87665205909506e-09,"TRIR","AD_vs_Ctrl","Oligodendrocyte"
1.78330056782918e-13,0.502600067197472,0.225,0.163,5.3087074603707e-09,"HSPA4","AD_vs_Ctrl","Oligodendrocyte"
1.97177339399893e-13,0.541025904617252,0.205,0.146,5.86977221659542e-09,"DDX18","AD_vs_Ctrl","Oligodendrocyte"
4.08444221276476e-13,0.52038516231531,0.231,0.172,1.21589760231794e-08,"FAM133B","AD_vs_Ctrl","Oligodendrocyte"
1.9163233941217e-12,0.517286831013365,0.214,0.157,5.70470311196087e-08,"PLEKHH2","AD_vs_Ctrl","Oligodendrocyte"
2.35318794575351e-12,0.502809418256948,0.209,0.151,7.00520519571364e-08,"CHST3","AD_vs_Ctrl","Oligodendrocyte"
6.6577231271228e-12,0.51747816816083,0.203,0.149,1.98193759771319e-07,"PSRC1","AD_vs_Ctrl","Oligodendrocyte"
7.23711725155485e-11,-0.512538272381257,0.165,0.215,2.15441743461536e-06,"RBFOX1","AD_vs_Ctrl","Oligodendrocyte"
5.80934202831927e-10,-0.502119406002971,0.197,0.239,1.72938302841036e-05,"PCP4","AD_vs_Ctrl","Oligodendrocyte"
