"ID","Description","GeneRatio","BgRatio","RichFactor","FoldEnrichment","zScore","pvalue","p.adjust","qvalue","geneID","Count","celltype","contrast","direction"
"GO:0071276","cellular response to cadmium ion","9/779","12/8692",0.75,8.36842105263158,8.01379476925872,6.13136012136391e-08,0.000271373998971567,0.000271373998971567,"MT1E/SUMO1/MT1G/MT1M/MT1F/MT3/MT2A/SOD1/MT1H",9,"Astrocyte","AD_vs_Ctrl","Up"
"GO:0046686","response to cadmium ion","12/779","23/8692",0.521739130434783,5.82151029748284,7.26432951914379,1.32067107744592e-07,0.000292264509438783,0.000292264509438783,"NPC1/MT1E/SUMO1/MT1G/MT1M/SLC30A1/MT1F/GCLC/MT3/MT2A/SOD1/MT1H",12,"Astrocyte","AD_vs_Ctrl","Up"
"GO:0042775","mitochondrial ATP synthesis coupled electron transport","20/779","69/8692",0.289855072463768,3.23417238749047,5.84581481069677,1.47178042451409e-06,0.00162852503972484,0.00162852503972484,"COX7C/NDUFB1/COX7B/UQCRQ/NDUFB7/NDUFA6/COX6C/COX6B1/NDUFB3/NDUFC1/COX4I1/UQCRH/NDUFB2/NDUFA8/NDUFS6/NDUFA12/NDUFB4/NDUFA1/NDUFB10/UQCRB",20,"Astrocyte","AD_vs_Ctrl","Up"
"GO:0097501","stress response to metal ion","8/779","13/8692",0.615384615384615,6.8663967611336,6.64111934908858,3.43965080101913e-06,0.00239118311291066,0.00239118311291066,"MT1E/MT1G/MT1M/SLC30A1/MT1F/MT3/MT2A/MT1H",8,"Astrocyte","AD_vs_Ctrl","Up"
"GO:0071294","cellular response to zinc ion","8/779","14/8692",0.571428571428571,6.37593984962406,6.31599266117131,7.39562266678657e-06,0.00409162824039967,0.00409162824039967,"MT1E/MT1G/HVCN1/MT1M/MT1F/MT3/MT2A/MT1H",8,"Astrocyte","AD_vs_Ctrl","Up"
"GO:0014902","myotube differentiation","20/779","78/8692",0.256410256410256,2.86099865047233,5.17993066674986,1.1590586929427e-05,0.00512999377496438,0.00512999377496438,"RPL35A/RPL23/MEF2C/ADAM12/DOCK5/RPL37A/RPL11/CAPN2/RPL32/RPL24/RIPOR2/SORT1/RPL30/NACA/RPL23A/COL6A1/RPL38/RPL10/RPLP2/RPLP1",20,"Astrocyte","AD_vs_Ctrl","Up"
"GO:0007520","myoblast fusion","16/779","55/8692",0.290909090909091,3.24593301435407,5.2423945690576,1.56527091936737e-05,0.00585920243838058,0.00585920243838058,"RPL35A/RPL23/ADAM12/DOCK5/RPL37A/RPL11/CAPN2/RPL32/RPL24/RIPOR2/RPL30/RPL23A/RPL38/RPL10/RPLP2/RPLP1",16,"Astrocyte","AD_vs_Ctrl","Up"
"GO:0006457","protein folding","29/779","141/8692",0.205673758865248,2.29488615154909,4.8636880292604,1.58857725396672e-05,0.00585920243838058,0.00585920243838058,"HSPA8/PPID/DNAJB6/PDIA6/PFDN2/HSPA1B/HSP90B1/TTC1/PFDN5/HSPB1/HSPA1A/NKTR/HSPH1/CRYAB/CCT5/FKBP5/PPIB/PTGES3/CWC27/RIC3/AHSA1/ERO1B/CHORDC1/CCT3/CMC1/HSP90AA1/DNAJA1/FKBP4/HSPA5",29,"Astrocyte","AD_vs_Ctrl","Up"
"GO:0061687","detoxification of inorganic compound","8/779","16/8692",0.5,5.57894736842105,5.7517353138064,2.69204592669882e-05,0.00916538097812998,0.00916538097812998,"MT1E/MT1G/MT1M/SLC30A1/MT1F/MT3/MT2A/MT1H",8,"Astrocyte","AD_vs_Ctrl","Up"
"GO:1902600","proton transmembrane transport","24/779","111/8692",0.216216216216216,2.41251778093883,4.69915188924648,3.60887890883898e-05,0.0106485987003476,0.0106485987003476,"NDUFB1/COX7B/ATP6V0E1/HVCN1/NDUFB7/SLC7A11/SLC15A2/NDUFA6/COX6B1/SPHK2/SLC17A5/NDUFB3/NDUFC1/COX4I1/UQCRH/NDUFB2/NDUFA8/SLC25A27/NDUFS6/NDUFA12/NDUFB4/NDUFA1/NDUFB10/SLC25A18",24,"Astrocyte","AD_vs_Ctrl","Up"
"GO:0140253","cell-cell fusion","16/779","62/8692",0.258064516129032,2.87945670628183,4.65967679245711,7.91327870735168e-05,0.0184337745045992,0.0184337745045992,"RPL35A/RPL23/ADAM12/DOCK5/RPL37A/RPL11/CAPN2/RPL32/RPL24/RIPOR2/RPL30/RPL23A/RPL38/RPL10/RPLP2/RPLP1",16,"Astrocyte","AD_vs_Ctrl","Up"
"GO:0071280","cellular response to copper ion","7/779","14/8692",0.5,5.57894736842105,5.37963570720745,8.84315541243596e-05,0.0195699029277208,0.0195699029277208,"MT1E/MT1G/MT1M/MT1F/MT3/MT2A/MT1H",7,"Astrocyte","AD_vs_Ctrl","Up"
"GO:0010043","response to zinc ion","9/779","24/8692",0.375,4.18421052631579,4.90095781305138,0.000135293070733524,0.024950297127774,0.024950297127774,"MT1E/MT1G/HVCN1/MT1M/SLC30A1/MT1F/MT3/MT2A/MT1H",9,"Astrocyte","AD_vs_Ctrl","Up"
"GO:0006936","muscle contraction","34/779","199/8692",0.170854271356784,1.90637397513885,4.05822782414552,0.000167883885123674,0.0297221630222952,0.0297221630222952,"RPL35A/RPL23/PPP1R12B/SUMO1/SLMAP/DOCK5/MYL6B/MYL6/CKMT2/DLG1/RPL37A/RPL11/RPL32/CALD1/SMTN/RPL24/KCNE4/CRYAB/RYR3/CACNA2D3/RPL30/RPL23A/TRDN/SYNM/NEDD4L/PIK3C2A/ADRA1A/RPL38/SOD1/RPL10/RPLP2/HSP90AA1/RPLP1/TPM1",34,"Astrocyte","AD_vs_Ctrl","Up"
"GO:0042776","proton motive force-driven mitochondrial ATP synthesis","12/779","42/8692",0.285714285714286,3.18796992481203,4.45954920797245,0.00021805215119458,0.0358446759417996,0.0358446759417996,"NDUFB1/NDUFB7/NDUFA6/NDUFB3/NDUFC1/NDUFB2/NDUFA8/NDUFS6/NDUFA12/NDUFB4/NDUFA1/NDUFB10",12,"Astrocyte","AD_vs_Ctrl","Up"
"GO:0031647","regulation of protein stability","40/779","251/8692",0.159362549800797,1.77815055567205,3.92497200484714,0.000218663861371123,0.0358446759417996,0.0358446759417996,"HSPA8/AAK1/RPL23/SIAH1/SUMO1/C10orf90/PFDN2/TOMM7/RUVBL1/HSPA1B/ATP1B3/SERF2/SUGT1/PFDN5/HSPB1/HSPA1A/ZSWIM7/HDAC3/EGLN3/CRYAB/CREBBP/CCT5/NAA16/PPIB/PEX6/PTGES3/SPAG1/AHSA1/NEDD4L/PLPP3/HIP1R/SREBF1/ATM/CCT3/PPARGC1A/CUL3/MT3/HSP90AA1/KAT2A/PTEN",40,"Astrocyte","AD_vs_Ctrl","Up"
"GO:0009408","response to heat","15/779","61/8692",0.245901639344262,2.74374460742019,4.28795538197,0.000235615554424431,0.0372080584384022,0.0372080584384021,"DNAJB6/SUMO1/HSPA1B/HIKESHI/HSPB1/HSPA1A/HSBP1L1/CRYAB/CREBBP/CHORDC1/ATM/GCLC/SOD1/HSP90AA1/DNAJA1",15,"Astrocyte","AD_vs_Ctrl","Up"
"GO:0006656","phosphatidylcholine biosynthetic process","7/779","16/8692",0.4375,4.88157894736842,4.8757526367037,0.000251115403522018,0.0372080584384022,0.0372080584384021,"ABHD3/CAPN2/SLC44A1/CHPT1/CDS1/CHKA/ACSL3",7,"Astrocyte","AD_vs_Ctrl","Up"
"GO:0006882","intracellular zinc ion homeostasis","8/779","21/8692",0.380952380952381,4.25062656641604,4.67923821893773,0.000283446444228332,0.0392041863173311,0.0392041863173311,"MT1E/MT1G/MT1M/SLC30A1/MT1F/MT3/MT2A/MT1H",8,"Astrocyte","AD_vs_Ctrl","Up"
"GO:0006959","humoral immune response","14/283","58/8692",0.241379310344828,7.41367125624467,8.99022553244042,3.05855006404592e-09,1.35371425834673e-05,1.35371425834673e-05,"HLA-E/SERPING1/CXCL14/GAPDH/HMGN2/C1S/C1R/LGALS3/CD81/RPS19/C1RL/B2M/C3/HLA-A",14,"Astrocyte","AD_vs_Ctrl","Down"
"GO:2001234","negative regulation of apoptotic signaling pathway","18/283","114/8692",0.157894736842105,4.84954435558862,7.58970069025417,2.36061638570427e-08,3.48269604104237e-05,3.48269604104237e-05,"CD44/NRP1/TMBIM6/IFI6/ITGA6/FGF2/MCL1/PEA15/LGALS3/SOD2/GNAI2/CD74/YBX3/PTTG1IP/ENO1/TMBIM1/GRINA/GSTP1",18,"Astrocyte","AD_vs_Ctrl","Down"
"GO:0034097","response to cytokine","37/283","444/8692",0.0833333333333333,2.55948174322733,6.18804367485022,1.06061715616567e-07,9.99420953173688e-05,9.99420953173688e-05,"CD44/DAB2IP/PARP14/TUBA1A/STAT1/TNFRSF1A/IFIT3/MX1/CHI3L1/PLSCR1/GAPDH/ZFP36/EZR/MCL1/PARP9/SIRPA/ISG15/TIMP3/AKAP12/CD47/F3/OSMR/FAS/PML/CD74/IFITM3/ZFP36L2/YBX3/SOX9/BST2/SOCS3/DPYSL3/CD38/IFIT1/GSTP1/IFI16/IL33",37,"Astrocyte","AD_vs_Ctrl","Down"
"GO:1901652","response to peptide","37/283","449/8692",0.0824053452115813,2.53097971936065,6.11090981973127,1.41273164660162e-07,9.99420953173688e-05,9.99420953173688e-05,"CD44/DAB2IP/PARP14/TUBA1A/STAT1/TNFRSF1A/IFIT3/MX1/CHI3L1/PLSCR1/GAPDH/ZFP36/EZR/MCL1/PARP9/SIRPA/ISG15/TIMP3/AKAP12/CD47/F3/OSMR/FAS/PML/CD74/IFITM3/ZFP36L2/YBX3/SOX9/BST2/SOCS3/DPYSL3/CD38/IFIT1/GSTP1/IFI16/IL33",37,"Astrocyte","AD_vs_Ctrl","Down"
"GO:0009611","response to wounding","27/283","267/8692",0.101123595505618,3.10588795807361,6.41153258203498,1.42681075068926e-07,9.99420953173688e-05,9.99420953173688e-05,"CD44/NRP1/SERPINE2/SERPING1/PLEC/ACTG1/FGF2/PLSCR1/ZFP36/ACTB/ANGPTL4/RHOC/RASA3/F3/SMAD3/PROS1/ADGRG1/ZFP36L2/ARHGAP24/MYH9/PTN/ERBB2/DPYSL3/ITGB4/DDR1/IL33/SYT11",27,"Astrocyte","AD_vs_Ctrl","Down"
"GO:0070371","ERK1 and ERK2 cascade","19/283","149/8692",0.12751677852349,3.91652239903242,6.58732610509163,3.21037611514046e-07,0.000157879163173463,0.000157879163173463,"CD44/NRP1/DAB2IP/NDRG4/FGF2/CHI3L1/EZR/NAMPT/SIRPA/AKAP12/MFHAS1/GNAI2/CD74/ZFP36L2/FGFR2/SOX9/ERBB2/FGFR3/GSTP1",19,"Astrocyte","AD_vs_Ctrl","Down"
"GO:0019730","antimicrobial humoral response","8/283","24/8692",0.333333333333333,10.2379269729093,8.31336044554585,5.34496683937043e-07,0.000236568232310535,0.000236568232310535,"HLA-E/CXCL14/GAPDH/HMGN2/LGALS3/RPS19/B2M/HLA-A",8,"Astrocyte","AD_vs_Ctrl","Down"
"GO:0070482","response to oxygen levels","21/283","191/8692",0.109947643979058,3.37690784970307,6.09326318502008,9.46662189143489e-07,0.000380902440831735,0.000380902440831735,"MT-ND1/MT-CO2/CHCHD2/TMBIM6/MT-ND2/MT-CYB/ANGPTL4/MT-ND4/SMAD3/AQP1/SOD2/FAS/PML/NDRG1/MT-ATP6/FGFR2/CD38/MT-ND5/ENO1/MT-CO1/EPAS1",21,"Astrocyte","AD_vs_Ctrl","Down"
"GO:0042063","gliogenesis","18/283","146/8692",0.123287671232877,3.78663052422673,6.22917153141465,1.09444862575569e-06,0.000403669134799558,0.000403669134799558,"SERPINE2/GFAP/DAB2IP/PLEC/TUBA1A/TNFRSF1A/LGI4/GPC1/ADGRG1/METRN/ATP1B2/NDRG1/SOX9/PTN/ERBB2/EEF2/GSTP1/IL33",18,"Astrocyte","AD_vs_Ctrl","Down"
"GO:0009617","response to bacterium","23/283","234/8692",0.0982905982905983,3.01887590226813,5.74301074744364,2.05516464976758e-06,0.000606410582658089,0.000606410582658089,"HLA-E/DAB2IP/TRIM5/TNFRSF1A/ZFP36/CASP7/SIRPA/ISG15/AKAP12/COLEC12/HMGB2/SMAD3/AQP1/VIM/RPS19/SOD2/B2M/FGFR2/NOD1/HLA-A/GSTP1/IL33/SYT11",23,"Astrocyte","AD_vs_Ctrl","Down"
"GO:0048525","negative regulation of viral process","9/283","40/8692",0.225,6.91060070671378,6.87320469596887,4.075416887915e-06,0.00100209973032843,0.00100209973032843,"STAT1/MX1/PLSCR1/ZFP36/ISG15/IFITM3/BST2/IFIT1/IFI16",9,"Astrocyte","AD_vs_Ctrl","Down"
"GO:0001525","angiogenesis","25/283","281/8692",0.0889679715302491,2.73254278636369,5.41588243773661,4.50885597825846e-06,0.00105032613472484,0.00105032613472484,"NRP1/GLUL/DAB2IP/ACTG1/STAT1/FGF2/CHI3L1/BSG/ANGPTL4/CD47/PKM/F3/AQP1/GADD45A/ADGRG1/NCL/GNAI2/PML/ARHGAP24/C3/MYH9/FGFR2/IGFBP7/ERBB2/EPAS1",25,"Astrocyte","AD_vs_Ctrl","Down"
"GO:0043066","negative regulation of apoptotic process","32/283","419/8692",0.0763723150357995,2.34568255226562,5.17933541939161,5.46163228696265e-06,0.00120865922510483,0.00120865922510483,"CD44/NRP1/ARHGDIA/TMBIM6/IFI6/ITGA6/IFIT3/FGF2/MCL1/PEA15/ANGPTL4/LGALS3/SMAD3/AQP1/SOD2/GNAI2/FAS/RETREG1/CD74/YBX3/PTTG1IP/FGFR2/SOX9/SOCS3/ERBB2/FSTL1/CD38/ENO1/TMBIM1/GRINA/PRNP/GSTP1",32,"Astrocyte","AD_vs_Ctrl","Down"
"GO:0022904","respiratory electron transport chain","12/283","79/8692",0.151898734177215,4.66538444335108,6.00360030238228,8.19481725480423e-06,0.00164864823498925,0.00164864823498925,"MT-ND1/MT-CO2/CHCHD2/PLEC/MT-ND2/MT-ND3/MT-CYB/MT-ND4/MT-CO3/MT-ND4L/MT-ND5/MT-CO1",12,"Astrocyte","AD_vs_Ctrl","Down"
"GO:0071345","cellular response to cytokine stimulus","30/283","393/8692",0.0763358778625954,2.34456342891053,5.00403805730456,1.10597487154196e-05,0.00212337330292789,0.00212337330292789,"CD44/DAB2IP/PARP14/STAT1/TNFRSF1A/IFIT3/MX1/CHI3L1/GAPDH/ZFP36/EZR/PARP9/SIRPA/ISG15/AKAP12/CD47/F3/OSMR/FAS/CD74/IFITM3/ZFP36L2/YBX3/SOX9/SOCS3/DPYSL3/IFIT1/GSTP1/IFI16/IL33",30,"Astrocyte","AD_vs_Ctrl","Down"
"GO:0031347","regulation of defense response","32/283","438/8692",0.0730593607305936,2.24392919954177,4.90068063857442,1.36461054854207e-05,0.00212337330292789,0.00212337330292789,"HLA-E/LAMP1/DAB2IP/PARP14/SERPING1/STAT1/TRIM5/TNFRSF1A/PLSCR1/PARP9/SIRPA/ISG15/HLA-C/CD47/HMGB2/MFHAS1/CD81/SMAD3/OSMR/RPS19/B2M/PML/C3/ALPK1/TRIM22/NOD1/HLA-A/GSTP1/AGT/IFI16/IL33/SYT11",32,"Astrocyte","AD_vs_Ctrl","Down"
"GO:0060429","epithelium development","29/283","391/8692",0.0741687979539642,2.27800421136345,4.74363618435221,2.68510107370868e-05,0.00335626991264957,0.00335626991264957,"CD44/NRP1/TXNIP/PLEC/ACTG1/STAT1/TNFRSF1A/NDRG4/CBR1/FGF2/CLIC4/ZFP36/EZR/CNN3/BSG/ACTB/RHOC/LGALS3/SMAD3/AQP1/TUBB/ARHGAP24/FGFR2/SOX9/FSTL1/PSAP/DDR1/GSTM3/AGT",29,"Astrocyte","AD_vs_Ctrl","Down"
"GO:0051607","defense response to virus","17/283","168/8692",0.101190476190476,3.10794211677604,5.06113029434648,3.14558490318584e-05,0.00366377862671066,0.00366377862671066,"IFI6/STAT1/TRIM5/IFIT3/MX1/PLSCR1/PARP9/ISG15/PML/IFITM3/IFI44L/BST2/TRIM22/RPSA/MAP3K14/IFIT1/IFI16",17,"Astrocyte","AD_vs_Ctrl","Down"
"GO:0002831","regulation of response to biotic stimulus","25/283","316/8692",0.0791139240506329,2.42988773091202,4.74988465208536,3.43213128839207e-05,0.00387171874436784,0.00387171874436784,"HLA-E/LAMP1/DAB2IP/PARP14/SERPING1/STAT1/TRIM5/PLSCR1/PARP9/SIRPA/ISG15/HLA-C/HMGB2/MFHAS1/SMAD3/RPS19/B2M/PML/C3/ALPK1/TRIM22/NOD1/HLA-A/IFI16/SYT11",25,"Astrocyte","AD_vs_Ctrl","Down"
"GO:0051129","negative regulation of cellular component organization","32/283","469/8692",0.0682302771855011,2.09560978549956,4.47489753323578,5.29656452352261e-05,0.00549508535671772,0.00549508535671772,"FEZ2/IFI6/LMOD1/TNFRSF1A/RPL7A/PMP22/CST3/PLSCR1/RPL28/GAPDH/SIRPA/TIMP3/LIMK2/ANGPTL4/CD47/RPL15/LGALS3/RPL13/MTPN/B2M/PML/APC2/ARHGAP24/SOX9/FAM107A/RPL18/DPYSL3/CD38/PRNP/IFI16/TERF2IP/SYT11",32,"Astrocyte","AD_vs_Ctrl","Down"
"GO:0071385","cellular response to glucocorticoid stimulus","6/283","22/8692",0.272727272727273,8.37648570510761,6.3548779391087,5.42679869759749e-05,0.00549508535671772,0.00549508535671772,"MT-ND3/ZFP36/AQP1/ZFP36L2/FAM107A/GSTP1",6,"Astrocyte","AD_vs_Ctrl","Down"
"GO:0045471","response to ethanol","10/283","68/8692",0.147058823529412,4.51673248804822,5.34066494201663,6.24433934895124e-05,0.00614165465743515,0.00614165465743515,"MT-CO2/GFAP/FGF2/MT-CYB/MT-ND4/SOD2/ADCYAP1R1/FGFR2/EEF2/GSTP1",10,"Astrocyte","AD_vs_Ctrl","Down"
"GO:0006692","prostanoid metabolic process","6/283","23/8692",0.260869565217391,8.01229067445076,6.17725092717803,7.14308498734378e-05,0.00687289003347469,0.00687289003347469,"FABP5/TNFRSF1A/CBR1/PNPLA8/CD74/GSTP1",6,"Astrocyte","AD_vs_Ctrl","Down"
"GO:2000379","positive regulation of reactive oxygen species metabolic process","8/283","44/8692",0.181818181818182,5.58432380340508,5.59241896358518,7.30699579029978e-05,0.00688101348252486,0.00688101348252486,"CBR1/SIRPA/GADD45A/SOD2/GNAI2/FAS/GSTP1/AGT",8,"Astrocyte","AD_vs_Ctrl","Down"
"GO:0040007","growth","27/283","373/8692",0.0723860589812333,2.22324955711971,4.42985833034128,7.82359174648279e-05,0.00704208605658235,0.00704208605658236,"NRP1/CPNE8/PLEC/TSC22D4/NDRG4/CCDC85B/FGF2/EZR/BSG/CD81/SMAD3/VIM/MTPN/PML/FGFR2/SOX9/PTN/BST2/IGFBP7/FAM107A/ERBB2/CD38/PSAP/ENO1/FGFR3/PPP2R1A/AGT",27,"Astrocyte","AD_vs_Ctrl","Down"
"GO:0006026","aminoglycan catabolic process","5/283","15/8692",0.333333333333333,10.2379269729093,6.56887914970282,8.10854613985821e-05,0.00704208605658235,0.00704208605658236,"CD44/IDS/FGF2/CHI3L2/CHI3L1",5,"Astrocyte","AD_vs_Ctrl","Down"
"GO:0019883","antigen processing and presentation of endogenous antigen","5/283","15/8692",0.333333333333333,10.2379269729093,6.56887914970282,8.10854613985821e-05,0.00704208605658235,0.00704208605658236,"HLA-E/HLA-C/B2M/CD74/HLA-A",5,"Astrocyte","AD_vs_Ctrl","Down"
"GO:0002455","humoral immune response mediated by circulating immunoglobulin","5/283","16/8692",0.3125,9.59805653710247,6.31475394164813,0.000114819377423078,0.00933592871466575,0.00933592871466575,"C1S/C1R/CD81/C1RL/C3",5,"Astrocyte","AD_vs_Ctrl","Down"
"GO:0001817","regulation of cytokine production","28/283","405/8692",0.0691358024691358,2.12342189067749,4.24744379621406,0.000127306598520451,0.00988210961679729,0.00988210961679729,"HLA-E/STAT1/CHI3L1/GAPDH/ZFP36/BSG/SIRPA/ISG15/AKAP12/CD47/PLAGL1/HMGB2/CD81/F3/SMAD3/B2M/PML/CD74/C3/BST2/NOD1/HLA-A/PRNP/GSTP1/AGT/IFI16/IL33/SYT11",28,"Astrocyte","AD_vs_Ctrl","Down"
"GO:0007422","peripheral nervous system development","7/283","36/8692",0.194444444444444,5.97212406753043,5.48391228790621,0.000133513253176378,0.00988210961679729,0.00988210961679729,"PLEC/PMP22/LGI4/GPC1/NDRG1/ERBB2/GSTM3",7,"Astrocyte","AD_vs_Ctrl","Down"
"GO:0001816","cytokine production","28/283","410/8692",0.0682926829268293,2.09752650176678,4.17633422872411,0.000156776690286554,0.0109881026268014,0.0109881026268014,"HLA-E/STAT1/CHI3L1/GAPDH/ZFP36/BSG/SIRPA/ISG15/AKAP12/CD47/PLAGL1/HMGB2/CD81/F3/SMAD3/B2M/PML/CD74/C3/BST2/NOD1/HLA-A/PRNP/GSTP1/AGT/IFI16/IL33/SYT11",28,"Astrocyte","AD_vs_Ctrl","Down"
"GO:0002252","immune effector process","21/283","267/8692",0.0786516853932584,2.41569063405725,4.31017547326825,0.000160288173969597,0.0109881026268014,0.0109881026268014,"HLA-E/LAMP1/TMBIM6/SERPING1/PLEC/C1S/HLA-C/C1R/LGALS3/CD81/RPS19/C1RL/B2M/TUBB/CD74/C3/TUBB4B/BST2/SOCS3/HLA-A/IL33",21,"Astrocyte","AD_vs_Ctrl","Down"
"GO:0006754","ATP biosynthetic process","9/283","62/8692",0.145161290322581,4.4584520688476,5.01335114460609,0.000161370689277472,0.0109881026268014,0.0109881026268014,"MT-ND1/MT-ND2/MT-ND3/MT-ND4/MT-ATP6/MT-ND4L/MT-ND5/ENO1/ALDOA",9,"Astrocyte","AD_vs_Ctrl","Down"
"GO:0050878","regulation of body fluid levels","15/283","156/8692",0.0961538461538462,2.9532481652623,4.51594285281638,0.000163882041512574,0.0109900290262826,0.0109900290262826,"SERPINE2/MT-CO2/SERPING1/ACTG1/PLSCR1/ACTB/ANGPTL4/RASA3/F3/AQP1/PROS1/ADGRG1/GNAI2/MYH9/DDR1",15,"Astrocyte","AD_vs_Ctrl","Down"
"GO:0006954","inflammatory response","27/283","391/8692",0.0690537084398977,2.12090047264873,4.16050588396838,0.000172003032933598,0.0113624690114045,0.0113624690114045,"CD44/HLA-E/DAB2IP/TXNIP/TNFRSF1A/CHI3L1/PLSCR1/ZFP36/NAMPT/CASP7/SIRPA/CD47/HMGB2/MFHAS1/CD81/F3/SMAD3/OSMR/RPS19/C3/PTN/NOD1/GSTP1/AGT/IFI16/IL33/SYT11",27,"Astrocyte","AD_vs_Ctrl","Down"
"GO:0050778","positive regulation of immune response","27/283","400/8692",0.0675,2.07318021201413,4.03114965712868,0.000249128033465659,0.0151330455659675,0.0151330455659675,"HLA-E/LAMP1/DAB2IP/SERPING1/TRIM5/PLSCR1/EZR/PARP9/C1S/HLA-C/CD47/HMGB2/C1R/LGALS3/MFHAS1/CD81/RPS19/C1RL/B2M/CD74/C3/ALPK1/NOD1/CD38/HLA-A/PRNP/IFI16",27,"Astrocyte","AD_vs_Ctrl","Down"
"GO:1902600","proton transmembrane transport","12/283","111/8692",0.108108108108108,3.32040874797059,4.51349482640391,0.000249596097224498,0.0151330455659675,0.0151330455659675,"MT-ND1/MT-CO2/MT-ND2/MT-ND3/MT-CYB/MT-ND4/MT-ATP6/MT-CO3/ATP6V0E2/MT-ND4L/MT-ND5/MT-CO1",12,"Astrocyte","AD_vs_Ctrl","Down"
"GO:0032103","positive regulation of response to external stimulus","25/283","359/8692",0.0696378830083565,2.13884268236267,4.04265039410168,0.000264659856594508,0.0158295206119905,0.0158295206119905,"NRP1/HLA-E/LAMP1/DAB2IP/TRIM5/TNFRSF1A/FGF2/PLSCR1/PARP9/HLA-C/CD47/HMGB2/MFHAS1/CD81/F3/SMAD3/OSMR/RPS19/CD74/PTN/ALPK1/NOD1/AGT/IFI16/IL33",25,"Astrocyte","AD_vs_Ctrl","Down"
"GO:0010038","response to metal ion","16/283","182/8692",0.0879120879120879,2.70011260823982,4.25211027028211,0.000282466078614182,0.0161669903190445,0.0161669903190445,"CPNE8/TXNIP/TUBA1A/HPCA/MT-CYB/PLSCR1/CLIC4/BSG/AQP1/AHCYL1/SOD2/B2M/NDRG1/ITPKC/PRNP/MT-CO1",16,"Astrocyte","AD_vs_Ctrl","Down"
"GO:0071260","cellular response to mechanical stimulus","8/283","53/8692",0.150943396226415,4.63604240282686,4.87069632739473,0.00028348663825966,0.0161669903190445,0.0161669903190445,"PLEC/TNFRSF1A/FGF2/AQP1/GADD45A/FAS/SOX9/MAP3K14",8,"Astrocyte","AD_vs_Ctrl","Down"
"GO:0032102","negative regulation of response to external stimulus","17/283","201/8692",0.0845771144278607,2.5976829632755,4.20402344094844,0.000290493155317398,0.0162749709548709,0.0162749709548709,"SERPINE2/HLA-E/PARP14/SERPING1/TNFRSF1A/FGF2/SIRPA/ISG15/MFHAS1/SMAD3/PROS1/RPS19/HLA-A/GSTP1/IFI16/IL33/SYT11",17,"Astrocyte","AD_vs_Ctrl","Down"
"GO:0002698","negative regulation of immune effector process","8/283","54/8692",0.148148148148148,4.55018976573747,4.80062479871397,0.000323548709992386,0.017210431842715,0.017210431842715,"HLA-E/TMBIM6/SERPING1/LGALS3/RPS19/BST2/HLA-A/IL33",8,"Astrocyte","AD_vs_Ctrl","Down"
"GO:0071496","cellular response to external stimulus","8/283","54/8692",0.148148148148148,4.55018976573747,4.80062479871397,0.000323548709992386,0.017210431842715,0.017210431842715,"PLEC/TNFRSF1A/FGF2/AQP1/GADD45A/FAS/SOX9/MAP3K14",8,"Astrocyte","AD_vs_Ctrl","Down"
"GO:0051402","neuron apoptotic process","13/283","132/8692",0.0984848484848485,3.02484206017775,4.30028414776553,0.000352150478816095,0.0181234653400004,0.0181234653400004,"NRP1/TUBA1A/FGF2/GAPDH/MCL1/CASP7/SOD2/FAS/RETREG1/PRODH/TMBIM1/GRINA/PRNP",13,"Astrocyte","AD_vs_Ctrl","Down"
"GO:0031638","zymogen activation","5/283","20/8692",0.25,7.67844522968198,5.48512650609709,0.000366136983380685,0.0181689877698015,0.0181689877698015,"SERPINE2/C1S/C1R/C1RL/ENO1",5,"Astrocyte","AD_vs_Ctrl","Down"
"GO:0018212","peptidyl-tyrosine modification","9/283","69/8692",0.130434782608696,4.00614533722538,4.59897704918142,0.000369455241591084,0.0181689877698015,0.0181689877698015,"PARP14/PARP9/FGFR2/TPST1/ZFYVE28/ERBB2/EFEMP1/DDR1/FGFR3",9,"Astrocyte","AD_vs_Ctrl","Down"
"GO:0048872","homeostasis of number of cells","13/283","133/8692",0.0977443609022556,3.00209888679295,4.26830797518165,0.000379143528939893,0.018440541308659,0.018440541308659,"GLUL/TUBA1A/STAT1/ZFP36/ISG15/HMGB2/MFHAS1/RPS19/FAS/CD74/SOX9/PPP2R1A/EPAS1",13,"Astrocyte","AD_vs_Ctrl","Down"
"GO:0022603","regulation of anatomical structure morphogenesis","28/283","437/8692",0.0640732265446224,1.96793104284756,3.80875041593857,0.000447937535591419,0.0199508185159908,0.0199508185159908,"CD44/NRP1/GLUL/CPNE8/DAB2IP/STAT1/FGF2/CST3/CHI3L1/EZR/ANGPTL4/PKM/F3/SMAD3/AQP1/GADD45A/VIM/METRN/PML/C3/MYH9/FGFR2/SOX9/ERBB2/TMBIM1/ALDOA/KIF1A/AGT",28,"Astrocyte","AD_vs_Ctrl","Down"
"GO:0006935","chemotaxis","18/283","228/8692",0.0789473684210526,2.42477217779431,3.99927196282014,0.000450076697096138,0.0199508185159908,0.0199508185159908,"NRP1/PLEC/FGF2/CXCL14/BSG/SBDS/HMGB2/LGALS3/F3/SMAD3/RPS19/CD74/C3/PTN/YTHDF1/ANOS1/GSTP1/TUBB2B",18,"Astrocyte","AD_vs_Ctrl","Down"
"GO:0001906","cell killing","10/283","86/8692",0.116279069767442,3.57136987427069,4.39611477630105,0.000454080306083131,0.0199508185159908,0.0199508185159908,"HLA-E/LAMP1/CXCL14/HMGN2/HLA-C/LGALS3/RPS19/TUBB/TUBB4B/HLA-A",10,"Astrocyte","AD_vs_Ctrl","Down"
"GO:0071216","cellular response to biotic stimulus","12/283","119/8692",0.100840336134454,3.0971879918045,4.22571640698125,0.00047658520563937,0.0199739793008967,0.0199739793008967,"DAB2IP/TXNIP/TRIM5/TNFRSF1A/ZFP36/CASP7/SIRPA/HMGB2/SMAD3/VIM/B2M/GSTP1",12,"Astrocyte","AD_vs_Ctrl","Down"
"GO:0002009","morphogenesis of an epithelium","14/283","154/8692",0.0909090909090909,2.79216190170254,4.11637983831686,0.000480739139729634,0.0199739793008967,0.0199739793008967,"CD44/NRP1/ACTG1/STAT1/NDRG4/FGF2/BSG/ACTB/RHOC/ARHGAP24/FGFR2/SOX9/DDR1/AGT",14,"Astrocyte","AD_vs_Ctrl","Down"
"GO:0044344","cellular response to fibroblast growth factor stimulus","7/283","44/8692",0.159090909090909,4.88628332797944,4.74087902890151,0.000490547860785475,0.0199739793008967,0.0199739793008967,"CD44/FGF2/GPC1/ZFP36/ZFP36L2/FGFR2/FGFR3",7,"Astrocyte","AD_vs_Ctrl","Down"
"GO:0034341","response to type II interferon","9/283","72/8692",0.125,3.83922261484099,4.43780257031774,0.00050957125349568,0.0199739793008967,0.0199739793008967,"PARP14/STAT1/GAPDH/PARP9/SIRPA/CD47/CD74/IFITM3/BST2",9,"Astrocyte","AD_vs_Ctrl","Down"
"GO:0009612","response to mechanical stimulus","12/283","120/8692",0.1,3.07137809187279,4.19145528010221,0.00051446760964804,0.0199739793008967,0.0199739793008967,"TXNIP/PLEC/TUBA1A/TNFRSF1A/FGF2/CHI3L1/AQP1/GADD45A/FAS/SOX9/PTN/MAP3K14",12,"Astrocyte","AD_vs_Ctrl","Down"
"GO:0030855","epithelial cell differentiation","18/283","231/8692",0.0779220779220779,2.39328163003075,3.93722260627134,0.000526357134260056,0.020257884141174,0.020257884141174,"NRP1/TXNIP/PLEC/STAT1/TNFRSF1A/CBR1/FGF2/CLIC4/ZFP36/EZR/CNN3/LGALS3/TUBB/FGFR2/SOX9/FSTL1/PSAP/GSTM3",18,"Astrocyte","AD_vs_Ctrl","Down"
"GO:0006690","icosanoid metabolic process","7/283","45/8692",0.155555555555556,4.77769925402434,4.66076090383686,0.000564997307632097,0.0210141015426862,0.0210141015426862,"FABP5/TNFRSF1A/CBR1/FADS1/PNPLA8/CD74/GSTP1",7,"Astrocyte","AD_vs_Ctrl","Down"
"GO:0050765","negative regulation of phagocytosis","4/283","13/8692",0.307692307692308,9.45039412883936,5.59332060520965,0.000623331345064457,0.0229905377771274,0.0229905377771274,"PLSCR1/SIRPA/CD47/SYT11",4,"Astrocyte","AD_vs_Ctrl","Down"
"GO:0002228","natural killer cell mediated immunity","7/283","46/8692",0.152173913043478,4.67383622676294,4.58296994364485,0.000648158606733575,0.0235143442082197,0.0235143442082197,"HLA-E/LAMP1/HLA-C/B2M/TUBB/TUBB4B/HLA-A",7,"Astrocyte","AD_vs_Ctrl","Down"
"GO:0007596","blood coagulation","11/283","107/8692",0.102803738317757,3.15749149631782,4.11933155062756,0.000692651391750099,0.0245254004790875,0.0245254004790875,"SERPINE2/SERPING1/ACTG1/PLSCR1/ACTB/ANGPTL4/RASA3/F3/PROS1/ADGRG1/MYH9",11,"Astrocyte","AD_vs_Ctrl","Down"
"GO:0046456","icosanoid biosynthetic process","5/283","23/8692",0.217391304347826,6.67690889537563,5.00088949039624,0.000733442669421148,0.0251129076158853,0.0251129076158853,"FABP5/CBR1/FADS1/PNPLA8/CD74",5,"Astrocyte","AD_vs_Ctrl","Down"
"GO:0070633","transepithelial transport","5/283","23/8692",0.217391304347826,6.67690889537563,5.00088949039624,0.000733442669421148,0.0251129076158853,0.0251129076158853,"ACTG1/ACTB/AQP1/AHCYL1/SLC1A3",5,"Astrocyte","AD_vs_Ctrl","Down"
"GO:0071774","response to fibroblast growth factor","7/283","47/8692",0.148936170212766,4.57439290278926,4.50738479945722,0.000740741198047625,0.0251129076158853,0.0251129076158853,"CD44/FGF2/GPC1/ZFP36/ZFP36L2/FGFR2/FGFR3",7,"Astrocyte","AD_vs_Ctrl","Down"
"GO:0050817","coagulation","11/283","108/8692",0.101851851851852,3.12825546394451,4.08269274259368,0.00074937049701686,0.0251266198469441,0.0251266198469441,"SERPINE2/SERPING1/ACTG1/PLSCR1/ACTB/ANGPTL4/RASA3/F3/PROS1/ADGRG1/MYH9",11,"Astrocyte","AD_vs_Ctrl","Down"
"GO:1903034","regulation of response to wounding","9/283","76/8692",0.118421052631579,3.63715826669146,4.23590354054236,0.000761488372270124,0.0253409589147937,0.0253409589147937,"SERPINE2/SERPING1/ACTG1/FGF2/F3/SMAD3/PROS1/PTN/IL33",9,"Astrocyte","AD_vs_Ctrl","Down"
"GO:0019058","viral life cycle","15/283","181/8692",0.0828729281767956,2.54534096011557,3.85415542796753,0.000811158435969837,0.0267924420716604,0.0267924420716604,"NRP1/LAMP1/TRIM5/MX1/PLSCR1/BSG/ISG15/CD81/VPS28/IFITM3/MYH9/BST2/RPSA/IFIT1/IFI16",15,"Astrocyte","AD_vs_Ctrl","Down"
"GO:1900744","regulation of p38MAPK cascade","5/283","24/8692",0.208333333333333,6.39870435806832,4.85838169095492,0.000902069572840615,0.0283160278680324,0.0283160278680324,"DAB2IP/EZR/MFHAS1/GADD45A/GADD45B",5,"Astrocyte","AD_vs_Ctrl","Down"
"GO:0045088","regulation of innate immune response","19/283","264/8692",0.071969696969697,2.21046150551451,3.6639252032438,0.000980195187077887,0.0301273881806023,0.0301273881806023,"HLA-E/LAMP1/DAB2IP/PARP14/SERPING1/TRIM5/PLSCR1/PARP9/ISG15/HLA-C/HMGB2/MFHAS1/RPS19/B2M/C3/ALPK1/NOD1/HLA-A/IFI16",19,"Astrocyte","AD_vs_Ctrl","Down"
"GO:0060326","cell chemotaxis","13/283","148/8692",0.0878378378378378,2.6978321077261,3.82164987918571,0.00104929066511915,0.0315929284613426,0.0315929284613426,"NRP1/PLEC/FGF2/CXCL14/BSG/SBDS/HMGB2/LGALS3/RPS19/CD74/C3/PTN/GSTP1",13,"Astrocyte","AD_vs_Ctrl","Down"
"GO:0048144","fibroblast proliferation","6/283","37/8692",0.162162162162162,4.98061312195588,4.4511600732191,0.00112143142300775,0.0322733166467532,0.0322733166467532,"DAB2IP/AQP1/PML/CD74/GSTP1/AGT",6,"Astrocyte","AD_vs_Ctrl","Down"
"GO:0048145","regulation of fibroblast proliferation","6/283","37/8692",0.162162162162162,4.98061312195588,4.4511600732191,0.00112143142300775,0.0322733166467532,0.0322733166467532,"DAB2IP/AQP1/PML/CD74/GSTP1/AGT",6,"Astrocyte","AD_vs_Ctrl","Down"
"GO:0001974","blood vessel remodeling","4/283","15/8692",0.266666666666667,8.19034157832744,5.1128878818406,0.00113022234076971,0.0322733166467532,0.0322733166467532,"CST3/TMBIM1/AGT/EPAS1",4,"Astrocyte","AD_vs_Ctrl","Down"
"GO:0046457","prostanoid biosynthetic process","4/283","15/8692",0.266666666666667,8.19034157832744,5.1128878818406,0.00113022234076971,0.0322733166467532,0.0322733166467532,"FABP5/CBR1/PNPLA8/CD74",4,"Astrocyte","AD_vs_Ctrl","Down"
"GO:0061621","canonical glycolysis","4/283","15/8692",0.266666666666667,8.19034157832744,5.1128878818406,0.00113022234076971,0.0322733166467532,0.0322733166467532,"GAPDH/PKM/ENO1/ALDOA",4,"Astrocyte","AD_vs_Ctrl","Down"
"GO:0061718","glucose catabolic process to pyruvate","4/283","15/8692",0.266666666666667,8.19034157832744,5.1128878818406,0.00113022234076971,0.0322733166467532,0.0322733166467532,"GAPDH/PKM/ENO1/ALDOA",4,"Astrocyte","AD_vs_Ctrl","Down"
"GO:0050790","regulation of catalytic activity","21/283","311/8692",0.067524115755627,2.07392089804915,3.53802163520999,0.00121657410574446,0.0345163909745192,0.0345163909745192,"DAB2IP/ITGA6/TNFRSF1A/ASAP3/FGF2/PLSCR1/ZFP36/MIDN/PARP9/RPS2/RHOC/GADD45A/ARRDC3/GNAI2/APC2/FGFR2/ZFYVE28/ERBB2/TMBIM1/FGFR3/AGT",21,"Astrocyte","AD_vs_Ctrl","Down"
"GO:0002700","regulation of production of molecular mediator of immune response","8/283","67/8692",0.119402985074627,3.66731712462423,4.02057732647845,0.00140784978384313,0.0384638465635166,0.0384638465635166,"HLA-E/TMBIM6/CD81/B2M/CD74/BST2/HLA-A/IL33",8,"Astrocyte","AD_vs_Ctrl","Down"
"GO:0051216","cartilage development","8/283","67/8692",0.119402985074627,3.66731712462423,4.02057732647845,0.00140784978384313,0.0384638465635166,0.0384638465635166,"CD44/FGF2/CHI3L1/SLC39A14/SMAD3/SOX9/EFEMP1/FGFR3",8,"Astrocyte","AD_vs_Ctrl","Down"
"GO:0008284","positive regulation of cell population proliferation","25/283","406/8692",0.061576354679803,1.89124266740935,3.37397949249947,0.00158919504324544,0.0418677217940732,0.0418677217940732,"NRP1/HLA-E/GFAP/STAT1/FGF2/NAMPT/ACTB/CD47/HMGB2/CD81/F3/AQP1/OSMR/GNAI2/PML/CD74/FGFR2/SOX9/PTN/BST2/ERBB2/CD38/HLA-A/FGFR3/AGT",25,"Astrocyte","AD_vs_Ctrl","Down"
"GO:0050900","leukocyte migration","14/283","175/8692",0.08,2.45710247349823,3.57208440766379,0.00168636306439742,0.0439049583707235,0.0439049583707235,"PLEC/ITGA6/BSG/SIRPA/CD47/SBDS/LGALS3/CD81/RPS19/CD74/C3/MYH9/PTN/IL33",14,"Astrocyte","AD_vs_Ctrl","Down"
"GO:0150115","cell-substrate junction organization","9/283","85/8692",0.105882352941176,3.25204739139472,3.82751589826939,0.00170592372134457,0.0441544935126962,0.0441544935126962,"NRP1/PLEC/ACTG1/ITGA6/SMAD3/ACTN1/FAM107A/ITGB4/MAPRE2",9,"Astrocyte","AD_vs_Ctrl","Down"
"GO:0006979","response to oxidative stress","18/283","256/8692",0.0703125,2.15956272084806,3.45463253056793,0.00172268701993026,0.0443291438965775,0.0443291438965775,"MT-ND1/CHCHD2/TXNIP/MT-ND3/SIRPA/PNPLA8/AQP1/SCARA3/SOD2/ADCYAP1R1/PML/GPR37L1/CD38/EEF2/MT-ND5/PRNP/GSTP1/MT-CO1",18,"Astrocyte","AD_vs_Ctrl","Down"
"GO:0051384","response to glucocorticoid","7/283","55/8692",0.127272727272727,3.90902666238355,3.97011880542795,0.00191514922556429,0.0478895506912291,0.0478895506912291,"MT-ND3/ZFP36/AQP1/ZFP36L2/IGFBP7/FAM107A/GSTP1",7,"Astrocyte","AD_vs_Ctrl","Down"
"GO:0045806","negative regulation of endocytosis","6/283","41/8692",0.146341463414634,4.49469964664311,4.11457084942688,0.00194520457699003,0.0480976282556307,0.0480976282556307,"PLSCR1/SIRPA/CD47/LGALS3/B2M/SYT11",6,"Astrocyte","AD_vs_Ctrl","Down"
"GO:1903053","regulation of extracellular matrix organization","6/283","41/8692",0.146341463414634,4.49469964664311,4.11457084942688,0.00194520457699003,0.0480976282556307,0.0480976282556307,"TNFRSF1A/CST3/TIMP3/SMAD3/DDR1/AGT",6,"Astrocyte","AD_vs_Ctrl","Down"
"GO:0070841","inclusion body assembly","12/612","24/8692",0.5,7.10130718954248,8.23709294842546,1.64729697740294e-08,7.29093642198542e-05,7.29093642198542e-05,"DNAJB6/HSPA1A/DNAJB1/HSPA1B/HSP90AA1/BAG3/MAPT/DNAJA4/DNAJB2/SNCAIP/PPP2CB/DYRK1A",12,"Astrocyte","PD_vs_Ctrl","Up"
"GO:0042026","protein refolding","10/612","21/8692",0.476190476190476,6.76314970432618,7.27679031952212,4.82621088048354e-07,0.00106804046785101,0.00106804046785101,"HSPA8/SNRNP70/HSPA1A/HSPD1/HSPB1/HSPA1B/HSP90AA1/CRYAB/DNAJA4/DNAJB2",10,"Astrocyte","PD_vs_Ctrl","Up"
"GO:0090083","regulation of inclusion body assembly","9/612","18/8692",0.5,7.10130718954248,7.13106410805607,1.09642783335393e-06,0.0016175965301415,0.0016175965301415,"DNAJB6/HSPA1A/DNAJB1/HSPA1B/DNAJA4/DNAJB2/SNCAIP/PPP2CB/DYRK1A",9,"Astrocyte","PD_vs_Ctrl","Up"
"GO:0051056","regulation of small GTPase mediated signal transduction","36/612","222/8692",0.162162162162162,2.30312665606783,5.41285403968251,1.79270521028767e-06,0.00198362831518331,0.00198362831518331,"SIPA1L3/CHORDC1/ABR/ARHGAP35/KANK1/DLC1/SOS1/DOCK7/SRGAP3/PSD2/ARHGEF10L/GARNL3/MMD2/OGT/STARD13/FGD4/LARGE1/RAF1/FXR1/ARHGAP21/ARHGAP32/WNK1/ARHGAP24/DOCK3/VAV3/TIAM2/LRP4/FAM13A/RIPOR2/SYNPO2/PICALM/RALGPS1/ARRB1/ARAP1/DENND1A/PPP2CB",36,"Astrocyte","PD_vs_Ctrl","Up"
"GO:2001233","regulation of apoptotic signaling pathway","36/510","183/8692",0.19672131147541,3.35274831243973,8.03067367985832,8.11683856945827e-11,3.59251275084223e-07,3.59251275084223e-07,"PTTG1IP/CLU/GRINA/PARK7/GNAI2/RIPK1/PARP1/FIS1/ENO1/ACKR3/YBX3/SELENOS/WFS1/PML/GHITM/UBB/TMBIM1/SOD2/LGALS3/BEX3/IFI6/DAB2IP/NUPR1/AGT/CD74/ITM2C/SLC25A5/FGF2/RACK1/DDX3X/GSTP1/TMBIM6/ACAA2/ITGA6/PINK1/RPS3",36,"Astrocyte","PD_vs_Ctrl","Down"
"GO:0006119","oxidative phosphorylation","23/510","85/8692",0.270588235294118,4.61167243367935,8.35376283139241,3.29287677002286e-10,6.46050711702417e-07,6.46050711702417e-07,"RHOA/MT-ND4/UQCRFS1/PARK7/DGUOK/MT-CO1/MT-ND5/NDUFA5/GHITM/MT-ATP6/NDUFS3/MT-ND3/NDUFB5/MT-CYB/COX5B/MT-ND2/NUPR1/MT-ND4L/MT-CO3/PINK1/CHCHD2/MT-CO2/MT-ND1",23,"Astrocyte","PD_vs_Ctrl","Down"
"GO:0051129","negative regulation of cellular component organization","61/510","469/8692",0.130063965884861,2.21669802249258,6.76307656086693,2.0320829723861e-09,9.99333248420096e-07,9.99333248420096e-07,"LMOD1/CLU/MTPN/PARK7/PLSCR1/RPL7A/CD47/DGUOK/TERF2IP/B2M/GAPDH/IFI16/PARP1/PFDN1/RPL41/SYT11/ANGPTL4/PML/SDCBP/GHITM/LIMK2/BNIP3/SMARCA5/LGALS3/CST3/RPL13/RPL28/LRPAP1/TMSB4X/CIB1/IFI6/NUPR1/PRNP/PPFIA1/DPYSL3/FAM107A/ITM2C/SLC25A5/RPL15/PMP22/RPL18/DYNLT1/WASF2/UBA52/CD38/RACK1/HES1/DDX3X/CFL1/APOE/VPS35/SLIT1/ACAA2/PINK1/FEZ1/RPL29/SOX9/FEZ2/RPL19/RPL8/TIMP3",61,"Astrocyte","PD_vs_Ctrl","Down"
"GO:0006959","humoral immune response","18/510","58/8692",0.310344827586207,5.28924949290061,8.18237743452451,2.52811921264189e-09,1.1189455635153e-06,1.1189455635153e-06,"C3/CLU/HLA-E/FAU/CD59/B2M/SERPING1/GAPDH/C1RL/C1S/HLA-A/HMGN2/LGALS3/CXCL14/CD81/C1R/RPS19/C1QBP",18,"Astrocyte","PD_vs_Ctrl","Down"
"GO:0006979","response to oxidative stress","40/510","256/8692",0.15625,2.66299019607843,6.74266544351217,9.27525078696597e-09,3.73202363482831e-06,3.73202363482831e-06,"PSMD7/BTG1/PARK7/RIPK1/GPX4/PNPLA8/MT-CO1/PARP1/MT-ND5/SELENOS/PML/SCARA3/GPR37L1/PSMB1/BNIP3/MT-ND3/SOD2/AQP1/RHOB/STK24/FADS2/ADCYAP1R1/PRNP/MSRB2/PRDX1/NCOA7/CD38/RACK1/GSTP1/PSMA7/PSMB5/EEF2/CFL1/SELENOP/APOE/TXNIP/PINK1/CHCHD2/RPS3/MT-ND1",40,"Astrocyte","PD_vs_Ctrl","Down"
"GO:0043069","negative regulation of programmed cell death","55/510","443/8692",0.124153498871332,2.11596512194042,6.01924552055305,6.93310801726754e-08,2.04572907229508e-05,2.04572907229508e-05,"PTTG1IP/CLU/GRINA/PARK7/GNAI2/RIPK1/GPX4/ANGPTL4/ENO1/ACKR3/LAMTOR5/YBX3/SELENOS/WFS1/GHITM/BNIP3/TMBIM1/SOD2/LGALS3/AQP1/TSC22D1/STUB1/ADGRG1/CIB1/IFI6/SET/NUPR1/MTDH/PRNP/ANXA5/CD74/SOCS3/SLC25A5/ERBB2/DAD1/FGFR2/FSTL1/FTH1/FGF2/HNRNPK/VEGFB/CD38/RACK1/BTG2/DDX3X/DAG1/GSTP1/CFL1/IFIT3/TMBIM6/ACAA2/ITGA6/PINK1/ARHGDIA/SOX9",55,"Astrocyte","PD_vs_Ctrl","Down"
"GO:1902600","proton transmembrane transport","22/510","111/8692",0.198198198198198,3.37791909556615,6.29476959292589,3.61442670200056e-07,8.41971188581814e-05,8.41971188581814e-05,"MT-ND4/UQCRFS1/MT-CO1/MT-ND5/SLC25A3/NDUFA5/GHITM/MT-ATP6/NDUFS3/MT-ND3/NDUFB5/MT-CYB/ATP6V0B/COX5B/MT-ND2/SLC25A5/MT-ND4L/ATP6AP2/MT-CO3/MT-CO2/ATP6V0E2/MT-ND1",22,"Astrocyte","PD_vs_Ctrl","Down"
"GO:0009206","purine ribonucleoside triphosphate biosynthetic process","16/510","68/8692",0.235294117647059,4.01014994232987,6.22126122254717,1.33318501681794e-06,0.000245861536851508,0.000245861536851508,"MT-ND4/PARP1/ENO1/MT-ND5/NDUFA5/MT-ATP6/NDUFS3/MT-ND3/NDUFB5/TMSB4X/MT-ND2/MT-ND4L/NME3/ALDOA/PINK1/MT-ND1",16,"Astrocyte","PD_vs_Ctrl","Down"
"GO:0097237","cellular response to toxic substance","16/510","71/8692",0.225352112676056,3.84070698702016,6.0002178237863,2.46482899742605e-06,0.000389619040807418,0.000389619040807418,"PARK7/GPX4/FIS1/ALDH2/SELENOS/SELENOT/SOD2/SELENOF/MGST3/PNKD/PRDX1/GSTM3/GSTP1/ADH5/APOE/PINK1",16,"Astrocyte","PD_vs_Ctrl","Down"
"GO:0019730","antimicrobial humoral response","9/510","24/8692",0.375,6.39117647058824,6.60267533646568,4.54209386190573e-06,0.000670110247759826,0.000670110247759826,"HLA-E/FAU/B2M/GAPDH/HLA-A/HMGN2/LGALS3/CXCL14/RPS19",9,"Astrocyte","PD_vs_Ctrl","Down"
"GO:0032787","monocarboxylic acid metabolic process","38/510","301/8692",0.12624584717608,2.1516253012833,5.07665686919894,5.49530477275923e-06,0.000781774563371886,0.000781774563371886,"ASAH1/ETFB/C3/HSD17B12/PARK7/IDH2/GAPDH/PKM/GPX4/PNPLA8/SDS/ANGPTL4/ENO1/LPIN2/PGAM1/ACOX1/MGLL/PARP9/FADS2/NUPR1/MGST3/CRYL1/CD74/NAMPT/DCXR/HACD3/ECI2/FABP5/CD38/ECHS1/GSTP1/ALDOA/FADS1/ADH5/ACAA2/EPHX1/SOX9/CBR1",38,"Astrocyte","PD_vs_Ctrl","Down"
"GO:0006956","complement activation","8/510","19/8692",0.421052631578947,7.17605779153767,6.72811961494839,5.65223362582475e-06,0.000781774563371886,0.000781774563371886,"C3/CLU/CD59/SERPING1/C1RL/C1S/C1R/C1QBP",8,"Astrocyte","PD_vs_Ctrl","Down"
"GO:0001666","response to hypoxia","25/510","166/8692",0.150602409638554,2.56673753838885,5.08824312370438,1.15829230170122e-05,0.0014647433506656,0.0014647433506656,"MT-ND4/MT-CO1/ANGPTL4/FIS1/ENO1/MT-ND5/PML/BNIP3/SOD2/AQP1/STUB1/MT-CYB/MT-ND2/ZFP36L1/FGFR2/VEGFB/CD38/JUND/TMBIM6/ACAA2/ITPR1/PINK1/CHCHD2/MT-CO2/MT-ND1",25,"Astrocyte","PD_vs_Ctrl","Down"
"GO:1901652","response to peptide","49/510","449/8692",0.10913140311804,1.85994148216079,4.67132028266816,1.54591565711346e-05,0.00180058492062741,0.00180058492062741,"ASAH1/PSMD7/RHOA/BST2/ISG15/JAK1/PLSCR1/CD47/MX1/GAPDH/RIPK1/IFI16/CALM1/FIS1/ACKR3/YBX3/OSMR/AKAP12/PML/F3/ZFP36/PSMB1/KRAS/TMSB4X/CEBPB/CIB1/DAB2IP/ZFP36L2/PARP9/STAT1/TUBA1A/CD74/ZFP36L1/NFKBIA/DPYSL3/SOCS3/IFITM3/CALR/CD38/HES1/GSTP1/PSMA7/PSMB5/IFIT1/CFL1/IFIT3/PARP14/SOX9/TIMP3",49,"Astrocyte","PD_vs_Ctrl","Down"
"GO:0001525","angiogenesis","35/510","281/8692",0.124555160142349,2.12281069011234,4.7766795577037,1.7438492693629e-05,0.00192956921655005,0.00192956921655005,"RNH1/SRPX2/RHOA/C3/JAK1/BTG1/CD47/FN1/GNAI2/PKM/ANGPTL4/ACKR3/SPARC/PML/F3/AQP1/ID1/RHOB/ADGRG1/CIB1/RAMP1/DAB2IP/STAT1/MTDH/NCL/BSG/ERBB2/FGFR2/IGFBP7/FGF2/VEGFB/DAG1/GADD45A/ACTG1/GLUL",35,"Astrocyte","PD_vs_Ctrl","Down"
"GO:0002181","cytoplasmic translation","24/510","160/8692",0.15,2.55647058823529,4.96095984566091,1.85381310257804e-05,0.00200121385170985,0.00200121385170985,"FAU/RPL7A/GAPDH/PKM/RPL41/RPS5/YBX3/CNBP/RPL13/RPL28/RPS2/RPL15/RPL18/UBA52/RACK1/RPS19/RPSA/EEF2/EIF4A2/RPL29/RPS9/RPL19/RPL8/RPS3",24,"Astrocyte","PD_vs_Ctrl","Down"
"GO:0043123","positive regulation of canonical NF-kappaB signal transduction","22/510","141/8692",0.156028368794326,2.65921290502016,4.95899243136738,2.2027909451891e-05,0.00229749818482164,0.00229749818482164,"RHOA/SHISA5/BST2/TERF2IP/GAPDH/RIPK1/PARP1/GJA1/LAMTOR5/LGALS1/NOD1/DAB2IP/TMED4/RHOC/MTDH/CD74/NAMPT/TRIM5/NDFIP1/TRIM22/TMEM9B/PINK1",22,"Astrocyte","PD_vs_Ctrl","Down"
"GO:0019882","antigen processing and presentation","12/510","50/8692",0.24,4.09035294117647,5.47111922014524,2.28400181048694e-05,0.00229749818482164,0.00229749818482164,"HLA-E/YTHDF1/B2M/HLA-A/HLA-C/NOD1/CD74/CALR/CTSL/CTSF/RAB34/TAPBP",12,"Astrocyte","PD_vs_Ctrl","Down"
"GO:0051402","neuron apoptotic process","21/510","132/8692",0.159090909090909,2.71140819964349,4.94645334462565,2.50156934124126e-05,0.00230665539673621,0.00230665539673621,"CLU/GRINA/PARK7/GAPDH/RIPK1/PARP1/FIS1/WFS1/UBB/BNIP3/TMBIM1/SOD2/NLRP1/SET/NUPR1/PRNP/TUBA1A/FGF2/VEGFB/BTG2/PINK1",21,"Astrocyte","PD_vs_Ctrl","Down"
"GO:0050792","regulation of viral process","16/510","85/8692",0.188235294117647,3.2081199538639,5.10735974443075,2.81960336437163e-05,0.00254684989606303,0.00254684989606303,"BST2/ISG15/PLSCR1/MX1/IFI16/ZFP36/LGALS1/STOM/STAT1/BSG/IFITM3/HACD3/DYNLT1/TRIM5/DDX3X/IFIT1",16,"Astrocyte","PD_vs_Ctrl","Down"
"GO:0009611","response to wounding","33/510","267/8692",0.123595505617978,2.1064551663362,4.58452897942374,3.55730104291593e-05,0.0030871792972443,0.0030871792972443,"RHOA/PLSCR1/CSRP1/CD59/FN1/SERPING1/ITGB4/SYT11/ANGPTL4/CD9/F3/ZFP36/PROS1/BNIP3/PTN/ADGRG1/STK24/ACTB/ZFP36L2/RHOC/ANXA5/PLEC/ZFP36L1/CSPG5/DPYSL3/ERBB2/DDR1/FGF2/VEGFB/CADM4/DAG1/ACTG1/APOE",33,"Astrocyte","PD_vs_Ctrl","Down"
"GO:0009615","response to virus","29/510","222/8692",0.130630630630631,2.22635576753224,4.62105870123912,3.82977866259549e-05,0.00314085901064463,0.00314085901064463,"CLU/BST2/ISG15/PLSCR1/NPC2/MX1/IFI16/ENO1/LAMTOR5/PML/BNIP3/SMARCA5/ARF1/IFI6/IFI44L/NLRP1/PARP9/STAT1/IFITM3/TRIM5/CALR/RPSA/DDX3X/MAP3K14/IFIT1/TRIM22/CFL1/IFIT3/C1QBP",29,"Astrocyte","PD_vs_Ctrl","Down"
"GO:0051051","negative regulation of transport","29/510","222/8692",0.130630630630631,2.22635576753224,4.62105870123912,3.82977866259549e-05,0.00314085901064463,0.00314085901064463,"PARK7/PLSCR1/IDH2/CD47/GNAI2/B2M/CALM1/SYT11/FIS1/GJA1/MIDN/SELENOS/SDCBP/YWHAE/SLC43A2/LGALS3/CALM3/LRPAP1/AGT/CD74/NFKBIA/PNKD/RACK1/HES1/APOE/VPS35/TMBIM6/ARL6IP5/YWHAB",29,"Astrocyte","PD_vs_Ctrl","Down"
"GO:0042063","gliogenesis","22/510","146/8692",0.150684931506849,2.56814396991673,4.77057954225246,3.83204669170379e-05,0.00314085901064463,0.00314085901064463,"CLU/ID2/IDH2/ATP1B2/LGI4/CD9/BNIP3/PTN/METRN/ADGRG1/DAB2IP/PLEC/TUBA1A/CSPG5/ERBB2/HES1/DAG1/GSTP1/EEF2/GPC1/GFAP/SOX9",22,"Astrocyte","PD_vs_Ctrl","Down"
"GO:0043068","positive regulation of programmed cell death","35/510","292/8692",0.11986301369863,2.04284179425195,4.5254360932261,3.9644110379946e-05,0.00315229602765956,0.00315229602765956,"CLU/BTG1/RIPK1/PARP1/TMEM164/FIS1/AKAP12/PML/F3/GADD45B/LGALS1/UBB/BNIP3/SOD2/NOD1/TSC22D1/RHOB/STUB1/DAB2IP/NUPR1/PRNP/AGT/ITM2C/PNMA2/RACK1/TCTN3/DDX3X/GADD45A/ITPR1/ITGA6/TXNIP/ARL6IP5/ID3/RPS3/C1QBP",35,"Astrocyte","PD_vs_Ctrl","Down"
"GO:0046390","ribose phosphate biosynthetic process","18/510","107/8692",0.168224299065421,2.86706981858164,4.85146076078651,4.41880172864701e-05,0.00327849670892564,0.00327849670892564,"MT-ND4/GUK1/PARP1/ENO1/MT-ND5/NDUFA5/MT-ATP6/NDUFS3/MT-ND3/NDUFB5/TMSB4X/MT-ND2/ADCYAP1R1/MT-ND4L/NME3/ALDOA/PINK1/MT-ND1",18,"Astrocyte","PD_vs_Ctrl","Down"
"GO:0009636","response to toxic substance","20/510","127/8692",0.15748031496063,2.68395862281921,4.7726525449557,4.5184884601099e-05,0.00327849670892564,0.00327849670892564,"PARK7/GPX4/FIS1/ALDH2/SELENOS/SNN/SELENOT/SOD2/SELENOF/MT-CYB/MGST3/PNKD/PRDX1/GSTM3/UBA52/GSTP1/ADH5/APOE/EPHX1/PINK1",20,"Astrocyte","PD_vs_Ctrl","Down"
"GO:0034097","response to cytokine","47/510","444/8692",0.105855855855856,1.80411588058647,4.34236198000665,5.04824293043899e-05,0.0035465909857338,0.0035465909857338,"ASAH1/PSMD7/RHOA/BST2/ISG15/JAK1/PLSCR1/CD47/MX1/GAPDH/RIPK1/IFI16/CALM1/ACKR3/YBX3/OSMR/AKAP12/PML/F3/ZFP36/PSMB1/KRAS/TMSB4X/CEBPB/CIB1/DAB2IP/ZFP36L2/PARP9/STAT1/TUBA1A/CD74/ZFP36L1/NFKBIA/DPYSL3/SOCS3/IFITM3/CD38/HES1/GSTP1/PSMA7/PSMB5/IFIT1/CFL1/IFIT3/PARP14/SOX9/TIMP3",47,"Astrocyte","PD_vs_Ctrl","Down"
"GO:0002683","negative regulation of immune system process","32/510","261/8692",0.122605363984674,2.08958004657802,4.46200523908891,5.47166677984425e-05,0.00378399955743604,0.00378399955743604,"CLU/HLA-E/SDC4/BST2/ISG15/ID2/CD59/FN1/SERPING1/IFI16/PARP1/SYT11/MFHAS1/HLA-A/SELENOS/YWHAE/LGALS1/PSMB1/LGALS3/TSC22D1/TMEM176B/CEBPB/DAB2IP/PRNP/RPS19/PSMA7/VSIR/PARP14/TMBIM6/SOX9/C1QBP/PHPT1",32,"Astrocyte","PD_vs_Ctrl","Down"
"GO:1901740","negative regulation of myoblast fusion","10/510","39/8692",0.256410256410256,4.3700351935646,5.26591219557739,5.99810408551224e-05,0.00402236495189048,0.00402236495189048,"RPL7A/RPL41/RPL13/RPL28/RPL15/RPL18/UBA52/RPL29/RPL19/RPL8",10,"Astrocyte","PD_vs_Ctrl","Down"
"GO:0062197","cellular response to chemical stress","26/510","194/8692",0.134020618556701,2.28413179704872,4.51587931339468,6.21190375317846e-05,0.00403744020452529,0.00403744020452529,"PARK7/XRCC6/RIPK1/GPX4/PNPLA8/PARP1/YBX3/SELENOS/PML/GPR37L1/BNIP3/SOD2/AQP1/RHOB/STK24/FADS2/ADCYAP1R1/PLEC/ZFP36L1/PRDX1/RACK1/DDX3X/CFL1/PINK1/CHCHD2/RPS3",26,"Astrocyte","PD_vs_Ctrl","Down"
"GO:0071364","cellular response to epidermal growth factor stimulus","9/510","32/8692",0.28125,4.79338235294118,5.36701597637374,6.38546801438704e-05,0.00403744020452529,0.00403744020452529,"ZFP36/EEF1A1/DAB2IP/ZFP36L2/ZFP36L1/ERBB2/GSTP1/CFL1/SOX9",9,"Astrocyte","PD_vs_Ctrl","Down"
"GO:0031347","regulation of defense response","46/510","438/8692",0.105022831050228,1.78991852448742,4.23523338187028,7.3775828150088e-05,0.00459903965341253,0.00459903965341252,"C3/HLA-E/ISG15/PARK7/PLSCR1/CD47/XRCC6/B2M/SERPING1/RIPK1/IFI16/HMGB2/PARP1/LAMP1/SYT11/MFHAS1/HLA-A/OSMR/SELENOS/HLA-C/PML/YWHAE/LGALS1/MGLL/NOD1/TMSB4X/CEBPB/DAB2IP/NLRP1/PARP9/STAT1/NUPR1/AGT/NFKBIA/CD81/TRIM5/RPS19/DDX3X/GSTP1/TMEM219/ZDHHC3/TRIM22/APOE/VPS35/PARP14/C1QBP",46,"Astrocyte","PD_vs_Ctrl","Down"
"GO:0071384","cellular response to corticosteroid stimulus","8/510","26/8692",0.307692307692308,5.24404223227753,5.41062274627716,8.10238105376514e-05,0.00478148513919527,0.00478148513919527,"ZFP36/MT-ND3/AQP1/RAN/ZFP36L2/ZFP36L1/FAM107A/GSTP1",8,"Astrocyte","PD_vs_Ctrl","Down"
"GO:0002526","acute inflammatory response","9/510","33/8692",0.272727272727273,4.64812834224599,5.24183605938753,8.32937956953338e-05,0.0048507676282572,0.0048507676282572,"HLA-E/PARK7/PLSCR1/FN1/OSMR/SELENOS/F3/CEBPB/GSTP1",9,"Astrocyte","PD_vs_Ctrl","Down"
"GO:0016032","viral process","30/510","244/8692",0.122950819672131,2.09546769527483,4.33319028700927,8.86227084442097e-05,0.00509407931914379,0.00509407931914379,"BST2/ISG15/PLSCR1/MX1/VPS28/IFI16/SCARB2/LAMP1/LAMTOR5/ZFP36/LGALS1/STOM/RAN/SPCS1/PARP9/STAT1/BSG/CD81/IFITM3/HACD3/DYNLT1/TRIM5/CTSL/CANX/RPSA/DDX3X/DAG1/IFIT1/APOE/CTSB",30,"Astrocyte","PD_vs_Ctrl","Down"
"GO:0046034","ATP metabolic process","20/510","135/8692",0.148148148148148,2.52490922294844,4.45800277836886,0.000109067735501281,0.00611055439656545,0.00611055439656545,"MT-ND4/GAPDH/PKM/PARP1/FIS1/ENO1/MT-ND5/NDUFA5/MT-ATP6/PGAM1/NDUFS3/MT-ND3/NDUFB5/TMSB4X/MT-ND2/NUPR1/MT-ND4L/ALDOA/PINK1/MT-ND1",20,"Astrocyte","PD_vs_Ctrl","Down"
"GO:0007565","female pregnancy","13/510","67/8692",0.194029850746269,3.3068773778168,4.73230344930845,0.000114128783039188,0.00631417492164308,0.00631417492164308,"PARP1/GJA1/PTN/KRAS/BSG/DDR1/IGFBP7/MAGED2/CALR/CD38/NDP/RPL29/C1QBP",13,"Astrocyte","PD_vs_Ctrl","Down"
"GO:0040017","positive regulation of locomotion","38/510","346/8692",0.109826589595376,1.87178964071178,4.13143370952256,0.000125729479717035,0.00649209582007671,0.00649209582007671,"SRPX2/RHOA/CD47/FN1/MAPRE2/GNAI2/ACKR3/SPARC/AKAP12/SDCBP/F3/RAB11A/PTN/SOD2/LGALS3/TMSB4X/RHOB/CIB1/DAB2IP/RHOC/AGT/CD74/BSG/FAM107A/CALR/FGF2/VEGFB/RACK1/NEDD9/VSIR/ACTG1/CFL1/VPS35/ITGA6/PINK1/SOX9/C1QBP/PHPT1",38,"Astrocyte","PD_vs_Ctrl","Down"
"GO:1902950","regulation of dendritic spine maintenance","5/510","10/8692",0.5,8.52156862745098,5.9413995237718,0.000134303367884092,0.00682563375800098,0.00682563375800098,"PRNP/NEDD9/CFL1/APOE/VPS35",5,"Astrocyte","PD_vs_Ctrl","Down"
"GO:0021762","substantia nigra development","9/510","35/8692",0.257142857142857,4.38252100840336,5.0058869954014,0.000137252915603725,0.00682563375800098,0.00682563375800098,"RHOA/CCDC14/CALM1/MAOB/YWHAE/NDUFS3/CALM3/ACTB/CKB",9,"Astrocyte","PD_vs_Ctrl","Down"
"GO:0070849","response to epidermal growth factor","9/510","35/8692",0.257142857142857,4.38252100840336,5.0058869954014,0.000137252915603725,0.00682563375800098,0.00682563375800098,"ZFP36/EEF1A1/DAB2IP/ZFP36L2/ZFP36L1/ERBB2/GSTP1/CFL1/SOX9",9,"Astrocyte","PD_vs_Ctrl","Down"
"GO:0042542","response to hydrogen peroxide","11/510","51/8692",0.215686274509804,3.67597078046905,4.78491996421818,0.000141957810756074,0.00682940511311285,0.00682940511311285,"PARK7/RIPK1/MT-ND5/BNIP3/SOD2/AQP1/RHOB/EEF2/CFL1/TXNIP/RPS3",11,"Astrocyte","PD_vs_Ctrl","Down"
"GO:0051248","negative regulation of protein metabolic process","38/510","349/8692",0.108882521489971,1.85569975841339,4.07345784694925,0.000150617900746379,0.00701720872319444,0.00701720872319445,"BEX1/CLU/TAF7/ISG15/PARK7/GABARAPL2/GAPDH/VPS28/PFDN1/ITM2B/PML/ZFP36/CST3/BEX3/MAP1A/CIB1/DAB2IP/ZFP36L2/PRNP/AGT/TOB1/NCL/ZFP36L1/ITM2C/CALR/RACK1/CADM4/BTG2/DDX3X/GADD45A/BEX2/BEX4/APOE/VPS35/CIRBP/PARP14/RPS3/TIMP3",38,"Astrocyte","PD_vs_Ctrl","Down"
"GO:2000147","positive regulation of cell motility","37/510","338/8692",0.109467455621302,1.86566887109874,4.0527810422777,0.000164927686322997,0.00740616277893421,0.00740616277893421,"SRPX2/RHOA/CD47/FN1/MAPRE2/GNAI2/ACKR3/SPARC/AKAP12/SDCBP/F3/RAB11A/PTN/SOD2/LGALS3/TMSB4X/RHOB/CIB1/DAB2IP/RHOC/AGT/CD74/BSG/FAM107A/CALR/FGF2/VEGFB/RACK1/NEDD9/VSIR/ACTG1/CFL1/ITGA6/PINK1/SOX9/C1QBP/PHPT1",37,"Astrocyte","PD_vs_Ctrl","Down"
"GO:1903829","positive regulation of protein localization","34/510","301/8692",0.112956810631229,1.92513842746401,4.07824519616878,0.000166431902867725,0.00740616277893421,0.00740616277893421,"ZDHHC2/JAK1/PARK7/VPS28/PARP1/SYT11/LRRC8A/LAMTOR5/PML/LIMK2/YWHAE/RAB11A/LGALS3/LAMTOR1/MAP1A/CIB1/RAN/PARP9/PRNP/BSG/TMED10/CD81/CD38/RACK1/DAG1/NEDD9/ALDOA/CFL1/VIM/APOE/VPS35/B3GAT3/PINK1/PHPT1",34,"Astrocyte","PD_vs_Ctrl","Down"
"GO:0071345","cellular response to cytokine stimulus","41/510","393/8692",0.104325699745547,1.77803721997705,3.94070560606012,0.000211295018249551,0.00863242906404735,0.00863242906404735,"ASAH1/PSMD7/RHOA/ISG15/JAK1/CD47/MX1/GAPDH/RIPK1/IFI16/CALM1/ACKR3/YBX3/OSMR/AKAP12/F3/ZFP36/PSMB1/KRAS/TMSB4X/CEBPB/CIB1/DAB2IP/ZFP36L2/PARP9/STAT1/CD74/ZFP36L1/NFKBIA/DPYSL3/SOCS3/IFITM3/HES1/GSTP1/PSMA7/PSMB5/IFIT1/CFL1/IFIT3/PARP14/SOX9",41,"Astrocyte","PD_vs_Ctrl","Down"
"GO:0051093","negative regulation of developmental process","46/510","458/8692",0.100436681222707,1.71175614350544,3.90704809679774,0.000212099139407034,0.00863242906404735,0.00863242906404735,"CCDC85B/CRIM1/ID2/RPL7A/IDH2/B2M/PARP1/RPL41/SPARC/PML/ZFP36/LGALS1/PSMB1/BNIP3/PTN/CST3/TSC22D1/RPL13/RPL28/TMEM176B/TMSB4X/CIB1/ACTB/DAB2IP/ZFP36L2/STAT1/ZFP36L1/NFKBIA/RPL15/RPL18/DYNLT1/CALR/UBA52/HES1/PSMA7/GADD45A/CFL1/APOE/SLIT1/PINK1/RPL29/SOX9/VASN/ID3/RPL19/RPL8",46,"Astrocyte","PD_vs_Ctrl","Down"
"GO:0140253","cell-cell fusion","12/510","62/8692",0.193548387096774,3.29867172675522,4.53479465873989,0.000213308051581272,0.00863242906404735,0.00863242906404735,"RPL7A/RPL41/CD9/RPL13/RPL28/RPL15/CD81/RPL18/UBA52/RPL29/RPL19/RPL8",12,"Astrocyte","PD_vs_Ctrl","Down"
"GO:0048144","fibroblast proliferation","9/510","37/8692",0.243243243243243,4.1456279809221,4.7870163482481,0.000217688143949037,0.00863242906404735,0.00863242906404735,"S100A6/FN1/PML/AQP1/DAB2IP/AGT/CD74/FTH1/GSTP1",9,"Astrocyte","PD_vs_Ctrl","Down"
"GO:0048145","regulation of fibroblast proliferation","9/510","37/8692",0.243243243243243,4.1456279809221,4.7870163482481,0.000217688143949037,0.00863242906404735,0.00863242906404735,"S100A6/FN1/PML/AQP1/DAB2IP/AGT/CD74/FTH1/GSTP1",9,"Astrocyte","PD_vs_Ctrl","Down"
"GO:0160307","protein biosynthetic process","45/510","446/8692",0.100896860986547,1.71959905038248,3.89517138507202,0.000224294925975021,0.00863242906404735,0.00863242906404735,"EIF1/MTPN/YTHDF1/SECISBP2/FAU/RPL7A/TUFM/GAPDH/PKM/RPL41/RPS5/YBX3/PML/ZFP36/EEF1A1/SELENOT/CNBP/RPL13/RPL28/ZFP36L2/RPS2/TOB1/NCL/ZFP36L1/ERBB2/RPL15/RPL18/AURKAIP1/CALR/UBA52/RACK1/RPS19/RPSA/BTG2/DDX3X/EEF2/EIF4A2/CIRBP/PINK1/RPL29/RPS9/RPL19/RPL8/RPS3/C1QBP",45,"Astrocyte","PD_vs_Ctrl","Down"
"GO:0044706","multi-multicellular organism process","13/510","72/8692",0.180555555555556,3.07723311546841,4.4186344912742,0.000243650295252913,0.00913895090499484,0.00913895090499484,"PARP1/GJA1/PTN/KRAS/BSG/DDR1/IGFBP7/MAGED2/CALR/CD38/NDP/RPL29/C1QBP",13,"Astrocyte","PD_vs_Ctrl","Down"
"GO:0031960","response to corticosteroid","12/510","63/8692",0.19047619047619,3.24631185807656,4.46735345873414,0.000249749785661076,0.00921160459446604,0.00921160459446604,"PARP1/ZFP36/MT-ND3/AQP1/KRAS/CALM3/RAN/ZFP36L2/ZFP36L1/FAM107A/IGFBP7/GSTP1",12,"Astrocyte","PD_vs_Ctrl","Down"
"GO:0072593","reactive oxygen species metabolic process","17/510","112/8692",0.151785714285714,2.58690476190476,4.2199417497722,0.000262506207936991,0.00952338095351739,0.00952338095351739,"RHOA/PARK7/GNAI2/RIPK1/MAOB/ACOX1/BNIP3/NDUFS3/SOD2/IFI6/AGT/DCXR/PRDX1/GSTP1/GADD45A/PINK1/CBR1",17,"Astrocyte","PD_vs_Ctrl","Down"
"GO:0030097","hemopoiesis","44/510","438/8692",0.100456621004566,1.71209597994449,3.81797941415989,0.000290258154618698,0.0103603434866319,0.0103603434866319,"LMO2/RHOA/PBXIP1/ISG15/JAK1/ID2/XRCC6/SBDS/RIPK1/IFI16/HMGB2/PARP1/LRRC8A/MFHAS1/ZFP36/LGALS1/PSMB1/PTN/TSC22D1/TMEM176B/TMSB4X/CEBPB/CIB1/ACTB/ZFP36L2/JUNB/STAT1/CD74/ZFP36L1/SOCS3/SLC25A5/MXRA7/CD81/FGFR2/CTSL/HES1/RPS19/NEDD9/PSMA7/VSIR/CD164/PINK1/ETV6/GLUL",44,"Astrocyte","PD_vs_Ctrl","Down"
"GO:0048857","neural nucleus development","9/510","39/8692",0.230769230769231,3.93303167420814,4.58306408571675,0.000333849780159213,0.0117271359284498,0.0117271359284498,"RHOA/CCDC14/CALM1/MAOB/YWHAE/NDUFS3/CALM3/ACTB/CKB",9,"Astrocyte","PD_vs_Ctrl","Down"
"GO:0120254","olefinic compound metabolic process","11/510","56/8692",0.196428571428571,3.34775910364146,4.40029157899111,0.000339988485384915,0.0117561643462003,0.0117561643462003,"GPX4/PNPLA8/DHRS7/MGLL/FADS2/DKK3/MGST3/GSTP1/FADS1/EPHX1/HSD17B6",11,"Astrocyte","PD_vs_Ctrl","Down"
"GO:0001817","regulation of cytokine production","41/510","405/8692",0.101234567901235,1.72535463568143,3.73223910166246,0.000398410196624743,0.0134406272273834,0.0134406272273834,"C3/CLU/HLA-E/BST2/ISG15/PARK7/CD47/FN1/B2M/GAPDH/RIPK1/IFI16/HMGB2/SYT11/LAMTOR5/HLA-A/SELENOS/AKAP12/PML/F3/ZFP36/PSMB1/NOD1/CEBPB/NLRP1/STAT1/PRNP/AGT/CD74/BSG/NFKBIA/TMED10/CD81/ATP6AP2/DDX3X/GSTP1/PSMA7/VSIR/PLAGL1/TMEM219/C1QBP",41,"Astrocyte","PD_vs_Ctrl","Down"
"GO:0051602","response to electrical stimulus","6/510","18/8692",0.333333333333333,5.68104575163399,4.96317575857682,0.000400850156804023,0.0134406272273834,0.0134406272273834,"HPCA/MT-CO1/AKAP12/SOD2/CALR/BTG2",6,"Astrocyte","PD_vs_Ctrl","Down"
"GO:0001816","cytokine production","41/510","410/8692",0.1,1.7043137254902,3.64737731447808,0.000512759943532142,0.0163271619429731,0.0163271619429731,"C3/CLU/HLA-E/BST2/ISG15/PARK7/CD47/FN1/B2M/GAPDH/RIPK1/IFI16/HMGB2/SYT11/LAMTOR5/HLA-A/SELENOS/AKAP12/PML/F3/ZFP36/PSMB1/NOD1/CEBPB/NLRP1/STAT1/PRNP/AGT/CD74/BSG/NFKBIA/TMED10/CD81/ATP6AP2/DDX3X/GSTP1/PSMA7/VSIR/PLAGL1/TMEM219/C1QBP",41,"Astrocyte","PD_vs_Ctrl","Down"
"GO:0032103","positive regulation of response to external stimulus","37/510","359/8692",0.103064066852368,1.75653503741329,3.6548184204971,0.00054246023847871,0.0170278653582041,0.0170278653582041,"HLA-E/PARK7/PLSCR1/CD47/XRCC6/RIPK1/IFI16/HMGB2/PARP1/LAMP1/MFHAS1/OSMR/HLA-C/F3/YWHAE/LGALS1/PTN/NOD1/TMSB4X/CEBPB/DAB2IP/NLRP1/PARP9/NUPR1/AGT/CD74/NFKBIA/CD81/TRIM5/CALR/FGF2/VEGFB/RPS19/DDX3X/NEDD9/ZDHHC3/C1QBP",37,"Astrocyte","PD_vs_Ctrl","Down"
"GO:0014902","myotube differentiation","13/510","78/8692",0.166666666666667,2.84052287581699,4.0763954926865,0.000548756366298405,0.0171041949101179,0.0171041949101179,"RPL7A/RPL41/CD9/RPL13/RPL28/PLEC/RPL15/CD81/RPL18/UBA52/RPL29/RPL19/RPL8",13,"Astrocyte","PD_vs_Ctrl","Down"
"GO:0040007","growth","38/510","373/8692",0.101876675603217,1.73629816537875,3.62879803360865,0.000573209316817848,0.0176182252516375,0.0176182252516375,"CCDC85B/CGRRF1/MTPN/BST2/BTG1/CD9/ENO1/GJA1/WFS1/PML/SDCBP/PTN/LAMTOR1/KRAS/CIB1/AGT/PLEC/BSG/FAM107A/ERBB2/CD81/FGFR2/IGFBP7/FGF2/CD38/RACK1/PSAP/DDX3X/DAG1/TSC22D4/PPP2R1A/CFL1/VIM/APOE/SLIT1/OSGIN2/PPIB/SOX9",38,"Astrocyte","PD_vs_Ctrl","Down"
"GO:0002920","regulation of humoral immune response","5/510","13/8692",0.384615384615385,6.55505279034691,5.00397634312765,0.000591730045647371,0.0180620495312777,0.0180620495312777,"C3/CLU/CD59/SERPING1/C1QBP",5,"Astrocyte","PD_vs_Ctrl","Down"
"GO:0048878","chemical homeostasis","46/510","481/8692",0.0956340956340956,1.62990501814031,3.54845911523277,0.000633396751437471,0.0190708436861377,0.0190708436861377,"PDZD8/SRI/PARK7/ATP1B2/NPC2/B2M/PNPLA8/LAMP1/ANGPTL4/LRRC8A/FIS1/WFS1/PML/YWHAE/NUCKS1/ACOX1/BNIP3/FTL/SELENOT/SOD2/AQP1/CNBP/LAMTOR1/ORMDL1/ARF1/ATP6V0B/SLC39A14/TMCO1/PRNP/AGT/SLC26A3/FTH1/ATP6AP2/CALR/RACK1/DDX3X/GSTP1/TSC22D4/ALDOA/NDFIP1/APOE/ITPR1/TMEM9/GLUL/PHPT1/ATP6V0E2",46,"Astrocyte","PD_vs_Ctrl","Down"
"GO:0008285","negative regulation of cell population proliferation","33/510","311/8692",0.106109324758842,1.80843578588992,3.62466629310285,0.000646974696569708,0.0192181879665606,0.0192181879665606,"CGRRF1/HLA-E/SDC4/BTG1/IDH2/B2M/SPARC/PML/PTN/SOD2/TSC22D1/CEBPB/ADGRG1/CIB1/DAB2IP/STAT1/NUPR1/PRNP/TOB1/FBXO2/PMP22/FGFR2/IGFBP7/FTH1/HES1/BTG2/GSTP1/COPS8/VSIR/JUND/IFIT3/APOE/SOX9",33,"Astrocyte","PD_vs_Ctrl","Down"
"GO:0097435","supramolecular fiber organization","46/510","484/8692",0.0950413223140496,1.61980230108572,3.50305871519202,0.000724119988454787,0.0213663671260059,0.0213663671260059,"LMOD1/RNH1/RHOA/CLU/MTPN/SDC4/CDC42EP4/PARK7/CSRP1/CD47/CNN3/B2M/RIPK1/PFDN1/COTL1/TMSB10/LIMK2/RAB11A/CST3/MAP1A/ARF1/TMSB4X/RHOB/CIB1/ACTB/RHOC/MARCKS/TBCB/MSRB2/PLEC/TUBA1A/PPFIA1/DPYSL3/FAM107A/WASF2/THSD4/NEDD9/ACTG1/ALDOA/CFL1/VIM/APOE/BRK1/GFAP/RPS3/MARCKSL1",46,"Astrocyte","PD_vs_Ctrl","Down"
"GO:0010644","cell communication by electrical coupling","6/510","20/8692",0.3,5.11294117647059,4.59724963416357,0.000756804170736008,0.0216104210301779,0.0216104210301779,"SRI/ATP1B2/CALM1/GJA1/GJB6/CALM3",6,"Astrocyte","PD_vs_Ctrl","Down"
"GO:0031638","zymogen activation","6/510","20/8692",0.3,5.11294117647059,4.59724963416357,0.000756804170736008,0.0216104210301779,0.0216104210301779,"C1RL/C1S/ENO1/CTSL/C1R/VSIR",6,"Astrocyte","PD_vs_Ctrl","Down"
"GO:0051607","defense response to virus","21/510","168/8692",0.125,2.13039215686275,3.69362057970958,0.000799214455846212,0.0224052412622515,0.0224052412622515,"BST2/ISG15/PLSCR1/MX1/IFI16/PML/BNIP3/SMARCA5/IFI6/IFI44L/NLRP1/PARP9/STAT1/IFITM3/TRIM5/RPSA/MAP3K14/IFIT1/TRIM22/IFIT3/C1QBP",21,"Astrocyte","PD_vs_Ctrl","Down"
"GO:0097305","response to alcohol","18/510","134/8692",0.134328358208955,2.28937664618086,3.75522776521037,0.000799532893465556,0.0224052412622515,0.0224052412622515,"MT-ND4/PARP1/SOD2/CALM3/MT-CYB/GPR155/ADCYAP1R1/FGFR2/IGFBP7/FGF2/BTG2/DAG1/GSTP1/EEF2/ANXA7/JUND/GFAP/MT-CO2",18,"Astrocyte","PD_vs_Ctrl","Down"
"GO:0031396","regulation of protein ubiquitination","17/510","123/8692",0.138211382113821,2.35555555555556,3.78002812313977,0.000799825603126015,0.0224052412622515,0.0224052412622515,"BEX1/PTTG1IP/ISG15/PARK7/VPS28/WFS1/UBB/BEX3/STUB1/RPS2/FAM107A/DDX3X/BEX2/BEX4/NDFIP1/PINK1/RPS3",17,"Astrocyte","PD_vs_Ctrl","Down"
"GO:0044282","small molecule catabolic process","22/510","180/8692",0.122222222222222,2.08305010893246,3.6657194248281,0.000821886328679659,0.0228784206964539,0.0228784206964539,"ETFB/GAPDH/PKM/SDS/ENO1/LPIN2/ASRGL1/ALDH2/PGAM1/ACOX1/ALDH6A1/NUDT3/CRYL1/PNKD/DCXR/ECI2/ECHS1/ALDOA/ADH5/ACAA2/GLUL/HSD17B6",22,"Astrocyte","PD_vs_Ctrl","Down"
"GO:2000379","positive regulation of reactive oxygen species metabolic process","9/510","44/8692",0.204545454545455,3.48609625668449,4.12740097900668,0.00085944199969101,0.0237034206849176,0.0237034206849176,"PARK7/GNAI2/RIPK1/SOD2/AGT/DCXR/GSTP1/GADD45A/CBR1",9,"Astrocyte","PD_vs_Ctrl","Down"
"GO:0009988","cell-cell recognition","5/510","14/8692",0.357142857142857,6.08683473389356,4.75545469410614,0.000876381272496324,0.0237967086629983,0.0237967086629983,"CD9/LGALS3/CD81/NEDD9/ALDOA",5,"Astrocyte","PD_vs_Ctrl","Down"
"GO:0034341","response to type II interferon","12/510","72/8692",0.166666666666667,2.84052287581699,3.9151108272363,0.00088860301232788,0.0239814447107512,0.0239814447107512,"BST2/JAK1/CD47/GAPDH/CALM1/PSMB1/PARP9/STAT1/CD74/IFITM3/PSMA7/PARP14",12,"Astrocyte","PD_vs_Ctrl","Down"
"GO:0002252","immune effector process","29/510","267/8692",0.108614232209738,1.85112726738636,3.52659352247523,0.000939844114685678,0.0250587352505952,0.0250587352505952,"C3/CLU/HLA-E/BST2/JAK1/CD59/B2M/SERPING1/C1RL/C1S/LAMP1/HLA-A/HLA-C/LGALS1/PSMB1/LGALS3/CEBPB/JUNB/PLEC/CD74/SOCS3/CD81/C1R/RPS19/PSMA7/TUBB4B/TUBB/TMBIM6/C1QBP",29,"Astrocyte","PD_vs_Ctrl","Down"
"GO:0010038","response to metal ion","22/510","182/8692",0.120879120879121,2.06015944839474,3.60854667943651,0.000953725764300116,0.0252765882203133,0.0252765882203133,"PARK7/PLSCR1/HPCA/B2M/MT-CO1/PARP1/ITPKC/CALM1/UROS/CLIC4/BNIP3/SOD2/AQP1/CALM3/MT-CYB/PRNP/TUBA1A/BSG/CALR/ANXA7/JUND/TXNIP",22,"Astrocyte","PD_vs_Ctrl","Down"
"GO:0051247","positive regulation of protein metabolic process","44/510","464/8692",0.0948275862068965,1.61615956727519,3.40561280787071,0.000987956958469699,0.0258175596994384,0.0258175596994384,"RHOA/PTTG1IP/C3/ELOB/CLU/MTPN/YTHDF1/RIPK1/PKM/VPS28/ENO1/YBX3/WFS1/UBB/CNBP/STUB1/CIB1/RAMP1/DAB2IP/PARP9/RPS2/NUPR1/FAM107A/ERBB2/CD81/AURKAIP1/FGF2/VEGFB/RACK1/HES1/DDX3X/NEDD9/COPS8/EEF2/VSIR/NDFIP1/CFL1/APOE/VPS35/CIRBP/PARP14/PINK1/TIPARP/C1QBP",44,"Astrocyte","PD_vs_Ctrl","Down"
"GO:0060326","cell chemotaxis","19/510","148/8692",0.128378378378378,2.18797032326444,3.63911730395151,0.00101274229891503,0.0258175596994384,0.0258175596994384,"C3/SBDS/HMGB2/ACKR3/PTN/LGALS3/CXCL14/TMSB4X/PLEC/CD74/BSG/CALR/FGF2/VEGFB/RPS19/GSTP1/NEDD9/PPIB/C1QBP",19,"Astrocyte","PD_vs_Ctrl","Down"
"GO:0006612","protein targeting to membrane","12/510","74/8692",0.162162162162162,2.7637519872814,3.80399867082552,0.00114077198845127,0.028207021345728,0.028207021345728,"ZDHHC2/HPCA/SDCBP/SEC62/STOM/CIB1/PRNP/SSR1/ERBB2/ZDHHC3/SRP14/SSR3",12,"Astrocyte","PD_vs_Ctrl","Down"
"GO:0006941","striated muscle contraction","17/510","127/8692",0.133858267716535,2.28136482939633,3.63162671051667,0.00115217675688329,0.0282701825265225,0.0282701825265225,"SRI/RPL7A/RPL41/CALM1/GJA1/RPL13/RPL28/CALM3/RPL15/C12orf57/RPL18/UBA52/EEF2/ALDOA/RPL29/RPL19/RPL8",17,"Astrocyte","PD_vs_Ctrl","Down"
"GO:1900271","regulation of long-term synaptic potentiation","7/510","29/8692",0.241379310344828,4.11386071670047,4.1932837373538,0.00115610100255323,0.0282701825265225,0.0282701825265225,"ZDHHC2/YTHDF1/NRGN/PTN/PRNP/FAM107A/APOE",7,"Astrocyte","PD_vs_Ctrl","Down"
"GO:0019725","cellular homeostasis","40/510","414/8692",0.0966183574879227,1.64667992800985,3.36602289982256,0.00117188819204285,0.0284987754834158,0.0284987754834158,"PDZD8/SRI/ATP1B2/B2M/LAMP1/LRRC8A/FIS1/SELENOS/WFS1/PML/YWHAE/NUCKS1/BNIP3/FTL/SELENOT/SOD2/AQP1/ORMDL1/MAP1A/ARF1/ATP6V0B/SLC39A14/TMCO1/PRNP/SLC26A3/PRDX1/FTH1/ATP6AP2/CALR/RACK1/GSTP1/TSC22D4/ALDOA/NDFIP1/ITPR1/TMEM9/PINK1/GLUL/PHPT1/ATP6V0E2",40,"Astrocyte","PD_vs_Ctrl","Down"
"GO:0040013","negative regulation of locomotion","22/510","185/8692",0.118918918918919,2.02675145733969,3.52414039203376,0.00118558061618704,0.0285183685176296,0.0285183685176296,"RHOA/BST2/IDH2/ATP1B2/CD63/GJA1/CLIC4/RHOB/ADGRG1/STK24/DAB2IP/CD74/DPYSL3/CALR/FGF2/DAG1/GSTP1/NEDD9/GADD45A/CFL1/APOE/SLIT1",22,"Astrocyte","PD_vs_Ctrl","Down"
"GO:0061621","canonical glycolysis","5/510","15/8692",0.333333333333333,5.68104575163399,4.52995556619337,0.00125170234507654,0.0291739995046038,0.0291739995046038,"GAPDH/PKM/ENO1/PGAM1/ALDOA",5,"Astrocyte","PD_vs_Ctrl","Down"
"GO:0061718","glucose catabolic process to pyruvate","5/510","15/8692",0.333333333333333,5.68104575163399,4.52995556619337,0.00125170234507654,0.0291739995046038,0.0291739995046038,"GAPDH/PKM/ENO1/PGAM1/ALDOA",5,"Astrocyte","PD_vs_Ctrl","Down"
"GO:0045058","T cell selection","8/510","38/8692",0.210526315789474,3.58802889576883,3.99156034421649,0.00136016511703032,0.0311921803522083,0.0311921803522083,"RHOA/JAK1/LGALS1/PSMB1/CD74/SOCS3/CTSL/PSMA7",8,"Astrocyte","PD_vs_Ctrl","Down"
"GO:0060429","epithelium development","38/510","391/8692",0.0971867007672634,1.65636628052756,3.31558112920361,0.00139106912312597,0.0317364532935853,0.0317364532935853,"ASAH1/RHOA/SDC4/BTG1/ID2/CNN3/CD63/GJA1/ZFP36/CLIC4/LGALS3/AQP1/RHOB/CEBPB/ACTB/STAT1/RHOC/MARCKS/AGT/PLEC/BSG/ZFP36L1/FGFR2/GSTM3/DDR1/FSTL1/ATP6AP2/FGF2/HES1/PSAP/DAG1/ACTG1/ANXA7/TUBB/CTSB/TXNIP/SOX9/CBR1",38,"Astrocyte","PD_vs_Ctrl","Down"
"GO:1903706","regulation of hemopoiesis","24/510","213/8692",0.112676056338028,1.92035349351008,3.39517664428669,0.00153817091180055,0.0345580936833972,0.0345580936833972,"RHOA/ISG15/ID2/XRCC6/RIPK1/HMGB2/ZFP36/LGALS1/PSMB1/PTN/TSC22D1/TMEM176B/CEBPB/CIB1/ACTB/ZFP36L2/JUNB/STAT1/CD74/ZFP36L1/NEDD9/PSMA7/VSIR/GLUL",24,"Astrocyte","PD_vs_Ctrl","Down"
"GO:0008637","apoptotic mitochondrial changes","10/510","57/8692",0.175438596491228,2.99002407980736,3.76317845667085,0.00157287563511815,0.035159331116328,0.035159331116328,"CLU/FIS1/GHITM/BNIP3/SOD2/IFI6/SLC25A5/VPS35/ACAA2/PINK1",10,"Astrocyte","PD_vs_Ctrl","Down"
"GO:0044283","small molecule biosynthetic process","31/510","302/8692",0.102649006622517,1.74946110894689,3.30949567480756,0.00160674764446628,0.035736005399034,0.035736005399034,"ASAH1/HSD17B12/PARK7/GPX4/PNPLA8/SDS/ITPKC/UROS/ANGPTL4/ENO1/SELENOS/PGAM1/ACOX1/MGLL/CYB5R3/SLC39A14/FADS2/DKK3/ADCYAP1R1/MGST3/CD74/HACD3/ADI1/FABP5/GSTP1/FADS1/APOE/ARPP19/ACAA2/CBR1/GLUL",31,"Astrocyte","PD_vs_Ctrl","Down"
"GO:0006081","aldehyde metabolic process","8/510","39/8692",0.205128205128205,3.49602815485168,3.90021597585611,0.00162502068783577,0.0359338910668354,0.0359338910668354,"TALDO1/PARK7/IDH2/ALDH9A1/ALDH2/DKK3/PNKD/ADH5",8,"Astrocyte","PD_vs_Ctrl","Down"
"GO:0033993","response to lipid","42/510","449/8692",0.0935412026726058,1.59423555613782,3.22796918587324,0.0016716878053508,0.036256935701864,0.036256935701864,"RHOA/PARK7/B2M/GPX4/HMGB2/PARP1/FIS1/SELENOS/AKAP12/WBP2/ZFP36/MT-ND3/SOD2/AQP1/PLSCR4/KRAS/CALM3/CEBPB/RAN/DAB2IP/ZFP36L2/JUNB/GPR155/MTDH/ADCYAP1R1/ZFP36L1/FAM107A/FGFR2/IGFBP7/TRIM5/CALR/CD38/HES1/BTG2/DAG1/GSTP1/EEF2/ANXA7/JUND/VIM/TXNIP/SOX9",42,"Astrocyte","PD_vs_Ctrl","Down"
"GO:0002831","regulation of response to biotic stimulus","32/510","316/8692",0.10126582278481,1.7258873169521,3.28159242608239,0.00169570395171393,0.036256935701864,0.036256935701864,"C3/HLA-E/ISG15/PLSCR1/XRCC6/B2M/SERPING1/IFI16/HMGB2/PARP1/LAMP1/SYT11/MFHAS1/HLA-A/HLA-C/PML/YWHAE/NOD1/DAB2IP/NLRP1/PARP9/STAT1/FBXO2/NFKBIA/TRIM5/RPS19/DDX3X/ZDHHC3/TRIM22/APOE/PARP14/C1QBP",32,"Astrocyte","PD_vs_Ctrl","Down"
"GO:0090314","positive regulation of protein targeting to membrane","5/510","16/8692",0.3125,5.32598039215686,4.32389353217667,0.00173371704513922,0.0363669746056218,0.0363669746056218,"HPCA/STOM/CIB1/PRNP/ERBB2",5,"Astrocyte","PD_vs_Ctrl","Down"
"GO:0097062","dendritic spine maintenance","5/510","16/8692",0.3125,5.32598039215686,4.32389353217667,0.00173371704513922,0.0363669746056218,0.0363669746056218,"PRNP/NEDD9/CFL1/APOE/VPS35",5,"Astrocyte","PD_vs_Ctrl","Down"
"GO:1904951","positive regulation of establishment of protein localization","20/510","167/8692",0.119760479041916,2.04109428202419,3.39149614997373,0.0017918935148869,0.0365814251662887,0.0365814251662887,"ZDHHC2/HPCA/VPS28/LRRC8A/YWHAE/STOM/CIB1/RAN/PRNP/BSG/TMED10/ERBB2/CD81/CD38/RACK1/ALDOA/APOE/VPS35/B3GAT3/PHPT1",20,"Astrocyte","PD_vs_Ctrl","Down"
"GO:2000146","negative regulation of cell motility","21/510","179/8692",0.11731843575419,1.99947420308906,3.37323822836377,0.00180291358599086,0.0365814251662887,0.0365814251662887,"RHOA/BST2/IDH2/ATP1B2/CD63/GJA1/CLIC4/RHOB/ADGRG1/STK24/DAB2IP/CD74/DPYSL3/CALR/FGF2/DAG1/GSTP1/NEDD9/GADD45A/CFL1/APOE",21,"Astrocyte","PD_vs_Ctrl","Down"
"GO:0003012","muscle system process","27/510","253/8692",0.106719367588933,1.81883282957452,3.29989589617424,0.00180626573148581,0.0365814251662887,0.0365814251662887,"LMOD1/MTPN/SSPN/SRI/RPL7A/PARP1/RPL41/CALM1/ENO1/GJA1/RPL13/RPL28/CALM3/STUB1/AGT/RPL15/C12orf57/RPL18/UBA52/CD38/DAG1/EEF2/ALDOA/JUND/RPL29/RPL19/RPL8",27,"Astrocyte","PD_vs_Ctrl","Down"
"GO:0002501","peptide antigen assembly with MHC protein complex","4/510","10/8692",0.4,6.81725490196078,4.59513662855218,0.0018513870847828,0.0365814251662887,0.0365814251662887,"B2M/HLA-A/CALR/TAPBP",4,"Astrocyte","PD_vs_Ctrl","Down"
"GO:0044829","host-mediated activation of viral genome replication","4/510","10/8692",0.4,6.81725490196078,4.59513662855218,0.0018513870847828,0.0365814251662887,0.0365814251662887,"NUCKS1/EEF1A1/STOM/PPIB",4,"Astrocyte","PD_vs_Ctrl","Down"
"GO:0072234","metanephric nephron tubule development","4/510","10/8692",0.4,6.81725490196078,4.59513662855218,0.0018513870847828,0.0365814251662887,0.0365814251662887,"AQP1/STAT1/HES1/SOX9",4,"Astrocyte","PD_vs_Ctrl","Down"
"GO:0050878","regulation of body fluid levels","19/510","156/8692",0.121794871794872,2.07576671694319,3.38488115481051,0.00189923603092232,0.0373600829904987,0.0373600829904987,"PLSCR1/CSRP1/CD59/FN1/GNAI2/SERPING1/ANGPTL4/CD9/WFS1/F3/PROS1/AQP1/ADGRG1/ACTB/ANXA5/DDR1/ACTG1/APOE/MT-CO2",19,"Astrocyte","PD_vs_Ctrl","Down"
"GO:0030855","epithelial cell differentiation","25/510","231/8692",0.108225108225108,1.84449537390714,3.24775038349897,0.00217436511102913,0.0423953303146031,0.0423953303146031,"ASAH1/RHOA/BTG1/ID2/CNN3/CD63/ZFP36/CLIC4/LGALS3/CEBPB/STAT1/PLEC/ZFP36L1/FGFR2/GSTM3/FSTL1/FGF2/HES1/PSAP/ANXA7/TUBB/CTSB/TXNIP/SOX9/CBR1",25,"Astrocyte","PD_vs_Ctrl","Down"
"GO:0045806","negative regulation of endocytosis","8/510","41/8692",0.195121951219512,3.32549019607843,3.72617725657572,0.0022762670406688,0.0438032953130439,0.0438032953130439,"PLSCR1/CD47/B2M/SYT11/SDCBP/LGALS3/LRPAP1/RACK1",8,"Astrocyte","PD_vs_Ctrl","Down"
"GO:1900242","regulation of synaptic vesicle endocytosis","5/510","17/8692",0.294117647058824,5.01268742791234,4.13442650017964,0.00233899476362888,0.0442636283023774,0.0442636283023774,"PARK7/SYT11/CALM3/ACTB/ACTG1",5,"Astrocyte","PD_vs_Ctrl","Down"
"GO:0050866","negative regulation of cell activation","14/510","102/8692",0.137254901960784,2.33925413302576,3.39669635117919,0.00241353989230083,0.0447146145989415,0.0447146145989415,"HLA-E/SDC4/ID2/FN1/SYT11/CD9/LGALS1/PSMB1/LGALS3/CEBPB/PRNP/PSMA7/VSIR/APOE",14,"Astrocyte","PD_vs_Ctrl","Down"
"GO:0042176","regulation of protein catabolic process","28/510","272/8692",0.102941176470588,1.75444059976932,3.15604860771678,0.00255198445583589,0.0464295459174328,0.0464295459174328,"PSMD7/ZDHHC2/ELOB/CLU/PARK7/GABARAPL2/VPS28/PML/UBB/PSMB1/EEF1A1/CST3/MAP1A/STUB1/DAB2IP/NUPR1/FBXO2/CD81/RACK1/PSMA7/PSMB5/APOE/VPS35/GFAP/TMEM9/PINK1/TIPARP/TIMP3",28,"Astrocyte","PD_vs_Ctrl","Down"
"GO:0051881","regulation of mitochondrial membrane potential","8/510","42/8692",0.19047619047619,3.24631185807656,3.64314843741518,0.00267063173268583,0.0482457797912959,0.0482457797912959,"PARK7/PARP1/UBB/BNIP3/IFI6/RACK1/PINK1/ARL6IP5",8,"Astrocyte","PD_vs_Ctrl","Down"
"GO:0050673","epithelial cell proliferation","19/510","161/8692",0.118012422360248,2.01130191206918,3.23358305867179,0.00273384936651485,0.0491870621796534,0.0491870621796534,"ID2/B2M/HMGB2/SPARC/F3/ZFP36/PTN/CEBPB/DAB2IP/STAT1/NUPR1/ZFP36L1/ERBB2/FGFR2/FGF2/VEGFB/JUND/APOE/SOX9",19,"Astrocyte","PD_vs_Ctrl","Down"
"GO:1900407","regulation of cellular response to oxidative stress","4/510","11/8692",0.363636363636364,6.19750445632799,4.3062234365685,0.00277539251272,0.0493328805674648,0.0493328805674648,"PNPLA8/FADS2/ADCYAP1R1/PINK1",4,"Astrocyte","PD_vs_Ctrl","Down"
"GO:0007416","synapse assembly","14/188","169/8692",0.0828402366863905,3.83003902807503,5.52384783619894,1.64654228665586e-05,0.0208256936434022,0.0208256936434022,"SNCA/SYNDIG1/MYCBP2/GRID2/ELMO1/PTEN/SRGAP2/LRP4/SRGAP2C/SRGAP1/DSCAM/SDK1/ZDHHC2/SRGAP2B",14,"Microglia","AD_vs_Ctrl","Up"
"GO:0040017","positive regulation of locomotion","21/188","346/8692",0.0606936416184971,2.80611240929775,5.0973659033777,1.73700611857687e-05,0.0208256936434022,0.0208256936434022,"RIN2/AKT3/LYVE1/P2RY12/FER/TIAM1/ADAM10/SHTN1/GAB1/INSR/PPP3CA/PREX1/SRGAP2C/DSCAM/HDAC9/MAP4K4/PDGFC/NIPBL/FOXP1/ATM/LPAR1",21,"Microglia","AD_vs_Ctrl","Up"
"GO:0032869","cellular response to insulin stimulus","12/188","128/8692",0.09375,4.3344414893617,5.65056572019508,1.96132992222766e-05,0.0208256936434022,0.0208256936434022,"AKT3/PDE3B/FER/PDK4/SORL1/GAB1/INSR/TBC1D4/IRS2/HDAC9/SESN3/APPL2",12,"Microglia","AD_vs_Ctrl","Up"
"GO:0032868","response to insulin","13/188","150/8692",0.0866666666666667,4.00695035460993,5.52324461345954,2.05723168305148e-05,0.0208256936434022,0.0208256936434022,"AKT3/PDE3B/FER/PDK4/SORL1/GAB1/SORT1/INSR/TBC1D4/IRS2/HDAC9/SESN3/APPL2",13,"Microglia","AD_vs_Ctrl","Up"
"GO:0051056","regulation of small GTPase mediated signal transduction","16/188","222/8692",0.0720720720720721,3.33218324707686,5.23358915965019,2.35265404918687e-05,0.0208256936434022,0.0208256936434022,"MCF2L/CHORDC1/PICALM/TIAM1/FGD4/STARD13/SRGAP2/LRP4/PREX1/ARHGAP22/MAP4K4/ARHGAP6/CHN2/FAM13A/RALGAPA2/LPAR1",16,"Microglia","AD_vs_Ctrl","Up"
"GO:0030335","positive regulation of cell migration","20/188","330/8692",0.0606060606060606,2.80206318504191,4.96219785395841,2.84801155197702e-05,0.0210088318817505,0.0210088318817505,"RIN2/AKT3/LYVE1/P2RY12/FER/TIAM1/ADAM10/SHTN1/GAB1/INSR/PPP3CA/PREX1/SRGAP2C/HDAC9/MAP4K4/PDGFC/NIPBL/FOXP1/ATM/LPAR1",20,"Microglia","AD_vs_Ctrl","Up"
"GO:1901888","regulation of cell junction assembly","14/188","185/8692",0.0756756756756757,3.49879240943071,5.10775431851816,4.53478076728334e-05,0.0232284399907047,0.0232284399907047,"SNCA/SYNDIG1/MYCBP2/GRID2/ELMO1/PTEN/SRGAP2/LRP4/PRKCH/SRGAP2C/SRGAP1/MAP4K4/ARHGAP6/SRGAP2B",14,"Microglia","AD_vs_Ctrl","Up"
"GO:0060284","regulation of cell development","23/188","428/8692",0.0537383177570093,2.4845396699145,4.68296283783518,4.7233610464605e-05,0.0232284399907047,0.0232284399907047,"TAL1/FOXO3/PSMA1/ZBTB16/TIAM1/PCM1/PTEN/SORL1/SHTN1/ZFP36L2/PPP3CA/LRP4/PRKCH/BHLHE41/DSCAM/HDAC9/HSPA1B/CDK6/SPP1/FOXP1/RECK/RFX3/APPL2",23,"Microglia","AD_vs_Ctrl","Up"
"GO:0032870","cellular response to hormone stimulus","20/188","369/8692",0.0542005420054201,2.50591016548463,4.39515782358645,0.000135376833808497,0.0499314888697008,0.0499314888697008,"FOXO3/AKT3/PADI2/CTBP2/NCOA3/PDE3B/FER/PDK4/SORL1/ZFP36L2/GAB1/INSR/PPP3CA/TBC1D4/IRS2/HDAC9/HSPA1B/FOXP1/SESN3/APPL2",20,"Microglia","AD_vs_Ctrl","Up"
"GO:0034097","response to cytokine","60/286","444/8692",0.135135135135135,4.10697410697411,12.3958979304387,7.81389684334648e-22,3.10281626138348e-18,3.10281626138348e-18,"SPPL2A/PTPN2/TNFAIP3/BCL2L1/IL21R/CCR1/IFNGR2/CALM1/DICER1/MNDA/MX1/IL15RA/JAK2/OAS1/STAT3/ZFP36/LAPTM5/GAPDH/GBP2/PIM1/PARP9/IFIT1/IL15/IFIH1/AQP4/ADAR/HCK/NFKB1/PRKCA/PARP14/GCH1/CD47/PTK2B/MCL1/PTPN1/IFIT2/NAIP/GBP1/EIF2AK2/TMSB4X/STAT1/TNFSF13B/IFIT3/XAF1/IRF1/ISG15/CASP4/CD74/IFITM3/MT2A/ZFP36L1/MX2/SLC11A1/IL4R/PSMB9/PLSCR1/SBNO2/STAT2/LYN/RPL13A",60,"Microglia","AD_vs_Ctrl","Down"
"GO:1901652","response to peptide","60/286","449/8692",0.133630289532294,4.06123942872273,12.2857314413206,1.40208597441639e-21,3.10281626138348e-18,3.10281626138348e-18,"SPPL2A/PTPN2/TNFAIP3/BCL2L1/IL21R/CCR1/IFNGR2/CALM1/DICER1/MNDA/MX1/IL15RA/JAK2/OAS1/STAT3/ZFP36/LAPTM5/GAPDH/GBP2/PIM1/PARP9/IFIT1/IL15/IFIH1/AQP4/ADAR/HCK/NFKB1/PRKCA/PARP14/GCH1/CD47/PTK2B/MCL1/PTPN1/IFIT2/NAIP/GBP1/EIF2AK2/TMSB4X/STAT1/TNFSF13B/IFIT3/XAF1/IRF1/ISG15/CASP4/CD74/IFITM3/MT2A/ZFP36L1/MX2/SLC11A1/IL4R/PSMB9/PLSCR1/SBNO2/STAT2/LYN/RPL13A",60,"Microglia","AD_vs_Ctrl","Down"
"GO:0050776","regulation of immune response","58/286","491/8692",0.118126272912424,3.59004742711464,10.8977854993417,3.24449952763909e-18,4.78671830311021e-15,4.78671830311021e-15,"HAVCR2/SPPL2A/PTPN2/TNFAIP3/MNDA/PIK3AP1/OAS1/C1QB/CD226/DDX60/LAPTM5/GBP2/PIM1/PARP9/FCGR1A/IL15/IFIH1/SERPING1/HCK/NFKB1/HLA-B/PARP14/PDE4B/FPR1/PIK3CD/BCL6/CD47/HLA-E/RSAD2/HLA-A/LCP2/PTPN1/TRIM25/GPR65/HLA-DRB1/NAIP/GBP1/EIF2AK2/JUNB/APOE/MSR1/HLA-DRA/TFRC/ZNFX1/IRF1/ISG15/CD74/GRB2/B2M/ALPK1/LAIR1/CLU/RPS19/SLC11A1/PLSCR1/STAT2/LYN/FCGR3A",58,"Microglia","AD_vs_Ctrl","Down"
"GO:0031347","regulation of defense response","53/286","438/8692",0.121004566210046,3.67752338985216,10.6062362106648,4.11459209634028e-17,4.55279615460052e-14,4.55279615460052e-14,"HAVCR2/PTPN2/TNFAIP3/CCR1/MNDA/PIK3AP1/JAK2/OAS1/STAT3/CD226/DDX60/GBP2/PIM1/CUL1/PARP9/IL15/IFIH1/SERPING1/HCK/NFKB1/HLA-B/PARP14/BCL6/CD47/HLA-E/RSAD2/HLA-A/PTPN1/TRIM25/HLA-DRB1/NAIP/GBP1/EIF2AK2/TMSB4X/APOE/MSR1/STAT1/ZNFX1/NUPR1/IRF1/ISG15/CASP4/GRB2/B2M/ALPK1/RPS19/HERC5/TRIM22/PLSCR1/SBNO2/STAT2/MAP3K8/LYN",53,"Microglia","AD_vs_Ctrl","Down"
"GO:0071345","cellular response to cytokine stimulus","48/286","393/8692",0.122137404580153,3.71195216996744,10.1481906443963,1.08425396762366e-15,9.59781612140463e-13,9.59781612140463e-13,"SPPL2A/PTPN2/TNFAIP3/IL21R/CCR1/IFNGR2/CALM1/DICER1/MNDA/MX1/IL15RA/JAK2/OAS1/STAT3/ZFP36/LAPTM5/GAPDH/GBP2/PIM1/PARP9/IFIT1/IL15/AQP4/HCK/NFKB1/PARP14/CD47/PTK2B/PTPN1/IFIT2/NAIP/GBP1/TMSB4X/STAT1/TNFSF13B/IFIT3/IRF1/ISG15/CASP4/CD74/IFITM3/MT2A/ZFP36L1/IL4R/SBNO2/STAT2/LYN/RPL13A",48,"Microglia","AD_vs_Ctrl","Down"
"GO:0009615","response to virus","35/286","222/8692",0.157657657657658,4.79146979146979,10.5551784691529,5.35029756070216e-15,3.78701467775565e-12,3.78701467775565e-12,"TNFAIP3/BCL2L1/IFNGR2/DDX60L/MX1/OAS1/DDX60/GBP2/PARP9/IFIT1/IFIH1/ADAR/NFKB1/RSAD2/TRIM25/IFIT2/GBP1/EIF2AK2/NPC2/STAT1/ENO1/ZNFX1/IFIT3/IFI44/IRF1/ISG15/IFITM3/MX2/CLU/HERC5/TRIM22/IFI6/PLSCR1/STAT2/IFI44L",35,"Microglia","AD_vs_Ctrl","Down"
"GO:0034341","response to type II interferon","21/286","72/8692",0.291666666666667,8.86421911421911,12.3592301430599,5.98940414466551e-15,3.78701467775565e-12,3.78701467775565e-12,"PTPN2/IFNGR2/CALM1/JAK2/GAPDH/GBP2/PIM1/PARP9/AQP4/HCK/PARP14/GCH1/CD47/GBP1/STAT1/IRF1/CD74/IFITM3/SLC11A1/PSMB9/RPL13A",21,"Microglia","AD_vs_Ctrl","Down"
"GO:0002831","regulation of response to biotic stimulus","41/286","316/8692",0.129746835443038,3.94321501283527,9.83038202929132,2.14319023115489e-14,1.18571999538644e-11,1.18571999538644e-11,"HAVCR2/PTPN2/TNFAIP3/MNDA/PIK3AP1/OAS1/CD226/DDX60/GBP2/PIM1/CUL1/PARP9/IFIH1/SERPING1/HCK/PRKCA/HLA-B/PARP14/HLA-E/RSAD2/HLA-A/PTPN1/TRIM25/HLA-DRB1/NAIP/EIF2AK2/APOE/MSR1/STAT1/ZNFX1/IRF1/ISG15/GRB2/B2M/ALPK1/RPS19/HERC5/TRIM22/PLSCR1/STAT2/LYN",41,"Microglia","AD_vs_Ctrl","Down"
"GO:0051607","defense response to virus","29/286","168/8692",0.172619047619048,5.2461704961705,10.2507005639566,1.22881291327682e-13,5.43872595416319e-11,5.43872595416319e-11,"TNFAIP3/BCL2L1/DDX60L/MX1/OAS1/DDX60/GBP2/PARP9/IFIT1/IFIH1/ADAR/RSAD2/TRIM25/IFIT2/GBP1/EIF2AK2/STAT1/ZNFX1/IFIT3/IRF1/ISG15/IFITM3/MX2/HERC5/TRIM22/IFI6/PLSCR1/STAT2/IFI44L",29,"Microglia","AD_vs_Ctrl","Down"
"GO:0006954","inflammatory response","44/286","391/8692",0.112531969309463,3.42002754278969,9.03164126679453,3.77326074798866e-13,1.51822291550889e-10,1.51822291550889e-10,"HAVCR2/PTPN2/TNFAIP3/CCR1/IFNGR2/PIK3AP1/JAK2/STAT3/ZFP36/GBP2/CD163/CUL1/FCGR1A/SIGLEC1/IL15/HCK/NFKB1/FPR1/PIK3CD/BCL6/CD47/HLA-E/NAMPT/HLA-DRB1/NAIP/GBP1/EIF2AK2/TMSB4X/APOE/ADGRE2/TFRC/NUPR1/CASP4/CLU/ACER3/RPS19/SLC11A1/IL4R/HK1/PLSCR1/SBNO2/MAP3K8/LYN/FCGR3A",44,"Microglia","AD_vs_Ctrl","Down"
"GO:0001816","cytokine production","45/286","410/8692",0.109756097560976,3.33566433566434,8.93630418297514,4.82873444103507e-13,1.78099821966844e-10,1.78099821966844e-10,"HAVCR2/TNFAIP3/DICER1/JAK2/OAS1/STAT3/CD226/ZFP36/LAPTM5/GAPDH/FCGR1A/SIGLEC1/IL15/IFIH1/NFKB1/HLA-B/PDE4B/PIK3CD/BCL6/CD47/HLA-E/RSAD2/HLA-A/GPR65/HLA-DRB1/SERPINB1/NAIP/GBP1/EIF2AK2/STAT1/LITAF/XAF1/IRF1/ISG15/CD74/SLC7A5/B2M/CLU/SLC11A1/ITGAV/IL4R/PSMB9/HK1/LYN/FCGR3A",45,"Microglia","AD_vs_Ctrl","Down"
"GO:0045088","regulation of innate immune response","35/286","264/8692",0.132575757575758,4.02919050646323,9.21912037682277,1.08664677982915e-12,3.69961434424909e-10,3.69961434424909e-10,"HAVCR2/PTPN2/TNFAIP3/MNDA/PIK3AP1/OAS1/CD226/DDX60/GBP2/PIM1/PARP9/IFIH1/SERPING1/HCK/HLA-B/PARP14/HLA-E/RSAD2/HLA-A/PTPN1/TRIM25/NAIP/EIF2AK2/APOE/MSR1/ZNFX1/IRF1/ISG15/GRB2/B2M/ALPK1/RPS19/PLSCR1/STAT2/LYN",35,"Microglia","AD_vs_Ctrl","Down"
"GO:0001817","regulation of cytokine production","44/286","405/8692",0.108641975308642,3.30180436847104,8.75024978986578,1.29887936049782e-12,4.10631432111669e-10,4.10631432111669e-10,"HAVCR2/TNFAIP3/DICER1/JAK2/OAS1/STAT3/CD226/ZFP36/LAPTM5/GAPDH/FCGR1A/SIGLEC1/IL15/IFIH1/NFKB1/HLA-B/PDE4B/PIK3CD/BCL6/CD47/HLA-E/RSAD2/HLA-A/GPR65/HLA-DRB1/SERPINB1/NAIP/GBP1/EIF2AK2/STAT1/LITAF/XAF1/IRF1/ISG15/CD74/SLC7A5/B2M/CLU/SLC11A1/IL4R/PSMB9/HK1/LYN/FCGR3A",44,"Microglia","AD_vs_Ctrl","Down"
"GO:0002250","adaptive immune response","31/286","225/8692",0.137777777777778,4.18728826728827,8.93451581515187,8.50574469314796e-12,2.35290162574205e-09,2.35290162574205e-09,"HAVCR2/TNFAIP3/IL21R/PAG1/DBNL/JAK2/C1QB/STAT3/CD226/FCGR1A/HLA-B/PIK3CD/BCL6/PTK2B/HLA-E/RSAD2/HLA-A/HLA-DRB1/CTSL/JUNB/HLA-DRA/TFRC/IRF1/CD74/B2M/LAIR1/CLU/SLC11A1/PSMB9/LYN/FCGR3A",31,"Microglia","AD_vs_Ctrl","Down"
"GO:0045321","leukocyte activation","46/286","471/8692",0.0976645435244161,2.96818256053925,8.10096409854786,1.66377435351855e-11,4.33168546392536e-09,4.33168546392535e-09,"HAVCR2/PTPN2/TNFAIP3/IL21R/PAG1/IFNGR2/ACTB/MNDA/ID2/JAK2/STAT3/CD226/LAPTM5/MCUB/IL15/PIK3CD/BCL6/CD47/PTK2B/HLA-E/RSAD2/HLA-A/LCP2/GPR65/HLA-DRB1/CTSL/LST1/JUNB/ADGRE2/HLA-DRA/TFRC/TNFSF13B/IRF1/CD74/ZFP36L1/GRB2/B2M/CLU/SLC11A1/IL4R/PSMB9/PLSCR1/SBNO2/MAP3K8/LYN/FCGR3A",46,"Microglia","AD_vs_Ctrl","Down"
"GO:0002694","regulation of leukocyte activation","34/286","278/8692",0.122302158273381,3.71695929969311,8.49234199872458,2.34027178378569e-11,5.75446828613081e-09,5.75446828613081e-09,"HAVCR2/PTPN2/TNFAIP3/PAG1/ACTB/MNDA/ID2/JAK2/CD226/LAPTM5/MCUB/IL15/PIK3CD/BCL6/CD47/HLA-E/HLA-A/GPR65/HLA-DRB1/LST1/JUNB/HLA-DRA/TFRC/TNFSF13B/IRF1/CD74/ZFP36L1/B2M/IL4R/PSMB9/PLSCR1/MAP3K8/LYN/FCGR3A",34,"Microglia","AD_vs_Ctrl","Down"
"GO:0002252","immune effector process","33/286","267/8692",0.123595505617978,3.75626620570441,8.437524266738,3.54195198367256e-11,7.83833973986738e-09,7.83833973986738e-09,"HAVCR2/IL21R/C1QB/STAT3/CD226/DDX60/LAPTM5/FCGR1A/SERPING1/HCK/HLA-B/PIK3CD/PTK2B/HLA-E/RSAD2/HLA-A/HLA-DRB1/JUNB/ADGRE2/HLA-DRA/TFRC/CD74/SLC7A5/GRB2/B2M/CLU/RPS19/SLC11A1/PSMB9/HK1/SBNO2/LYN/FCGR3A",33,"Microglia","AD_vs_Ctrl","Down"
"GO:0002181","cytoplasmic translation","24/286","160/8692",0.15,4.55874125874126,8.38019607341341,3.6979038748648e-10,6.84884739895376e-08,6.84884739895376e-08,"RPS11/RPS4X/RPS9/RPL41/RPS20/RACK1/RPL27/RPS7/RPL14/RPL15/GAPDH/RPS15/RPS5/RPL36/EIF2AK2/RPS16/RPS8/RPL28/RPL19/SH3BGRL/RPS6/RPS19/RPL27A/RPL13A",24,"Microglia","AD_vs_Ctrl","Down"
"GO:0030097","hemopoiesis","41/286","438/8692",0.0936073059360731,2.84487658460261,7.30794618264762,8.92083556825076e-10,1.46235623055844e-07,1.46235623055844e-07,"PTPN2/CCR1/ACTB/ID2/JAK2/STAT3/ZFP36/LAPTM5/PIM1/SNX10/ETV6/IL15/PRKCA/HLA-B/PIK3CD/BCL6/PTK2B/RSAD2/GPR65/HLA-DRB1/MAFB/EIF2AK2/CTSL/TMSB4X/JUNB/STAT1/HLA-DRA/TFRC/TNFSF13B/TPM4/TRPM2/IRF1/ISG15/CD74/ZFP36L1/RPS19/GLUL/IL4R/PSMB9/SBNO2/LYN",41,"Microglia","AD_vs_Ctrl","Down"
"GO:0032103","positive regulation of response to external stimulus","36/286","359/8692",0.100278551532033,3.04762646823928,7.30836900025346,1.66665725044276e-09,2.54366378981367e-07,2.54366378981367e-07,"HAVCR2/TNFAIP3/CCR1/MNDA/PIK3AP1/OAS1/STAT3/CD226/DDX60/GBP2/PARP9/IL15/IFIH1/LGMN/HCK/PRKCA/CD47/PTK2B/HLA-E/RSAD2/TRIM25/NAIP/GBP1/EIF2AK2/TMSB4X/MSR1/ZNFX1/NUPR1/IRF1/CASP4/CD74/ALPK1/RPS19/PLSCR1/MAP3K8/LYN",36,"Microglia","AD_vs_Ctrl","Down"
"GO:0006897","endocytosis","41/286","448/8692",0.0915178571428571,2.78137487512488,7.14082741405795,1.75922781904359e-09,2.59544744236231e-07,2.59544744236231e-07,"BCL2L1/DBNL/CALM1/ACTB/MCTP1/RACK1/MX1/IL15RA/HPCA/STAT3/RABGAP1L/FKBP15/FCGR1A/SIGLEC1/IL15/DTNBP1/ARHGAP25/HCK/CD47/IGF2R/PTPN1/CALM3/APOC1/CTSL/DENND1A/HAMP/ANK2/APOE/MSR1/TBC1D2B/TFRC/GRB2/B2M/MX2/ACTG1/CLU/SLC11A1/ITGAV/PLSCR1/GAS7/LYN",41,"Microglia","AD_vs_Ctrl","Down"
"GO:0048525","negative regulation of viral process","12/286","40/8692",0.3,9.11748251748252,9.49109457380961,3.13775480381827e-09,4.33990711303114e-07,4.33990711303114e-07,"MX1/OAS1/ZFP36/IFIT1/IFIH1/RSAD2/EIF2AK2/STAT1/ZNFX1/ISG15/IFITM3/PLSCR1",12,"Microglia","AD_vs_Ctrl","Down"
"GO:0002697","regulation of immune effector process","22/286","153/8692",0.143790849673203,4.37003519356461,7.75710809907668,4.65488047936295e-09,5.56824351396227e-07,5.56824351396227e-07,"HAVCR2/CD226/DDX60/LAPTM5/SERPING1/HLA-B/HLA-E/RSAD2/HLA-A/HLA-DRB1/JUNB/ADGRE2/HLA-DRA/TFRC/CD74/SLC7A5/GRB2/B2M/CLU/RPS19/HK1/LYN",22,"Microglia","AD_vs_Ctrl","Down"
"GO:0019883","antigen processing and presentation of endogenous antigen","8/286","15/8692",0.533333333333333,16.2088578088578,10.8737821794175,6.56647386686135e-09,7.45210598326368e-07,7.45210598326368e-07,"TAPBP/HLA-B/HLA-E/HLA-A/HLA-DRB1/HLA-DRA/CD74/B2M",8,"Microglia","AD_vs_Ctrl","Down"
"GO:0140888","interferon-mediated signaling pathway","13/286","57/8692",0.228070175438596,6.93141945773525,8.28682357909177,2.69769016124167e-08,2.7767387566641e-06,2.7767387566641e-06,"PTPN2/IFNGR2/JAK2/OAS1/PARP9/HCK/PARP14/PTPN1/STAT1/IRF1/ISG15/IFITM3/STAT2",13,"Microglia","AD_vs_Ctrl","Down"
"GO:0001906","cell killing","15/286","86/8692",0.174418604651163,5.30086192876891,7.3931114640806,1.05733792325136e-07,9.12296431928621e-06,9.12296431928621e-06,"HAVCR2/CD226/GBP2/FCGR1A/HLA-B/HLA-E/HLA-A/HLA-DRB1/GBP1/HAMP/HLA-DRA/GRB2/CLU/RPS19/FCGR3A",15,"Microglia","AD_vs_Ctrl","Down"
"GO:1903706","regulation of hemopoiesis","24/286","213/8692",0.112676056338028,3.42440657933616,6.60763639635391,1.17692727788796e-07,9.34586678755351e-06,9.34586678755351e-06,"PTPN2/CCR1/ACTB/ID2/STAT3/ZFP36/PRKCA/HLA-B/BCL6/PTK2B/GPR65/HLA-DRB1/MAFB/JUNB/STAT1/HLA-DRA/IRF1/ISG15/CD74/ZFP36L1/GLUL/IL4R/PSMB9/LYN",24,"Microglia","AD_vs_Ctrl","Down"
"GO:0070661","leukocyte proliferation","18/286","126/8692",0.142857142857143,4.34165834165834,6.96917677806982,1.35831281096435e-07,1.05471798268916e-05,1.05471798268916e-05,"HAVCR2/TNFAIP3/MNDA/JAK2/LAPTM5/IL15/HLA-E/HLA-A/HLA-DRB1/LST1/TFRC/TNFSF13B/IRF1/CD74/CLU/SLC11A1/LYN/FCGR3A",18,"Microglia","AD_vs_Ctrl","Down"
"GO:0030100","regulation of endocytosis","22/286","186/8692",0.118279569892473,3.59470636889992,6.59789195576736,1.71837968920827e-07,1.28872032226977e-05,1.28872032226977e-05,"ACTB/MCTP1/RACK1/IL15RA/HPCA/STAT3/FCGR1A/IL15/DTNBP1/HCK/CD47/PTPN1/CALM3/APOC1/HAMP/APOE/B2M/ACTG1/CLU/SLC11A1/ITGAV/PLSCR1",22,"Microglia","AD_vs_Ctrl","Down"
"GO:0048871","multicellular organismal-level homeostasis","33/286","377/8692",0.0875331564986737,2.66027341358906,6.0791430148815,2.27361224468702e-07,1.59730282460075e-05,1.59730282460075e-05,"PTPN2/TNFAIP3/ACTB/ID2/JAK2/OAS1/CKB/STAT3/ZFP36/ACSL1/IL15/AQP4/PRKCA/PDE4B/PIK3CD/PTK2B/MAFB/HAMP/S100B/STAT1/TFRC/TNFSF13B/TRPM2/ISG15/CD74/ZFP36L1/ACTG1/RPS19/SLC11A1/GLUL/IL4R/PSMB9/LYN",33,"Microglia","AD_vs_Ctrl","Down"
"GO:0048872","homeostasis of number of cells","18/286","133/8692",0.135338345864662,4.11315000788685,6.67325243740644,3.1318283533406e-07,2.03845180763022e-05,2.03845180763022e-05,"PTPN2/TNFAIP3/ID2/JAK2/STAT3/ZFP36/PDE4B/PIK3CD/MAFB/STAT1/TNFSF13B/ISG15/CD74/ZFP36L1/RPS19/GLUL/PSMB9/LYN",18,"Microglia","AD_vs_Ctrl","Down"
"GO:0043069","negative regulation of programmed cell death","36/286","443/8692",0.0812641083521445,2.46974695733161,5.85688881723919,3.89406486695554e-07,2.46216158587789e-05,2.46216158587789e-05,"TNFAIP3/BCL2L1/RACK1/IL15RA/JAK2/STAT3/LAPTM5/PIM1/GRINA/IL15/LGMN/HCK/NFKB1/PRKCA/MT3/BCL6/PTK2B/MCL1/PTPN1/BCL2A1/SNX6/NAIP/RNF144B/SOD2/ESR1/ENO1/TFRC/LARGE1/NUPR1/IFIT3/CD74/SLC7A5/FTH1/CLU/ITGAV/IFI6",36,"Microglia","AD_vs_Ctrl","Down"
"GO:0046651","lymphocyte proliferation","16/286","108/8692",0.148148148148148,4.5024605024605,6.75559286541773,4.12788802721183e-07,2.46892329843778e-05,2.46892329843778e-05,"HAVCR2/MNDA/JAK2/LAPTM5/IL15/HLA-E/HLA-A/HLA-DRB1/LST1/TFRC/TNFSF13B/IRF1/CD74/SLC11A1/LYN/FCGR3A",16,"Microglia","AD_vs_Ctrl","Down"
"GO:0070663","regulation of leukocyte proliferation","16/286","108/8692",0.148148148148148,4.5024605024605,6.75559286541773,4.12788802721183e-07,2.46892329843778e-05,2.46892329843778e-05,"HAVCR2/TNFAIP3/MNDA/JAK2/LAPTM5/IL15/HLA-E/HLA-A/HLA-DRB1/LST1/TFRC/TNFSF13B/IRF1/CD74/LYN/FCGR3A",16,"Microglia","AD_vs_Ctrl","Down"
"GO:1903037","regulation of leukocyte cell-cell adhesion","21/286","186/8692",0.112903225806452,3.43131062485901,6.18240468594146,7.24031389897314e-07,3.81495587105418e-05,3.81495587105418e-05,"HAVCR2/PTPN2/PAG1/ACTB/JAK2/LAPTM5/IL15/PIK3CD/BCL6/CD47/HLA-E/HLA-A/GPR65/HLA-DRB1/HLA-DRA/TFRC/IRF1/B2M/PSMB9/MAP3K8/LYN",21,"Microglia","AD_vs_Ctrl","Down"
"GO:0007259","cell surface receptor signaling pathway via JAK-STAT","13/286","76/8692",0.171052631578947,5.19856459330144,6.78075399822254,9.60013804249652e-07,4.77418100854939e-05,4.77418100854939e-05,"PTPN2/IL21R/CALM1/IL15RA/JAK2/STAT3/PARP9/IL15/PARP14/PTK2B/STAT1/IL4R/STAT2",13,"Microglia","AD_vs_Ctrl","Down"
"GO:0060284","regulation of cell development","34/286","428/8692",0.0794392523364486,2.41428664793151,5.53461441940096,1.42116662191808e-06,6.69157815809514e-05,6.69157815809514e-05,"PTPN2/CCR1/GFAP/PLXNC1/GOLGA4/ACTB/DICER1/ID2/STAT3/ZFP36/PRKCA/HLA-B/MT3/BCL6/PTK2B/GPR65/HLA-DRB1/MAFB/JUNB/STAT1/HLA-DRA/RUFY3/IRF1/ISG15/CD74/ZFP36L1/SLC7A5/B2M/RPS19/GLUL/IL4R/PSMB9/VIM/LYN",34,"Microglia","AD_vs_Ctrl","Down"
"GO:0060759","regulation of response to cytokine stimulus","15/286","105/8692",0.142857142857143,4.34165834165834,6.35417485170425,1.53811016473334e-06,7.091328738656e-05,7.091328738656e-05,"SPPL2A/PTPN2/TNFAIP3/DICER1/OAS1/LAPTM5/PARP9/IFIH1/PARP14/PTPN1/NAIP/ISG15/CASP4/CD74/STAT2",15,"Microglia","AD_vs_Ctrl","Down"
"GO:0002720","positive regulation of cytokine production involved in immune response","9/286","36/8692",0.25,7.5979020979021,7.31680856181774,1.71761699083437e-06,7.837291547869e-05,7.837291547869e-05,"CD226/LAPTM5/HLA-E/RSAD2/HLA-A/CD74/SLC7A5/B2M/HK1",9,"Microglia","AD_vs_Ctrl","Down"
"GO:0006959","humoral immune response","11/286","58/8692",0.189655172413793,5.76392572944297,6.71422909175127,2.31949300544095e-06,0.000102513074046123,0.000102513074046123,"C1QB/GAPDH/SERPING1/HLA-E/HLA-A/HLA-DRB1/HAMP/B2M/CLU/RPS19/SLC11A1",11,"Microglia","AD_vs_Ctrl","Down"
"GO:0050870","positive regulation of T cell activation","16/286","123/8692",0.130081300813008,3.95337995337995,6.08457159549257,2.45938994261486e-06,0.000105682134815664,0.000105682134815664,"HAVCR2/ACTB/JAK2/IL15/PIK3CD/BCL6/CD47/HLA-E/HLA-A/GPR65/HLA-DRB1/HLA-DRA/TFRC/B2M/MAP3K8/LYN",16,"Microglia","AD_vs_Ctrl","Down"
"GO:0032102","negative regulation of response to external stimulus","21/286","201/8692",0.104477611940299,3.17524266777998,5.75505555565567,2.58602832368561e-06,0.00011005539769839,0.00011005539769839,"HAVCR2/PTPN2/TNFAIP3/OAS1/STAT3/PIM1/SERPING1/HCK/NFKB1/HLA-B/PARP14/HLA-E/HLA-A/HLA-DRB1/TMSB4X/APOE/ISG15/GRB2/RPS19/STAT2/LYN",21,"Microglia","AD_vs_Ctrl","Down"
"GO:1901740","negative regulation of myoblast fusion","9/286","39/8692",0.230769230769231,7.01344809037117,6.94217754889695,3.54466909019217e-06,0.00014262459448355,0.00014262459448355,"RPL41/RPL27/RPL14/RPL15/RPL36/RPL28/RPL19/RPL27A/RPL13A",9,"Microglia","AD_vs_Ctrl","Down"
"GO:0007159","leukocyte cell-cell adhesion","21/286","208/8692",0.100961538461538,3.06838353953739,5.56910760352982,4.4744569363873e-06,0.000175256162835842,0.000175256162835842,"HAVCR2/PTPN2/PAG1/ACTB/JAK2/LAPTM5/IL15/PIK3CD/BCL6/CD47/HLA-E/HLA-A/GPR65/HLA-DRB1/HLA-DRA/TFRC/IRF1/B2M/PSMB9/MAP3K8/LYN",21,"Microglia","AD_vs_Ctrl","Down"
"GO:0071222","cellular response to lipopolysaccharide","14/286","102/8692",0.137254901960784,4.17139723022076,5.94261158431001,5.58768759716674e-06,0.000211376968419316,0.000211376968419316,"HAVCR2/TNFAIP3/JAK2/ZFP36/GBP2/HCK/NFKB1/PRKCA/PDE4B/SLC7A5/B2M/SBNO2/VIM/LYN",14,"Microglia","AD_vs_Ctrl","Down"
"GO:0051093","negative regulation of developmental process","34/286","458/8692",0.074235807860262,2.25614560112377,5.09437004654084,6.40524992184277e-06,0.00023429451367005,0.00023429451367005,"PTPN2/CCR1/ACTB/RPL41/DICER1/RPL27/RPL14/CST3/ID2/RPL15/ZFP36/LAPTM5/DTNBP1/MT3/PTK2B/RPL36/MAFB/TMSB4X/S100B/APOE/STAT1/TFRC/RUFY3/IRF1/RPL28/ZFP36L1/RPL19/B2M/ITGAV/PSMB9/CDKN1A/RPL27A/LYN/RPL13A",34,"Microglia","AD_vs_Ctrl","Down"
"GO:0031341","regulation of cell killing","9/286","42/8692",0.214285714285714,6.51248751248751,6.60522184924618,6.83829230734013e-06,0.00024606733131941,0.00024606733131941,"HAVCR2/CD226/HLA-B/HLA-E/HLA-A/HLA-DRB1/HLA-DRA/GRB2/CLU",9,"Microglia","AD_vs_Ctrl","Down"
"GO:0002501","peptide antigen assembly with MHC protein complex","5/286","10/8692",0.5,15.1958041958042,8.28463364797484,8.19620623057838e-06,0.000285641013988503,0.000285641013988503,"TAPBP/HLA-A/HLA-DRB1/HLA-DRA/B2M",5,"Microglia","AD_vs_Ctrl","Down"
"GO:0019730","antimicrobial humoral response","7/286","24/8692",0.291666666666667,8.86421911421911,7.11582032535039,8.29810759861325e-06,0.000286933001808299,0.000286933001808299,"GAPDH/HLA-E/HLA-A/HAMP/B2M/RPS19/SLC11A1",7,"Microglia","AD_vs_Ctrl","Down"
"GO:0140894","endolysosomal toll-like receptor signaling pathway","8/286","33/8692",0.242424242424242,7.36766264038991,6.75968323796977,8.44534308141924e-06,0.000287531449833551,0.00028753144983355,"HAVCR2/TNFAIP3/PIK3AP1/OAS1/RSAD2/MSR1/IRF1/LYN",8,"Microglia","AD_vs_Ctrl","Down"
"GO:0002367","cytokine production involved in immune response","9/286","45/8692",0.2,6.07832167832168,6.29965742523006,1.24613353888221e-05,0.000396790434754869,0.000396790434754869,"CD226/LAPTM5/HLA-E/RSAD2/HLA-A/CD74/SLC7A5/B2M/HK1",9,"Microglia","AD_vs_Ctrl","Down"
"GO:0016064","immunoglobulin mediated immune response","9/286","45/8692",0.2,6.07832167832168,6.29965742523006,1.24613353888221e-05,0.000396790434754869,0.000396790434754869,"IL21R/C1QB/CD226/FCGR1A/HLA-E/TFRC/CD74/CLU/FCGR3A",9,"Microglia","AD_vs_Ctrl","Down"
"GO:0019079","viral genome replication","11/286","69/8692",0.159420289855072,4.84503901895206,5.91451724400411,1.34648764516873e-05,0.000425682451251201,0.000425682451251201,"MX1/OAS1/IFIT1/IFIH1/ADAR/RSAD2/EIF2AK2/ZNFX1/ISG15/IFITM3/PLSCR1",11,"Microglia","AD_vs_Ctrl","Down"
"GO:0097193","intrinsic apoptotic signaling pathway","19/286","189/8692",0.100529100529101,3.05524105524105,5.26903129450302,1.3708478272755e-05,0.00043031010521428,0.00043031010521428,"PTPN2/BCL2L1/RACK1/RPS7/JAK2/STAT3/LAPTM5/CUL1/MCL1/PTPN1/BCL2A1/SOD2/ENO1/NUPR1/CASP4/CD74/CLU/CDKN1A/IFI6",19,"Microglia","AD_vs_Ctrl","Down"
"GO:0001916","positive regulation of T cell mediated cytotoxicity","5/286","11/8692",0.454545454545455,13.8143674507311,7.84389617158322,1.46227508068998e-05,0.000455776725854495,0.000455776725854495,"HLA-B/HLA-E/HLA-A/HLA-DRB1/HLA-DRA",5,"Microglia","AD_vs_Ctrl","Down"
"GO:0001910","regulation of leukocyte mediated cytotoxicity","8/286","36/8692",0.222222222222222,6.75369075369075,6.38061207092509,1.68905752281891e-05,0.000505119499729494,0.000505119499729493,"HAVCR2/CD226/HLA-B/HLA-E/HLA-A/HLA-DRB1/HLA-DRA/GRB2",8,"Microglia","AD_vs_Ctrl","Down"
"GO:0001909","leukocyte mediated cytotoxicity","10/286","61/8692",0.163934426229508,4.98223088387023,5.75683781018809,2.59328716833997e-05,0.000731075732934566,0.000731075732934566,"HAVCR2/CD226/FCGR1A/HLA-B/HLA-E/HLA-A/HLA-DRB1/HLA-DRA/GRB2/FCGR3A",10,"Microglia","AD_vs_Ctrl","Down"
"GO:0043068","positive regulation of programmed cell death","24/286","292/8692",0.0821917808219178,2.49794041574863,4.80252373564267,3.16658168552077e-05,0.000870514940379809,0.000870514940379809,"TNFSF10/PTPN2/RPS6KA2/BCL2L1/RACK1/MNDA/RPS7/JAK2/LAPTM5/PIK3CD/BCL6/IGF2R/MCL1/PTPN1/BCL2A1/IFIT2/S100B/SOD2/NUPR1/CASP4/CLU/RPS6/KCNMA1/LYN",24,"Microglia","AD_vs_Ctrl","Down"
"GO:0071216","cellular response to biotic stimulus","14/286","119/8692",0.117647058823529,3.57548334018922,5.21781903129945,3.36358471060596e-05,0.000918964563527283,0.000918964563527283,"HAVCR2/TNFAIP3/JAK2/ZFP36/GBP2/HCK/NFKB1/PRKCA/PDE4B/SLC7A5/B2M/SBNO2/VIM/LYN",14,"Microglia","AD_vs_Ctrl","Down"
"GO:0002366","leukocyte activation involved in immune response","15/286","135/8692",0.111111111111111,3.37684537684538,5.13369717461295,3.49679420625782e-05,0.000949497616987552,0.000949497616987552,"HAVCR2/STAT3/PIK3CD/PTK2B/HLA-DRB1/JUNB/ADGRE2/HLA-DRA/TFRC/CD74/SLC11A1/PSMB9/SBNO2/LYN/FCGR3A",15,"Microglia","AD_vs_Ctrl","Down"
"GO:0007260","tyrosine phosphorylation of STAT protein","6/286","21/8692",0.285714285714286,8.68331668331668,6.50200032431571,4.30466670816975e-05,0.00113407469347377,0.00113407469347377,"PTPN2/JAK2/PARP9/IL15/PARP14/IL4R",6,"Microglia","AD_vs_Ctrl","Down"
"GO:0002507","tolerance induction","5/286","14/8692",0.357142857142857,10.8541458541459,6.80606950271542,5.84019688881125e-05,0.00142025886977355,0.00142025886977355,"HAVCR2/TNFAIP3/HLA-B/HLA-E/LYN",5,"Microglia","AD_vs_Ctrl","Down"
"GO:0051129","negative regulation of cellular component organization","32/286","469/8692",0.0682302771855011,2.07362786467264,4.40908274683085,6.50432443626037e-05,0.00153947272486034,0.00153947272486034,"BCL2L1/RPL41/MCTP1/RACK1/RPL27/RPL14/CST3/IL15RA/LIMK2/RPL15/GAPDH/XRN1/DTNBP1/MT3/CD47/PTPN1/RPL36/APOC1/TMSB4X/APOE/TFRC/NUPR1/RUFY3/RPL28/RPL19/B2M/CLU/RPS6/IFI6/RPL27A/PLSCR1/RPL13A",32,"Microglia","AD_vs_Ctrl","Down"
"GO:0042274","ribosomal small subunit biogenesis","10/286","70/8692",0.142857142857143,4.34165834165834,5.17762096426078,8.78472990393699e-05,0.0019736657134429,0.0019736657134429,"RPS11/RPS4X/RPS9/RPS7/RPS15/RPS5/RPS16/RPS8/RPS6/RPS19",10,"Microglia","AD_vs_Ctrl","Down"
"GO:2001234","negative regulation of apoptotic signaling pathway","13/286","114/8692",0.114035087719298,3.46570972886762,4.88792521001793,8.89312439777697e-05,0.00198792770629095,0.00198792770629095,"TNFAIP3/BCL2L1/RACK1/STAT3/GRINA/MCL1/PTPN1/SOD2/ENO1/CD74/CLU/ITGAV/IFI6",13,"Microglia","AD_vs_Ctrl","Down"
"GO:0051402","neuron apoptotic process","14/286","132/8692",0.106060606060606,3.22335240517059,4.74768161019631,0.000106158130875139,0.00228085382161829,0.00228085382161829,"JAK2/STAT3/GAPDH/GRINA/LGMN/MT3/PTK2B/MCL1/SNX6/NAIP/SOD2/NUPR1/CASP4/CLU",14,"Microglia","AD_vs_Ctrl","Down"
"GO:0002228","natural killer cell mediated immunity","8/286","46/8692",0.173913043478261,5.28549711158407,5.37521333702856,0.000109431488550306,0.00233982496774711,0.00233982496774711,"HAVCR2/CD226/HLA-B/HLA-E/HLA-A/GRB2/B2M/FCGR3A",8,"Microglia","AD_vs_Ctrl","Down"
"GO:0033993","response to lipid","30/286","449/8692",0.066815144766147,2.03061971436136,4.13620604450968,0.000161803999700084,0.00328506652602097,0.00328506652602097,"HAVCR2/TNFAIP3/JAK2/STAT3/ZFP36/GBP2/PIM1/XRN1/ACSL1/HCK/NFKB1/PRKCA/PDE4B/GCH1/IGF2R/PTK2B/TRIM25/CALM3/JUNB/S100B/SOD2/ESR1/TFRC/ZFP36L1/SLC7A5/B2M/SLC11A1/SBNO2/VIM/LYN",30,"Microglia","AD_vs_Ctrl","Down"
"GO:0140253","cell-cell fusion","9/286","62/8692",0.145161290322581,4.41168508910444,4.97258920670288,0.000174733635834974,0.00346803171392644,0.00346803171392643,"RPL41/RPL27/RPL14/RPL15/RPL36/RPL28/RPL19/RPL27A/RPL13A",9,"Microglia","AD_vs_Ctrl","Down"
"GO:0000041","transition metal ion transport","9/286","63/8692",0.142857142857143,4.34165834165834,4.90992980826325,0.000198076113315109,0.00386204791864614,0.00386204791864614,"FLVCR2/MT3/HAMP/TFRC/TRPM2/B2M/FTH1/SLC11A1/TMEM163",9,"Microglia","AD_vs_Ctrl","Down"
"GO:0006941","striated muscle contraction","13/286","127/8692",0.102362204724409,3.1109520400859,4.4201778297466,0.000266464720399933,0.00497625676156162,0.00497625676156162,"CALM1/RPL41/RPL27/RPL14/RPL15/PDE4B/RPL36/CALM3/ANK2/RPL28/RPL19/RPL27A/RPL13A",13,"Microglia","AD_vs_Ctrl","Down"
"GO:2000644","regulation of receptor catabolic process","4/286","11/8692",0.363636363636364,11.0514939605849,6.15269347466896,0.000315439730975133,0.00572149562749654,0.00572149562749654,"LAPTM5/PTPN1/HAMP/APOE",4,"Microglia","AD_vs_Ctrl","Down"
"GO:0045937","positive regulation of phosphate metabolic process","16/286","182/8692",0.0879120879120879,2.67178974871283,4.204126453867,0.000318004501663838,0.00572149562749654,0.00572149562749654,"UCHL1/RACK1/JAK2/STAT3/PARP9/IL15/PARP14/MT3/PTK2B/LCP2/TMSB4X/ENO1/IL4R/CDKN1A/FAM20A/LYN",16,"Microglia","AD_vs_Ctrl","Down"
"GO:0009166","nucleotide catabolic process","11/286","97/8692",0.11340206185567,3.44647105471848,4.4691631286839,0.000324495770373283,0.00574487311868861,0.00574487311868861,"TYMP/PFKFB3/DPYD/ADPGK/UCHL1/GAPDH/PARP14/PDE4B/ENO1/NUPR1/HK1",11,"Microglia","AD_vs_Ctrl","Down"
"GO:0160307","protein biosynthetic process","29/286","446/8692",0.0650224215246637,1.97613597165167,3.90372557646731,0.000330412755184316,0.00580320180335628,0.00580320180335628,"RPS11/RPS4X/RPS9/RPL41/RPS20/RACK1/RPL27/RPS7/RPL14/RPL15/ZFP36/GAPDH/XRN1/RPS15/CIRBP/PRKCA/RPS5/RPL36/EIF2AK2/RPS16/RPS8/RPL28/ZFP36L1/RPL19/SH3BGRL/RPS6/RPS19/RPL27A/RPL13A",29,"Microglia","AD_vs_Ctrl","Down"
"GO:0010657","muscle cell apoptotic process","7/286","43/8692",0.162790697674419,4.94747113351765,4.78622863543747,0.000451978317646068,0.00749234469626028,0.00749234469626028,"JAK2/PTPN1/SOD2/ESR1/LARGE1/NUPR1/SLC7A5",7,"Microglia","AD_vs_Ctrl","Down"
"GO:0098581","detection of external biotic stimulus","4/286","12/8692",0.333333333333333,10.1305361305361,5.83781379539905,0.000460962240849167,0.00761275700745676,0.00761275700745676,"HLA-B/HLA-A/HLA-DRB1/NAIP",4,"Microglia","AD_vs_Ctrl","Down"
"GO:0051248","negative regulation of protein metabolic process","24/286","349/8692",0.0687679083094556,2.08996733925101,3.83343651117868,0.000492610180462387,0.00807515799528343,0.00807515799528343,"PTPN2/TNFAIP3/RACK1/RPS7/CST3/ZFP36/GAPDH/XRN1/CIRBP/ADAR/PRKCA/PARP14/PTPN1/SERPINB1/SNX6/EIF2AK2/APOE/ISG15/ZFP36L1/CLU/ITGAV/CDKN1A/LYN/RPL13A",24,"Microglia","AD_vs_Ctrl","Down"
"GO:0008637","apoptotic mitochondrial changes","8/286","57/8692",0.140350877192982,4.26548889706784,4.56223515843145,0.000506593912401525,0.00824332594223952,0.00824332594223952,"TNFSF10/BCL2L1/MCL1/BCL2A1/IFIT2/SOD2/CLU/IFI6",8,"Microglia","AD_vs_Ctrl","Down"
"GO:0072526","pyridine-containing compound catabolic process","8/286","57/8692",0.140350877192982,4.26548889706784,4.56223515843145,0.000506593912401525,0.00824332594223952,0.00824332594223952,"PFKFB3/ADPGK/UCHL1/GAPDH/PARP14/ENO1/NUPR1/HK1",8,"Microglia","AD_vs_Ctrl","Down"
"GO:0002440","production of molecular mediator of immune response","10/286","88/8692",0.113636363636364,3.45359186268277,4.26694118415069,0.0005936320501304,0.00938362662098983,0.00938362662098983,"CD226/LAPTM5/HLA-E/RSAD2/HLA-A/TFRC/CD74/SLC7A5/B2M/HK1",10,"Microglia","AD_vs_Ctrl","Down"
"GO:0042552","myelination","9/286","75/8692",0.12,3.64699300699301,4.24647506095878,0.000744813132422531,0.0112509997409629,0.0112509997409629,"DICER1/ANK2/S100B/EPB41L3/GRB2/B4GALT5/CLU/ACER3/TMEM163",9,"Microglia","AD_vs_Ctrl","Down"
"GO:0045730","respiratory burst","4/286","14/8692",0.285714285714286,8.68331668331668,5.30671943890757,0.000884803131982437,0.0129673465634247,0.0129673465634247,"HCK/PIK3CD/RPS19/SLC11A1",4,"Microglia","AD_vs_Ctrl","Down"
"GO:0010038","response to metal ion","15/286","182/8692",0.0824175824175824,2.50480288941827,3.78419693034353,0.000956067382675028,0.0139195863017095,0.0139195863017095,"CALM1/CLIC4/HPCA/LGMN/MT3/CALM3/HAMP/SOD2/TFRC/TRPM2/MT2A/B2M/SLC11A1/KCNMA1/PLSCR1",15,"Microglia","AD_vs_Ctrl","Down"
"GO:0014902","myotube differentiation","9/286","78/8692",0.115384615384615,3.50672404518558,4.10180106246743,0.000992429344311624,0.0144016140259779,0.0144016140259779,"RPL41/RPL27/RPL14/RPL15/RPL36/RPL28/RPL19/RPL27A/RPL13A",9,"Microglia","AD_vs_Ctrl","Down"
"GO:0048878","chemical homeostasis","29/286","481/8692",0.0602910602910603,1.83234229388076,3.46417380879924,0.00111550345494021,0.0156737088621122,0.0156737088621122,"PTPN2/CCR1/RACK1/OAS1/STAT3/MCUB/CUL1/AQP4/MT3/ERC2/HLA-DRB1/APOC1/HAMP/ANK2/NPC2/APOE/SOD2/TFRC/MT2A/B2M/FTH1/RPS6/SLC11A1/GLUL/DMXL2/TMEM163/KCNMA1/HK1/FAM20A",29,"Microglia","AD_vs_Ctrl","Down"
"GO:0060396","growth hormone receptor signaling pathway","4/286","15/8692",0.266666666666667,8.1044289044289,5.0794092092126,0.00117554729864589,0.0163102581310555,0.0163102581310555,"JAK2/STAT3/PTPN1/LYN",4,"Microglia","AD_vs_Ctrl","Down"
"GO:1901136","carbohydrate derivative catabolic process","13/286","149/8692",0.087248322147651,2.6516168395363,3.75076998453133,0.0012293806847033,0.0170021810595627,0.0170021810595627,"TYMP/GALC/PFKFB3/DPYD/ADPGK/UCHL1/CST3/GAPDH/PDE4B/CTSL/ENO1/NUPR1/HK1",13,"Microglia","AD_vs_Ctrl","Down"
"GO:0050868","negative regulation of T cell activation","8/286","65/8692",0.123076923076923,3.74050564819796,4.09054033578478,0.00123309989157696,0.0170021810595627,0.0170021810595627,"HAVCR2/PTPN2/PAG1/LAPTM5/HLA-E/HLA-DRB1/IRF1/PSMB9",8,"Microglia","AD_vs_Ctrl","Down"
"GO:0097529","myeloid leukocyte migration","10/286","99/8692",0.101010101010101,3.0698594334958,3.82040357790606,0.00149199380416487,0.0201943870863416,0.0201943870863416,"CCR1/LGMN/PDE4B/PIK3CD/CD47/PTK2B/ADGRE2/CD74/RPS19/LYN",10,"Microglia","AD_vs_Ctrl","Down"
"GO:0061620","glycolytic process through glucose-6-phosphate","4/286","16/8692",0.25,7.5979020979021,4.872246871146,0.00152716612991529,0.02048253724547,0.02048253724547,"ADPGK/GAPDH/ENO1/HK1",4,"Microglia","AD_vs_Ctrl","Down"
"GO:0060291","long-term synaptic potentiation","7/286","54/8692",0.12962962962963,3.93965293965294,3.99677351355048,0.00182507329928437,0.0240409953054543,0.0240409953054543,"CALM1/NRGN/LGMN/PTK2B/CALM3/S100B/APOE",7,"Microglia","AD_vs_Ctrl","Down"
"GO:0046434","organophosphate catabolic process","12/286","138/8692",0.0869565217391304,2.64274855579203,3.58797338607196,0.00193215126732726,0.025300892039025,0.025300892039025,"TYMP/PFKFB3/DPYD/ADPGK/UCHL1/GAPDH/PARP14/PDE4B/APOC1/ENO1/NUPR1/HK1",12,"Microglia","AD_vs_Ctrl","Down"
"GO:0014009","glial cell proliferation","5/286","28/8692",0.178571428571429,5.42707292707293,4.32772512408592,0.00196422899840785,0.0254201097864127,0.0254201097864127,"GFAP/DICER1/SLC7A5/CLU/LYN",5,"Microglia","AD_vs_Ctrl","Down"
"GO:0044092","negative regulation of molecular function","11/286","121/8692",0.0909090909090909,2.76287349014622,3.60181401192552,0.00207594296760035,0.0266322422452149,0.0266322422452149,"CALM1/RACK1/ZFP36/PARP9/ADAR/MT3/PTPN1/SERPINB1/SNX6/CALM3/LYN",11,"Microglia","AD_vs_Ctrl","Down"
"GO:1901698","response to nitrogen compound","28/286","480/8692",0.0583333333333333,1.77284382284382,3.21300267476199,0.00221092349575123,0.0281193890580315,0.0281193890580315,"PTPN2/TNFAIP3/ACTB/HPCA/JAK2/OAS1/STAT3/XRN1/IFIT1/IFIH1/DTNBP1/LGMN/NFKB1/PRKCA/PTPN1/SLC1A2/SNX6/CALM3/STAT1/TRPM2/CASP4/ZFP36L1/SLC7A5/GRB2/RPS6/STAT2/VIM/LYN",28,"Microglia","AD_vs_Ctrl","Down"
"GO:0006809","nitric oxide biosynthetic process","6/286","42/8692",0.142857142857143,4.34165834165834,4.00407159944336,0.0023290219697331,0.0292116374417531,0.0292116374417531,"JAK2/GCH1/CD47/APOE/ESR1/CLU",6,"Microglia","AD_vs_Ctrl","Down"
"GO:0009179","purine ribonucleoside diphosphate metabolic process","8/286","72/8692",0.111111111111111,3.37684537684538,3.73539681438758,0.0023986365333093,0.02982125083266,0.02982125083266,"PFKFB3/ADPGK/UCHL1/GAPDH/GUK1/ENO1/NUPR1/HK1",8,"Microglia","AD_vs_Ctrl","Down"
"GO:0030595","leukocyte chemotaxis","10/286","107/8692",0.0934579439252336,2.8403372328606,3.53298953028893,0.00267336467615313,0.0325959009825173,0.0325959009825173,"CCR1/LGMN/PDE4B/PIK3CD/PTK2B/ADGRE2/TRPM2/CD74/RPS19/LYN",10,"Microglia","AD_vs_Ctrl","Down"
"GO:0072524","pyridine-containing compound metabolic process","10/286","107/8692",0.0934579439252336,2.8403372328606,3.53298953028893,0.00267336467615313,0.0325959009825173,0.0325959009825173,"PFKFB3/ADPGK/UCHL1/GAPDH/PARP9/PARP14/NAMPT/ENO1/NUPR1/HK1",10,"Microglia","AD_vs_Ctrl","Down"
"GO:0014015","positive regulation of gliogenesis","5/286","30/8692",0.166666666666667,5.06526806526807,4.11399656522308,0.0026992826640672,0.0327315755374286,0.0327315755374286,"GFAP/DICER1/ID2/SLC7A5/LYN",5,"Microglia","AD_vs_Ctrl","Down"
"GO:1902993","positive regulation of amyloid precursor protein catabolic process","4/286","19/8692",0.210526315789474,6.39823334560177,4.34477188562455,0.00300882643073347,0.0356996232597752,0.0356996232597752,"GSAP/APOE/CLU/LYN",4,"Microglia","AD_vs_Ctrl","Down"
"GO:0003013","circulatory system process","19/286","288/8692",0.0659722222222222,2.00500194250194,3.19921422280497,0.00301664236311702,0.0356996232597752,0.0356996232597752,"ITGA9/FLVCR2/CALM1/SLC2A3/TBC1D8/ID2/SERPING1/PDE4B/GCH1/PTPN1/SLC1A2/CALM3/HRH2/ANK2/APOE/SOD2/TFRC/SLC7A5/KCNMA1",19,"Microglia","AD_vs_Ctrl","Down"
"GO:0009611","response to wounding","18/286","267/8692",0.0674157303370786,2.04887247583877,3.2108244658253,0.00306055300749759,0.0361226869631582,0.0361226869631582,"TNFAIP3/CCR1/ACTB/JAK2/STAT3/ZFP36/SERPING1/PRKCA/APOE/ZFP36L1/ANKRD22/ACTG1/SLC11A1/ITGAV/CDKN1A/F13A1/PLSCR1/LYN",18,"Microglia","AD_vs_Ctrl","Down"
"GO:0017148","negative regulation of translation","9/286","93/8692",0.0967741935483871,2.9411233927363,3.47131353653301,0.00341074186166408,0.0394149960306141,0.0394149960306141,"RACK1/ZFP36/GAPDH/XRN1/CIRBP/PRKCA/EIF2AK2/ZFP36L1/RPL13A",9,"Microglia","AD_vs_Ctrl","Down"
"GO:0006935","chemotaxis","16/286","228/8692",0.0701754385964912,2.13274444853392,3.19694185309244,0.00346749440487281,0.0397594047563913,0.0397594047563913,"PTPN2/TYMP/CCR1/LGMN/PDE4B/FPR1/PIK3CD/PTK2B/TMSB4X/ANOS1/ADGRE2/TRPM2/CD74/RPS19/ITGAV/LYN",16,"Microglia","AD_vs_Ctrl","Down"
"GO:0043330","response to exogenous dsRNA","3/286","10/8692",0.3,9.11748251748252,4.7373412505267,0.00356190528373195,0.0400126720451716,0.0400126720451716,"OAS1/IFIT1/IFIH1",3,"Microglia","AD_vs_Ctrl","Down"
"GO:0060586","multicellular organismal-level iron ion homeostasis","3/286","10/8692",0.3,9.11748251748252,4.7373412505267,0.00356190528373195,0.0400126720451716,0.0400126720451716,"HAMP/TFRC/SLC11A1",3,"Microglia","AD_vs_Ctrl","Down"
"GO:0098974","postsynaptic actin cytoskeleton organization","3/286","10/8692",0.3,9.11748251748252,4.7373412505267,0.00356190528373195,0.0400126720451716,0.0400126720451716,"DBNL/ACTB/ACTG1",3,"Microglia","AD_vs_Ctrl","Down"
"GO:1904688","regulation of cytoplasmic translational initiation","3/286","10/8692",0.3,9.11748251748252,4.7373412505267,0.00356190528373195,0.0400126720451716,0.0400126720451716,"GAPDH/SH3BGRL/RPL13A",3,"Microglia","AD_vs_Ctrl","Down"
"GO:0002347","response to tumor cell","5/286","32/8692",0.15625,4.74868881118881,3.91848899862175,0.0036153497403854,0.0403061409343722,0.0403061409343722,"HAVCR2/CD226/LAPTM5/HLA-A/HLA-DRB1",5,"Microglia","AD_vs_Ctrl","Down"
"GO:0033344","cholesterol efflux","5/286","32/8692",0.15625,4.74868881118881,3.91848899862175,0.0036153497403854,0.0403061409343722,0.0403061409343722,"NFKB1/APOC1/NPC2/APOE/PLTP",5,"Microglia","AD_vs_Ctrl","Down"
"GO:0045429","positive regulation of nitric oxide biosynthetic process","4/286","20/8692",0.2,6.07832167832168,4.19371361000729,0.0036649295457944,0.0407562265570001,0.0407562265570001,"JAK2/APOE/ESR1/CLU",4,"Microglia","AD_vs_Ctrl","Down"
"GO:0046209","nitric oxide metabolic process","6/286","46/8692",0.130434782608696,3.96412283368805,3.7178400016099,0.0037265987520698,0.0411319852285809,0.0411319852285809,"JAK2/GCH1/CD47/APOE/ESR1/CLU",6,"Microglia","AD_vs_Ctrl","Down"
"GO:1901699","cellular response to nitrogen compound","22/286","360/8692",0.0611111111111111,1.85726495726496,3.06418434703817,0.00374380307531279,0.0412190856003344,0.0412190856003344,"PTPN2/ACTB/HPCA/JAK2/OAS1/STAT3/XRN1/IFIT1/IFIH1/DTNBP1/LGMN/NFKB1/PRKCA/PTPN1/SLC1A2/SNX6/CASP4/ZFP36L1/SLC7A5/GRB2/VIM/LYN",22,"Microglia","AD_vs_Ctrl","Down"
"GO:1905952","regulation of lipid localization","8/286","78/8692",0.102564102564103,3.11708804016496,3.46423212765042,0.00396692947674731,0.0434594798615931,0.0434594798615931,"PTPN2/ACSL1/NFKB1/APOC1/APOE/MSR1/PLTP/ITGAV",8,"Microglia","AD_vs_Ctrl","Down"
"GO:0070482","response to oxygen levels","14/286","191/8692",0.0732984293193717,2.22765715959433,3.16433150459093,0.00415236270053361,0.0447615537262785,0.0447615537262784,"DRAM1/MT-ND2/STAT3/MT-CO2/MT3/PTPN1/S100B/SOD2/MT-ND5/ENO1/TFRC/ZFP36L1/SLC7A5/KCNMA1",14,"Microglia","AD_vs_Ctrl","Down"
"GO:0006879","intracellular iron ion homeostasis","6/286","47/8692",0.127659574468085,3.87977979467341,3.65131170286522,0.0041565744648668,0.0447615537262785,0.0447615537262784,"CUL1/HAMP/TFRC/B2M/FTH1/SLC11A1",6,"Microglia","AD_vs_Ctrl","Down"
"GO:0002418","immune response to tumor cell","4/286","21/8692",0.19047619047619,5.78887778887779,4.05258382802342,0.00441171502649784,0.04649107311257,0.04649107311257,"HAVCR2/CD226/HLA-A/HLA-DRB1",4,"Microglia","AD_vs_Ctrl","Down"
"GO:0034381","plasma lipoprotein particle clearance","4/286","21/8692",0.19047619047619,5.78887778887779,4.05258382802342,0.00441171502649784,0.04649107311257,0.04649107311257,"APOC1/APOE/MSR1/ITGAV",4,"Microglia","AD_vs_Ctrl","Down"
"GO:0045622","regulation of T-helper cell differentiation","4/286","21/8692",0.19047619047619,5.78887778887779,4.05258382802342,0.00441171502649784,0.04649107311257,0.04649107311257,"GPR65/HLA-DRB1/JUNB/HLA-DRA",4,"Microglia","AD_vs_Ctrl","Down"
"GO:0033002","muscle cell proliferation","9/286","97/8692",0.0927835051546392,2.81983995386057,3.32444629018323,0.00452257621306684,0.0474334652109806,0.0474334652109806,"TNFAIP3/ID2/JAK2/STAT3/PIM1/PRKCA/APOE/SOD2/CDKN1A",9,"Microglia","AD_vs_Ctrl","Down"
"GO:2001057","reactive nitrogen species metabolic process","6/286","48/8692",0.125,3.79895104895105,3.58659006718118,0.00462215352615932,0.048249178082031,0.048249178082031,"JAK2/GCH1/CD47/APOE/ESR1/CLU",6,"Microglia","AD_vs_Ctrl","Down"
"GO:0140962","multicellular organismal-level chemical homeostasis","5/286","34/8692",0.147058823529412,4.46935417523653,3.73854406852306,0.00473537296481897,0.0484057528306309,0.0484057528306309,"OAS1/AQP4/HAMP/TFRC/SLC11A1",5,"Microglia","AD_vs_Ctrl","Down"
"GO:0010310","regulation of hydrogen peroxide metabolic process","3/286","11/8692",0.272727272727273,8.28862047043865,4.46149077775471,0.00477932986601575,0.0484057528306309,0.0484057528306309,"STAT3/MT3/SOD2",3,"Microglia","AD_vs_Ctrl","Down"
"GO:2001171","positive regulation of ATP biosynthetic process","3/286","11/8692",0.272727272727273,8.28862047043865,4.46149077775471,0.00477932986601575,0.0484057528306309,0.0484057528306309,"STAT3/TMSB4X/ENO1",3,"Microglia","AD_vs_Ctrl","Down"
"GO:0046034","ATP metabolic process","11/286","135/8692",0.0814814814814815,2.47635327635328,3.18874366729092,0.00485633609314149,0.0485237101239077,0.0485237101239077,"PFKFB3/ADPGK/UCHL1/MT-ND2/STAT3/GAPDH/TMSB4X/MT-ND5/ENO1/NUPR1/HK1",11,"Microglia","AD_vs_Ctrl","Down"
"GO:0022603","regulation of anatomical structure morphogenesis","25/286","437/8692",0.05720823798627,1.73865036565265,2.92243119833987,0.00485675634543405,0.0485237101239077,0.0485237101239077,"TNFAIP3/ARHGAP18/PLXNC1/GOLGA4/RACK1/CST3/STAT3/DTNBP1/HCK/PRKCA/MT3/PIK3CD/BCL6/PTK2B/LST1/S100B/EPB41L3/STAT1/TFRC/SIPA1L1/RUFY3/GLUL/FMNL2/STAT2/VIM",25,"Microglia","AD_vs_Ctrl","Down"
"GO:0006457","protein folding","26/105","141/8692",0.184397163120567,15.2645727794664,18.8828987878954,2.78731981369526e-24,1.23366774954152e-20,1.23366774954152e-20,"PPID/CHORDC1/PDIA6/CCT4/PTGES3/DNAJB6/FKBP4/HSPA1B/CALR/CCT5/CCT3/ST13/DNAJB1/DNAJA1/HSP90AA1/HSPA5/HSPA4/DNAJC3/METTL21A/HSPB1/HSP90B1/HSPH1/HSPD1/AHSA1/HSPA1A/HSP90AB1",26,"Microglia","PD_vs_Ctrl","Up"
"GO:0051604","protein maturation","27/105","319/8692",0.0846394984326019,7.00653828929691,12.0861460736648,3.91789857793635e-16,8.67030955297313e-13,8.67030955297313e-13,"PPID/CHORDC1/PDIA6/CCT4/PTGES3/DNAJB6/FKBP4/HSPA1B/CALR/CCT5/CCT3/ST13/DNAJB1/DNAJA1/HSP90AA1/HSPA5/HSPA4/DNAJC3/METTL21A/HSPB1/NAA16/HSP90B1/HSPH1/HSPD1/AHSA1/HSPA1A/HSP90AB1",27,"Microglia","PD_vs_Ctrl","Up"
"GO:0009266","response to temperature stimulus","12/105","92/8692",0.130434782608696,10.7975155279503,10.44646711723,8.2861609689173e-10,1.22248494828093e-06,1.22248494828093e-06,"CHORDC1/DNAJB6/HSPA1B/ATM/DNAJB1/DNAJA1/HSP90AA1/DNAJC3/HSPB1/HSPD1/HSPA1A/HSP90AB1",12,"Microglia","PD_vs_Ctrl","Up"
"GO:1904358","positive regulation of telomere maintenance via telomere lengthening","7/105","22/8692",0.318181818181818,26.3393939393939,13.1585128239022,4.50870682857662e-09,3.99110728465602e-06,3.99110728465602e-06,"CCT4/PTGES3/CCT5/ATM/CCT3/HNRNPA2B1/HSP90AA1",7,"Microglia","PD_vs_Ctrl","Up"
"GO:0051131","chaperone-mediated protein complex assembly","6/105","14/8692",0.428571428571429,35.4775510204082,14.2757652494502,7.47259520144444e-09,5.51228439359885e-06,5.51228439359885e-06,"PTGES3/HSP90AA1/HSPA4/HSPD1/HSPA1A/HSP90AB1",6,"Microglia","PD_vs_Ctrl","Up"
"GO:0006986","response to unfolded protein","11/105","107/8692",0.102803738317757,8.51019136626613,8.64333877536897,5.55449313575671e-08,3.42084920987181e-05,3.42084920987181e-05,"DNAJB1/DNAJA1/HSP90AA1/HSPA5/HSPA4/DNAJC3/HSPB1/HSPH1/HSPD1/HSPA1A/HSP90AB1",11,"Microglia","PD_vs_Ctrl","Up"
"GO:0050821","protein stabilization","13/105","165/8692",0.0787878787878788,6.52213564213564,7.91880600642971,7.96656170159733e-08,3.91777801014109e-05,3.91777801014109e-05,"CCT4/PTGES3/HSPA1B/CALR/CCT5/ATM/CCT3/HSP90AA1/HSPB1/NAA16/HSPD1/HSPA1A/HSP90AB1",13,"Microglia","PD_vs_Ctrl","Up"
"GO:0070841","inclusion body assembly","6/105","24/8692",0.25,20.6952380952381,10.6835650314849,3.03647267783475e-07,8.95961871473105e-05,8.95961871473106e-05,"DNAJB6/HSPA1B/DNAJB1/HSP90AA1/SORL1/HSPA1A",6,"Microglia","PD_vs_Ctrl","Up"
"GO:2001252","positive regulation of chromosome organization","8/105","61/8692",0.131147540983607,10.8565183450429,8.54214003659163,6.00925698118115e-07,0.000156452772933575,0.000156452772933575,"CCT4/PTGES3/CCT5/ATM/CCT3/HNRNPA2B1/TAL1/HSP90AA1",8,"Microglia","PD_vs_Ctrl","Up"
"GO:0090083","regulation of inclusion body assembly","5/105","18/8692",0.277777777777778,22.994708994709,10.3288877334714,1.76766557065227e-06,0.000355622173441225,0.000355622173441225,"DNAJB6/HSPA1B/DNAJB1/SORL1/HSPA1A",5,"Microglia","PD_vs_Ctrl","Up"
"GO:0032200","telomere organization","8/105","105/8692",0.0761904761904762,6.3071201814059,6.04980858149859,3.67163641378447e-05,0.00580380813121787,0.00580380813121787,"CCT4/PTGES3/CCT5/ATM/CCT3/HNRNPA2B1/HSP90AA1/HSP90AB1",8,"Microglia","PD_vs_Ctrl","Up"
"GO:0045648","positive regulation of erythrocyte differentiation","4/105","23/8692",0.173913043478261,14.3966873706004,7.11353761364371,0.000149203462963361,0.0206367039711199,0.0206367039711199,"HIF1A/HSPA1B/TAL1/HSPA1A",4,"Microglia","PD_vs_Ctrl","Up"
"GO:1904867","protein localization to Cajal body","3/105","10/8692",0.3,24.8342857142857,8.33875172412301,0.000193280772940719,0.0251606088539889,0.0251606088539889,"CCT4/CCT5/CCT3",3,"Microglia","PD_vs_Ctrl","Up"
"GO:1904872","regulation of telomerase RNA localization to Cajal body","3/105","12/8692",0.25,20.6952380952381,7.54919752474607,0.000348159447454511,0.0416473976873964,0.0416473976873964,"CCT4/CCT5/CCT3",3,"Microglia","PD_vs_Ctrl","Up"
"GO:0051607","defense response to virus","28/170","168/8692",0.166666666666667,8.52156862745098,13.9036847938896,9.26449238653824e-19,4.10046433028183e-15,4.10046433028183e-15,"SAMHD1/UNC93B1/IFIT3/STAT2/IFI44L/DDX60/TLR2/GBP2/IFIT1/EIF2AK2/RSAD2/IFIT2/GBP1/PARP9/HERC5/IFI6/STAT1/DDX60L/ZNFX1/MX1/IFIH1/IRF1/ISG15/OAS1/PML/IFITM3/MX2/TRIM22",28,"Microglia","PD_vs_Ctrl","Down"
"GO:0034097","response to cytokine","42/170","444/8692",0.0945945945945946,4.83656597774245,11.7205610357516,2.82265125306264e-18,6.24652722302761e-15,6.24652722302761e-15,"SPPL2A/IL21R/SAMHD1/IFIT3/STAT2/PARP14/VRK2/TLR2/GBP2/IFIT1/CD47/EIF2AK2/IL15/LYN/PTK2B/IFIT2/GBP1/PARP9/PIM1/GCH1/GAPDH/STAT1/PSMB9/CALM1/SLC11A1/MX1/IFIH1/TNFSF13B/XAF1/AQP4/IRF1/ISG15/OAS1/JAK2/MT2A/ZFP36L1/PML/CD74/IFITM3/MX2/IL15RA/ABCA1",42,"Microglia","PD_vs_Ctrl","Down"
"GO:1901652","response to peptide","42/170","449/8692",0.0935412026726058,4.78270666841347,11.6244324021906,4.28469294250297e-18,6.32135032117272e-15,6.32135032117272e-15,"SPPL2A/IL21R/SAMHD1/IFIT3/STAT2/PARP14/VRK2/TLR2/GBP2/IFIT1/CD47/EIF2AK2/IL15/LYN/PTK2B/IFIT2/GBP1/PARP9/PIM1/GCH1/GAPDH/STAT1/PSMB9/CALM1/SLC11A1/MX1/IFIH1/TNFSF13B/XAF1/AQP4/IRF1/ISG15/OAS1/JAK2/MT2A/ZFP36L1/PML/CD74/IFITM3/MX2/IL15RA/ABCA1",42,"Microglia","PD_vs_Ctrl","Down"
"GO:0009615","response to virus","30/170","222/8692",0.135135135135135,6.9093799682035,12.5969460226467,2.13208378231309e-17,2.35915070512943e-14,2.35915070512943e-14,"SAMHD1/UNC93B1/IFIT3/STAT2/IFI44L/DDX60/TLR2/GBP2/IFIT1/EIF2AK2/IFI44/RSAD2/IFIT2/GBP1/PARP9/HERC5/IFI6/STAT1/DDX60L/ZNFX1/MX1/IFIH1/IRF1/ISG15/OAS1/PML/IFITM3/MX2/TRIM22/CLU",30,"Microglia","PD_vs_Ctrl","Down"
"GO:0031347","regulation of defense response","39/170","438/8692",0.089041095890411,4.55261885576148,10.7756136119196,4.61138240376441e-16,4.08199570381225e-13,4.08199570381225e-13,"SAMHD1/UNC93B1/MAP3K8/STAT2/PARP14/CD226/DDX60/TLR2/GBP2/PRKCE/CD47/EIF2AK2/IL15/LYN/RSAD2/GBP1/KCNK13/PARP9/APOE/PIM1/HERC5/CUL1/SCIMP/MSR1/HLA-E/STAT1/HLA-A/ZNFX1/IFIH1/SERPING1/NUPR1/IRF1/ISG15/OAS1/JAK2/PML/B2M/GRB2/TRIM22",39,"Microglia","PD_vs_Ctrl","Down"
"GO:0002831","regulation of response to biotic stimulus","33/170","316/8692",0.104430379746835,5.33946388682055,11.098131239378,1.16544877478251e-15,7.43996032639333e-13,7.43996032639333e-13,"SAMHD1/UNC93B1/STAT2/PARP14/CD226/DDX60/TLR2/GBP2/PRKCE/EIF2AK2/LYN/RSAD2/KCNK13/PARP9/APOE/PIM1/HERC5/CUL1/SCIMP/MSR1/HLA-E/STAT1/HLA-A/ZNFX1/IFIH1/SERPING1/IRF1/ISG15/OAS1/PML/B2M/GRB2/TRIM22",33,"Microglia","PD_vs_Ctrl","Down"
"GO:0034341","response to type II interferon","18/170","72/8692",0.25,12.7823529411765,14.1785955392053,1.17667696079424e-15,7.43996032639333e-13,7.43996032639333e-13,"PARP14/TLR2/GBP2/CD47/GBP1/PARP9/PIM1/GCH1/GAPDH/STAT1/PSMB9/CALM1/SLC11A1/AQP4/IRF1/JAK2/CD74/IFITM3",18,"Microglia","PD_vs_Ctrl","Down"
"GO:0050776","regulation of immune response","39/170","491/8692",0.0794297352342159,4.06119563915179,9.86249955932836,2.11225458548687e-14,1.16860484942061e-11,1.16860484942061e-11,"SPPL2A/SAMHD1/UNC93B1/STAT2/PARP14/CD226/DDX60/TLR2/GBP2/PRKCE/CD47/EIF2AK2/IL15/LYN/RSAD2/GBP1/LCP2/KCNK13/PARP9/APOE/PIM1/PIK3CD/SCIMP/TFRC/MSR1/HLA-E/HLA-A/ZNFX1/SLC11A1/IFIH1/SERPING1/HLA-DRA/IRF1/ISG15/OAS1/CD74/B2M/GRB2/CLU",39,"Microglia","PD_vs_Ctrl","Down"
"GO:0071345","cellular response to cytokine stimulus","34/170","393/8692",0.0865139949109415,4.4234096692112,9.8091378222188,1.13636643477874e-13,5.58839760036743e-11,5.58839760036743e-11,"SPPL2A/IL21R/SAMHD1/IFIT3/STAT2/PARP14/VRK2/TLR2/GBP2/IFIT1/CD47/IL15/LYN/PTK2B/IFIT2/GBP1/PARP9/PIM1/GAPDH/STAT1/CALM1/MX1/TNFSF13B/AQP4/IRF1/ISG15/OAS1/JAK2/MT2A/ZFP36L1/CD74/IFITM3/IL15RA/ABCA1",34,"Microglia","PD_vs_Ctrl","Down"
"GO:0045088","regulation of innate immune response","28/170","264/8692",0.106060606060606,5.42281639928699,10.3068791031721,1.50401085183526e-13,6.65675203022287e-11,6.65675203022287e-11,"SAMHD1/UNC93B1/STAT2/PARP14/CD226/DDX60/TLR2/GBP2/PRKCE/EIF2AK2/LYN/RSAD2/KCNK13/PARP9/APOE/PIM1/SCIMP/MSR1/HLA-E/HLA-A/ZNFX1/IFIH1/SERPING1/IRF1/ISG15/OAS1/B2M/GRB2",28,"Microglia","PD_vs_Ctrl","Down"
"GO:0045071","negative regulation of viral genome replication","9/170","26/8692",0.346153846153846,17.6986425339367,12.0433434113093,7.95853770218955e-10,2.70957598999161e-07,2.70957598999161e-07,"IFIT1/EIF2AK2/RSAD2/ZNFX1/MX1/IFIH1/ISG15/OAS1/IFITM3",9,"Microglia","PD_vs_Ctrl","Down"
"GO:0032103","positive regulation of response to external stimulus","26/170","359/8692",0.0724233983286908,3.70296575454694,7.38712839463983,5.92920112613207e-09,1.64016526151628e-06,1.64016526151628e-06,"UNC93B1/MAP3K8/CD226/DDX60/TLR2/GBP2/PRKCE/CD47/EIF2AK2/IL15/LYN/RSAD2/PTK2B/GBP1/KCNK13/PARP9/LGMN/SCIMP/MSR1/HLA-E/ZNFX1/IFIH1/NUPR1/IRF1/OAS1/CD74",26,"Microglia","PD_vs_Ctrl","Down"
"GO:0001817","regulation of cytokine production","27/170","405/8692",0.0666666666666667,3.40862745098039,7.01111425545513,1.72885511447026e-08,4.36058893995969e-06,4.36058893995969e-06,"CD226/TLR2/SIGLEC1/CD47/EIF2AK2/IL15/LYN/RSAD2/GBP1/GAPDH/PIK3CD/SCIMP/HLA-E/STAT1/HLA-A/PSMB9/SLC11A1/IFIH1/XAF1/IRF1/ISG15/OAS1/JAK2/PML/CD74/B2M/CLU",27,"Microglia","PD_vs_Ctrl","Down"
"GO:0001816","cytokine production","27/170","410/8692",0.0658536585365854,3.36705882352941,6.93460832558155,2.24099597088556e-08,5.22034114059973e-06,5.22034114059973e-06,"CD226/TLR2/SIGLEC1/CD47/EIF2AK2/IL15/LYN/RSAD2/GBP1/GAPDH/PIK3CD/SCIMP/HLA-E/STAT1/HLA-A/PSMB9/SLC11A1/IFIH1/XAF1/IRF1/ISG15/OAS1/JAK2/PML/CD74/B2M/CLU",27,"Microglia","PD_vs_Ctrl","Down"
"GO:0006897","endocytosis","28/170","448/8692",0.0625,3.19558823529412,6.73921762820557,3.68161680419766e-08,7.75944570256135e-06,7.75944570256135e-06,"FNBP1/GAS7/TLR2/PRKCE/SIGLEC1/CD47/TBC1D2B/IL15/RABGAP1L/LYN/APOE/MCTP1/APOC1/CALM3/TFRC/MSR1/HPCA/CALM1/SLC11A1/MX1/ARHGAP25/ITSN1/B2M/MX2/GRB2/IL15RA/CLU/ACTG1",28,"Microglia","PD_vs_Ctrl","Down"
"GO:0140888","interferon-mediated signaling pathway","10/170","57/8692",0.175438596491228,8.97007223942208,8.52623081623639,1.22790399406114e-07,2.47031958077937e-05,2.47031958077937e-05,"SAMHD1/STAT2/PARP14/PARP9/STAT1/IRF1/ISG15/OAS1/JAK2/IFITM3",10,"Microglia","PD_vs_Ctrl","Down"
"GO:0002250","adaptive immune response","18/170","225/8692",0.08,4.09035294117647,6.63320060673653,3.65124534780958e-07,5.77157568193042e-05,5.77157568193042e-05,"IL21R/UNC93B1/CD226/LYN/RSAD2/PTK2B/PIK3CD/TFRC/HLA-E/HLA-A/PSMB9/SLC11A1/HLA-DRA/IRF1/JAK2/CD74/B2M/CLU",18,"Microglia","PD_vs_Ctrl","Down"
"GO:0002252","immune effector process","19/170","267/8692",0.0711610486891386,3.63842256003525,6.18448582457079,1.03276048277133e-06,0.000142843684273309,0.000142843684273309,"IL21R/CD226/DDX60/LYN/RSAD2/PTK2B/PIK3CD/SCIMP/TFRC/HLA-E/HLA-A/PSMB9/SLC11A1/SERPING1/HLA-DRA/CD74/B2M/GRB2/CLU",19,"Microglia","PD_vs_Ctrl","Down"
"GO:0045321","leukocyte activation","26/170","471/8692",0.0552016985138004,2.82243037342326,5.7436457364453,1.33742860638248e-06,0.000175634529750584,0.000175634529750584,"IL21R/MAP3K8/CD226/CD47/IL15/LYN/RSAD2/PTK2B/LCP2/PIK3CD/TFRC/HLA-E/HLA-A/PSMB9/SLC11A1/MCUB/HLA-DRA/TNFSF13B/IRF1/ID2/JAK2/ZFP36L1/CD74/B2M/GRB2/CLU",26,"Microglia","PD_vs_Ctrl","Down"
"GO:0002697","regulation of immune effector process","14/170","153/8692",0.0915032679738562,4.67850826605152,6.4833955060314,1.58562245894401e-06,0.000200513285808177,0.000200513285808177,"CD226/DDX60/LYN/RSAD2/SCIMP/TFRC/HLA-E/HLA-A/SERPING1/HLA-DRA/CD74/B2M/GRB2/CLU",14,"Microglia","PD_vs_Ctrl","Down"
"GO:0002694","regulation of leukocyte activation","19/170","278/8692",0.0683453237410072,3.49445619974609,5.9701548728446,1.89598084915573e-06,0.000223641116812964,0.000223641116812964,"MAP3K8/CD226/CD47/IL15/LYN/PIK3CD/TFRC/HLA-E/HLA-A/PSMB9/MCUB/HLA-DRA/TNFSF13B/IRF1/ID2/JAK2/ZFP36L1/CD74/B2M",19,"Microglia","PD_vs_Ctrl","Down"
"GO:0007259","cell surface receptor signaling pathway via JAK-STAT","10/170","76/8692",0.131578947368421,6.72755417956656,7.08291007138332,1.9706289100103e-06,0.000223641116812964,0.000223641116812964,"IL21R/STAT2/PARP14/IL15/PTK2B/PARP9/STAT1/CALM1/JAK2/IL15RA",10,"Microglia","PD_vs_Ctrl","Down"
"GO:0002753","cytoplasmic pattern recognition receptor signaling pathway","12/170","115/8692",0.104347826086957,5.33524296675192,6.60972252392212,2.28507773991683e-06,0.000252843851921797,0.000252843851921797,"UNC93B1/DDX60/GBP2/EIF2AK2/LYN/RSAD2/KCNK13/SCIMP/MSR1/IFIH1/IRF1/OAS1",12,"Microglia","PD_vs_Ctrl","Down"
"GO:0140894","endolysosomal toll-like receptor signaling pathway","7/170","33/8692",0.212121212121212,10.845632798574,8.00304585333073,2.69199850028816e-06,0.000283685365768462,0.000283685365768462,"UNC93B1/LYN/RSAD2/SCIMP/MSR1/IRF1/OAS1",7,"Microglia","PD_vs_Ctrl","Down"
"GO:0002720","positive regulation of cytokine production involved in immune response","7/170","36/8692",0.194444444444444,9.94183006535948,7.5928987609386,5.00649212773015e-06,0.000461640294944451,0.000461640294944451,"CD226/RSAD2/SCIMP/HLA-E/HLA-A/CD74/B2M",7,"Microglia","PD_vs_Ctrl","Down"
"GO:0060759","regulation of response to cytokine stimulus","11/170","105/8692",0.104761904761905,5.35641456582633,6.34295587548677,5.88663540511363e-06,0.000485594972092466,0.000485594972092466,"SPPL2A/SAMHD1/STAT2/PARP14/VRK2/TLR2/PARP9/IFIH1/ISG15/OAS1/CD74",11,"Microglia","PD_vs_Ctrl","Down"
"GO:0019883","antigen processing and presentation of endogenous antigen","5/170","15/8692",0.333333333333333,17.043137254902,8.78291542191146,6.91432568881441e-06,0.000554508137445143,0.000554508137445143,"HLA-E/HLA-A/HLA-DRA/CD74/B2M",5,"Microglia","PD_vs_Ctrl","Down"
"GO:0019079","viral genome replication","9/170","69/8692",0.130434782608696,6.6690537084399,6.67720168862063,7.0159185939738e-06,0.000554508137445143,0.000554508137445143,"IFIT1/EIF2AK2/RSAD2/ZNFX1/MX1/IFIH1/ISG15/OAS1/IFITM3",9,"Microglia","PD_vs_Ctrl","Down"
"GO:0002683","negative regulation of immune system process","17/170","261/8692",0.0651340996168582,3.33026819923372,5.39852588656842,1.28939405139552e-05,0.000905850487535964,0.000905850487535964,"SAMHD1/STAT2/PARP14/MAFB/LYN/GBP1/PIM1/HLA-E/HLA-A/PSMB9/SERPING1/IRF1/ISG15/OAS1/ID2/GRB2/CLU",17,"Microglia","PD_vs_Ctrl","Down"
"GO:0048871","multicellular organismal-level homeostasis","21/170","377/8692",0.0557029177718833,2.84805741925417,5.18135775290699,1.34552178274123e-05,0.000930512407876979,0.000930512407876979,"MAFB/IL15/LYN/DECR1/PTK2B/S100B/PIK3CD/TFRC/STAT1/CKB/PSMB9/SLC11A1/TNFSF13B/AQP4/ISG15/OAS1/ID2/JAK2/ZFP36L1/CD74/ACTG1",21,"Microglia","PD_vs_Ctrl","Down"
"GO:0030100","regulation of endocytosis","14/170","186/8692",0.0752688172043011,3.84845034788109,5.5461422860427,1.5596177294718e-05,0.00104588910161246,0.00104588910161246,"TLR2/CD47/IL15/APOE/MCTP1/APOC1/CALM3/HPCA/SLC11A1/ITSN1/B2M/IL15RA/CLU/ACTG1",14,"Microglia","PD_vs_Ctrl","Down"
"GO:0002367","cytokine production involved in immune response","7/170","45/8692",0.155555555555556,7.95346405228758,6.60485536752931,2.34687774215517e-05,0.00143500136022762,0.00143500136022762,"CD226/RSAD2/SCIMP/HLA-E/HLA-A/CD74/B2M",7,"Microglia","PD_vs_Ctrl","Down"
"GO:0030099","myeloid cell differentiation","14/170","193/8692",0.0725388601036269,3.70886924718074,5.37491194079719,2.36681200399042e-05,0.00143500136022762,0.00143500136022762,"TLR2/MAFB/IL15/LYN/PTK2B/SNX10/PIK3CD/TFRC/STAT1/ISG15/ID2/JAK2/ZFP36L1/CD74",14,"Microglia","PD_vs_Ctrl","Down"
"GO:0050870","positive regulation of T cell activation","11/170","123/8692",0.0894308943089431,4.57254901960784,5.63578285547571,2.68723766610478e-05,0.00160725863651078,0.00160725863651078,"MAP3K8/CD47/IL15/LYN/PIK3CD/TFRC/HLA-E/HLA-A/HLA-DRA/JAK2/B2M",11,"Microglia","PD_vs_Ctrl","Down"
"GO:0002478","antigen processing and presentation of exogenous peptide antigen","5/170","20/8692",0.25,12.7823529411765,7.45033775992727,3.29722118178231e-05,0.0018709616603293,0.0018709616603293,"LGMN/HLA-E/HLA-A/HLA-DRA/B2M",5,"Microglia","PD_vs_Ctrl","Down"
"GO:0070661","leukocyte proliferation","11/170","126/8692",0.0873015873015873,4.46367880485528,5.53123894833798,3.36782885447015e-05,0.00188683677340315,0.00188683677340315,"IL15/LYN/TFRC/HLA-E/HLA-A/SLC11A1/TNFSF13B/IRF1/JAK2/CD74/CLU",11,"Microglia","PD_vs_Ctrl","Down"
"GO:0008284","positive regulation of cell population proliferation","21/170","406/8692",0.0517241379310345,2.6446247464503,4.79342507912178,4.06870455254217e-05,0.00222322053698168,0.00222322053698168,"GFAP/S100A6/CD47/IL15/RPS4X/LYN/PTK2B/PIM1/LGMN/S100B/PIK3CD/TFRC/HLA-E/STAT1/HLA-A/TNFSF13B/ID2/JAK2/PML/CD74/TBC1D8",21,"Microglia","PD_vs_Ctrl","Down"
"GO:0046651","lymphocyte proliferation","10/170","108/8692",0.0925925925925926,4.73420479302832,5.51510424834165,4.66689554800849e-05,0.00234723632903245,0.00234723632903245,"IL15/LYN/TFRC/HLA-E/HLA-A/SLC11A1/TNFSF13B/IRF1/JAK2/CD74",10,"Microglia","PD_vs_Ctrl","Down"
"GO:0002440","production of molecular mediator of immune response","9/170","88/8692",0.102272727272727,5.22914438502674,5.63160542158843,5.14734810574464e-05,0.00246373423727319,0.00246373423727319,"SAMHD1/CD226/RSAD2/SCIMP/TFRC/HLA-E/HLA-A/CD74/B2M",9,"Microglia","PD_vs_Ctrl","Down"
"GO:0048872","homeostasis of number of cells","11/170","133/8692",0.0827067669172932,4.22874834144184,5.29952657251385,5.55813568929585e-05,0.00256253214175244,0.00256253214175244,"MAFB/LYN/PIK3CD/STAT1/PSMB9/TNFSF13B/ISG15/ID2/JAK2/ZFP36L1/CD74",11,"Microglia","PD_vs_Ctrl","Down"
"GO:1903039","positive regulation of leukocyte cell-cell adhesion","11/170","134/8692",0.082089552238806,4.19719051799824,5.26772803790579,5.95397457091734e-05,0.00271673107741032,0.00271673107741032,"MAP3K8/CD47/IL15/LYN/PIK3CD/TFRC/HLA-E/HLA-A/HLA-DRA/JAK2/B2M",11,"Microglia","PD_vs_Ctrl","Down"
"GO:0006954","inflammatory response","20/170","391/8692",0.051150895140665,2.61531517978035,4.61603418929619,7.34423920272994e-05,0.00318682379522379,0.00318682379522379,"MAP3K8/TLR2/GBP2/SIGLEC1/CD47/EIF2AK2/IL15/LYN/CD163/GBP1/KCNK13/APOE/CUL1/PIK3CD/TFRC/HLA-E/SLC11A1/NUPR1/JAK2/CLU",20,"Microglia","PD_vs_Ctrl","Down"
"GO:0060291","long-term synaptic potentiation","7/170","54/8692",0.12962962962963,6.62788671023965,5.8590094333293,7.90000810639827e-05,0.00339221612739071,0.00339221612739071,"NRGN/PTK2B/APOE/LGMN/S100B/CALM3/CALM1",7,"Microglia","PD_vs_Ctrl","Down"
"GO:0019730","antimicrobial humoral response","5/170","24/8692",0.208333333333333,10.6519607843137,6.68729202955786,8.48379857118555e-05,0.00354238608264785,0.00354238608264785,"GAPDH/HLA-E/HLA-A/SLC11A1/B2M",5,"Microglia","PD_vs_Ctrl","Down"
"GO:0060339","negative regulation of type I interferon-mediated signaling pathway","4/170","14/8692",0.285714285714286,14.6084033613445,7.19697409053883,0.000121307921342643,0.00479382910591552,0.00479382910591552,"SAMHD1/STAT2/ISG15/OAS1",4,"Microglia","PD_vs_Ctrl","Down"
"GO:0006959","humoral immune response","7/170","58/8692",0.120689655172414,6.17079107505071,5.58024845466099,0.000125602754548759,0.00487647185642814,0.00487647185642814,"GAPDH/HLA-E/HLA-A/SLC11A1/SERPING1/B2M/CLU",7,"Microglia","PD_vs_Ctrl","Down"
"GO:0031341","regulation of cell killing","6/170","42/8692",0.142857142857143,7.30420168067227,5.78409291244929,0.000149917936680157,0.00557593939282668,0.00557593939282667,"CD226/HLA-E/HLA-A/HLA-DRA/GRB2/CLU",6,"Microglia","PD_vs_Ctrl","Down"
"GO:0051248","negative regulation of protein metabolic process","18/170","349/8692",0.0515759312320917,2.63704702511377,4.40860630429616,0.000154996142928389,0.00571677440500874,0.00571677440500874,"GABARAPL2/RTN1/PARP14/PRKCE/EIF2AK2/SNX6/LYN/CST3/APOE/CYFIP1/GAPDH/XRN1/SAMD4A/ITM2C/ISG15/ZFP36L1/PML/CLU",18,"Microglia","PD_vs_Ctrl","Down"
"GO:0071222","cellular response to lipopolysaccharide","9/170","102/8692",0.0882352941176471,4.51141868512111,5.03819172750496,0.000163333404349413,0.00592498922986191,0.00592498922986191,"TLR2/GBP2/PRKCE/LYN/VIM/SCIMP/JAK2/B2M/ABCA1",9,"Microglia","PD_vs_Ctrl","Down"
"GO:0007159","leukocyte cell-cell adhesion","13/170","208/8692",0.0625,3.19558823529412,4.52658628568051,0.000211794771998182,0.00743971159415836,0.00743971159415836,"MAP3K8/CD47/IL15/LYN/PIK3CD/TFRC/HLA-E/HLA-A/PSMB9/HLA-DRA/IRF1/JAK2/B2M",13,"Microglia","PD_vs_Ctrl","Down"
"GO:0016064","immunoglobulin mediated immune response","6/170","45/8692",0.133333333333333,6.81725490196078,5.52560953426682,0.000221763148314325,0.00749891766386419,0.00749891766386419,"IL21R/CD226/TFRC/HLA-E/CD74/CLU",6,"Microglia","PD_vs_Ctrl","Down"
"GO:0001906","cell killing","8/170","86/8692",0.0930232558139535,4.7562243502052,4.94411597128371,0.00026334200708609,0.00850767681286885,0.00850767681286885,"CD226/GBP2/GBP1/HLA-E/HLA-A/HLA-DRA/GRB2/CLU",8,"Microglia","PD_vs_Ctrl","Down"
"GO:0018108","peptidyl-tyrosine phosphorylation","7/170","67/8692",0.104477611940299,5.34187884108867,5.03876519254088,0.000313474359118359,0.00970236023397104,0.00970236023397104,"PARP14/IL15/SNX6/LYN/PTK2B/PARP9/JAK2",7,"Microglia","PD_vs_Ctrl","Down"
"GO:0002711","positive regulation of T cell mediated immunity","5/170","32/8692",0.15625,7.98897058823529,5.59394029414817,0.000354171050392218,0.0107367196509312,0.0107367196509312,"RSAD2/HLA-E/HLA-A/HLA-DRA/B2M",5,"Microglia","PD_vs_Ctrl","Down"
"GO:0051051","negative regulation of transport","13/170","222/8692",0.0585585585585586,2.99406465288818,4.25072087651466,0.000399474354983769,0.0119464425348525,0.0119464425348525,"TLR2/PRKCE/CD47/RSAD2/PTK2B/APOE/MCTP1/APOC1/CALM3/CALM1/MCUB/CD74/B2M",13,"Microglia","PD_vs_Ctrl","Down"
"GO:1902993","positive regulation of amyloid precursor protein catabolic process","4/170","19/8692",0.210526315789474,10.7640866873065,6.01744770230725,0.000435130109410336,0.0126703017384878,0.0126703017384878,"LYN/APOE/GSAP/CLU",4,"Microglia","PD_vs_Ctrl","Down"
"GO:0071216","cellular response to biotic stimulus","9/170","119/8692",0.0756302521008403,3.86693030153238,4.44746741055643,0.000519584291232565,0.0142914406687554,0.0142914406687554,"TLR2/GBP2/PRKCE/LYN/VIM/SCIMP/JAK2/B2M/ABCA1",9,"Microglia","PD_vs_Ctrl","Down"
"GO:0042982","amyloid precursor protein metabolic process","6/170","53/8692",0.113207547169811,5.78823529411765,4.93821793030299,0.000549393683108533,0.0147370693420507,0.0147370693420507,"RTN1/LYN/APOE/GSAP/ITM2C/CLU",6,"Microglia","PD_vs_Ctrl","Down"
"GO:0032102","negative regulation of response to external stimulus","12/170","201/8692",0.0597014925373134,3.05250219490781,4.15806054938013,0.000562549992788478,0.0149990739041072,0.0149990739041072,"SAMHD1/STAT2/PARP14/LYN/APOE/PIM1/HLA-E/HLA-A/SERPING1/ISG15/OAS1/GRB2",12,"Microglia","PD_vs_Ctrl","Down"
"GO:0001910","regulation of leukocyte mediated cytotoxicity","5/170","36/8692",0.138888888888889,7.10130718954248,5.18088662622336,0.000622483259761416,0.0163024314065327,0.0163024314065327,"CD226/HLA-E/HLA-A/HLA-DRA/GRB2",5,"Microglia","PD_vs_Ctrl","Down"
"GO:0002501","peptide antigen assembly with MHC protein complex","3/170","10/8692",0.3,15.3388235294118,6.40755289186469,0.000797250538715554,0.0194951982561052,0.0194951982561052,"HLA-A/HLA-DRA/B2M",3,"Microglia","PD_vs_Ctrl","Down"
"GO:0043330","response to exogenous dsRNA","3/170","10/8692",0.3,15.3388235294118,6.40755289186469,0.000797250538715554,0.0194951982561052,0.0194951982561052,"IFIT1/IFIH1/OAS1",3,"Microglia","PD_vs_Ctrl","Down"
"GO:0140238","presynaptic endocytosis","6/170","58/8692",0.103448275862069,5.28924949290061,4.62890058929317,0.00089371217276705,0.021615137030967,0.021615137030967,"CALM3/CALM1/MX1/ITSN1/MX2/ACTG1",6,"Microglia","PD_vs_Ctrl","Down"
"GO:0039531","regulation of cytoplasmic pattern recognition receptor signaling pathway","7/170","82/8692",0.0853658536585366,4.36470588235294,4.32355540404617,0.00107248749315408,0.024908159514001,0.024908159514001,"DDX60/GBP2/EIF2AK2/LYN/RSAD2/KCNK13/MSR1",7,"Microglia","PD_vs_Ctrl","Down"
"GO:0098754","detoxification","7/170","82/8692",0.0853658536585366,4.36470588235294,4.32355540404617,0.00107248749315408,0.024908159514001,0.024908159514001,"PRKCE/APOE/PIM1/GCH1/SLC11A1/MT3/MT2A",7,"Microglia","PD_vs_Ctrl","Down"
"GO:0006809","nitric oxide biosynthetic process","5/170","42/8692",0.119047619047619,6.08683473389356,4.66716108104857,0.00127799151879146,0.028281952310855,0.028281952310855,"CD47/APOE/GCH1/JAK2/CLU",5,"Microglia","PD_vs_Ctrl","Down"
"GO:0000041","transition metal ion transport","6/170","63/8692",0.0952380952380952,4.86946778711485,4.3534127665043,0.00138442852274949,0.0295812835319829,0.0295812835319829,"TMEM163/TFRC/SLC11A1/MT3/B2M/FTH1",6,"Microglia","PD_vs_Ctrl","Down"
"GO:0034377","plasma lipoprotein particle assembly","3/170","12/8692",0.25,12.7823529411765,5.76834675036014,0.00142007048809347,0.0295812835319829,0.0295812835319829,"APOE/APOC1/ABCA1",3,"Microglia","PD_vs_Ctrl","Down"
"GO:0071276","cellular response to cadmium ion","3/170","12/8692",0.25,12.7823529411765,5.76834675036014,0.00142007048809347,0.0295812835319829,0.0295812835319829,"SLC11A1/MT3/MT2A",3,"Microglia","PD_vs_Ctrl","Down"
"GO:0140895","cell surface toll-like receptor signaling pathway","5/170","43/8692",0.116279069767442,5.9452804377565,4.59124823741397,0.00142359091556989,0.0295812835319829,0.0295812835319829,"TLR2/PRKCE/LYN/SCIMP/OAS1",5,"Microglia","PD_vs_Ctrl","Down"
"GO:0098771","inorganic ion homeostasis","12/170","224/8692",0.0535714285714286,2.7390756302521,3.72426541961764,0.00145082087209992,0.0297283943514549,0.0297283943514549,"FAM20A/KCNMA1/CUL1/TMEM163/TFRC/SLC11A1/MCUB/MT3/MT2A/PML/B2M/FTH1",12,"Microglia","PD_vs_Ctrl","Down"
"GO:0043123","positive regulation of canonical NF-kappaB signal transduction","9/170","141/8692",0.0638297872340425,3.26357947434293,3.82723756809832,0.0017432316748591,0.0350670033985414,0.0350670033985414,"TNFSF10/TLR2/EIF2AK2/CUL1/GAPDH/S100B/TFRC/CD74/TRIM22",9,"Microglia","PD_vs_Ctrl","Down"
"GO:0071466","cellular response to xenobiotic stimulus","6/170","66/8692",0.0909090909090909,4.64812834224599,4.20170850825417,0.00176427067543906,0.0351741531959157,0.0351741531959157,"UCHL1/PRKCE/DPYD/TFRC/GUK1/ABCA1",6,"Microglia","PD_vs_Ctrl","Down"
"GO:0097501","stress response to metal ion","3/170","13/8692",0.230769230769231,11.7990950226244,5.50316792640218,0.0018196956426154,0.0356920617930214,0.0356920617930214,"SLC11A1/MT3/MT2A",3,"Microglia","PD_vs_Ctrl","Down"
"GO:0042327","positive regulation of phosphorylation","9/170","142/8692",0.0633802816901408,3.24059652029826,3.80201076956773,0.00183056891708447,0.0356920617930214,0.0356920617930214,"FAM20A/PARP14/IL15/LYN/PTK2B/LCP2/PARP9/MT3/JAK2",9,"Microglia","PD_vs_Ctrl","Down"
"GO:0002228","natural killer cell mediated immunity","5/170","46/8692",0.108695652173913,5.55754475703325,4.37714378760536,0.00193390378436837,0.0373775465048664,0.0373775465048664,"CD226/HLA-E/HLA-A/B2M/GRB2",5,"Microglia","PD_vs_Ctrl","Down"
"GO:0046209","nitric oxide metabolic process","5/170","46/8692",0.108695652173913,5.55754475703325,4.37714378760536,0.00193390378436837,0.0373775465048664,0.0373775465048664,"CD47/APOE/GCH1/JAK2/CLU",5,"Microglia","PD_vs_Ctrl","Down"
"GO:0043254","regulation of protein-containing complex assembly","13/170","264/8692",0.0492424242424242,2.51773618538324,3.53691448186195,0.00197991746057357,0.0380457926000068,0.0380457926000068,"GFAP/GBP2/PRKCE/EIF2AK2/PTK2B/KCNK13/APOE/CYFIP1/GAPDH/TFRC/ISG15/CLU/ABCA1",13,"Microglia","PD_vs_Ctrl","Down"
"GO:0051129","negative regulation of cellular component organization","19/170","469/8692",0.0405117270788913,2.07134077511602,3.3688950469473,0.00198567060338942,0.0380457926000068,0.0380457926000068,"LIMK2/TLR2/CD47/RPL15/CST3/APOE/MCTP1/APOC1/GAPDH/TFRC/XRN1/IFI6/MT3/ITM2C/NUPR1/PML/B2M/IL15RA/CLU",19,"Microglia","PD_vs_Ctrl","Down"
"GO:0006879","intracellular iron ion homeostasis","5/170","47/8692",0.106382978723404,5.43929912390488,4.30992199574832,0.00213043271800966,0.0401246604677054,0.0401246604677054,"CUL1/TFRC/SLC11A1/B2M/FTH1",5,"Microglia","PD_vs_Ctrl","Down"
"GO:0017148","negative regulation of translation","7/170","93/8692",0.0752688172043011,3.84845034788109,3.90045008115474,0.00223411024425313,0.0417043480546977,0.0417043480546977,"EIF2AK2/CYFIP1/GAPDH/XRN1/SAMD4A/ZFP36L1/PML",7,"Microglia","PD_vs_Ctrl","Down"
"GO:0065005","protein-lipid complex assembly","3/170","14/8692",0.214285714285714,10.9563025210084,5.26551494533185,0.00228289229387161,0.0417043480546977,0.0417043480546977,"APOE/APOC1/ABCA1",3,"Microglia","PD_vs_Ctrl","Down"
"GO:2001057","reactive nitrogen species metabolic process","5/170","48/8692",0.104166666666667,5.32598039215686,4.24459596550249,0.00234114349797947,0.0422934739675801,0.0422934739675801,"CD47/APOE/GCH1/JAK2/CLU",5,"Microglia","PD_vs_Ctrl","Down"
"GO:0043524","negative regulation of neuron apoptotic process","6/170","70/8692",0.0857142857142857,4.38252100840336,4.01304550267735,0.00238783519113283,0.0426151554675561,0.0426151554675561,"SNX6/PTK2B/LGMN/MT3/JAK2/CLU",6,"Microglia","PD_vs_Ctrl","Down"
"GO:1903169","regulation of calcium ion transmembrane transport","6/170","70/8692",0.0857142857142857,4.38252100840336,4.01304550267735,0.00238783519113283,0.0426151554675561,0.0426151554675561,"LYN/PTK2B/CALM3/CALM1/MCUB/PML",6,"Microglia","PD_vs_Ctrl","Down"
"GO:0051174","regulation of phosphorus metabolic process","15/170","339/8692",0.0442477876106195,2.26236335242061,3.3485096680083,0.0025935002355688,0.0457323985762053,0.0457323985762053,"FAM20A/STAT2/UCHL1/PARP14/IL15/SNX6/LYN/PTK2B/LCP2/PARP9/HERC5/APOC1/MT3/NUPR1/JAK2",15,"Microglia","PD_vs_Ctrl","Down"
"GO:1902430","negative regulation of amyloid-beta formation","3/170","15/8692",0.2,10.2258823529412,5.05076676157148,0.00281288896921713,0.0488229277559021,0.0488229277559021,"RTN1/APOE/CLU",3,"Microglia","PD_vs_Ctrl","Down"
"GO:0006457","protein folding","25/449","141/8692",0.177304964539007,3.43237138479521,6.79589068208004,4.71707152812655e-08,0.000208777585834881,0.000208777585834881,"RANBP2/PPIB/PTGES3/CCT4/FKBP4/CHORDC1/DNAJA1/DNAJB6/HSPA4/AHSA1/HSP90AA1/TTC1/CCT3/CRYAB/HSP90AB1/FKBP5/CCT5/HSPD1/HSPH1/HDAC4/HSPA9/HSPA1A/HSPA2/HSPA8/NKTR",25,"Oligodendrocyte","AD_vs_Ctrl","Up"
"GO:0051604","protein maturation","36/449","319/8692",0.112852664576803,2.18466672717498,5.03113976742219,7.16639990317882e-06,0.0088729268976395,0.0088729268976395,"RANBP2/PPIB/PIGC/PTGES3/PCSK6/CCT4/FKBP4/CHORDC1/DNAJA1/DNAJB6/HSPA4/AHSA1/HSP90AA1/TTC1/KLK6/CCT3/CRYAB/HSP90AB1/FKBP5/CCT5/PGAP1/TM2D3/HSPD1/SCG5/HSPH1/ATP6AP2/ATG4B/HDAC4/HSPA9/PTCH1/TMEM98/HSPA1A/ADAM10/HSPA2/HSPA8/NKTR",36,"Oligodendrocyte","AD_vs_Ctrl","Up"
"GO:1904358","positive regulation of telomere maintenance via telomere lengthening","8/449","22/8692",0.363636363636364,7.03948167645272,6.61937301562334,8.01891269556213e-06,0.0088729268976395,0.0088729268976395,"TNKS/PTGES3/CCT4/HSP90AA1/CCT3/CCT5/ATM/HNRNPA2B1",8,"Oligodendrocyte","AD_vs_Ctrl","Up"
"GO:0051131","chaperone-mediated protein complex assembly","6/449","14/8692",0.428571428571429,8.29653197581928,6.37655456740841,3.86968867869274e-05,0.0297618678996475,0.0297618678996475,"PTGES3/HSPA4/HSP90AA1/HSP90AB1/HSPD1/HSPA1A",6,"Oligodendrocyte","AD_vs_Ctrl","Up"
"GO:0006119","oxidative phosphorylation","9/114","85/8692",0.105882352941176,8.07306501547988,7.55414803405289,1.49545270620519e-06,0.00164035868599696,0.00164035868599696,"MT-ND1/MT-CO1/MT-CO2/MT-CO3/MT-ND4/MT-ND2/MT-CYB/MT-ATP6/MT-ND5",9,"Oligodendrocyte","AD_vs_Ctrl","Down"
"GO:1902600","proton transmembrane transport","10/114","111/8692",0.0900900900900901,6.86897423739529,7.17379597778063,1.71939733830338e-06,0.00164035868599696,0.00164035868599696,"MT-ND1/MT-CO1/MT-CO2/ATP6V0E2/MT-CO3/MT-ND4/MT-ND2/MT-CYB/MT-ATP6/MT-ND5",10,"Oligodendrocyte","AD_vs_Ctrl","Down"
"GO:0019646","aerobic electron transport chain","8/114","65/8692",0.123076923076923,9.38407557354926,7.82125135710731,1.85309386127085e-06,0.00164035868599696,0.00164035868599696,"MT-ND1/MT-CO1/MT-CO2/MT-CO3/MT-ND4/MT-ND2/MT-CYB/MT-ND5",8,"Oligodendrocyte","AD_vs_Ctrl","Down"
"GO:0035235","ionotropic glutamate receptor signaling pathway","5/114","19/8692",0.263157894736842,20.0646352723915,9.58991831854994,3.56861326712923e-06,0.00175496470225711,0.00175496470225711,"GRIK4/GRIA2/GRIN2A/GRID2/GRIA3",5,"Oligodendrocyte","AD_vs_Ctrl","Down"
"GO:0070482","response to oxygen levels","12/114","191/8692",0.06282722513089,4.79030035822541,6.10589851561314,6.99478205653749e-06,0.00309589053822349,0.00309589053822349,"EGLN3/MT-ND1/MT-CO1/MT-CO2/RORA/PAK1/MT-ND4/MT-ND2/MT-CYB/MT-ATP6/STAT3/MT-ND5",12,"Oligodendrocyte","AD_vs_Ctrl","Down"
"GO:0019885","antigen processing and presentation of endogenous peptide antigen via MHC class I","4/114","12/8692",0.333333333333333,25.4152046783626,9.75630591757109,1.28121198252644e-05,0.00472553686221835,0.00472553686221835,"HLA-B/B2M/HLA-C/HLA-A",4,"Oligodendrocyte","AD_vs_Ctrl","Down"
"GO:0045471","response to ethanol","7/114","68/8692",0.102941176470588,7.84881320949432,6.53596448679942,2.78002498862501e-05,0.00820292706643619,0.00820292706643619,"SREBF1/GFAP/MT-CO2/MT-ND4/GRIN2A/MT-CYB/STAT3",7,"Oligodendrocyte","AD_vs_Ctrl","Down"
"GO:0002711","positive regulation of T cell mediated immunity","5/114","32/8692",0.15625,11.9133771929825,7.12967098122645,5.39397834262612e-05,0.014043381261449,0.014043381261449,"HLA-B/B2M/HLA-C/HLA-A/CD55",5,"Oligodendrocyte","AD_vs_Ctrl","Down"
"GO:0002474","antigen processing and presentation of peptide antigen via MHC class I","4/114","20/8692",0.2,15.2491228070175,7.35423955569667,0.000115631566766705,0.0269360691847072,0.0269360691847072,"HLA-B/B2M/HLA-C/HLA-A",4,"Oligodendrocyte","AD_vs_Ctrl","Down"
"GO:0002478","antigen processing and presentation of exogenous peptide antigen","4/114","20/8692",0.2,15.2491228070175,7.35423955569667,0.000115631566766705,0.0269360691847072,0.0269360691847072,"HLA-B/B2M/HLA-C/HLA-A",4,"Oligodendrocyte","AD_vs_Ctrl","Down"
"GO:0006754","ATP biosynthetic process","6/114","62/8692",0.0967741935483871,7.3786078098472,5.81046148582667,0.000150816139811036,0.0303414652183474,0.0303414652183474,"MT-ND1/MT-ND4/MT-ND2/MT-ATP6/STAT3/MT-ND5",6,"Oligodendrocyte","AD_vs_Ctrl","Down"
"GO:0031341","regulation of cell killing","5/114","42/8692",0.119047619047619,9.07685881370092,6.04857907197622,0.000205268970949616,0.0353301533996241,0.0353301533996241,"HLA-B/CLU/HLA-C/HLA-A/CD55",5,"Oligodendrocyte","AD_vs_Ctrl","Down"
"GO:0031110","regulation of microtubule polymerization or depolymerization","6/114","67/8692",0.0895522388059701,6.827965435978,5.52038156092121,0.000232160288073804,0.0359701114178031,0.0359701114178031,"STMN4/TUBB4A/PAK1/MAP1A/NAV3/MAP2",6,"Oligodendrocyte","AD_vs_Ctrl","Down"
"GO:0051960","regulation of nervous system development","11/114","235/8692",0.0468085106382979,3.56894363568496,4.60229678406006,0.000247460719184006,0.0359701114178031,0.0359701114178031,"GFAP/SEMA5A/SYNDIG1/PAK1/GRID2/PTN/SEMA6D/LRRTM4/MAP2/B2M/PARD3",11,"Oligodendrocyte","AD_vs_Ctrl","Down"
"GO:0001755","neural crest cell migration","4/114","26/8692",0.153846153846154,11.7300944669366,6.31648045713182,0.000335786869327764,0.0401700699099771,0.0401700699099771,"GFAP/SEMA5A/SEMA3B/SEMA6D",4,"Oligodendrocyte","AD_vs_Ctrl","Down"
"GO:0002715","regulation of natural killer cell mediated immunity","4/114","26/8692",0.153846153846154,11.7300944669366,6.31648045713182,0.000335786869327764,0.0401700699099771,0.0401700699099771,"HLA-B/B2M/HLA-C/HLA-A",4,"Oligodendrocyte","AD_vs_Ctrl","Down"
"GO:0090497","mesenchymal cell migration","4/114","26/8692",0.153846153846154,11.7300944669366,6.31648045713182,0.000335786869327764,0.0401700699099771,0.0401700699099771,"GFAP/SEMA5A/SEMA3B/SEMA6D",4,"Oligodendrocyte","AD_vs_Ctrl","Down"
"GO:0046034","ATP metabolic process","8/114","135/8692",0.0592592592592593,4.51825860948668,4.74928418061663,0.00038021379117665,0.0426534102491806,0.0426534102491806,"DNM1L/MT-ND1/MT-ND4/AK5/MT-ND2/MT-ATP6/STAT3/MT-ND5",8,"Oligodendrocyte","AD_vs_Ctrl","Down"
"GO:0030516","regulation of axon extension","5/114","48/8692",0.104166666666667,7.9422514619883,5.55978323826289,0.000388143269523107,0.0426534102491806,0.0426534102491806,"SEMA5A/APOE/PAK1/SEMA6D/MAP2",5,"Oligodendrocyte","AD_vs_Ctrl","Down"
"GO:0002708","positive regulation of lymphocyte mediated immunity","5/114","49/8692",0.102040816326531,7.78016469745793,5.48656219490816,0.000427773540039961,0.0430301292776561,0.0430301292776561,"HLA-B/B2M/HLA-C/HLA-A/CD55",5,"Oligodendrocyte","AD_vs_Ctrl","Down"
"GO:0002824","positive regulation of adaptive immune response based on somatic recombination of immune receptors built from immunoglobulin superfamily domains","5/114","49/8692",0.102040816326531,7.78016469745793,5.48656219490816,0.000427773540039961,0.0430301292776561,0.0430301292776561,"HLA-B/B2M/HLA-C/HLA-A/CD55",5,"Oligodendrocyte","AD_vs_Ctrl","Down"
"GO:0046390","ribose phosphate biosynthetic process","7/114","107/8692",0.0654205607476635,4.98803082472536,4.78491828235765,0.0004914578130236,0.0483376062320545,0.0483376062320545,"MT-ND1/MT-ND4/AK5/MT-ND2/MT-ATP6/STAT3/MT-ND5",7,"Oligodendrocyte","AD_vs_Ctrl","Down"
"GO:0006457","protein folding","27/303","141/8692",0.191489361702128,5.49315357067622,10.2224138133865,2.67461034577208e-13,1.18378253903872e-09,1.18378253903872e-09,"HSPA8/CCT4/PTGES3/DNAJB2/HSPA9/ST13/AHSA1/HSP90B1/HSPA1A/HSPH1/HSPB1/CHORDC1/FKBP4/HSPA4L/HSPA4/FKBP5/CCT3/CRYAB/TBCD/DNAJB1/HSP90AB1/DNAJB6/HSPA5/HSP90AA1/DNAJA1/HSPA1B/HSPD1",27,"Oligodendrocyte","PD_vs_Ctrl","Up"
"GO:0051604","protein maturation","35/303","319/8692",0.109717868338558,3.14741819009487,7.42630044585306,1.22004034626391e-09,1.79996619085469e-06,1.79996619085469e-06,"HSPA8/CCT4/PTGES3/DNAJB2/HSPA9/ST13/ADAM10/AHSA1/HSP90B1/HSPA1A/HSPH1/HSPB1/CHORDC1/FKBP4/TMEM98/PGAP1/NAA16/OGT/HSPA4L/HSPA4/FKBP5/CCT3/CRYAB/TBCD/DNAJB1/HSP90AB1/DNAJB6/HSPA5/HSP90AA1/DNAJA1/ATG4B/ADAM17/HSPA1B/HSPD1/PCSK6",35,"Oligodendrocyte","PD_vs_Ctrl","Up"
"GO:0031113","regulation of microtubule polymerization","10/303","46/8692",0.217391304347826,6.23618883627493,6.76686781008343,3.05414229354226e-06,0.00337940844780451,0.00337940844780451,"SNCA/CLASP1/HSPA1A/CDK5RAP2/FKBP4/ARHGEF7/TBCD/PPP2CB/HSPA1B/EML2",10,"Oligodendrocyte","PD_vs_Ctrl","Up"
"GO:0051131","chaperone-mediated protein complex assembly","6/303","14/8692",0.428571428571429,12.2942008486563,8.03731137308011,4.05003814243143e-06,0.0035233470680937,0.0035233470680937,"PTGES3/HSPA1A/HSPA4/HSP90AB1/HSP90AA1/HSPD1",6,"Oligodendrocyte","PD_vs_Ctrl","Up"
"GO:0097435","supramolecular fiber organization","37/303","484/8692",0.0764462809917355,2.19297384283883,5.13258346351777,4.77634035439725e-06,0.0035233470680937,0.0035233470680937,"SNCA/HSPA8/CTTN/KANK1/STMN4/SORBS1/HSP90B1/CLASP1/HSPA1A/PRKD1/FSCN1/PREX1/CDK5RAP2/FAM171A1/MYO1D/FKBP4/BCAR1/CORO2B/KLHL24/ARHGEF7/ADD1/RHOBTB1/CRYAB/TBCD/HSP90AB1/DNAJB6/CLIP2/ITGB1BP1/SPIRE1/NDE1/CLIP4/CTNNA2/PPP2CB/HSPA1B/LIMCH1/EML2/DNM2",37,"Oligodendrocyte","PD_vs_Ctrl","Up"
"GO:0051129","negative regulation of cellular component organization","36/303","469/8692",0.0767590618336887,2.20194642065486,5.08577891254653,5.92197230272519e-06,0.00374437848740882,0.00374437848740882,"SNCA/HMGB1/HSPA8/NBDY/PTPRS/SH3GL3/CEP97/PTPN13/PICALM/KANK1/DNAJB2/CLASP1/HSPA1A/SEMA6D/PRKD1/ZNF365/CDK5RAP2/FKBP4/OGT/DPYSL5/ARHGEF7/ADD1/CRYAB/TBCD/DNAJB1/BOK/LRP4/DNAJB6/ITGB1BP1/HSPA5/TOM1L2/CTNNA2/CCP110/HSPA1B/EML2/DNM2",36,"Oligodendrocyte","PD_vs_Ctrl","Up"
"GO:0009408","response to heat","11/303","61/8692",0.180327868852459,5.17296975599199,6.21556608550496,6.79206030170563e-06,0.00375770736191864,0.00375770736191864,"CREBBP/HSPA1A/HSPB1/CHORDC1/CRYAB/DNAJB1/HSP90AB1/DNAJB6/HSP90AA1/DNAJA1/HSPA1B",11,"Oligodendrocyte","PD_vs_Ctrl","Up"
"GO:0070841","inclusion body assembly","7/303","24/8692",0.291666666666667,8.36688668866887,6.86801526078565,1.21172445481851e-05,0.00595899159669634,0.00595899159669634,"DNAJB2/HSPA1A/DNAJB1/DNAJB6/HSP90AA1/PPP2CB/HSPA1B",7,"Oligodendrocyte","PD_vs_Ctrl","Up"
"GO:0031110","regulation of microtubule polymerization or depolymerization","11/303","67/8692",0.164179104477612,4.70971873306734,5.79295192836459,1.73250974263865e-05,0.00762489129055421,0.00762489129055421,"SNCA/STMN4/CLASP1/HSPA1A/CDK5RAP2/FKBP4/ARHGEF7/TBCD/PPP2CB/HSPA1B/EML2",11,"Oligodendrocyte","PD_vs_Ctrl","Up"
"GO:0006986","response to unfolded protein","14/303","107/8692",0.130841121495327,3.75336972949631,5.44612198406911,1.89502494794614e-05,0.00762489129055421,0.00762489129055421,"HSPA8/DNAJB2/HSPA1A/HSPH1/HSPB1/HSPA4L/HSPA4/DNAJB1/BOK/HSP90AB1/HSPA5/HSP90AA1/DNAJA1/HSPD1",14,"Oligodendrocyte","PD_vs_Ctrl","Up"
"GO:0090083","regulation of inclusion body assembly","6/303","18/8692",0.333333333333333,9.56215621562156,6.91052086988428,2.22419313483219e-05,0.00820356567897272,0.00820356567897272,"DNAJB2/HSPA1A/DNAJB1/DNAJB6/PPP2CB/HSPA1B",6,"Oligodendrocyte","PD_vs_Ctrl","Up"
"GO:0031109","microtubule polymerization or depolymerization","13/303","97/8692",0.134020618556701,3.84457827226022,5.35404364426908,2.90500558511489e-05,0.00951447401008757,0.00951447401008757,"SNCA/STMN4/CLASP1/HSPA1A/CDK5RAP2/FKBP4/ARHGEF7/CRYAB/TBCD/NDE1/PPP2CB/HSPA1B/EML2",13,"Oligodendrocyte","PD_vs_Ctrl","Up"
"GO:0046785","microtubule polymerization","11/303","73/8692",0.150684931506849,4.32261856322619,5.41769521112907,3.98228381597042e-05,0.0110159926059282,0.0110159926059282,"SNCA/CLASP1/HSPA1A/CDK5RAP2/FKBP4/ARHGEF7/TBCD/NDE1/PPP2CB/HSPA1B/EML2",11,"Oligodendrocyte","PD_vs_Ctrl","Up"
"GO:0051056","regulation of small GTPase mediated signal transduction","20/303","222/8692",0.0900900900900901,2.58436654476258,4.54455681674322,9.12677830129249e-05,0.0201975603807603,0.0201975603807603,"SIPA1L3/SOS1/PICALM/RELN/KANK1/CHN2/GARNL3/ARHGAP22/FXR1/PREX1/ARHGAP23/CHORDC1/ARHGAP32/OGT/ARHGAP5/RASGRF2/LRP4/TIAM2/SEMA4D/PPP2CB",20,"Oligodendrocyte","PD_vs_Ctrl","Up"
"GO:0048667","cell morphogenesis involved in neuron differentiation","25/303","326/8692",0.0766871165644172,2.19988256494361,4.1965239375334,0.000171875948230941,0.0297940702647917,0.0297940702647917,"PTPRS/KIF5B/SOS1/PICALM/KIF13B/CTTN/RELN/UNC5B/TPRN/SEMA6D/DIP2A/ZNF365/ARHGAP32/DPYSL5/SRCIN1/TBCD/LRP4/TIAM2/SEMA4D/WHRN/CTNNA2/ADAM17/NEDD4L/CNTN2/DNM2",25,"Oligodendrocyte","PD_vs_Ctrl","Up"
"GO:0120039","plasma membrane bounded cell projection morphogenesis","28/303","385/8692",0.0727272727272727,2.08628862886289,4.14337827861008,0.000173010658129201,0.0297940702647917,0.0297940702647917,"PTPRS/KIF5B/SOS1/PICALM/KIF13B/CTTN/RELN/KANK1/UNC5B/CNTNAP2/SEMA6D/DIP2A/ZNF365/ARHGAP32/DPYSL5/ARHGEF7/SRCIN1/LRP4/LRP2/TIAM2/SEMA4D/SNX1/TAOK3/CTNNA2/ADAM17/NEDD4L/CNTN2/DNM2",28,"Oligodendrocyte","PD_vs_Ctrl","Up"
"GO:0031647","regulation of protein stability","21/303","251/8692",0.0836653386454183,2.40006311388111,4.2774861934877,0.000175021650900268,0.0297940702647917,0.0297940702647917,"SNCA/HSPA8/CCT4/PTGES3/SUGT1/AHSA1/CREBBP/HSPA1A/HSPB1/NAA16/LSS/MAPK8IP3/CCT3/CRYAB/HSP90AB1/HSP90AA1/APTX/RASSF2/NEDD4L/HSPA1B/HSPD1",21,"Oligodendrocyte","PD_vs_Ctrl","Up"
"GO:0031344","regulation of cell projection organization","29/303","414/8692",0.070048309178744,2.00943862502192,3.99961759311439,0.000251591634306353,0.0367519572038315,0.0367519572038315,"PTPRS/CEP97/KIF13B/SERPINI1/CTTN/RELN/KANK1/P2RX7/SEMA6D/IFT88/PRKD1/FSCN1/PREX1/ZNF365/FKBP4/ARHGAP32/DPYSL5/ARHGEF7/SRCIN1/ZMYND8/CDKL1/LRP4/ANLN/TIAM2/SEMA4D/HSP90AA1/CTNNA2/CCP110/NEDD4L",29,"Oligodendrocyte","PD_vs_Ctrl","Up"
"GO:0010595","positive regulation of endothelial cell migration","10/303","77/8692",0.12987012987013,3.72551540868373,4.56528038169283,0.000315897478654103,0.0436925700163456,0.0436925700163456,"HMGB1/RIN2/PRKD1/HSPB1/GPI/BCAR1/GREM1/EMC10/ITGB1BP1/ADAM17",10,"Oligodendrocyte","PD_vs_Ctrl","Up"
"GO:1902903","regulation of supramolecular fiber organization","20/303","246/8692",0.0813008130081301,2.33223322332233,4.02831447537057,0.000363879346024121,0.0479053287510574,0.0479053287510573,"SNCA/HSPA8/CTTN/KANK1/CLASP1/HSPA1A/PRKD1/PREX1/CDK5RAP2/FKBP4/ARHGEF7/ADD1/CRYAB/TBCD/ITGB1BP1/CTNNA2/PPP2CB/HSPA1B/LIMCH1/EML2",20,"Oligodendrocyte","PD_vs_Ctrl","Up"
"GO:0002181","cytoplasmic translation","35/260","160/8692",0.21875,7.31298076923077,14.152243239072,4.27293299389099e-21,1.89120014309615e-17,1.89120014309615e-17,"RPS11/RPS25/RPL35A/RPL15/GAPDH/RPLP1/FAU/RPL14/RPS2/RPS14/RPL23A/RPS6/RPL41/RPL28/RPS8/RPS5/RPL13/RPSA/UBA52/RPL30/RPL36/RPL18/RPS16/RPL19/RPS27A/RACK1/RPL11/RPS3/RPL8/RPS19/RPL5/RPL29/CNBP/RPS9/RPS4X",35,"Oligodendrocyte","PD_vs_Ctrl","Down"
"GO:1901740","negative regulation of myoblast fusion","17/260","39/8692",0.435897435897436,14.5723865877712,14.9163107708259,2.06868286458562e-16,4.57799517932798e-13,4.57799517932798e-13,"RPL35A/RPL15/RPLP1/RPL14/RPL23A/RPL41/RPL28/RPL13/UBA52/RPL30/RPL36/RPL18/RPL19/RPL11/RPL8/RPL5/RPL29",17,"Oligodendrocyte","PD_vs_Ctrl","Down"
"GO:0140253","cell-cell fusion","19/260","62/8692",0.306451612903226,10.2449131513648,12.8277217978736,7.74018717864133e-15,4.28225855658332e-12,4.28225855658332e-12,"RPL35A/RPL15/RPLP1/CD81/RPL14/RPL23A/RPL41/RPL28/RPL13/UBA52/RPL30/RPL36/RPL18/RPL19/RPL11/RPL8/RPL5/RPL29/ADAM12",19,"Oligodendrocyte","PD_vs_Ctrl","Down"
"GO:0014902","myotube differentiation","20/260","78/8692",0.256410256410256,8.57199211045365,11.7953619047392,6.66753416464941e-14,2.95105062127383e-11,2.95105062127383e-11,"RPL35A/RPL15/RPLP1/CD81/RPL14/RPL23A/RPL41/RPL28/RPL13/UBA52/RPL30/RPL36/RPL18/RPL19/RPL11/PPP3CB/RPL8/RPL5/RPL29/ADAM12",20,"Oligodendrocyte","PD_vs_Ctrl","Down"
"GO:0160307","protein biosynthetic process","43/260","446/8692",0.0964125560538117,3.22314591238358,8.46388944415756,5.09794720473933e-12,1.88029286068136e-09,1.88029286068136e-09,"RPS11/EIF1/RPS25/RPL35A/RPL15/CIRBP/GAPDH/RPLP1/FAU/RPL14/RPS2/RPS14/RPL23A/RPS6/RPL41/RPL28/SRP9/RPS8/RPS5/RPL13/RPSA/UBA52/RPL30/EEF1A1/RPL36/RPL18/SELENOT/RPS16/RPL19/RPS27A/RACK1/RPL11/RPS3/RPL8/DDX3X/LARP6/RPS19/RPL5/RPL29/CNBP/SECISBP2/RPS9/RPS4X",43,"Oligodendrocyte","PD_vs_Ctrl","Down"
"GO:0051129","negative regulation of cellular component organization","42/260","469/8692",0.0895522388059701,2.99380022962113,7.79487522906764,1.01560833328413e-10,3.45775575624273e-08,3.45775575624273e-08,"NEGR1/RPL35A/MT3/ODF2L/RPL15/GAPDH/RPLP1/IFI6/RPL14/PARK7/TUBB4A/RPL23A/RPS6/DCC/ARHGAP24/ITM2C/RPL41/RPL28/NAV3/RPL13/CD47/CLU/UBA52/RPL30/RPL36/RPL18/APOE/TERF2IP/MAP2/PGRMC1/RPL19/SEMA5A/RACK1/RPL11/RPL8/DDX3X/FEZ2/RPL5/CFL1/RPL29/B2M/CST3",42,"Oligodendrocyte","PD_vs_Ctrl","Down"
"GO:0006941","striated muscle contraction","20/260","127/8692",0.15748031496063,5.26468806783767,8.50122866424753,9.14178540177184e-10,2.69743614588281e-07,2.69743614588281e-07,"RPL35A/RPL15/RPLP1/RPL14/RPL23A/RPL41/RPL28/RPL13/UBA52/RPL30/RPL36/RPL18/RPL19/DMD/RPL11/RPL8/ALDOA/RPL5/RPL29/CALM1",20,"Oligodendrocyte","PD_vs_Ctrl","Down"
"GO:0042274","ribosomal small subunit biogenesis","13/260","70/8692",0.185714285714286,6.20857142857143,7.68280632182305,1.17963005577346e-07,3.07120154520786e-05,3.07120154520786e-05,"RPS11/RPS25/FAU/RPS14/RPS6/RPS8/RPS5/RPSA/RPS16/RPS27A/RPS19/RPS9/RPS4X",13,"Oligodendrocyte","PD_vs_Ctrl","Down"
"GO:0051093","negative regulation of developmental process","35/260","458/8692",0.0764192139737991,2.55475310715485,6.00267722406559,2.45518601766631e-07,6.03702961899504e-05,6.03702961899504e-05,"NEGR1/RPL35A/RBX1/MT3/RPL15/RPLP1/RPL14/ACTB/RPL23A/DCC/KLF13/RPL41/RPL28/ZFPM2/RPL13/PSMB1/STAT1/UBA52/TSC22D1/RPL30/PTN/RPL36/RPL18/APOE/RUNX1T1/MAP2/RPL19/SEMA5A/RPL11/RPL8/RPL5/CFL1/RPL29/B2M/CST3",35,"Oligodendrocyte","PD_vs_Ctrl","Down"
"GO:0006959","humoral immune response","11/260","58/8692",0.189655172413793,6.34031830238727,7.16525033267521,9.09250589533435e-07,0.000211807532067104,0.000211807532067104,"GAPDH/FAU/CD81/CD55/HMGN2/CLU/RPL30/HLA-A/CD46/RPS19/B2M",11,"Oligodendrocyte","PD_vs_Ctrl","Down"
"GO:0042255","ribosome assembly","9/260","41/8692",0.219512195121951,7.33846153846154,7.14329986856947,2.52844497427141e-06,0.000532899878863108,0.000532899878863108,"FAU/RPS14/RPS6/SBDS/RPSA/RPL11/DDX3X/RPS19/RPL5",9,"Oligodendrocyte","PD_vs_Ctrl","Down"
"GO:0019730","antimicrobial humoral response","7/260","24/8692",0.291666666666667,9.75064102564103,7.53775969311582,4.42313325083234e-06,0.000889853989462906,0.000889853989462906,"GAPDH/FAU/HMGN2/RPL30/HLA-A/RPS19/B2M",7,"Oligodendrocyte","PD_vs_Ctrl","Down"
"GO:0007276","gamete generation","25/260","308/8692",0.0811688311688312,2.71353646353646,5.37649596197922,5.08740413964291e-06,0.000978993509654762,0.000978993509654762,"RPL35A/RBX1/RPL15/CXADR/RPLP1/RPL14/CFTR/RPL23A/RPL41/RPL28/RPL13/GPX4/PSMB1/UBA52/RPL30/PTN/RPL36/RPL18/RPL19/RPL11/RPL8/DDX3X/RPL5/RPL29/SELENOF",25,"Oligodendrocyte","PD_vs_Ctrl","Down"
"GO:0098869","cellular oxidant detoxification","9/260","45/8692",0.2,6.68615384615385,6.71503658770088,5.75928845391635e-06,0.00101962442788135,0.00101962442788135,"MT3/PARK7/MGST3/GPX4/SELENOT/APOE/PRDX1/GSTP1/SELENOF",9,"Oligodendrocyte","PD_vs_Ctrl","Down"
"GO:0061061","muscle structure development","25/260","319/8692",0.0783699059561129,2.6199662406559,5.17627105534215,9.43284729863446e-06,0.00149106364799129,0.00149106364799129,"RPL35A/RPL15/CXADR/RPLP1/CD81/RPL14/ACTB/RPL23A/RPL41/RPL28/ZFPM2/RPL13/UBA52/RPL30/SGCB/RPL36/RPL18/RPL19/DMD/RPL11/PPP3CB/RPL8/RPL5/RPL29/ADAM12",25,"Oligodendrocyte","PD_vs_Ctrl","Down"
"GO:0006123","mitochondrial electron transport, cytochrome c to oxygen","5/260","13/8692",0.384615384615385,12.8579881656805,7.51283921705346,2.43607478502598e-05,0.00326729302985606,0.00326729302985606,"COX7C/COX6C/COX4I1/MT-CO3/COX5B",5,"Oligodendrocyte","PD_vs_Ctrl","Down"
"GO:0098754","detoxification","11/260","82/8692",0.134146341463415,4.48461538461538,5.56693884173734,2.9619695228534e-05,0.00385578738474975,0.00385578738474975,"MT3/PARK7/MGST3/MT2A/GPX4/SELENOT/APOE/LANCL1/PRDX1/GSTP1/SELENOF",11,"Oligodendrocyte","PD_vs_Ctrl","Down"
"GO:0000028","ribosomal small subunit assembly","5/260","15/8692",0.333333333333333,11.1435897435897,6.90412676432071,5.41094523422841e-05,0.00647266043424188,0.00647266043424188,"FAU/RPS14/RPS6/RPSA/RPS19",5,"Oligodendrocyte","PD_vs_Ctrl","Down"
"GO:1900242","regulation of synaptic vesicle endocytosis","5/260","17/8692",0.294117647058824,9.83257918552036,6.40078896412145,0.00010614568434922,0.0120461743315295,0.0120461743315295,"OPHN1/PARK7/ACTB/PPP3CB/ACTG1",5,"Oligodendrocyte","PD_vs_Ctrl","Down"
"GO:0051248","negative regulation of protein metabolic process","24/260","349/8692",0.0687679083094556,2.29896407317611,4.34915595525449,0.000117602288454714,0.0130126932175141,0.0130126932175141,"CADM4/OPHN1/PPIA/CIRBP/GAPDH/PARK7/BEX4/GABARAPL2/BEX3/ITM2C/SRP9/ADAR/BEX1/CLU/ISG15/APOE/PARD3/RACK1/RPL11/RPS3/DDX3X/RPL5/ITM2B/CST3",24,"Oligodendrocyte","PD_vs_Ctrl","Down"
"GO:0003006","developmental process involved in reproduction","24/260","358/8692",0.0670391061452514,2.24116888697894,4.2111614854945,0.000173676794108009,0.018748621724928,0.018748621724928,"RPL35A/RBX1/RPL15/RPLP1/RPL14/CFTR/RPL23A/RPL41/RPL28/ZFPM2/RPL13/GPX4/PSMB1/UBA52/RPL30/PTN/RPL36/RPL18/RPL19/RPL11/RPL8/RPL5/RPL29/SELENOF",24,"Oligodendrocyte","PD_vs_Ctrl","Down"
"GO:1903421","regulation of synaptic vesicle recycling","5/260","20/8692",0.25,8.35769230769231,5.78433231099688,0.000247059379611657,0.0242996625369155,0.0242996625369155,"OPHN1/PARK7/ACTB/PPP3CB/ACTG1",5,"Oligodendrocyte","PD_vs_Ctrl","Down"
"GO:0031396","regulation of protein ubiquitination","12/260","123/8692",0.0975609756097561,3.26153846153846,4.43555238175536,0.000299760454739726,0.0288421689712615,0.0288421689712615,"RBX1/PPIA/PARK7/BEX4/COMMD1/RPS2/BEX3/BEX1/IP6K2/ISG15/RPS3/DDX3X",12,"Oligodendrocyte","PD_vs_Ctrl","Down"
"GO:0002711","positive regulation of T cell mediated immunity","6/260","32/8692",0.1875,6.26826923076923,5.24252191142371,0.000318338044083276,0.0295401057585378,0.0295401057585378,"HLA-C/CD81/CD55/HLA-B/HLA-A/B2M",6,"Oligodendrocyte","PD_vs_Ctrl","Down"
"GO:0019885","antigen processing and presentation of endogenous peptide antigen via MHC class I","4/260","12/8692",0.333333333333333,11.1435897435897,6.17417146634882,0.000320362647177997,0.0295401057585378,0.0295401057585378,"HLA-C/HLA-B/HLA-A/B2M",4,"Oligodendrocyte","PD_vs_Ctrl","Down"
"GO:0000302","response to reactive oxygen species","11/260","108/8692",0.101851851851852,3.40498575498576,4.41606829937912,0.000367559742900889,0.033200396368966,0.033200396368966,"MT3/PARK7/GPR37/RHOB/APOE/PRDX1/RACK1/GSTP1/RPS3/CFL1/TXNIP",11,"Oligodendrocyte","PD_vs_Ctrl","Down"
"GO:2001233","regulation of apoptotic signaling pathway","15/260","183/8692",0.0819672131147541,2.74022698612863,4.17780756664535,0.000375573566402055,0.0332457720979099,0.0332457720979099,"PPIA/STAT3/IFI6/PARK7/FIS1/BEX3/ITM2C/CLU/CYLD/RACK1/GSTP1/RPS3/DDX3X/GNAI2/TMBIM6",15,"Oligodendrocyte","PD_vs_Ctrl","Down"
"GO:0006457","protein folding","36/977","141/8692",0.25531914893617,2.27147803741371,5.4165674754187,1.41696824049112e-06,0.00627150143241371,0.00627150143241371,"CCT3/CCT4/HDAC4/HSP90AB1/HSPA1A/AHSA1/DNAJB1/PPIL1/HSPA5/CALR/HSPA4/HSPH1/CCT2/HSP90AA1/ST13/CHORDC1/CCT5/COX19/CRYAB/DNAJC2/FKBP8/CCT7/DNAJA1/HSP90B1/HSPD1/DNAJC21/PTGES3/FKBP5/HSPA4L/DNAJB6/NKTR/CANX/RANBP2/PPIE/PPID/HSPA8",36,"D1 medium spiny neuron","AD_vs_Ctrl","Up"
"GO:0006457","protein folding","14/211","141/8692",0.099290780141844,4.09021545494269,5.83502114693049,7.6433778113405e-06,0.0338295901929931,0.0338295901929931,"CHORDC1/PTGES3/HDAC4/BAG2/DNAJA1/TRAP1/HSPA4L/HSPH1/HSPB1/CRYAB/DNAJB1/HSPA1A/HSPA4/AHSA1",14,"D1 medium spiny neuron","PD_vs_Ctrl","Up"
